n_c,fullerene_g6,dual_g6,depth_fullerene,depth_dual
104,~?@gsP@@?PC?O`?@?@_?O?A??G??O??O??G??E???_??A?_?C???K???C???@?G??W???@????A?G??E????A?????_????C?????W?????_?????_?????O?????C??????_?????A??????C??????C??????A??????@_??????K???????_??????@?@?????@???????@_???????W???????B????????K????????W????????W????????K????????B?????????O????????@?????????A?@???????A?????????@_?????????O?????????A??????????G?C????????O??????????O??????????G?C????????A???????????O??????????@???????????A???????????E???????????@_???????????O???????????A?@??????????G?C??????????o????????????W????????????K????????????@_????????????K?????????????o????????????@_????????????@??????????????_?_???????????G?G???????????@?@????????????A??????????????C??????????????C?G????????????A???????????????_@?????????????C?G?????????????O???????????????_@??????????????_???????????????E?_?????????????@_???????????????E????????????????E????????????????E????????????????@G????????????????s,u|eMID@WH_a@E@A?`_GG@@_CB?GB?G@?C?o@?E?G?W?_?_@?@_@??o?_?K?G?@_@??C?C??W?G??W?G??K?C??B?@???O?G??B??_??E?@???F?@???@??_???w?G???B?@????K?C????W?G????O?G????W?C????F?@?????W?G????@_?_????B?@?????Bo@??????O@_?????N?G??????[B???????bS??????BwG,4,4
104,~?@gsP@@?OC?O`?@?@_?O?A??W??_??_??O??C??@_??C???G???G???K???A????O@??@????E????E????B?????_????C?G???O????@_????@_?????_?????G?G???@??????E??????G??????G??????C??????@???????G???????o??????@???????@?@??????_???????G???????@_???????C????????G?G??????G?G??????K????????B?????????W????????@_????????A?????????A?@???????@??????????W?????????B??????????G??????????O?G????????O??????????C??????????@???????????G?G?????????_??????????@???????????@????????????o???????????G???????????@?@??????????C?C??????????G????????????K????????????E????????????@_????????????E?????????????W?????????????o?????????????_?????????????O?_???????????C?G????????????W?????????????@??????????????A?G????????????A??????????????@?C?????????????O@?????????????A???????????????G???????????????O@??????????????K???????????????A????????????????o???????????????@_???????????????E????????????????F????????????????AO???????????????@c,u|eMID@WH?e@C@E?`_GG@@_CB?GA?GB?C?_@?K?G?o?_@_@?@_@??_?_?W?G?B?@??K?C??O?G??w?G??K?C??B?@???W?G??@??_??F?@???B?@???@o?_???G?G???B_@????E?C????K?G????G?G????M?C????@_@?????M?G?????O?_????@o@??????w@??????M?_?????@_G??????KP???????}C???????No,0,0
104,~?@gsP@@?OC?O`?@?@_?O?A??W??_??_G?O??C??@_??C???G???G???K???A????O@??@????A????A?G??B?????_????C?????O????@_????@_?????_?????G?????@??????E??????G??????G?G????C??????@???????G??????@_??????B???????A???????@??_?????O???????A????????W????????o????????_????????O?C??????C?@???????o????????B?????????E?????????C?????????A??????????_?G???????C??????????W??????????o??????????_??????????O??????????C?@?????????_??????????@???????????A?@?????????A???????????@????????????O???????????E????????????K????????????O????????????O?G??????????G?C??????????A?????????????o????????????@_????????????B?????????????@_?????????????o?????????????K?????????????@??????????????C?C????????????G?G????????????G?G????????????B???????????????_??????????????C???????????????O?_?????????????_@??????????????_@??????????????O???????????????C?G??????????????_????????????????oC???????????????_o??????????????@_????????????????EC,u|eMID@WH?e@E@A?`_GG@@_CB?GA?GB?C?_@?K?G?o?_@_@?@_@??o?_?K?G?@_@??C?C??W?G??W?G??K?C??B?@???W?G??@??_??E?@???E?@???B??_???w?G???B?@????K?C????W?G????O?G????W?C????F?@?????W?G????@o?_????@?P?????B?@?????@o?_?????M?G??????oF??????B`c??????B{?,4,4
104,~?@gsP@@?OC?O`?@?@_?O?A??W??_??_??O??C??@_??C???G@??G???K???A????O@??@????E????E????B?????_????C?????O?????o?????_?????O?????C??????o?????A??????C??????C??????A???????_??????K???????o??????@???????@?@??????_???????W???????B????????G????????O?G??????O?G??????W????????E?????????o????????B?????????C?????????C?@???????A??????????_?????????E??????????O??????????_?G????????_??????????O??????????A???????????O??????????@??_????????A???????????A???????????@????????????W???????????B????????????K????????????G????????????K????????????E????????????@_????????????K?????????????W?????????????o?????????????o?????????????O?????????????C?G????????????_@????????????B??????????????C??????????????C?G????????????A???????????????_??????????????C?G?????????????O?_?????????????_@??????????????_???????????????O???????????????B????????????????GB???????????????o???????????????@_????????????????KG???????????????EO,u|eMID@WH?e@C@E?`_GG@@_CB?GB?G@?C?o@?E?G?W?_?o@??_@??o?_?K?G?@_@??C?C??W?G??W?G??K?C??B?@???O?G??B??_??E?@???E?@???B_?_???O?G???F?@????K?C????W?G????O?G????[?C????B?@?????[?G?????_?_????B_@?????@_@??????w?_?????F_G??????KF???????bc??????BwG,0,0
104,~?@gsP@@?OC?O`?@?@_?O?A??W??_??_G?O??C??@_??C???G@??G???K???A????O???@????A????A?G??B?????_????C?????O?????o?????_?????O?????C?????@_?????E??????G??????G?G????C??????@???????G?G????@_??????B???????A???????@??_?????O???????E????????W????????_????????_?G??????O????????C?@???????o????????B?????????A?????????A?????????@??????????O?????????B??????????G??????????O?G????????O??????????G??????????B???????????G???????????_?_????????@???????????@?@?????????@_???????????W???????????B????????????K????????????G????????????K????????????E????????????@?????????????G?G???????????_?_??????????@_?????????????_?????????????O?????????????C??????????????_@????????????B??????????????C??????????????C?G????????????A???????????????_??????????????B???????????????C@_?????????????W???????????????W???????????????E????????????????_G??????????????E????????????????W????????????????CG???????????????D?????????????????k,u|eMID@WH?e@E@A?`_GG@@_CB?GB?G@?C?o@?E?G?O?_@_@?@_@??o?_?K?G?@_@??E?C??K?G??K?G??E?C??@?@???W?G??@_?_??B?@???B?@???@o?_???K?G???@_@????E?C????K?G????K?G????F?C?????_@?????M?G?????W?_?????o@??????{@??????E@_?????@_G??????N@???????MK???????Lg,0,0
104,~?@gsP@@?OC?O`?@?@_?O?A??W??_??_??O??C??@_??C???G@??G???K???A????O???@?C??E????E????B?????_????C?????O?????o?????_?????O?????C?????@_?????A??????C??????C??????A???????_??????K???????o??????@???????@?@??????_?_?????W???????B????????G????????O?G??????O?G??????W????????E?????????o????????B?????????C?????????C?@???????A??????????_?G???????A??????????G??????????O??????????O??????????C??????????@???????????G?G?????????_??????????@???????????@????????????o???????????E????????????o???????????B????????????E????????????E????????????B?????????????W????????????B?????????????K?????????????O?????????????O@????????????G?_???????????A??????????????O?????????????@??????????????A?G????????????A??????????????@?C?????????????O@?????????????A???????????????G???????????????K@??????????????K???????????????E????????????????o???????????????@_???????????????E????????????????AG???????????????AG???????????????@c,u|eMID@WH?e@C@E?`_GG@@_CB?GB?G@?C?o@?E?G?O?_@o@??_@??o?_?K?G?@_@??C?C??W?G??W?G??K?C??B?@???W?G??@_?_??B?@???B_@????_?_???[?G???@_@????E?C????G?G????[?G????F?C?????o@?????E?G?????W?_?????w@??????OB??????]?_?????@_W??????H`??????@wC???????Yo,4,4
104,~?@gsP@@?OC?O`?@?@_?O?A??W??_??_??O??C@?@_??C???G@??G???K???A????O@??@????E????C????A?C???_????C?????O?????o?????_?????O?_???C??????o?????A??????C??????C??????A???????_@?????K???????o??????@???????@?@??????_???????K???????@????????C?C??????G????????W????????K????????A?????????O?G??????@?????????A?@???????A?????????@??_???????W?????????A??????????G?C????????O??????????W??????????G??????????A?@?????????O??????????@??_????????A???????????A?@?????????@_???????????G???????????@?@??????????C????????????K????????????K????????????A?????????????o????????????A?????????????G?_???????????O?????????????O@????????????G?_???????????B??????????????O?????????????@?C????????????B??????????????A??????????????@?C?????????????O@?????????????A???????????????G?_?????????????G@??????????????G@??????????????C???????????????@_???????????????C@???????????????G????????????????OG???????????????EG???????????????Ao,u|eMID@WH?e@C@E?`?GW@@_CB?GB?G@?C?o@?E?G?W?_?o@??_@??o?_?K?G?@?@??K?C??W?G??W?G??K?C??B?@???O?G??B_?_??B?@???B?@???@_?_???W?G???B_@????C?C????W?G????[?G????F?C?????o@?????C?G?????w?_?????w@??????W@??????M?_?????@AG??????X`??????@wC???????^_,4,4
104,~?@gsP@@?OC?O`?@?@_?O?A??W??_??_??O??C@?@_??C???G@??G???K???A????O???@?C??E????C????A?C???_????C?????O?????o?????_?????O?????C?????@_?????A??????C??????C??????A???????_@?????K???????o??????@???????@?@??????_?_?????W???????B????????G????????O?G??????O?G??????W????????E?????????_????????A??_??????C?????????C?@???????A??????????_?????????A??????????G??????????O??????????O??????????C??????????@?@?????????G???????????_?_????????@???????????@?@??????????o???????????K???????????@_???????????E????????????K????????????K????????????E?????????????o????????????A?????????????G?_???????????O?????????????O@????????????G?????????????A?G????????????O?????????????@??????????????A??????????????A?G????????????@?C?????????????O@?????????????A???????????????G?_?????????????W???????????????K???????????????E???????????????@_???????????????@@???????????????CC???????????????K????????????????CG???????????????AS,u|eMID@WH?e@C@E?`?GW@@_CB?GB?G@?C?o@?E?G?O?_@o@??_@??o?_?K?G?@?@??K?C??W?G??W?G??K?C??B?@???W?G??@_?_??B?@???B_@????o?_???M?G????_@????E?C????M?G????E?G????B?C?????o@?????E?G?????W?_?????w@??????[B??????CE_?????B?G??????[@???????wK???????pg,4,4
104,~?@gsP@@?OC?O`?@?@_?O?A??W??_??_??O??C@?@_??C???G???G@??K???A????O@??@????E????C????A?C???_????C?????O????@_?????_?????O?????C??????o?????A??????C??????C?G????A???????_@?????K???????o??????@???????@?@??????_?_?????W???????B????????G????????O?G??????O????????W????????A?????????O?G??????@?????????A?????????A?@???????@??????????G?????????@??????????C??????????G??????????K??????????C??????????@?@?????????G?G?????????_??????????@?@?????????B????????????o???????????K???????????@_???????????E????????????K????????????K????????????A?????????????O????????????A?G???????????G?????????????O?????????????O@????????????G?_???????????A??????????????O?????????????@??????????????B??????????????B???????????????_??????????????G@?????????????B???????????????B???????????????E???????????????E???????????????B????????????????OG??????????????A@???????????????G????????????????W????????????????GW???????????????Co,u|eMID@WH?e@C@E?`?GW@@_CB?GA?GB?C?o@?E?G?W?_?o@??_@??w?_?C?G?@_@??E?C??K?G??K?G??E?C??@_@???K?G???o?_??@_@???@_@????w?_???C?G???@_@????E?C????M?G????E?G????B?C?????o@?????E?G?????[?_?????[@??????GF??????K?_?????B?G??????]@???????WK???????rg,0,0
104,~?@gsP@@?OC?O`?@?@_?O?A??W??_??_??O??C@?@_??C???G???G???K???A????O???@?C??E????C????A?C???_????C?????O?_??@_????@_?????_?????G?????@??????K??????G??????G??????C??????@???????G?G????@_??????@???????@????????_???????G?G?????B????????K????????O????????O?G??????G?C??????E?????????o????????B?????????A?????????A?????????@??_???????o?????????E??????????G??????????O??????????O??????????G??????????@???????????G?G?????????_??????????@???????????@?@?????????@_???????????G???????????@????????????C?C??????????G?G??????????W????????????K????????????B?????????????W?????????????o????????????@_?????????????_?????????????W?????????????E??????????????G??????????????_C????????????@??????????????@???????????????_C?????????????G@?????????????@???????????????C?_?????????????W???????????????K???????????????B????????????????o???????????????@_???????????????A????????????????E????????????????AW???????????????@o,u|eMID@WH?e@C@E?`?GW@@_CB?GA?GB?C?_@?K?G?o?_@?@?B_@??_?_?W?G?B?@??K?C??W?G??[?G??C?C??B?@???W?G??@_?_??B?@???B?@???@o?_???K?G???@_@????E?C????K?G????M?G????A?K????@o@?????E?G?????W?_?????o@??????w@??????K@_?????B?G??????Y@???????]C???????Lw,4,4
104,~?@gsP@@?OC?O`?@?@_?O?A??W??_??_??O??C@?@_??C???G@??G???K???A????O???@?C??E????C????A?C???_????C?????O?????o?????_?????O?????C?????@_?????A??????C??????C??????A???????_@?????K???????o??????@???????@?@??????_?_?????W???????B????????G????????O?G??????O?G??????W????????E?????????_????????A??_??????C?????????C?????????A??_???????_?????????A??????????G??????????O??????????O??????????C??????????@?@?????????G???????????_??????????@_??????????@_???????????W???????????E????????????o???????????B????????????E????????????E????????????@_????????????W????????????A?????????????G?_???????????O?????????????O@????????????G?????????????A?G????????????O?????????????@??????????????A?G????????????A?G????????????@???????????????O??????????????B???????????????E???????????????E???????????????E????????????????o???????????????K???????????????@_???????????????AC???????????????CG???????????????E????????????????@K,u|eMID@WH?e@C@E?`?GW@@_CB?GB?G@?C?o@?E?G?O?_@o@??_@??o?_?K?G?@?@??K?C??W?G??W?G??K?C??B?@???W?G??@_?_??B?@???B_@????o?_???K?G???@_@????C?C????[?G????M?G????B?C?????o@?????E?G?????W?_?????w@??????WB??????K?_?????B?G??????]@???????[K???????Zg,4,5
104,~?@gsP@@?OC?O`?@@@_?O?A??W??_??_??O??C???_??A???C???K???C???@?G??G???@_???B????B????@?????O@???E?????W?????_?????_@????O?????E??????_?????A??????C??????C??????A?C?????_??????C???????O???????_???????o???????O???????C?G??????_???????E????????K????????K????????A?????????_@???????K?????????o????????@_????????@??????????_?_???????G?????????@_?????????C??????????G?G????????G??????????C??????????@?@?????????G???????????_??????????@?@?????????@????????????_???????????K???????????@_???????????A????????????E????????????E????????????@?????????????O@???????????E?????????????K?????????????W?????????????O?????????????G?_???????????B??????????????O?????????????@?C????????????A??????????????A?G????????????@???????????????O@?????????????A?G?????????????G?_?????????????O???????????????W???????????????C?_?????????????@_???????????????C????????????????OC???????????????KG???????????????I????????????????@c,u|eMID@WH?e@C@E?`_GG@@oC@?GB?G@?C?o@?E?G?W?_?o@??_@??o?_?K?G?@_@??F?C??C?G??K?G??E?C??@?@???[?G???o?_??@_@???@_@????o?_???K?G???@_@????F?C????C?G????M?G????B?C?????_@?????M?G?????[?_?????W@??????W@??????K?_?????B_G??????N@???????G{???????}G,4,5
104,~?@gsP@@?OC?O`?@@@_?O?A??W??_??_??O??C???_??A???C???K???C???@????G@??@_???B????B????@?????O@???E?????W?????_?????_?????O?????K??????_?????A??????C??????C??????A?C?????_??????C???????O???????_??????@_???????o???????G???????@?@??????C?C??????W????????W????????K????????@?????????G?G??????@_????????B?????????B?????????@??????????O?G???????A??????????G??????????G??????????G?G????????C??????????@???????????G?G?????????_??????????@???????????@?@??????????_???????????G???????????@_???????????E????????????K????????????E????????????B?????????????O????????????A?G???????????W?????????????W?????????????W?????????????G?????????????A?G????????????O@????????????@??????????????A?G????????????A??????????????@?C?????????????O??????????????A?G?????????????G?_?????????????O@??????????????O???????????????E????????????????o???????????????A????????????????GC???????????????EG???????????????E????????????????@c,u|eMID@WH?e@C@E?`_GG@@oC@?GB?G@?C?o@?E?G?O?_@o@??_@??o?_?K?G?@_@??F?C??C?G??K?G??E?C??@?@???W?G??@_?_??B?@???B_@????o?_???K?G???@_@????F?C????C?G????M?G????B?C?????_@?????M?G?????W?_?????w@??????W@??????K?_?????B_G??????N@???????G{???????}G,4,4
104,~?@gsP@@?OC?O`?@@@_?O?A??W??_??_??O??C???_??A???C???K???C???@????G@??@_???B????B????@?????O@???E?????W?????_?????_?????O?????K??????_?????A??????C??????C??????A?C?????_??????C???????O???????_@?????@_???????o???????G???????@?@??????C?C??????W????????W????????K????????@?????????G?G??????@_????????B?????????@??????????_?????????G?????????@??????????A??????????C?G????????C??????????A???????????_@?????????C???????????O???????????_@??????????_@??????????o???????????K???????????@_???????????E????????????E????????????E????????????@?????????????O@???????????E?????????????C?????????????G@????????????G?????????????C?????????????@??????????????G@?????????????_?????????????@?G????????????@???????????????o??????????????E???????????????o??????????????B???????????????B???????????????@????????????????__??????????????W???????????????@@???????????????C????????????????GG???????????????KG???????????????Ao,u|eMID@WH?e@C@E?`_GG@@oC@?GB?G@?C?o@?E?G?O?_@o@??_@??o?_?K?G?@_@??F?C??C?G??K?G??E?C??@_@???K?G???o?_??@o@????o@????W?_???E?G????w@????@?C????F?G????B?G????@_C?????W@?????B_G?????E?_?????K@??????M@??????A?_?????@wG??????BB???????MC???????NW,0,0
104,~?@gsP@@?OC?O`?@?@_?O?A??W??_??_??O??C@?@_??C???G@??G???K???A????O@??@????E????C????A?C???_????C?????O?????o?????_?????O?_???C??????o?????A??????C??????C??????A???????_@?????K???????o??????@???????@?@??????_???????K???????@????????C?C??????G????????W????????K????????B?????????G?????????_????????@?????????@?@????????o?????????G?????????@?@????????C??????????K??????????G??????????C?C????????@???????????G???????????_?_????????B???????????B????????????_???????????G?G?????????@????????????E????????????K????????????C????????????B?????????????o????????????A?????????????G?_???????????O?????????????O@????????????K?????????????A??????????????O@????????????@_?????????????A??????????????A?G????????????@???????????????O@?????????????B???????????????E???????????????C???????????????E???????????????@?_??????????????W???????????????@????????????????CC???????????????KG???????????????I????????????????@c,u|eMID@WH?e@C@E?`?GW@@_CB?GB?G@?C?o@?E?G?W?_?o@??_@??o?_?K?G?@_@??E?C??K?G??K?G??E?C??@?@???[?G???o?_??@_@???@_@????o?_???K?G???@_@????E?C????K?G????M?G????B?C?????_@?????M?G?????[?_?????W@??????W@??????K?_?????B_G??????N@???????G{???????}G,4,5
104,~?@gsP@@?OC?O`?@@@_?O?A??W??_??_??O??C???_??A???C@??K???C???@?G??G???@_???A????A?G??B?????_????C?G???o?????_?????_?????O?????E??????_?????A??????C?G????C??????A???????_??????C???????O?_?????_@?????@_???????o???????G???????@?@??????C????????W????????G????????C?C??????B?????????W????????@?????????A?@???????@??????????_?????????G?????????@??????????E??????????G??????????G?G????????C?C????????@???????????G???????????_??????????@???????????@_???????????o???????????K???????????@_???????????E????????????C????????????A????????????@?C???????????o????????????E?????????????W?????????????o?????????????O?????????????G?????????????A??????????????W?????????????@_?????????????@??????????????@?G?????????????_??????????????G@?????????????@_??????????????E???????????????K???????????????K???????????????A?_??????????????_G??????????????E????????????????K????????????????GG???????????????H?????????????????k,u|eMID@WH?e@C@E?`?GW@@?CF?GA?GB?C?o@?E?G?W?_?o@??_@??w?_?C?G?@_@??E?C??G?G??[?G??E?C??@_@???K?G???o?_??@_@???@_@????w?_???C?G???@_@????E?C????K?G????G?G????M?C????@_B?????K?G?????o?_????@o@??????w@??????GB_?????F?G??????[@???????kC???????Xw,4,4
104,~?@gsP@@?OC?O`?@?@_?O?A??W??_??_??O??C@?@_??C???G@??G???K???A????O@??@????E????C????A?C???_????C?????O?????o?????_?????O?_???C??????o?????A??????C??????C?G????A???????_@?????K???????o??????@???????@?@??????_???????K???????@????????C?C??????G????????W????????C????????@?@???????G?????????_????????@?????????@?@????????o?????????G?????????@?@????????C??????????K??????????G??????????C?C????????@?@?????????G???????????_?_????????B???????????B????????????_???????????G?G?????????@????????????E????????????G????????????G?G??????????C?????????????_????????????C?G???????????O?????????????_?????????????_@????????????O?_???????????E??????????????_?????????????A?C????????????C?G????????????E??????????????B???????????????W??????????????B???????????????A???????????????C@??????????????C@??????????????@????????????????OG??????????????A@???????????????GC???????????????W????????????????E?????????????????[,u|eMID@WH?e@C@E?`?GW@@_CB?GB?G@?C?o@?E?G?W?_?o@??_@??w?_?C?G?@_@??E?C??K?G??K?G??E?C??@?@???[?G???o?_??@_@???@_@????w?_???C?G???@_@????E?C????K?G????M?G????B?C?????_@?????M?G?????W?_?????o@??????w@??????G@_?????F?G??????]@???????W[???????|G,0,0
104,~?@gsP@@?OE?O?_@_?_?G?B??G??O??O??W??C???_??A???K???G???C???@?G??W???@_???A????A????@?????o????E?????O?????_?????_?????o?????C??????_?????A?C????C??????K??????E??????@???????G?G?????_??????@???????B???????@_???????O???????A?@??????G?C??????o????????W????????G????????A?????????O????????@?????????B?????????B?????????@??????????O?????????A??????????G??????????G??????????G?G????????C?C????????@???????????W??????????@_??????????B???????????A???????????@??_?????????O?G?????????A????????????W????????????o????????????o????????????W????????????@_????????????G?????????????_????????????@?????????????@??????????????_?_???????????E??????????????_?????????????A??????????????C??????????????C??????????????B?C?????????????OE?????????????E???????????????W???????????????o???????????????W???????????????C?_?????????????B????????????????W????????????????CC???????????????G????????????????IG???????????????@W,u|fIID`GH_a@E@A?`_GK@?_CB?GA?GB?C?o@?C?G?w?_?_@?@o@??O?_?K?G?@_@??E?C??K?G??K?G??C?C??B?@???W?G??@_?_??B_@???@o@????O?_???K?G???@_@????E?C????K?G????M?G????A?C????@_@?????K?G?????q?_????@w@??????WE??????K?_?????B?G??????]@???????W[???????rG,0,0
104,~?@gsP@@?PC?O`?@?@_?O?A??G??O??O??G??E???_??A???C@??K???C???@?G??W???@????A?G??E????A?????_????C?G???o?????_?????_?????O?????C??????_?????A??????C??????C?G????A??????@_??????C???????O???????_@?????@_???????o???????G???????@?@??????K????????W????????O????????G?C??????B?????????O????????@?????????A?@???????E?????????@??????????O?????????A?@????????G??????????O??????????O?G????????G??????????A???????????O??????????@??_????????A?@?????????E???????????@????????????O?G?????????A?@??????????W????????????W????????????O????????????G?C??????????B?????????????W????????????@_?????????????_?????????????_?????????????O?_???????????A??????????????O?????????????@?C????????????A?G????????????A??????????????@?C?????????????O@?????????????B???????????????K???????????????K???????????????K???????????????@????????????????OG??????????????@_???????????????A????????????????CG???????????????EG???????????????@o,u|eMID@WH_a@E@A?`_GG@@_CB?GA?GB?C?o@?E?G?W?_?_@?@_@??o?_?G?G?B_@??C?C??W?G??[?G??C?C??B?@???W?G??@_?_??B?@???B?@???@_?_???W?G???B?@????M?C????K?G????M?G????B?C?????o@?????F?G?????K?_?????W@??????[@??????F?_??????wG??????B@???????NC???????Fw,4,5
104,~?@gsP@@?OC?O`?@?@_?O?A??W??_??_G?O??C??@_??C???G???G???K???A????O???@????A????A?G??B?????_????C?????O?_??@_????@_?????_?????G?G???@??????K??????W??????O??????G?C????A???????O?G????@???????E???????A???????@????????O?G?????A????????K????????O????????O????????G????????A?????????O????????@??_??????B?????????A?????????@??????????O?G???????E??????????K??????????O??????????O?G????????G?C????????E???????????o??????????B???????????C???????????C?@?????????A????????????_?G?????????C?@??????????o????????????_????????????_?G??????????O?C??????????C?????????????O????????????@?????????????A?@???????????A?????????????@??_???????????W??????????????_?????????????A??????????????C?G????????????B??????????????@_??????????????W??????????????@_??????????????A???????????????E@??????????????E???????????????@_???????????????G???????????????@@???????????????CC???????????????GG???????????????CG???????????????BC,u|eMID@WH?e@E@A?`_GG@@_CB?GA?GB?C?_@?K?G?o?_@?@?B?@?@_?_?W?G?A?@??[?C??O?G??o?G??[?C??A?@???w?G??@??_??F?@???B?@???@??_???o?G???E?@????W?C????o?G????w?G????K?C????B_@?????M?G?????O?_????@w@??????OB??????[?_?????B_G??????M@???????]C???????Jw,4,4
104,~?@gsP@@?OC?O`?@?@_?O?A??W??_??_G?O??C??@_??C???G???G???K???A????O???@????A????A?G??B?????_????C?????O?_??@_????@_?????_?????G?G???@??????K??????W??????O??????G?C????A???????O??????@???????E???????A???????@????????O?G?????A????????K????????O????????O????????G????????A?@???????W????????@_????????B?????????A?????????@??????????O?G???????E??????????K??????????O??????????O?G????????G?C????????E???????????o??????????@???????????A?@?????????A???????????@????????????O?G?????????E????????????G????????????O?G??????????O?G??????????G????????????@?????????????G?????????????_????????????@?@???????????@_?????????????o?????????????C??????????????_?????????????A?C????????????B??????????????B??????????????@_??????????????W??????????????@???????????????C?_?????????????G@??????????????G@??????????????K???????????????@_???????????????C@???????????????O????????????????o????????????????CW???????????????Ao,u|eMID@WH?e@E@A?`_GG@@_CB?GA?GB?C?_@?K?G?o?_@?@?B?@?@_?_?W?G?B?@??K?C??O?G??o?G??[?C??A?@???w?G??@??_??F?@???B?@???@??_???o?G???F?@????K?C????W?G????W?G????K?C????B_@?????M?G?????O?_????@w@??????OB??????W?_?????F?G??????[B???????os??????@yG,4,4
104,~?@gsP@@?OC?O`?@?@_?O?A??W??_??_G?O??C??@_??C???G???G???K???A????O@??@????A????A?G??B?????_????C?????O?_??@_????@_?????_?????G?????@??????E??????G??????G?G????C??????@?@?????G??????@_??????@???????@????????_?_?????G???????B????????K????????O????????O?G??????G????????A?????????O?G??????@_????????A?????????A?????????@??_???????o?????????B??????????G??????????O?G????????O??????????G??????????B???????????O??????????@??_????????A???????????A?@?????????@??_?????????o???????????A????????????G????????????O?G??????????O????????????K????????????B?????????????W?????????????_????????????@_?????????????O?????????????G?????????????A?G????????????o?????????????@_?????????????A??????????????A?G????????????@?C?????????????W??????????????A???????????????K?_?????????????W???????????????G???????????????E????????????????_???????????????B????????????????C????????????????EG???????????????F????????????????@o,u|eMID@WH?e@E@A?`_GG@@_CB?GA?GB?C?_@?K?G?o?_@_@?@_@??o?_?G?G?B_@??C?C??W?G??[?G??C?C??B_@???G?G??@_?_??B?@???B?@???@_?_???W?G???B?@????M?C????K?G????M?G????A?C????@o@?????C?W?????w?_?????o@??????w@??????K?_?????B_G??????M@???????S[???????^G,4,5
104,~?@gsP@@?OC?O`?@?@_?O?A??W??_??_G?O??C??@_??C???G???G???K???A????O???@????A????A?G??B?????_????C?????O?_??@_????@_?????_?????G?G???@??????K??????W??????O??????G?C????A???????O?G????@???????E???????A???????@????????O?G?????A????????K????????O????????O????????G????????A?????????O????????@??_??????B?????????A?????????@??????????O?G???????E??????????K??????????O??????????O?G????????G?C????????E???????????o??????????B???????????C???????????C?@?????????A????????????_?G?????????C?@??????????o????????????_????????????_????????????O?C??????????C?@???????????O????????????@?????????????A?@???????????A?????????????@??_???????????W??????????????_?????????????A??????????????C?G????????????K??????????????@_??????????????W??????????????@_??????????????A???????????????E@??????????????E???????????????@????????????????W???????????????@????????????????CC???????????????GG???????????????EG???????????????B_,u|eMID@WH?e@E@A?`_GG@@_CB?GA?GB?C?_@?K?G?o?_@?@?B?@?@_?_?W?G?A?@??[?C??O?G??o?G??[?C??A?@???w?G??@??_??F?@???B?@???@??_???o?G???E?@????W?C????o?G????w?G????K?C????B_@?????G?G????@o?_????@w@??????OF??????[?_?????B_G??????M@???????[C???????Rw,0,0
104,~?@gsP@@?OC?O`?@?@_?O?A@?W??_??_??O??C??@_??C???G???G???C???@????G@??@_???A????A?G??B?????_????C?????O?_??@_????@_?????_?????G?G???B??????C??????G??????G??????C??????@?@?????G??????@_??????@???????@????????_?_?????G???????@????????C?C??????G?G??????W????????K????????A?????????O?G??????@_????????A?????????A?????????@??_???????o?????????B??????????G??????????O?G????????G??????????C??????????@???????????G???????????_??????????@?@?????????@?@?????????@_???????????G???????????@????????????C?C??????????G????????????K????????????E????????????@_????????????K?????????????o?????????????O?????????????O?????????????G?_???????????E??????????????W?????????????@??????????????A?G????????????A?G????????????@???????????????O@?????????????B???????????????K???????????????G???????????????K???????????????A????????????????W???????????????@_???????????????B????????????????F????????????????B?????????????????s,u|eMID@WH?e@C@E?`?GW@@?CE?GE?GA?C@_@?G?G@o?_@?@?B_@??_?_?W?G?B?@??G?C??w?G??O?G??W?C??F?@???O?G??B_?_??A?@???F?@???@o?_???G?G???B?@????K?C????W?G????[?G????E?C????@o@?????C?G?????w?_?????_B?????@w@??????K@_?????B_G??????M@???????[C???????Tw,4,5
104,~?@gsP@@?OC?O`?@?@_?O?A??W??_??_??O??C??@_??C???G@??G???K???A????O???@?C??E????C????A?C??@_????G?????_?_??@?????@_?????_?????G?????@?@????K??????G??????G??????C??????@???????G?G?????_??????@_??????@????????_?_?????G???????B????????C????????G????????G?G??????K????????B?????????O????????@??_??????B?????????A?????????@??_???????O?????????B??????????G??????????O??????????O?G????????W??????????A???????????O?G????????@???????????A???????????A???????????@??_?????????O???????????B????????????K????????????G????????????W????????????C????????????@?@???????????G?G???????????o????????????@_????????????@??????????????_?_???????????K?????????????@_?????????????B??????????????C??????????????C??????????????A?C?????????????O??????????????A?G?????????????G?_?????????????O???????????????W???????????????E????????????????__??????????????K????????????????W????????????????K????????????????F?????????????????w,u|eMID@WH?e@C@E?`?GW@@?CE?GE?GB?C?_@?K?G?o?_@?@?B_@??_?_?W?G?B?@??G?C??w?G??O?G??[?C??B?@???W?G??@??_??E?@???F?@???@??_???w?G???B?@????K?C????W?G????O?G????[?C????A?B?????w?G????@o@_????@?T?????B?@?????@o?_?????M?G??????w@??????@`c???????Bw,0,0
104,~?@gsP@@?OC?O`?@?@_?O?A??W??_??_G?O??C@?@_??C???G@??G???K???A????O???@????A????A?G??@?????O????A?????K?????O?????O?????G?_???E??????o?????A??????C?G????C??????A?C????@_??????K???????_??????@?@?????@???????@_???????G???????@????????C????????G?G??????G????????C?C??????@?????????G?????????_?_??????@?????????@_?????????_?????????G?????????@?@????????K??????????W??????????G??????????C?C????????@???????????G?G????????@_??????????@_??????????@????????????_?_?????????G?G?????????B????????????C????????????G?G??????????G????????????C?C??????????@?????????????G?G???????????_????????????@?????????????@?@????????????_?_???????????C??????????????_?????????????A?C????????????E??????????????A??????????????@?C?????????????W??????????????B???????????????B???????????????E???????????????A???????????????@__??????????????G???????????????@@???????????????E????????????????C????????????????DG????????????????w,u|eMID@WH?e@E@A?`_GK@?oC@_G@?G@_C?W@?A?G?W?_?o@??o@??O?_?K?G?@_@??E?C??K?G??K?G??C?C??B?@???[?G???_?_??B?@???B_@????o?_???G?G???B?@????K?C????[?G????K?G????E?C????@_@?????M?G?????W?_?????w@??????WB??????G?_?????F?G??????]@???????W[???????zG,4,5
104,~?@gsP@@?OC?O`?@?@_?O?A??W??_??_G?O??C??@_??C???G???G@??K???A????O???@????A????A?G??B?????_????C?G???O????@_?????_?????O?????C?G???@_?????E??????G??????G?G????C??????@???????G???????o??????@???????@????????_?_?????W???????@????????C????????G????????G?G??????C????????@?@???????W????????@_????????A?????????A?@???????@??_???????o?????????A??????????G??????????O?G????????o??????????W??????????A???????????O?G????????@???????????A?@?????????A???????????@????????????G???????????@_???????????E????????????C????????????C?G??????????A?????????????_@???????????C?????????????O?_???????????o?????????????o?????????????W?????????????E??????????????O?????????????@?C????????????B??????????????@_??????????????O??????????????C@??????????????_G?????????????A???????????????E???????????????A???????????????@?_??????????????OG??????????????A@???????????????E????????????????K????????????????CG????????????????s,u|eMID@WH?e@E@A?`_GG@@_CB?GA?GB?C?o@?E?G?O?_@_@?@_@??o?_?G?G?B?@??K?C??O?G??w?G??K?C??A?@???o?G??B??_??F?@???A?@???B??_???w?G???B?@????G?C????w?G????W?G????G?C????F_@?????G?W????@o?_????@o@??????o@??????]?_?????@?W??????]@???????SK???????]g,0,0
104,~?@gsP@@?OC?O`?@?@_?O?A??W??_??_??O??C??@_??C???G@??G???K???A????O???@?C??E????C????A?C??@_????G?????_?_??@?????@_?????_?????G?????@?@????K??????G??????G??????C??????@???????G?G?????_??????@_??????@????????_?_?????G???????B????????C????????G????????G?G??????K????????B?????????O????????@??_??????B?????????A?????????@??_???????O?????????B??????????G??????????O??????????O?G????????W??????????A???????????O?G????????@???????????A???????????A???????????@??_?????????O?G?????????B????????????K????????????G????????????W????????????C????????????@?@???????????G?G???????????o????????????@_????????????@??????????????_?_???????????C??????????????_@????????????B??????????????C??????????????C??????????????A?C?????????????O??????????????A?G?????????????G?_?????????????O???????????????W???????????????E????????????????__??????????????K????????????????W????????????????K????????????????F?????????????????w,u|eMID@WH?e@C@E?`?GW@@?CE?GE?GB?C?_@?K?G?o?_@?@?B_@??_?_?W?G?B?@??G?C??w?G??O?G??[?C??B?@???W?G??@??_??E?@???F?@???@??_???w?G???B?@????K?C????W?G????O?G????[?C????B_@?????M?G?????OC_????@_@?????@o@??????[?_?????B_G??????KX???????}????????Fo,0,0
104,~?@gsP@@?OC?O`?@?@_?O?A??W??_??_??O??C??@_??C???G@??G???K???A????O???@????E????C????A?C??@_????G?????_?_??@?????@_?????_?????G?????@?@????K??????W??????O??????G?C????A???????O??????@??_????A???????B???????@????????O?G?????A????????W????????O????????O????????G?C??????A?????????W????????@?????????A?@???????B?????????@??????????O?G???????A??????????K??????????O??????????O??????????G?C????????E???????????W??????????@???????????A?@?????????A???????????@????????????O?G?????????A?@??????????K????????????W????????????G????????????K????????????@?????????????G?G???????????_?_??????????@?????????????@_?????????????_?????????????G?G????????????_?????????????A?C????????????E??????????????C??????????????A???????????????_@?????????????B???????????????K???????????????G???????????????K???????????????B????????????????O_??????????????E????????????????K????????????????K????????????????F?????????????????w,u|eMID@WH?e@C@E?`?GW@@?CE?GE?GB?C?_@?K?G?o?_@?@?B?@?@_?_?W?G?B?@??G?C??w?G??O?G??[?C??B?@???W?G??@??_??E?@???F?@???@??_???w?G???B?@????K?C????W?G????O?G????[?C????B_@?????M?G?????OC_????@_@?????@o@??????[?_?????B_G??????KX???????}????????Fo,0,0
104,~?@gsP@@?OC?O`?@?@_?O?A??W??_??_G?O??C??@_??C???G???G@??K???A????O???@????A????A?G??B?????_????C?G???O????@_?????_?????O?????C?G???@_?????E??????G??????G?G????C??????@???????G???????o??????@???????@????????_?_?????W???????@????????C????????G????????G?G??????E????????@_????????K?????????_????????@?@???????@?????????@_?????????G?????????@?@????????C?C????????W??????????W??????????C??????????@?@?????????G???????????_??????????@???????????@_???????????_???????????G???????????@?@??????????A????????????C????????????C????????????A?C???????????o????????????E?????????????W?????????????o?????????????O?????????????W?????????????B??????????????W?????????????@_?????????????@??????????????@?G?????????????_??????????????G@?????????????@_??????????????C???????????????K???????????????C???????????????B????????????????W???????????????@_???????????????AC???????????????M????????????????E????????????????@S,u|eMID@WH?e@E@A?`_GG@@_CB?GA?GB?C?o@?E?G?O?_@_@?@_@??o?_?K?G?@_@??C?C??[?G??K?G??C?C??B?@???W?G??@o?_??@?@???B?@???@o?_???K?G???@_@????E?C????G?G????[?G????E?K????@?@?????W?G????@w?_?????_F?????@_@??????w?_?????E?W??????w@??????@WC???????ew,4,4
104,~?@gsP@@?OC?O`?@?@_?O?A??W??_??_G?O??C??@_??C???G???G@??K???A????O???@????A????A?G??B?????_????C?G???O????@_?????_?????O?????C?G???@_?????E??????G??????G?G????C??????@???????G???????o??????@???????@????????_?_?????W???????@????????C????????G????????G?G??????C????????@?@???????W????????@_????????A?????????A?@???????@??_???????o?????????A??????????G?C????????O?G????????o??????????W??????????A???????????O?G????????@???????????A?@?????????A???????????@????????????G???????????@????????????C?C??????????C????????????C????????????A?????????????_@???????????C?????????????O?_???????????o?????????????o?????????????W?????????????E??????????????W?????????????@_?????????????B??????????????@???????????????_C?????????????G??????????????@?G?????????????C?_?????????????G???????????????K???????????????A????????????????o???????????????B????????????????B????????????????F????????????????B?????????????????s,u|eMID@WH?e@E@A?`_GG@@_CB?GA?GB?C?o@?E?G?O?_@_@?@_@??o?_?G?G?B?@??K?C??O?G??w?G??K?C??A?@???o?G??B??_??F?@???A?@???B??_???w?G???B?@????G?C????w?G????W?G????G?C????F_@?????G?W????@_?_????Bo@??????_F??????o?_?????M?G??????oB??????BoC??????@RW,0,0
104,~?@gsP@@?OC?O`?@?@_?O?A??W??_??_G?O??C@?@_??C???G@??G???K???A????O???@????A????A?G??@?????O????A?????K?????O?????O?????G?_???E??????o?????A??????C?G????C??????A?C????@_??????K???????_??????@?@?????@???????@_???????G???????@????????C?C??????G????????G????????C?C??????@?????????G?????????_?_??????@?????????@_?????????_?????????G?????????@?@????????K??????????K??????????G??????????C?C????????@???????????G?G????????@_??????????@_??????????@????????????_?_?????????G???????????B????????????C????????????G????????????G?G??????????C????????????@_????????????C?????????????O?????????????_@????????????_@????????????W?????????????C??????????????o?????????????B??????????????B??????????????A??????????????@?C?????????????O@?????????????E???????????????C???????????????G@??????????????G@??????????????K???????????????@_???????????????C????????????????G????????????????WG???????????????Co???????????????B_,u|eMID@WH?e@E@A?`_GK@?oC@_G@?G@_C?W@?A?G?W?_?o@??o@??O?_?K?G?@_@??E?C??K?G??K?G??C?C??B?@???[?G???_?_??B_@???@_@????o?_???K?G???@_@????F?C????E?G????E?G????A?C????@_@?????M?G?????O@_????@o@??????oB??????W?_?????E?G??????{@???????o[??????@jG,4,5
104,~?@gsP@@?OC?O`?@?@_?O?A??W??_??_??O??C??@_??C???G???G@??K???A????O???@????E????C????A?C??@_????G?????_?_??@?????B??????_?????G?????@?@????K??????W??????O??????G?C????A???????O??????@??_????A???????B???????@????????O???????A?@??????W????????O????????O????????G?C??????A?????????W????????@?????????A?@???????B?????????@??????????O?G???????A?@????????W??????????O??????????O??????????G?C????????E???????????W??????????@???????????A?@?????????A???????????@????????????O?G?????????A????????????C????????????G????????????G?G??????????K????????????@?????????????G?????????????_?_??????????@?@???????????@_?????????????o?????????????E??????????????o?????????????B??????????????A??????????????B??????????????@_??????????????C???????????????_G?????????????A???????????????C@??????????????C@??????????????B????????????????o???????????????B????????????????E????????????????B????????????????@_????????????????[,u|eMID@WH?e@C@E?`?GW@@?CE?GE?GA?C@_@?K?G?o?_@?@?B?@?@_?_?W?G?B?@??G?C??w?G??O?G??[?C??B?@???O?G??B??_??E?@???F?@???@??_???w?G???B?@????K?C????W?G????[?G????C?C????Bo@?????C?W?????o?_????@_@?????@o@??????O@_?????N?G??????WB??????@sC???????\W,4,4
104,~?@gsP@@?OC?O`?@?@_?O?A??W??_??_G?O??C??@_??C???G???G@??K???A????O???@????A????A?G??B?????_????C?G???O????@_?????_?????O?????C?G???@_?????E??????G??????G?G????C??????@?@?????G???????o??????@???????@????????_?_?????W???????@????????C????????G?G??????G????????C????????@?@???????K?????????_????????@?@???????@?????????@_?????????G?????????@??????????C?C????????W??????????K??????????C??????????@?@?????????G???????????_?_????????@???????????@_???????????_???????????G???????????@?@??????????K????????????G????????????G????????????C?C??????????@?????????????G?????????????_?_??????????@_????????????@_?????????????O?????????????K??????????????_?????????????B??????????????E??????????????B??????????????@???????????????O@?????????????B???????????????E???????????????G???????????????K???????????????E????????????????o???????????????A????????????????H????????????????WG???????????????K_???????????????B_,u|eMID@WH?e@E@A?`_GG@@_CB?GA?GB?C?o@?E?G?O?_@_@?@_@??o?_?G?G?B_@??C?C??[?G??K?G??C?C??B?@???W?G??@o?_??@?@???B_@????o?_???K?G???@?@????M?C????G?W????[?G????E?K????@?@?????W?G????@_?_????B_@?????@?B?????@o?_?????K?W?????@`@??????DWC???????yo,4,4
104,~?@gsP@@?OC?O`?@?@_?O?A??W??_??_G?O??C??@_??C???G???G@??K???A????O???@????A????A?G??B?????_????C?G???O????@_?????_?????O?????C?G???@_?????E??????G??????G?G????C??????@?@?????G???????o??????@???????@????????_?_?????W???????@????????C????????G????????G????????C????????@?@???????K?????????_????????@?@???????@?@???????@_?????????G?????????@?@????????C?C????????W??????????W??????????K??????????A???????????O?G????????@???????????A?@?????????A????????????_???????????G???????????@?@??????????A????????????C????????????C????????????A?????????????_@???????????E?????????????K?????????????W?????????????W?????????????E?????????????@_?????????????K??????????????o??????????????_??????????????_G?????????????OC?????????????C???????????????_??????????????A?_?????????????C@??????????????C???????????????A?_??????????????_G??????????????B????????????????K????????????????E????????????????@_????????????????[,u|eMID@WH?e@E@A?`_GG@@_CB?GA?GB?C?o@?E?G?O?_@_@?@_@??o?_?G?G?B_@??C?C??[?G??K?G??C?C??B?@???W?G??@o?_??@?@???B?@???@_?_???W?G???B?@????M?C????G?G????]?G????A?K????@_@?????N?G?????G@_?????o@??????o@??????[?_?????B_G??????I@???????ZC???????Fw,4,5
104,~?@gsP@@?OC?O`?@?@_?O?A??W??_??_G?O??C??@_??C???G???G@??K???A????O???@????A????A?G??B?????_????C?G???O????@_?????_?????O?????C?G???@_?????E??????G??????G?G????C??????@?@?????G???????o??????@???????@????????_?_?????W???????@????????C????????G????????G????????C????????@?@???????K?????????_????????@?@???????@?@???????@_?????????G?????????@??????????C?C????????W??????????W??????????K??????????A???????????O?G????????@???????????A?@?????????A????????????_???????????G???????????@?@??????????K????????????G????????????G????????????C?C??????????@?????????????G?G???????????o?????????????o?????????????o?????????????W?????????????A??????????????O@????????????@?C????????????E??????????????B???????????????_??????????????G@?????????????@?G?????????????C???????????????G@??????????????G@??????????????A????????????????_G??????????????C@???????????????OC???????????????W????????????????E?????????????????[,u|eMID@WH?e@E@A?`_GG@@_CB?GA?GB?C?o@?E?G?O?_@_@?@_@??o?_?G?G?B_@??C?C??[?G??K?G??C?C??B?@???W?G??@o?_??@?@???B?@???@_?_???W?G???B?@????M?C????G?G????]?G????A?K????@_@?????K?G?????w?_?????_@?????@o@??????[?_?????B_G??????J@???????NC???????Fw,4,4
104,~?@gsP@@?OC?O`?@?@_?O?A??W??_??_G?O??C??@_??C???G???G@??K???A????O???@????A????A?G??B?????_????C?G???O????@_?????_?????O?????C?????@_?????E??????G??????G?G????C??????@?@?????G???????o??????@???????@????????_?_?????W???????B????????G????????O?G??????O????????G????????A?????????O?G??????@_????????A?????????A?@???????@??_???????o?????????A??????????G?C????????O??????????O??????????K??????????B???????????O??????????@??_????????A???????????A?@?????????@????????????G???????????@????????????C?C??????????K????????????K????????????C????????????@?@???????????G?G???????????_????????????@_?????????????o?????????????W?????????????E??????????????O?????????????@?C????????????A??????????????A?G?????????????o??????????????G??????????????@?G?????????????C?_?????????????G@??????????????G???????????????C?_?????????????@_???????????????E????????????????G????????????????EG???????????????B?????????????????s,u|eMID@WH?e@E@A?`_GG@@_CB?GA?GB?C?o@?E?G?O?_@_@?@_@??o?_?G?G?B_@??C?C??[?G??K?G??C?C??B?@???W?G??@_?_??B?@???B?@???@_?_???W?G???B?@????M?C????G?G????]?G????A?K????@_@?????M?G?????W?_?????o@??????w@??????K?_?????BgG??????BB???????MC???????NW,4,4
104,~?@gsP@@?OC?O`?@?@_?O?A??W??_??_G?O??C@?@_??C???G@??G???K???A????O???@????A????A?G??@?????O????A?????K?????O?????O?????G?_???E??????o?????A??????C?G????C??????A?C????@_??????K???????_??????@?@?????@???????@_???????G???????@????????C?C??????G????????G????????C?C??????@?????????G?????????_?_??????@?????????@_?????????_?????????G?G???????@?@????????K??????????K??????????G??????????C?C????????@???????????G?G????????@_??????????@_??????????@????????????_?_?????????G????????????_???????????A????????????C?G??????????C?G??????????A?????????????_@???????????C?????????????O?????????????_@????????????_?????????????W?????????????E??????????????o??????????????_?????????????@?G????????????@_??????????????o??????????????E???????????????_??????????????A?_?????????????C@??????????????E???????????????@????????????????OG??????????????B????????????????C????????????????E????????????????AW???????????????@o,u|eMID@WH?e@E@A?`_GK@?oC@_G@?G@_C?W@?A?G?W?_?o@??o@??O?_?K?G?@_@??E?C??K?G??K?G??C?C??B?@???[?G???_?_??B_@???@_@????o?_???G?G???B?@????K?C????[?G????K?G????E?C????@?@?????]?G?????O@_????@w@??????WB??????G?_?????F?G??????[@???????o[??????@jG,4,5
104,~?@gsP@@?OC?O`?@?@_?O?A??W??_??_G?O??C??@_??C???G???G???K???A????O???@????A????A?G??B?????_????C?G???O????@_????@_?????_?????G?????@?@????K??????W??????O??????G?C????A???????O?G????@???????B???????A???????@????????O?G?????A????????W????????O????????O????????G?C??????A?????????O????????@??_??????B?????????A?????????@??_???????O?G???????E??????????K??????????O??????????O?G????????G?C????????E???????????W??????????@???????????A?@?????????A???????????@??_?????????O???????????@????????????C????????????G?G??????????G????????????A?????????????_????????????C?G???????????O?_???????????_?????????????_@????????????W?????????????E??????????????o?????????????@_?????????????B??????????????B???????????????O??????????????C@??????????????o??????????????@???????????????A???????????????A@??????????????@?_??????????????W???????????????@????????????????EC???????????????K????????????????B?????????????????k,u|eMID@WH?e@E@A?`_GG@@_CB?GA?GB?C?_@?K?G?o?_@?@?B?@?@_?_?W?G?A?@??[?C??O?G??w?G??K?C??A?@???w?G??@??_??E?@???F?@???@??_???w?G???B?@????K?C????O?G????w?G????G?K????F_@?????G?W????@o?_????@?@?????Bo@??????O@_?????N?G??????WB??????@SC???????\W,2,2
104,~?@gsP@@?OC?O`?@?@_?O?A??W??_??_G?O??C??@_??C???G???G@??K???A????O???@????A????A?G??B?????_????C?????O?_??@_?????_?????O?????C?G???@_?????E??????G??????G?G????C??????@?@?????G??????@_??????@???????@????????_?_?????W???????@????????C????????G?G??????G????????C????????@?@???????K?????????_????????@?????????@?@???????@_?????????G?????????@??????????C?C????????W??????????K??????????C??????????@?@?????????G???????????_?_????????@???????????B????????????_???????????K???????????@_???????????A????????????C????????????C?G??????????A?C???????????_????????????C?G???????????W?????????????_?????????????_@????????????O?_???????????K??????????????_?????????????A?C????????????K??????????????A??????????????@?C?????????????W??????????????@???????????????A???????????????E???????????????A???????????????@_???????????????G???????????????@`???????????????E????????????????M????????????????E????????????????@S,u|eMID@WH?e@E@A?`_GG@@_CB?GA?GB?C?o@?E?G?O?_@_@?@_@??o?_?G?G?B_@??C?C??W?G??[?G??C?C??B?@???W?G??@o?_??@?@???B_@????o?_???K?G???@?@????M?C????G?W????W?G????M?C????@?@?????[?G?????w?_?????_@?????@w@??????K@_?????A_G??????N@???????H[???????{G,4,5
104,~?@gsP@@?OC?O`?@?@_?O?A??W??_??_G?O??C??@_??C???G???G@??K???A????O???@????A????A?G??B?????_????C?????O????@_?????_?????O?????C?G???@_?????E??????G??????G?G????C??????@?@?????G??????@_??????B???????A???????@????????O?G?????E????????G????????O????????O?G??????G????????A?????????O?G??????@_????????A?????????A?????????@??_???????O?????????E??????????G??????????O?G????????O?G????????W??????????B???????????O??????????@??_????????A???????????A?@?????????@????????????o???????????B????????????G????????????O?G??????????O?G??????????C????????????@?????????????G?G???????????_?_??????????@?????????????@?@????????????o?????????????G?????????????@?@????????????C?C????????????G??????????????E??????????????B???????????????G??????????????@?G?????????????E???????????????C???????????????B???????????????@_???????????????K????????????????_???????????????BC???????????????E????????????????B?????????????????k,u|eMID@WH?e@E@A?`_GG@@_CB?GA?GB?C?o@?E?G?O?_@_@?@_@??o?_?G?G?B_@??C?C??W?G??W?G??K?C??A?@???o?G??B??_??F?@???A?@???B_?_???W?G???B?@????G?C????w?G????O?W????W?C????F?@?????W?G????@_?_????Bo@??????_B??????{?_?????B?W??????S@???????{C???????Yw,4,5
104,~?@gsP@@?OC?O`?@?@_?O?A??W??_??_??O??C??@_??C???G???G@??K???A????O???@????E????C????A?C??@_????G?????_?_??@?????B??????_?????G?????@?@????K??????W??????O??????G??????A?@?????O??????@??_????A???????B???????@????????O???????A?@??????W????????O????????O????????G?C??????A?????????o????????@?????????A?@???????B?????????@??????????O?G???????A??????????W??????????O??????????O?G????????G?C????????E???????????W??????????@???????????A???????????A?@?????????@????????????O?G?????????A????????????K????????????O????????????O????????????G?C??????????@?????????????G?????????????_?_??????????@?@???????????B??????????????o?????????????E??????????????o?????????????@??????????????E??????????????B??????????????@_??????????????C???????????????_??????????????A?_?????????????C@??????????????E???????????????A????????????????o???????????????B????????????????K????????????????E????????????????AW???????????????B_,u|eMID@WH?e@C@E?`?GW@@?CE?GE?GA?C@_@?K?G?o?_@?@?B?@?@_?_?O?G?F?@??G?C??w?G??O?G??[?C??B?@???O?G??B??_??E?@???F?@???@??_???w?G???B?@????G?C????w?G????[?G????C?C????B_@?????K?W?????_?_????B?@?????Bo@??????OB_?????N?G??????OR??????BoC??????@WW,4,4
104,~?@gsP@@?OC?O`?@?@_?O?A??W??_??_G?O??C??@_??C???G???G@??K???A????O???@????A????A?G??B?????_????C?G???O????@_?????_?????O?????C?G???@_?????E??????G??????G?G????C??????@?@?????G???????o??????@???????@????????_?_?????W???????@????????C????????G????????G????????C????????@?@???????K?????????_????????@?@???????@?????????@_?????????G?????????@?@????????C?C????????W??????????W??????????K??????????A???????????O?G????????@???????????A?@?????????A???????????@_???????????O???????????A????????????G?C??????????G????????????G????????????C?C??????????@?????????????G?G???????????_????????????@?@???????????@_?????????????o?????????????C?????????????@_?????????????B??????????????E??????????????B???????????????_??????????????G@?????????????@_??????????????B???????????????C???????????????C???????????????A?_??????????????_G??????????????C@???????????????OC???????????????c????????????????oG???????????????KO,u|eMID@WH?e@E@A?`_GG@@_CB?GA?GB?C?o@?E?G?O?_@_@?@_@??o?_?G?G?B_@??C?C??[?G??K?G??C?C??B?@???W?G??@o?_??@?@???B?@???@_?_???W?G???B?@????G?C????w?G????O?W????[?C????B?B?????O?G????B??_????F_@?????@?B?????@o?_?????M?G??????o`??????AkC???????Zo,0,0
104,~?@gsP@@?OC?O`?@?@_?O?A@?W??_??_??O??C??@_??C???G???G???C???@????G???@_???A????A?G??B?????_????C?G???O????@_????@_?????_?????G?G???B??????K??????O??????O??????G??????A???????O?G????@???????B???????A???????@????????O???????A????????G????????O????????O????????G?C??????E?????????o????????A?????????C?@???????E?????????A??????????_?G???????C?@????????o?????????@_?????????@_??????????o??????????K??????????@_??????????A???????????C???????????C?@?????????A????????????_???????????C?@??????????O?C??????????O????????????O????????????G????????????A?@???????????O????????????@?????????????A?@???????????A?@???????????B??????????????W?????????????B??????????????B??????????????E??????????????E??????????????@_??????????????W???????????????_??????????????A???????????????C@??????????????E???????????????@????????????????O???????????????A@???????????????KC???????????????W????????????????M????????????????BG,u|eMID@WH?e@C@E?`?GW@@?CE?GE?GA?C@_@?G?G@o?_@?@?B?@?@_?_?O?G?E?@??W?C??_?G?@o?G??O?C??M?@???o?G??A??_??K?@???K?@???C??_??B_?G???G?B???@_?C???B_?G???@??G???@o?C????K?@????@o?G????Bo?_????@?F?????B?@?????@o?_?????I?G??????{@???????_{??????BeG,4,5
104,~?@gsP@@?OC?O`?@?@_?O?A??W??_??_G?O??C??@_??C???G???G???K???A????O???@????A????A?G??B?????_????C?G???O????@_????@_?????_?????G?????@?@????K??????W??????O??????G?C????A???????O?G????@???????B???????A???????@????????O???????A?@??????W????????O????????O????????G?C??????A?????????O????????@??_??????B?????????A?????????@??_???????O?G???????E??????????W??????????O??????????O??????????G?C????????E???????????W??????????@???????????A?@?????????A???????????@??_?????????O?G?????????@????????????C????????????G????????????G?G??????????K????????????@?????????????G?G???????????_?_??????????@?????????????@??????????????_?_???????????E??????????????o?????????????B??????????????A??????????????A??????????????@?C?????????????K??????????????@???????????????C?_?????????????K???????????????C???????????????B????????????????o???????????????B????????????????C????????????????M????????????????EO???????????????@o,u|eMID@WH?e@E@A?`_GG@@_CB?GA?GB?C?_@?K?G?o?_@?@?B?@?@_?_?W?G?A?@??[?C??O?G??w?G??K?C??A?@???o?G??B??_??E?@???F?@???@??_???w?G???B?@????K?C????O?G????w?G????N?C?????_F?????K?G?????o?_????@_@?????@o@??????[?_?????B?G??????X`???????FK???????Fg,4,5
104,~?@gsP@@?OC?O`?@?@_?O?A@?W??_??_??O??C??@_??C???G???G???C???@????G@??@_???A????A?G??B?????_????C?G???O????@_????@_?????_?????G?G???B??????C??????G??????G??????C??????@?@?????G???????o??????@???????@????????_???????G?G?????@????????C????????G?G??????W????????K????????A?????????O?G??????@_????????A?????????A?@???????@??_???????o?????????E??????????G??????????O?G????????o??????????G??????????A???????????O?G????????@???????????A???????????A?@?????????@????????????G???????????@????????????C?C??????????G?G??????????G????????????E????????????@_????????????E?????????????O?????????????_@????????????o?????????????W?????????????E??????????????G??????????????_C????????????B??????????????@???????????????_C?????????????G??????????????@_??????????????A???????????????E???????????????A???????????????@_???????????????K???????????????@????????????????EC???????????????K????????????????Cg???????????????F?,u|eMID@WH?e@C@E?`?GW@@?CE?GE?GA?C@_@?G?G@o?_@?@?B_@??_?_?W?G?B?@??G?C??w?G??O?G??[?C??B?@???O?G??B??_??E?@???F?@???@??_???w?G???A?B????[?C????W?G????O?G????[?C????A?B?????{?G?????_@_????B_@?????@o@??????S?_?????B_G??????KB???????iC???????NW,4,4
104,~?@gsP@@?OC?O`?@?@_?O?A@?W??_??_G?O??C??@_??C???G???G???C???@????G????_???@?G??B????@?????O@???A?????W?????o?????_?????O?_???K?????@_?????C??????G?G????G??????C??????@???????K???????_??????@???????@????????_?_?????G???????@????????C????????G?G??????G????????C?C??????B?????????W????????@?????????A?@???????A?@???????B??????????o?????????A??????????G?C????????o??????????o??????????G??????????A?@?????????O??????????@??_????????A???????????A????????????_???????????G???????????@?@??????????C?C??????????G????????????G?G??????????C????????????@?@???????????G?????????????_?_??????????@_????????????@_?????????????o?????????????K??????????????O?????????????@?C????????????B??????????????@_??????????????O??????????????C@??????????????_G?????????????A???????????????E???????????????A???????????????@?_??????????????OG??????????????A@???????????????E????????????????K????????????????CG????????????????s,u|eMID@WH?e@E@A?`_GG@@_CB?GA?GB?C?_@?M?G?O?_@_@?@_@??o?_?G?G?B?@??K?C??O?G??w?G??K?C??A?@???o?G??B??_??F?@???A?@???B??_???w?G???B?@????G?C????w?G????W?G????G?C????F_@?????G?W????@o?_????@o@??????o@??????]?_?????@?W??????]@???????SK???????]g,4,4
104,~?@gsP@@?OC?O`?@?@_?O?A@?W??_??_G?O??C??@_??C???G???G???C???@????G????_???@?G??B????@?????O@???A?????W?????o?????_?????O?_???K?????@_?????C??????G?G????G??????C?C????@???????K???????_??????@???????@????????_?_?????G???????@????????C????????G?G??????G????????C?C??????@_????????G?????????_?_??????@?@???????B?????????@_?????????G?????????@?@????????K??????????W??????????G??????????C?C????????@???????????G?G?????????_???????????_???????????_???????????O???????????C?G??????????_???????????A?C??????????C????????????C?G??????????A?????????????_@???????????E?????????????W?????????????o?????????????o?????????????G?????????????A?G????????????W??????????????_?????????????@?G????????????@_??????????????O??????????????C???????????????o??????????????@???????????????A@??????????????A@??????????????@????????????????WG??????????????B????????????????K????????????????GG???????????????CG???????????????Ac,u|eMID@WH?e@E@A?`_GG@@_CB?GA?GB?C?_@?M?G?O?_@_@?@_@??o?_?G?G?B_@??C?C??[?G??K?G??C?C??B?@???W?G??@o?_??@?@???B?@???@o?_???K?G???@?@????M?C????G?W????]?G????A?K????@_@?????K?G?????w?_?????o@??????w@??????K?_?????AgG??????BB???????NC???????FW,4,5
104,~?@gsP@@?OC?O`?@?@_?O?A??W??_??_G?O??C??@_??C???G???G@??K???A????O???@????A????A?G??B?????_????C?G???O????@_?????_?????O?????C?????@_?????E??????G??????G?G????C??????@?@?????G???????o??????@???????@?@??????_?_?????W???????B????????G????????O????????O????????G?C??????A?????????O?G??????@_????????A?????????A?@???????@??????????G?????????@??????????C?C????????G??????????W??????????K??????????@???????????G?G?????????_??????????@?@?????????@????????????o???????????K???????????@_???????????B????????????C????????????C?G??????????A?????????????_@???????????C?????????????O?_???????????o?????????????_?????????????O?_???????????C??????????????_@????????????A?C????????????C??????????????E??????????????@???????????????O@?????????????B???????????????C???????????????K???????????????B???????????????@????????????????WG??????????????@????????????????EC???????????????G????????????????KG???????????????Ag,u|eMID@WH?e@E@A?`_GG@@_CB?GA?GB?C?o@?E?G?O?_@_@?@_@??o?_?G?G?B_@??C?C??[?G??K?G??E?C??@_@???K?G???o?_??@?@???B?@???@o?_???K?G???@?@????M?C????G?W????[?G????E?C????@_@?????M?G?????W?_?????o@??????w@??????K@_?????A_G??????M@???????]C???????Lw,0,0
104,~?@gsP@@?OC?O`?@?@_?O?A@?W??_??_G?O??C??@_??C???G???G???C???@????G????_???@?G??B????@?????O@???A?????W?????o?????_?????O?_???K?????@_?????C??????G?G????G??????C?C????@???????K???????_??????@???????@????????_?_?????G???????@????????C????????G????????G????????C?C??????@_????????G?????????_?_??????@?@???????B?????????@_?????????G?????????@?@????????K??????????W??????????W??????????G??????????A?@?????????O??????????@??_????????A???????????@????????????_???????????G?G?????????@?@??????????C????????????G?G??????????G????????????C????????????@?@???????????G?????????????_?_??????????@_????????????@_?????????????o?????????????A??????????????O@????????????@_?????????????B??????????????@???????????????_C?????????????K???????????????_??????????????B???????????????A???????????????A@??????????????@?_??????????????OG??????????????A????????????????KC???????????????W????????????????GG???????????????@c,u|eMID@WH?e@E@A?`_GG@@_CB?GA?GB?C?_@?M?G?O?_@_@?@_@??o?_?G?G?B_@??C?C??[?G??K?G??C?C??B?@???W?G??@o?_??@?@???B?@???@_?_???W?G???B?@????G?C????w?G????O?W????]?C????@?B?????[?G?????w?_?????o@??????o@??????[?_?????B?G??????T@???????NC???????Fw,4,5
104,~?@gsP@@?OC?O`?@?@_?O?A@?W??_??_??O??C??@_??C???G???G???C???@????G???@_???A????A?G??B?????_????C?G???O????@_????@_?????_?????G?G???B??????K??????O??????O??????G?C????A???????O?G????@???????B???????A???????@????????O???????A?@??????G????????O????????O????????G?C??????E?????????O????????@??_??????B?????????A?????????@??_???????O?G???????E??????????W??????????O??????????O?G????????W??????????E???????????O??????????@???????????A?@?????????A???????????@??_?????????O???????????@????????????C????????????G?G??????????G?G??????????C????????????@?@???????????G?????????????_?_??????????B?????????????@_?????????????W?????????????E??????????????o??????????????_?????????????@?G????????????@_??????????????O??????????????C???????????????_G?????????????A?_?????????????C???????????????E???????????????@????????????????WG??????????????B????????????????B????????????????E????????????????AG????????????????s,u|eMID@WH?e@C@E?`?GW@@?CE?GE?GA?C@_@?G?G@o?_@?@?B?@?@_?_?O?G?F?@??G?C??w?G??O?G??[?C??B?@???O?G??B??_??E?@???F?@???@??_???o?G???F?@????G?C????w?G????[?G????C?C????Bo@?????C?W?????w?_?????w@??????W@??????M?_?????@?W??????]@???????SK???????]g,4,4
104,~?@gsP@H?OC?O`?@??_?G?B??G??O??O??G??E???_??A?_?K???G???C???@????W???@????A?G??E????A?????_????C?????O?????_@????_?????o?????K?????@??????C??????G?G????G??????C??????@?@?????W??????@_??????A???????A?@?????@_???????O???????A????????G?C??????O????????o????????G????????A?@???????o????????@?????????A?????????A?@???????@??????????O?????????A?@????????G??????????o??????????W??????????G??????????A???????????O?G????????@???????????A?@?????????A?@?????????B????????????W???????????A????????????G?C??????????W????????????O????????????G????????????A?@???????????O?G??????????B?????????????A?????????????A?@????????????_?????????????G?????????????@?@????????????C?C????????????K??????????????C??????????????E???????????????O??????????????B???????????????E???????????????K???????????????A???????????????@__??????????????O???????????????B@???????????????K????????????????GG???????????????K????????????????@K,u|eMID`GH_a@E@A?`_GG@@_CB?GA?GB?C?o@?C?G?o?_@_@?@?@?@o?_?G?G?B?@??K?C??W?G??W?G??K?C??A?@???w?G??@_?_??A?@???F?@???@_?_???O?G???F?@????G?K????w?G????W?G????M?C????@_@?????G?G????@o?_????@_B?????@?@?????@w?_?????D?W??????[@???????{C???????Uw,4,5
104,~?@gsP@H?OC?O`?@??_?G?B??G??OG?O??GC?E???_??A?_?K???G???C???@????G????_C??@????@?????_????G????@?????C?????W?????W?????G?????A?G????O?????@?C????E??????E??????A???????_@?????K???????o??????@???????@????????_?_?????G???????@????????C?C??????G????????G????????C?C??????@?????????G?????????_????????@?@???????@?????????@_?????????K?????????@??????????C?C????????G??????????G?G????????K??????????@_??????????G???????????_?_????????B???????????@_???????????_???????????G?G?????????@?@??????????C????????????K????????????C????????????A?????????????_@???????????C?G???????????O?????????????_?????????????_@????????????O?????????????B??????????????O?????????????@?C????????????A?G????????????E???????????????_??????????????G@?????????????B???????????????E???????????????K???????????????C???????????????@????????????????WG??????????????@????????????????E????????????????E????????????????E_????????????????w,u|eMID`GH_b@A@B?_oGE@?OC@_G@_G?_C?W@?B?G?K?_?O@??o@??W?_?E?G??o@??A?C??K?G??K?G??E?C??@?@???[?G???o?_??@_@???@_@????o?_???M?G????o@????A?C????K?G????M?G????B?C?????w@?????B?G?????K?_?????W@??????]@??????AB_?????@_G??????M@???????[K???????Xg,4,5
104,~?@gsP@H?OC?O`?@??_?G?B??G??O??O??G??E???_??A?_?K???G???C?_?@????W???@_???B????A????@?????O????A?????G?????O?????W?????G?????A??????O?????@??????A??????E??????B???????_??????C?G?????o??????@_??????@????????_?_?????G???????B????????K????????W????????W????????G????????A?????????O????????@??_??????A?????????A?@???????@??????????O?????????B??????????G??????????O??????????O??????????G?C????????A???????????O?G????????B???????????E???????????A???????????@??_?????????W???????????B????????????K????????????G????????????W????????????K????????????@_????????????C?????????????O?????????????_@????????????_@????????????O?????????????C?G????????????_@????????????B??????????????C??????????????C?G????????????A???????????????_@?????????????C?G?????????????o???????????????O???????????????O@??????????????E????????????????_???????????????E????????????????CC???????????????K????????????????F????????????????@W,u|eMID`GH_a@E@B?__GK@?oC@?GB?G@_C?W@?B?G?G?_?o@??o@??W?_?C?G?@_@??E?C??K?G??G?G??K?C??B?@???W?G??@_?_??B?@???A?@???B??_???w?G???B?@????K?C????W?G????[?G????C?C????B_@?????K?G?????w?_?????o@??????o@??????[?_?????B?W??????]@???????Pk??????@{G,4,4
104,~?@gsP@H?OC?O`?@??_?G?B??G??O??O??G??E???_??A?_?K???G???C?_?@????W???@????A?G??E????A?????_????C?????O?????_?????_?????W?????C??????_?????A?C????C??????C?G????A??????@_??????K???????_??????@?@?????B???????@_???????O???????A?@??????G????????o????????O????????G?C??????B?????????O????????@?????????A?????????A?@???????@??????????O?G???????A??????????G??????????W??????????O??????????G??????????A?@?????????O??????????@??_????????A?@?????????E???????????B????????????O???????????A?@??????????K????????????W????????????W????????????C????????????B?????????????G?????????????_?_???????????_?????????????_?????????????O?_???????????C?G????????????_?????????????A?C????????????C?G????????????E??????????????A???????????????o??????????????B???????????????K???????????????C???????????????C@??????????????@_???????????????G???????????????B????????????????CC???????????????K????????????????F????????????????@W,u|eMID`GH_a@E@A?`_GG@@_CB?GA?GB?C?o@?E?G?W?_?_@?@o@??O?_?M?G??_@??E?C??K?G??K?G??C?C??B?@???W?G??@_?_??B?@???B?@???@??_???w?G???A?B????[?C????W?G????W?G????M?C????@?@?????[?G?????o?_????@o@??????o@??????S?_?????B_G??????N@???????G{???????}G,0,0
104,~?@gsP@H?OC?O`?@??_?G?B??G??O??O??G??E???_??A?_?K???G???C?_?@????W???@????A?G??E????A?????_@???C?????O?????_?????_?????W?????C??????_@????A??????C??????C??????A???????o??????C???????O?_????@_??????@_???????_???????G?G?????@????????E????????G????????G?G??????K????????B?????????O????????@??_??????A?@???????A?????????@??_???????O?????????A??????????K??????????O??????????O?G????????G?C????????A???????????O?G????????@???????????A???????????@????????????_?_?????????K???????????@_???????????C????????????G?G??????????G????????????A?????????????_@???????????E?????????????W?????????????o?????????????O?????????????G?_???????????A?G????????????O?????????????@_?????????????B??????????????@???????????????_C?????????????G@?????????????@???????????????C?_?????????????E???????????????E???????????????@????????????????OG??????????????@_???????????????B????????????????B????????????????@_????????????????[,u|eMID`GH_a@E@A?`_GG@@_CB?GA?GB?C?o@?E?G?W?_?o@??o@??O?_?K?G?@_@??C?C??[?G??K?G??C?C??B?@???W?G??@_?_??B?@???B?@???@o?_???G?G???B_@????E?C????G?G????]?G????A?K????@o@?????E?G?????W?_?????o@??????w@??????G?_?????F_G??????IB???????]C???????NW,0,0
104,~?@gsP@@?OC?O`?@?@_?O?A??W??_??_??O??C??@_??C???G???G@??K???A????O@??@????E????C????A?C??@_????G?????_?_??@?????B??????_?????G?????@??????E??????G??????G??????C??????@???????G?G?????_??????@_??????@????????_???????G?G?????B????????K????????O????????O?G??????G????????E?????????o????????A?????????C?@???????E?????????A??????????_?G???????C?@????????o??????????_??????????_??????????O??????????C???????????o??????????A???????????C?@?????????C???????????A??_?????????_???????????C?@??????????O?C??????????O????????????W????????????K????????????B?????????????W????????????@_????????????@?????????????@_?????????????O?????????????C?G????????????W?????????????@_?????????????@??????????????@???????????????_C?????????????K??????????????@???????????????C?_?????????????G@??????????????K???????????????B????????????????o???????????????B????????????????CC???????????????C????????????????EG???????????????@W,u|eMID@WH?e@C@E?`?GW@@?CE?GE?GA?C@_@?K?G?o?_@_@?@_@??_?_?W?G?B?@??G?C??w?G??O?G??[?C??B?@???O?G??B??_??E?@???E?@???B??_???o?G???E?@????W?C????w?G????O?G????[?C????Bo@?????C?w?????w?_?????o@??????o@??????[?_?????B?G??????[@???????fC???????Fw,4,4
104,~?@gsP@@?OC?O`?@?@_?O?A??W??_??_??O??C??@_??C???G???G@??K???A????O@??@????E????C????A?C??@_????G?????_?_??@?????B??????_?????G?????@??????E??????G??????G??????C??????@???????G?G?????_??????@_??????@????????_???????G?G?????B????????K????????O????????O?G??????G????????E?????????o????????A?????????C?@???????E?????????A??????????_?G???????C?@????????o??????????_??????????_??????????O?C????????C???????????o??????????A???????????C?@?????????C???????????A??_?????????_???????????C?@??????????O?C??????????O????????????O????????????G?C??????????E?????????????W????????????@_????????????@?????????????@_?????????????O?????????????C?G????????????W?????????????@_?????????????@??????????????@???????????????_C?????????????K??????????????@???????????????C?_?????????????G@??????????????K???????????????B????????????????o???????????????B????????????????CC???????????????C????????????????EG???????????????@W,u|eMID@WH?e@C@E?`?GW@@?CE?GE?GA?C@_@?K?G?o?_@_@?@_@??_?_?W?G?B?@??G?C??w?G??O?G??[?C??B?@???O?G??B??_??E?@???E?@???B??_???o?G???E?@????W?C????w?G????O?G????[?C????Bo@?????C?w?????o?_????@_@?????@o@??????[?_?????B?G??????[@???????fC???????Fw,4,5
104,~?@gsP@H?OC?O`?@??_?G?B??G??O??O??G??E???_??A?_?K???G???C?_?@????W???@????A?G??E????A?????_@???C?????O?????_?????_?????W?????C??????_?????A??????C??????C?G????A???????o??????C???????O?_????@_??????@_???????_???????G?G?????@????????K????????W????????O????????G?C??????B?????????O????????@??_??????A?@???????A?????????@??????????O?????????A??????????K??????????O??????????O?G????????G??????????A???????????O??????????@??_????????A?@?????????@????????????_?_?????????W???????????B????????????K????????????W????????????G????????????E????????????@_????????????G?????????????_?_???????????o?????????????O?????????????G?????????????A??????????????O@????????????@_?????????????A??????????????A?G????????????@???????????????O@?????????????B???????????????C?_?????????????W???????????????W???????????????E????????????????_G??????????????E????????????????I????????????????CG???????????????D?????????????????k,u|eMID`GH_a@E@A?`_GG@@_CB?GA?GB?C?o@?E?G?W?_?_@?@_@??o?_?G?G?B_@??C?C??[?G??K?G??C?C??B?@???W?G??@_?_??B?@???B?@???@_?_???W?G???B?@????G?C????w?G????]?G????A?[????@_@?????K?G?????o?_????@o@??????o@??????W?_?????F?G??????R@???????K[???????^G,0,0
104,~?@gsP@@?OC?O`?@@@_?O?A??W??_??_??O??C???_??A???C@??K???C???@????G???@_???A????A?G??B?????_????C?G???o?????_?????_?????O?_???K?????@_?????C??????G?G????G??????C??????@???????G???????_??????@???????@?@?????@_???????G???????@????????C?C??????G????????K????????C????????@?@???????W????????@_????????A?????????A?@???????B??????????O?????????A??????????G?C????????o??????????W??????????G??????????A?@?????????O?G????????@???????????A?@?????????A???????????@??_?????????O???????????A?@??????????G?C??????????o????????????O????????????G????????????A?@???????????O?????????????_????????????@?@???????????@_?????????????O?????????????C?G????????????O?????????????@?C????????????A?G????????????E??????????????@_??????????????W??????????????@???????????????C?_?????????????G@??????????????K???????????????@????????????????OG??????????????A@???????????????K????????????????C????????????????EG????????????????w,u|eMID@WH?e@C@E?`?GW@@?CF?GA?GB?C?o@?E?G?O?_@_@?@_@??o?_?K?G?@?@??K?C??W?G??O?G??[?C??A?@???o?G??B??_??F?@???A?@???B_?_???W?G???B_@????C?C????[?G????K?G????F?C?????o@?????E?G?????[?_?????O@??????w@??????M?_?????@oG??????F@???????NC???????Fw,4,4
104,~?@gsP@@?PC?O`?@?@_?O?A??G??O??O??G??E???_??A???C???K???C???@?G??W???@????A?G??E????A?????_????C?G???o????@_????@??????_?_???G?????@??????C??????G?G????G??????C?C????@???????W???????_??????@???????@????????_???????K???????@_???????E????????C????????C?G??????B?????????_????????C?????????O?_??????@_????????@_?????????o?????????G?????????@?@????????C??????????G??????????G?G????????C??????????@?@?????????G?G????????@_??????????@???????????@????????????_???????????G???????????@?@??????????E????????????K????????????C????????????A?C???????????O????????????B?????????????K?????????????W?????????????W?????????????C?????????????@?G????????????G??????????????_C????????????@_?????????????@_??????????????O??????????????C@??????????????_??????????????A?_?????????????E???????????????A???????????????@?_??????????????W???????????????@_???????????????A????????????????EG???????????????B?????????????????s,u|eMID@WH_a@E@A?`_GG@@_CB?GA?GB?C?_@?K?G?o?_@_@?@?@?@o?_?G?G?B_@??C?C??W?G??[?G??C?C??B?@???W?G??@??_??F?@???B_@????_?_???[?G???@?@????M?C????K?G????M?G????A?K????@_@?????K?G?????o?_????@w@??????OB??????[?_?????A?W??????y@???????[K???????Yg,4,4
104,~?@gsP@H?OC?O`?@??_?G?B??G??O??O??G??E???_??A?_?K???G???C???@?G??W???@_???B????A????@?????O@???A?????G?????O?????o?????G?????A??????O?????@??????A??????E??????@???????O@?????E???????W???????_???????_???????O?_?????K???????@_???????E????????K????????G????????C????????@?@???????G?????????_????????@?????????@?@???????@_?????????G?????????@?@????????C??????????G??????????G??????????C?C????????B???????????G???????????_?_????????B???????????B????????????_???????????G???????????@?@??????????E????????????K????????????K????????????A?????????????o????????????A?????????????G?_???????????O?????????????O@????????????W?????????????A??????????????O@????????????@?C????????????A??????????????A?G????????????B???????????????O@?????????????B???????????????C???????????????G???????????????G@??????????????B????????????????O???????????????@@???????????????EC???????????????K????????????????E????????????????@K,u|eMID`GH_a@E@B?__GK@?oC@?GB?G@_C?O@?F?G?G?_?o@??o@??W?_?C?G?@_@??F?C??C?G??K?G??E?C??@_@???G?G??@o?_??@_@???@_@????o?_???K?G???@_@????F?C????C?W????K?G????E?C????@o@?????C?G?????w?_?????w@??????W@??????L?_??????wG??????B`???????C{???????]G,4,4
104,~?@gsP@H?OC?O`?@??_?G?B??G??O??O??G??E???_??A?_?K???G???C?_?@????W???@????A?G??E????A?????_????C?G???O?????_?????_?????W?????C??????_?????A??????C??????C?G????A??????@_??????C???????O?_????@_??????@_???????_???????G?G?????@????????K????????W????????O????????G?C??????B?????????O????????@?????????A?@???????A?????????@??????????O?????????A?@????????K??????????O??????????O?G????????G??????????A?@?????????O??????????@??_????????A?@?????????E???????????@????????????O?G?????????E????????????W????????????O????????????O?G??????????G????????????B?????????????G?????????????_?_???????????_?????????????o?????????????G?????????????A?G????????????O?????????????@?C????????????B??????????????A??????????????@?C?????????????O@?????????????B???????????????K???????????????G@??????????????K???????????????B????????????????O???????????????@@???????????????CC???????????????CG???????????????CG???????????????BC,u|eMID`GH_a@E@A?`_GG@@_CB?GA?GB?C?o@?E?G?W?_?_@?@_@??o?_?G?G?B_@??C?C??W?G??[?G??C?C??B?@???W?G??@_?_??B?@???B?@???@_?_???[?G???@?@????M?C????K?G????M?G????A?K????@_@?????K?G?????w?_?????o@??????o@??????[?_?????A?W??????y@???????[K???????]g,4,5
104,~?@gsP@H?OC?O`?@??_?G?B??G??O??O??G??E???_??A?_?K???G???C?_?@????W???@????A?G??E????A?????_????C?G???O?????_?????_?????W?????C??????_@????A??????C??????C??????A??????@_??????C???????O?_????@_??????@_???????_???????G?G?????@????????E????????G????????G?G??????K????????B?????????O????????@?????????A?@???????A?????????@??????????O?????????A?@????????K??????????O??????????O?G????????G?C????????A???????????O?G????????@???????????A?@?????????E???????????@????????????O?G?????????E????????????W????????????O????????????O?G??????????G????????????@?????????????G?G???????????o?????????????_?????????????o?????????????G?????????????A?G????????????O?????????????@?C????????????B??????????????B???????????????_??????????????G@?????????????@?G?????????????K???????????????G@??????????????K???????????????A????????????????_G??????????????E????????????????C????????????????CG???????????????EG???????????????@o,u|eMID`GH_a@E@A?`_GG@@_CB?GA?GB?C?o@?E?G?W?_?o@??o@??O?_?K?G?@_@??C?C??W?G??[?G??C?C??B?@???W?G??@_?_??B?@???B?@???@o?_???G?G???B_@????E?C????K?G????M?G????A?K????@_@?????K?G?????w?_?????o@??????w@??????M?_?????@gG??????B`???????FC???????Fw,4,4
104,~?@gsP@H?OC?O`?@??_?G?B??G??O??O??G??E???_??A?_?K???G???C?_?@????W???@????A?G??E????A?????_????C?????O?????_?????_?????W?????C??????_@????A??????C??????C?G????A??????@_??????K???????o??????@_??????@_???????_???????G?G?????@????????E????????G????????G?G??????E????????@?????????G?????????_????????@?????????@??????????_?_???????G?????????@_?????????C??????????G?G????????G?G????????C??????????@?@?????????G?G????????@_??????????B???????????B???????????@_???????????K???????????@????????????C?C??????????G????????????C????????????A?C???????????O????????????A?????????????G?_???????????O?????????????O?????????????G?_???????????A??????????????W?????????????@_?????????????@_?????????????@_??????????????W??????????????E???????????????W??????????????@???????????????A@??????????????A@??????????????@?_??????????????O???????????????A@???????????????GC???????????????OG???????????????OG???????????????BC,u|eMID`GH_a@E@A?`_GG@@_CB?GA?GB?C?o@?E?G?W?_?o@??o@??O?_?M?G??_@??E?C??K?G??K?G??E?C??@_@???K?G???o?_??@_@???@o@????O?_???M?G????o@????B?C????E?G????E?G????B_C?????W@?????B?G?????M?_?????GB??????[@??????F?_??????oG??????F@???????LC???????Fw,3,3
104,~?@gsP@@?OC?O`?@?@_?O?A@?W??_??_G?O??C@?@_??C???G???G???C???@????G????_???@?G??@?????_????G????B?????K?????O?????O@????W?????E??????_?????A?C????C??????C?G????E??????@_??????G???????_??????@?@?????@????????_???????G???????@?@??????C????????G????????G?G??????C????????@?????????G?G???????_????????B?????????@_?????????_?????????G?G???????B??????????E??????????G??????????G?G????????C??????????@?@?????????W???????????o??????????@???????????@????????????_?_?????????G?G?????????@????????????C????????????G?G??????????G????????????E?????????????_????????????C?????????????O?_???????????_@???????????@_?????????????G?????????????A?G????????????o?????????????@_?????????????A??????????????A?G????????????@?C?????????????o??????????????@???????????????E???????????????C???????????????E???????????????@????????????????G???????????????@`???????????????E????????????????CG???????????????M????????????????BG,u|eMID@WH?e@E@A?`_GK@?oC@?GB?G@?C?w@?A?G?W?_?o@??o@??O?_?K?G?@_@??E?C??K?G??G?G??M?C??@?@???[?G???_?_??B_@???@_@????o?_???K?G???@_@????F?C????E?G????C?G????F?C?????w@?????A?G?????[?_?????WB??????W@??????K?_?????BoG??????CF???????{C???????UW,4,4
104,~?@gsP@@?OC?O`?@?@_?O?A@?W??_??_G?O??C@?@_??C???G@??G???C???@????G????_???@?G??@?????_????G????@_????C?????G@????W?????K?????A??????O@????@??????A?G????E??????B???????_??????C?G?????O???????_???????_???????O?_?????C????????_???????A?C??????C????????C????????A?C???????_????????E?????????O?????????_@???????@_?????????W?????????C??????????_@????????A??????????C?G????????K??????????B???????????_??????????C?G?????????O???????????_???????????_???????????O?_?????????C????????????_???????????A?C??????????C????????????C????????????A?C???????????_????????????E?????????????W?????????????o?????????????W?????????????G?????????????A?G????????????W?????????????@_?????????????@_?????????????@???????????????_C?????????????G??????????????@_??????????????A???????????????C???????????????C@??????????????B????????????????O???????????????B????????????????M????????????????GO???????????????HG???????????????F?,u|eMID@WH?e@E@A?`_GK@?oC@_G@?G@oC?G@?B?G?K?_?W@??O@??W?_?E?G??o@??B?C??E?G??C?G??F?C???_@???M?G???W?_???o@????_@????o?_???K?G???@o@????B?C????E?G????C?G????F?C?????_B?????M?G?????W@_?????o@??????_@??????w?_?????F?G??????WF??????@`c??????AkG,0,0
104,~?@gsP@@?OC?O`?@?@_?O?A@?W??_??_??O??C??@_??C???G???G???C???@????G???@_???A????A?G??B?????_????C?G???O????@_????@_?????_?????G?G???B??????K??????O??????O??????G?C????A???????O?G????@???????B???????A???????@????????O?G?????A????????G????????O????????O????????G?C??????E?????????O????????@??_??????B?????????A?????????@??_???????O?G???????E??????????K??????????W??????????W??????????K??????????@???????????G???????????_?_????????@???????????@?@??????????_???????????C????????????_???????????A?C??????????C????????????C????????????A?????????????_@???????????K?????????????W?????????????W?????????????W?????????????K?????????????@_?????????????K??????????????o??????????????_??????????????_??????????????OC?????????????C@??????????????_??????????????A???????????????C@??????????????C@??????????????B????????????????o???????????????@_???????????????E????????????????B????????????????@_????????????????[,u|eMID@WH?e@C@E?`?GW@@?CE?GE?GA?C@_@?G?G@o?_@?@?B?@?@_?_?O?G?F?@??G?C??w?G??O?G??[?C??B?@???O?G??B_?_??A?@???F?@???@?@_???o?G???F?@????G?C????w?G????[?G????C?C????Bo@?????C?W?????w?_?????g@??????W@??????M?_?????@?W??????]@???????SK???????]g,4,4
104,~?@gsP@@?OC?O`?@?@_?O?A@?W??_??_??O??C??@_??C???G???G???C???@????G???@_???A????A?G??B?????_????C?G???O????@_????@_?????_?????G?G???B??????K??????O??????O??????G?C????A???????O?G????@???????B???????A???????@????????O?G?????A????????G????????O????????O????????G????????E?????????O????????@??_??????B?????????A?????????@??_???????O?G???????E??????????K??????????W??????????W??????????K??????????B???????????O??????????@???????????A?@?????????A???????????@??_?????????O???????????@????????????C????????????G?G??????????G????????????C????????????@?@???????????G?????????????_?_??????????B?????????????@_?????????????W?????????????E??????????????o?????????????@_?????????????B??????????????@_??????????????O??????????????C???????????????_G?????????????A?_?????????????C???????????????C???????????????A?_??????????????_G??????????????C@???????????????OC??????????????@_????????????????WG???????????????KO,u|eMID@WH?e@C@E?`?GW@@?CE?GE?GA?C@_@?G?G@o?_@?@?B?@?@_?_?O?G?F?@??G?C??w?G??O?G??[?C??B?@???O?G??B_?_??A?@???F?@???@?@_???o?G???E?@????W?C????_?G???@o?G????[?C????A?@?????{?G?????_@_????B_@?????@O@??????[?_?????B_G??????HP??????@wC???????No,4,2
104,~?@gsP@@?OC?O`?@?@_?O?A@?W??_??_??O??C??@_??C???G???G???C???@????G???@_???A????A?G??B?????_????C?G???O????@_????@_?????_?????G?G???B??????K??????O??????O??????G?C????A???????O?G????@???????B???????A???????@????????O?G?????A????????G????????O????????O????????G?C??????E?????????O????????@??_??????B?????????A?????????@??_???????O?????????E??????????K??????????O??????????O?G????????W??????????E???????????O??????????@???????????A?@?????????A???????????@??_?????????O???????????B????????????G????????????O?G??????????O?G??????????G?C??????????A?????????????O????????????@??_??????????A?@???????????E?????????????@_?????????????K?????????????@??????????????C?C????????????G??????????????A?G????????????@?C?????????????o??????????????@???????????????C???????????????G@??????????????G@??????????????C?_?????????????@_???????????????A????????????????KC???????????????W????????????????AG???????????????@c,u|eMID@WH?e@C@E?`?GW@@?CE?GE?GA?C@_@?G?G@o?_@?@?B?@?@_?_?O?G?F?@??G?C??w?G??O?G??[?C??B?@???O?G??B_?_??A?@???F?@???@??_???o?G???F?@????G?C????w?G????[?G????C?C????B_@?????K?G?????w?_?????w@??????O@??????]?_?????@?W??????]@???????[K???????]g,4,5
104,~?@gsP@H?OC?O`?@??_?G?B??G??O??O??GC?E???_??A?_?K???G???C???@????W???@????A?G??A????@?????O????A?????G?????O?????o?????W?????C??????_?????A?C????C??????C?G????E??????@_??????G???????_?_????B???????B???????@????????O???????A????????G?C??????o????????O????????G?C??????A?????????O????????@??_??????A?????????A?????????@??_???????O?????????A?@????????W??????????o??????????O??????????G??????????A?@?????????O??????????@??_????????E???????????B???????????@????????????O?G?????????B????????????C????????????G????????????G?G??????????C?C??????????B?????????????K?????????????O?????????????_?????????????_@????????????O?_???????????C??????????????_@????????????A?C????????????K??????????????A??????????????@???????????????O@?????????????A?G?????????????W???????????????G???????????????G@??????????????A????????????????oG??????????????E????????????????C????????????????KG???????????????E?????????????????s,u|eMID`GH_a@E@A?`_GK@?oC@?GB?G@_C?O@?E?G?W?_?_@?@o@??O?_?K?G?@_@??E?C??K?G??G?G??K?C??B?@???W?G??@??_??E?@???F?@???@??_???w?G???B?@????K?C????[?G????K?G????C?C????B_@?????M?G?????O?_????@w@??????OB??????[?_?????B?G??????]@???????O{??????@yG,4,5
104,~?@gsP@@?OC?O`?@?@_?O?A??W??_??_??O??C??@_??C???G???G@??K???A????O???@????E????C????A?C??@_????G?????_?_??@?????B??????_?????G?????@??????K??????W??????O??????G??????A?@?????O??????@??_????A???????B???????@????????O?G?????A?@??????W????????o????????_????????O????????C?????????_?G??????E?????????C?????????C?@???????B??????????_?????????C?@????????O??????????O??????????O?G????????G??????????A?@?????????o??????????B???????????A???????????A???????????@??_?????????O???????????A?@??????????G????????????W????????????W????????????E?????????????_????????????C?????????????O?_???????????_@???????????@_?????????????W?????????????B??????????????O?????????????@?C????????????A??????????????A?G????????????@?C?????????????o??????????????@???????????????C???????????????G@??????????????G@??????????????C?_?????????????@_???????????????A????????????????KC???????????????W????????????????AG???????????????@c,u|eMID@WH?e@C@E?`?GW@@?CE?GE?GA?C@_@?K?G?o?_@?@?B?@?@_?_?O?G?F?@??G?C??w?G??O?G??[?C??B?@???W?G??@_?_??B?@???B?@???@??_???o?G???F?@????G?C????w?G????[?G????C?C????B_@?????K?G?????w?_?????w@??????O@??????]?_?????@?W??????]@???????[K???????]g,4,4
104,~?@gsP@@?PC?O`?@?@_?O?A??G??O??O??G??E???_??A???C???K???C???@?G??W???@????A?G??E????A?????_@???C?????o????@_????@??????_?????G?????@??????C??????G??????G??????C?C????@???????K???????_??????@???????@????????_?_?????W???????B????????K????????W????????W????????G????????A?@???????W????????@?????????A?@???????A?@???????B??????????o?????????A??????????G??????????O??????????O??????????G??????????A?@?????????O??????????@???????????A?@?????????A????????????_???????????G???????????@?@??????????C?C??????????W????????????W????????????K????????????B?????????????K?????????????o?????????????o?????????????o?????????????W?????????????@??????????????G@?????????????_?????????????@??????????????@?G?????????????_C?????????????G??????????????@?G?????????????C???????????????K???????????????E???????????????B????????????????K????????????????o???????????????B????????????????AG???????????????B?????????????????k,u|eMID@WH_a@E@A?`_GG@@_CB?GA?GB?C?_@?K?G?o?_@_@?@?@?@_?_?W?G?A?@??[?C??O?G??w?G??K?C??A?@???o?G??B??_??E?@???E?@???B_?_???O?G???F?@????K?C????[?G????G?G????N?C?????_B?????M?G?????W?_?????o@??????w@??????M?_?????@oG??????D@???????NC???????Fw,4,4
104,~?@gsP@@?PC?O`?@?@_?O?A??G??O??O??G??E???_??A???C???K???C???@?G??W???@????A?G??E????A?????_@???C?????o????@_????@??????_?????G?????@??????C??????G??????G??????C?C????@???????K???????_??????@???????@????????_?_?????W???????B????????K????????W????????W????????G????????A?@???????W????????@?????????A?@???????A?@???????B??????????o?????????A??????????G??????????O??????????O??????????G??????????A?@?????????O??????????@???????????A?@?????????A????????????_???????????G???????????@?@??????????C?C??????????W????????????W????????????K????????????B?????????????K?????????????_????????????@?@???????????@_?????????????o?????????????K??????????????O?????????????@?C????????????A??????????????A??????????????@?C?????????????O@?????????????A?G?????????????G???????????????O@??????????????O@??????????????K???????????????@_???????????????K????????????????CC???????????????GG???????????????E????????????????@K,u|eMID@WH_a@E@A?`_GG@@_CB?GA?GB?C?_@?K?G?o?_@_@?@?@?@_?_?W?G?A?@??[?C??O?G??w?G??K?C??A?@???o?G??B??_??E?@???E?@???B_?_???O?G???F?@????K?C????O?G????w?G????G?C????F_@?????G?W????@o?_????@_@?????@_@??????w?_?????F_G??????GF??????@sC???????]W,4,5
104,~?@gsP@@?PC?O`?@?@_?O?A??G??O??O??G??E???_??A???C???K???C???@?G??W???@????A?G??E????A?????_@???C?????o????@_????@??????_?????G?????@??????C?C????G??????G??????C?C????@???????K???????_??????@???????@????????_?_?????W???????B????????G????????O?G??????W????????G????????A?@???????W????????@?????????A?@???????A?@???????B??????????o?????????A??????????G??????????O??????????O?G????????G??????????A?@?????????O??????????@???????????A?@?????????A????????????_???????????G???????????@?@??????????C?C??????????W????????????W????????????C????????????@?@???????????K?????????????o?????????????o?????????????o?????????????W?????????????@??????????????G@?????????????_?????????????@?G????????????@???????????????_C?????????????G??????????????@?G?????????????C???????????????K???????????????E???????????????@_???????????????K????????????????o???????????????B????????????????AG???????????????AG???????????????@c,u|eMID@WH_a@E@A?`_GG@@_CB?GA?GB?C?_@?K?G?o?_@_@?@_@??o?_?G?G?B_@??C?C??[?G??K?G??C?C??B?@???W?G??@_?_??B?@???B?@???@_?_???W?G???B?@????M?C????G?G????]?G????A?K????@o@?????E?G?????W?_?????w@??????W@??????K?_?????B_G??????IB???????]C???????NW,4,4
104,~?@gsP@H?OC?O`?@??_?G?B??G??O??O??G??E???_??A?_?K???G???C?_?@????W???@????A?G??E????A?????_@???C?????O?????_?????_?????W?????C??????_?????A??????C??????C?G????A???????o??????C???????O?_????@_??????@_???????_???????G?G?????@?@??????K????????W????????O????????G?C??????B?????????O????????@??_??????A?@???????A?????????@??_???????O?????????A??????????C??????????G??????????G??????????C??????????@???????????G?G?????????_???????????_???????????_@??????????W???????????E????????????o???????????B????????????E????????????E????????????B?????????????W????????????B?????????????C?????????????G@????????????G?????????????C?_???????????@??????????????G??????????????_C????????????@??????????????@?G?????????????_??????????????G@?????????????@_??????????????B???????????????E???????????????B????????????????o???????????????C????????????????`???????????????AC???????????????CG???????????????CG???????????????BC,u|eMID`GH_a@E@A?`_GG@@_CB?GA?GB?C?o@?E?G?W?_?_@?@_@??o?_?G?G?B_@??C?C??[?G??K?G??C?C??B?@???W?G??@_?_??B_@???@?@???@_?_???W?G???B?@????M?C????G?G????]?G????A?K????@o@?????E?G?????[?_?????OB??????o@??????[?_?????B_G??????I@???????\C???????Fw,4,4
104,~?@gsP@H?OC?O`?@??_?G?B??G??O??O??GC?E???_??A?_?K???G???C?_?@????W???@????A?G??A????@?????O????A?????G?????O?????W?????G?????A??????O@????@??????A?G????E??????B???????_??????C?G?????o??????@_??????@????????_?_?????G???????B????????C????????G?G??????G????????C????????@?????????G?G???????_????????@?@???????@??????????_?????????K?????????@??????????C??????????G?G????????K??????????E??????????@_??????????C???????????O?_?????????o???????????o???????????O???????????C?G??????????_???????????E????????????C????????????C?G??????????A?????????????_????????????C?G???????????O?????????????_@????????????_@????????????O?????????????E??????????????_?????????????A?C????????????C?G????????????E??????????????B???????????????O??????????????A?G?????????????E???????????????K???????????????C???????????????@_???????????????G???????????????@@???????????????E????????????????E????????????????F?????????????????w,u|eMID`GH_a@E@A?`_GK@?oC@?GB?G@_C?W@?B?G?G?_?w@??O@??W?_?E?G??o@??B?C??C?G??K?G??E?C??@_@???K?G???o?_??@?@???B_@????_?_???[?G???@_@????F?C????C?G????M?G????B?C?????o@?????E?G?????W?_?????w@??????[@??????F?_??????_G??????N@???????MK???????Ng,0,0
104,~?@gsP@H?OC?O`?@??_?G?B??G??O??O??GC?E???_??A?_?K???G???C?_?@????W???@????A?G??A????@?????O????A?????G?????O?????W?????G?????A??????O@????@??????A?G????E??????B???????_??????C?G?????o??????@_??????@????????_?_?????G???????B????????C????????G?G??????G????????C????????@?????????G?G???????_????????@?@???????@??????????_?????????K?????????@??????????C??????????G?G????????K??????????E??????????@_??????????C???????????O?_?????????o???????????o???????????W???????????A????????????o???????????@????????????A?G??????????A????????????@?????????????O@???????????A?????????????G?_???????????O?????????????W?????????????G?????????????A?G????????????O@????????????@_?????????????B??????????????@???????????????_C?????????????K??????????????@_??????????????A???????????????A???????????????A@??????????????@_???????????????G???????????????@@???????????????EC???????????????K????????????????E????????????????@K,u|eMID`GH_a@E@A?`_GK@?oC@?GB?G@_C?W@?B?G?G?_?w@??O@??W?_?E?G??o@??B?C??C?G??K?G??E?C??@_@???K?G???o?_??@?@???B_@????_?_???[?G???@_@????F?C????C?G????M?G????B?C?????w@?????B?G?????M?_?????G@??????[@??????F?_??????_w??????M@???????[C???????[w,4,4
104,~?@gsP@H?OC?O`?@??_?G?B??G??O??O??G??E???_??A?_?K???G???C?_?@????W???@????A?G??E????A?????_@???C?????O?????_?????_?????W?????C??????_?????A??????C??????C?G????A???????o??????C???????O?_????@_??????@_???????_???????G?G?????@????????K????????W????????O????????G?C??????B?????????O????????@??_??????A?@???????A?????????@??_???????O?????????A??????????K??????????O??????????O?G????????G??????????A???????????O??????????@??_????????A???????????@????????????_?_?????????K???????????@_???????????E????????????C????????????E????????????B?????????????_????????????C?G???????????W?????????????o?????????????O?????????????G?_???????????A??????????????W?????????????@??????????????A?G????????????A?G????????????@???????????????O??????????????A?G?????????????G?_?????????????O@??????????????W???????????????K???????????????@?G??????????????E????????????????W????????????????CG???????????????CG???????????????@c,u|eMID`GH_a@E@A?`_GG@@_CB?GA?GB?C?o@?E?G?W?_?_@?@_@??o?_?G?G?B_@??C?C??[?G??K?G??C?C??B?@???W?G??@_?_??B?@???B?@???@_?_???W?G???B?@????G?C????w?G????O?G????]?C????@?B?????[?G?????o?_????@o@??????o@??????[?_?????B?G??????\@???????MK???????Ng,0,0
104,~?@gsP@@?OC?O`?@?@_?O?A@?W??_??_??O??C??@_??C???G???G???C???@????G???@_???A????A?G??B?????_????C?G???O????@_????@_?????_?????G?G???B??????K??????O??????O?G????G??????A???????O?G????@???????B???????A???????@????????O???????A????????G????????O????????O?G??????G????????B?????????O????????@??_??????B?????????A?????????@??_???????O?G???????E??????????W??????????o??????????o??????????W??????????B???????????O??????????@??_????????A???????????A???????????@??_?????????O???????????@????????????C????????????G?G??????????G????????????C????????????@?????????????G?G???????????_?_??????????@_????????????@_?????????????W?????????????E??????????????o?????????????@_?????????????B??????????????B???????????????O??????????????C@??????????????_??????????????A?_?????????????C@??????????????C???????????????A?_??????????????_G??????????????E????????????????K????????????????E????????????????@_????????????????[,u|eMID@WH?e@C@E?`?GW@@?CE?GE?GA?C@_@?G?G@o?_@?@?B?@?@_?_?W?G?B?@??G?C??w?G??O?G??[?C??B?@???O?G??B??_??E?@???C?@???F??_???_?W???M?@????W?C????o?G????o?G????[?C????A?@?????{?G?????_@_????B_@?????@_@??????g?_?????F_G??????KB???????yC???????NW,4,5
104,~?@gsP@H?OC?O`?@??_?G?B??G??O??O??G??E???_??A?_?K???G???C???@????W???@????A?G??E????A?????_@???C?????O?????_?????_?????o?????K?????@??????C?C????G??????G??????C?C????@???????K???????_??????@?@?????B???????@_???????O???????A????????G?C??????O????????W????????G????????A?@???????W????????@?????????A?@???????A?@???????@??????????O?G???????A??????????G??????????o??????????W??????????G??????????A?@?????????O??????????@???????????A?@?????????A????????????_???????????G?G?????????@_???????????E????????????G????????????G????????????C?C??????????@?@???????????K?????????????_????????????@?@???????????@_?????????????o?????????????C??????????????_@????????????A?C????????????C??????????????K??????????????@???????????????O@?????????????A?G?????????????G???????????????O@??????????????O@??????????????G?_?????????????@_???????????????G????????????????oC???????????????OO???????????????OG???????????????BC,u|eMID`GH_a@E@A?`_GG@@_CB?GA?GB?C?o@?C?G?o?_@_@?@_@??o?_?G?G?B_@??C?C??[?G??K?G??C?C??B?@???W?G??@_?_??A?@???F?@???@_?_???W?G???B?@????G?C????w?G????O?G????]?C????@?B?????[?G?????o?_????@_@?????@?@?????@w?_?????F?W??????OL??????BgC???????{W,4,5
104,~?@gsP@H?OC?O`?@??_?G?B??G??O??O??G??E???_??A?_?K???G???C???@????W???@????A?G??E????A?????_@???C?????O?????_?????_?????o?????K?????@??????C?C????G??????G??????C?C????@???????K???????_??????@?@?????B???????@_???????O???????A????????G?C??????O????????W????????G????????A?@???????W????????@?????????A?@???????A?@???????@??????????O?G???????A??????????G??????????o??????????W??????????G??????????A?@?????????O??????????@???????????A?@?????????A????????????_???????????G?G?????????@_???????????E????????????G????????????G?G??????????C?C??????????@?@???????????K?????????????_????????????@?@???????????@_?????????????o?????????????C??????????????_@????????????A??????????????C??????????????@?G?????????????_C?????????????G??????????????@???????????????C?_?????????????G@??????????????G@??????????????E???????????????@_???????????????B????????????????K????????????????AG???????????????AG???????????????@c,u|eMID`GH_a@E@A?`_GG@@_CB?GA?GB?C?o@?C?G?o?_@_@?@_@??o?_?G?G?B_@??C?C??[?G??K?G??C?C??B?@???W?G??@_?_??A?@???F?@???@_?_???W?G???B?@????G?C????w?G????O?G????]?C????@?B?????[?G?????o?_????@_@?????@w@??????K@_?????B?G??????\@???????MK???????Lg,4,5
104,~?@gsP@H?OC?O`?@??_?G?B??G??O??O??G??E???_??A?_?K???G???C???@????W???@????A?G??E????A?????_@???C?????O?????_?????_?????o?????K?????@??????C?C????G??????G??????C?C????@???????K???????_??????@?@?????B???????@_???????O???????A????????G?C??????O????????W????????G????????A?@???????W????????@?????????A?@???????A?@???????@??????????O?G???????A??????????G??????????o??????????W??????????G??????????A?@?????????O??????????@???????????A?@?????????A????????????_???????????G?G?????????@_???????????E????????????G????????????G?G??????????C?C??????????@?????????????K?????????????o?????????????o?????????????o?????????????G?????????????A?G????????????O@????????????@??????????????@_?????????????@???????????????_C?????????????G??????????????@?G?????????????C???????????????G@??????????????E???????????????B????????????????OG??????????????B????????????????E????????????????E????????????????@G????????????????s,u|eMID`GH_a@E@A?`_GG@@_CB?GA?GB?C?o@?C?G?o?_@_@?@_@??o?_?G?G?B_@??C?C??[?G??K?G??C?C??B?@???W?G??@_?_??A?@???F?@???@_?_???W?G???B?@????M?C????G?G????]?G????A?K????@o@?????E?G?????W?_?????w@??????W@??????K?_?????B_G??????IB???????]C???????NW,4,4
104,~?@gsP@H?OC?O`?@??_?G?B??G??O??O??G??E???_??A?_?K???G???C???@????W???@????A?G??E????A?????_@???C?????O?????_?????_?????o?????K?????@??????C?C????G??????G??????C?C????@???????K???????_??????@?@?????B???????@_???????O???????A?@??????G????????O????????W????????G????????A?@???????W????????@?????????A?@???????A?@???????@??????????O?????????A?@????????G??????????W??????????W??????????G??????????A?@?????????O??????????@???????????A?@?????????A????????????_???????????G?G?????????B????????????E????????????G????????????G?G??????????C????????????@?@???????????K?????????????o?????????????o?????????????o?????????????G?????????????A??????????????O@????????????@??????????????B??????????????@???????????????_C?????????????G??????????????@?G?????????????C?_?????????????G@??????????????W???????????????E???????????????@_???????????????C@???????????????W????????????????CG???????????????E?????????????????k,u|eMID`GH_a@E@A?`_GG@@_CB?GA?GB?C?o@?C?G?o?_@_@?@_@??o?_?G?G?B_@??C?C??[?G??K?G??C?C??B?@???W?G??@_?_??B?@???B?@???@_?_???W?G???B?@????M?C????G?G????]?G????A?K????@_@?????M?G?????W?_?????o@??????w@??????K?_?????BgG??????BB???????MC???????NW,4,4
104,~?@gsP@@?PC?O`?@?@_?O?A??G??O??O??G??E???_??A???C???K???C???@?G??W???@????A?G??E????A?????_????C?G???o????@_????@??????_?????G?G???@??????C??????G?G????G??????C?C????@???????W???????_??????@???????@????????_?_?????W???????@????????C?C??????W????????G????????C?C??????@_????????G?????????_????????@?@???????B?????????@_?????????G?????????@??????????C?C????????G??????????G??????????C?C????????@???????????G?G?????????_??????????B???????????@????????????_???????????G???????????@?@??????????K????????????G????????????G?G??????????K????????????@_????????????E?????????????O?????????????o?????????????o?????????????W?????????????A??????????????W??????????????_?????????????@??????????????@?G?????????????_C?????????????G@?????????????B???????????????C???????????????G@??????????????G@??????????????K???????????????@?G??????????????W????????????????GC???????????????W????????????????D?????????????????[,u|eMID@WH_a@E@A?`_GG@@_CB?GA?GB?C?_@?K?G?o?_@_@?@?@?@o?_?G?G?B_@??C?C??W?G??[?G??C?C??B?@???W?G??@_?_??B_@???@_@????_?_???[?G???@o@????A?C????K?G????M?G????A?K????@_@?????K?G?????o?_????@o@??????oB??????O?_?????N?G??????YB???????[S???????ZG,4,5
104,~?@gsP@@?PC?O`?@?@_?O?A??G??O??O??G??E???_??A???C???K???C???@?G??W???@????A?G??E????A?????_????C?G???o????@_????@??????_?????G?????@??????C??????G?G????G??????C?C????@???????W???????_??????@???????@?@??????_???????W???????B????????K????????W????????G????????C?C??????@_????????G?????????_????????@?@???????B??????????o?????????G?????????@??????????C??????????G??????????G??????????C?C????????@???????????G?G?????????_??????????B???????????@????????????_???????????G?G?????????@????????????K????????????W????????????W????????????K????????????@?????????????G?G???????????o????????????@?????????????@_?????????????o?????????????E??????????????_?????????????A?C????????????C??????????????C?G????????????B???????????????O??????????????A?G?????????????G?_?????????????o???????????????W???????????????C???????????????@_???????????????E????????????????GC???????????????H????????????????M????????????????@W,u|eMID@WH_a@E@A?`_GG@@_CB?GA?GB?C?_@?K?G?o?_@_@?@?@?@o?_?G?G?B_@??C?C??W?G??[?G??C?C??B_@???G?G??@_?_??B?@???B_@????_?_???[?G???@?B????M?C????G?G????W?G????M?C????@?B?????[?G?????_@_????B?@?????B?@?????@o?_?????I?W??????w@??????@iC???????Mw,4,4
104,~?@gsP@@?PC?O`?@?@_?O?A??G??O??O??G??E???_??A???C???K???C???@?G??W???@????A?G??E????A?????_????C?G???o????@_????@??????_?????G?????@??????C??????G?G????G??????C?C????@???????W???????_??????@???????@?@??????_???????W???????B????????G????????O?G??????o????????G????????A?@???????W????????@?????????A?????????A?@???????B??????????W?????????A??????????G??????????O?G????????O??????????G??????????A???????????O?G????????@???????????A?@?????????A???????????B????????????O???????????A????????????G?C??????????O????????????o????????????K????????????B?????????????W?????????????o?????????????o?????????????_?????????????W?????????????E??????????????W?????????????@??????????????A?G????????????A?G????????????@???????????????O??????????????A?G?????????????G?_?????????????O???????????????o???????????????K???????????????@????????????????E????????????????W????????????????KG???????????????H_???????????????F?,u|eMID@WH_a@E@A?`_GG@@_CB?GA?GB?C?_@?K?G?o?_@_@?@?@?@o?_?G?G?B_@??C?C??W?G??[?G??C?C??B_@???G?G??@_?_??B?@???B?@???@_?_???O?G???F?@????M?C????G?G????W?G????M?C????@?B?????[?G?????_@_????B?@?????B_@??????w?_?????C_G?????@w@??????@iG???????Ng,4,5
104,~?@gsP@@?PC?O`?@?@_?O?A??G??O??O??G??E???_??A???C???K???C???@?G??W???@????A?G??E????A?????_????C?G???o????@_????@??????_?????G?????@??????C??????G?G????G??????C?C????@???????W???????_??????@???????@?@??????_???????W???????B????????K????????W????????G????????C?C??????@_????????G?????????_????????@?@???????B??????????o?????????G?????????@??????????C?C????????G??????????G??????????C?C????????@???????????G?G?????????_??????????B???????????@????????????_???????????G?G?????????@????????????K????????????K????????????K????????????A?????????????_@???????????E?????????????O?????????????o?????????????o?????????????K?????????????A??????????????O?????????????@?C????????????A??????????????A?G????????????@???????????????O@?????????????A?G?????????????W???????????????W???????????????G???????????????K???????????????@_???????????????E????????????????C_???????????????M????????????????B?????????????????s,u|eMID@WH_a@E@A?`_GG@@_CB?GA?GB?C?_@?K?G?o?_@_@?@?@?@o?_?G?G?B_@??C?C??W?G??[?G??C?C??B_@???G?G??@_?_??B?@???B_@????_?_???[?G???@?@????M?C????G?G????W?G????M?C????@?B?????[?G?????_@_????B?@?????Bo@??????O@_?????M?G??????w@??????@iC???????Lw,3,3
104,~?@gsP@H?OC?O`?@??_?G?B??G??O??O??G??E???_??A?_?K???G???C???@????W???@????A?G??E????A?????_????C?G???O?????_?????_?????o?????K?????@??????C??????G?G????G??????C?C????@???????W???????_??????@?@?????B???????@_???????O???????A????????G?C??????O????????o????????G????????A?@???????W????????@?????????A?????????A?@???????@??????????O?????????A?@????????G??????????o??????????W??????????G??????????A?@?????????O?G????????@???????????A?@?????????A???????????B????????????O???????????A?@??????????W????????????W????????????O????????????G?C??????????A?@???????????O?????????????_????????????@?@???????????@_?????????????_?????????????K??????????????_?????????????A?C????????????C?G????????????C??????????????@_??????????????W??????????????@???????????????C?_?????????????G@??????????????W???????????????C?_??????????????o???????????????E????????????????K????????????????C????????????????BG????????????????w,u|eMID`GH_a@E@A?`_GG@@_CB?GA?GB?C?o@?C?G?o?_@_@?@?@?@o?_?G?G?B_@??C?C??W?G??[?G??C?C??B?@???W?G??@_?_??A?@???F?@???@_?_???[?G???@?@????M?C????G?G????W?G????M?C????@?B?????W?G????@o?_????@_@?????@o@??????[?_?????B_G??????L@???????NC???????Fw,4,4
104,~?@gsP@H?OC?O`?@??_?G?B??G??O??O??G??E???_??A?_?K???G???C???@????W???@????A?G??E????A?????_????C?G???O?????_@????_?????o?????K?????@??????C??????G?G????G??????C?C????@???????W???????_??????@?@?????@_???????_???????G???????@?@??????C????????W????????G????????C?C??????@_????????G?????????_????????@?@???????@??????????_?_???????G?????????B??????????E??????????G??????????G?G????????C?C????????@???????????G?G?????????_??????????B???????????@????????????_?_?????????K???????????@????????????C????????????G?G??????????G????????????A?????????????_@???????????E?????????????O?????????????_?????????????_@????????????W?????????????A??????????????o?????????????@_?????????????B??????????????@???????????????_C?????????????G@?????????????B???????????????C???????????????K@??????????????G???????????????C?_?????????????@?G??????????????K????????????????G????????????????W????????????????CW???????????????@o,u|eMID`GH_a@E@A?`_GG@@_CB?GA?GB?C?o@?C?G?o?_@_@?@?@?@o?_?G?G?B_@??C?C??W?G??[?G??C?C??B_@???K?G???_?_??B_@???@_@????w?_???C?G???@o@????A?C????K?G????M?G????A?C????@o@?????E?W?????O?_????@o@??????w@??????M?_?????@_G??????M@???????UK???????Ng,4,5
104,~?@gsP@@?OC?O`?@?@_?O?A??W??_??_??O??C@?@_??C???G@??G???K???A????O@??@????E????C????A?C???_????C?????O?????o?????_?????O?????C??????o?????A??????C??????C?G????A???????_@?????K???????o??????@???????@?@??????_???????W???????B????????G????????O?G??????O????????W????????A?????????O?G??????@?????????A?????????A?????????@??_???????W?????????A??????????G??????????O??????????O?G????????K??????????A???????????O?G????????@??_????????A???????????A?@?????????B????????????o???????????A????????????G?C??????????O?G??????????o????????????W????????????A?????????????O?G??????????@?????????????@_?????????????_?????????????O?_???????????C??????????????_@????????????@??????????????A??????????????A?G????????????@?C?????????????W??????????????B???????????????C?_?????????????K???????????????E???????????????B????????????????G???????????????@@???????????????AC???????????????CG???????????????CG???????????????BC,u|eMID@WH?e@C@E?`?GW@@_CB?GB?G@?C?o@?E?G?W?_?o@??_@??w?_?C?G?@_@??E?C??K?G??K?G??E?C??@?@???W?G??@_?_??B?@???B?@???@_?_???[?G???@_@????E?C????K?G????M?G????B?C?????o@?????E?G?????[?_?????W@??????[@??????F?_??????wG??????B@???????NC???????Fw,4,4
104,~?@gsP@@?OC?O`?@?@_?O?A@?W??_??_G?O??C??@_??C???G???G???C???@????G????_???@?G??B????@?????O????A?G???W?????o?????_?????O?_???K?????@_?????C??????G?G????G??????C?C????@???????W???????_??????@???????@????????_???????G???????@?@??????C????????G????????G????????C?C??????@_????????G?????????_????????@?@???????B?????????@_?????????W?????????A??????????G?C????????W??????????W??????????G??????????A?@?????????O??????????@??_????????A?@?????????E???????????@????????????O???????????A?@??????????G????????????O????????????O????????????G?C??????????A?????????????O?G??????????@_?????????????_?????????????_?????????????O?_???????????K??????????????o?????????????B??????????????E??????????????B???????????????_??????????????K@?????????????@_??????????????A???????????????C@??????????????C@??????????????A?_??????????????_???????????????C@???????????????OC???????????????OG???????????????OG???????????????BC,u|eMID@WH?e@E@A?`_GG@@_CB?GA?GB?C?_@?M?G?O?_@_@?@_@??o?_?G?G?B_@??C?C??W?G??[?G??C?C??B?@???W?G??@??_??F?@???B?@???@_?_???W?G???B?@????M?C????K?G????M?G????A?C????@o@?????E?G?????O?_????@o@??????oB??????[?_?????B_G??????M@???????]C???????Jw,4,5
104,~?@gsP@@?OC?O`?@?@_?O?A??W??_??_??O??C??@_??C???G???G@??K???A????O@??@????E????C????A?C??@_????G?????_????@?@???B??????_?????G?????@??????E??????G??????G??????C?C????@???????G?G?????_??????B???????@????????_???????G?G?????B????????K????????O????????O?G??????G????????E?????????O????????@??_??????B?????????A?????????@??????????O?G???????E??????????G??????????O??????????O??????????G?C????????B???????????O??????????@???????????A?@?????????A???????????@??_?????????O?G?????????E????????????G????????????W????????????W????????????K????????????@?????????????G?G???????????_????????????B?????????????@_?????????????G?????????????A??????????????O@????????????B??????????????A??????????????A?G????????????@?C?????????????W??????????????A???????????????G?_?????????????W@??????????????W???????????????C???????????????@_???????????????A????????????????GC???????????????Q????????????????AW???????????????B_,u|eMID@WH?e@C@E?`?GW@@?CE?GE?GA?C@_@?K?G?o?_@_@?@_@??_?_?[?G?@?@??M?C??G?G??W?G??M?C??@?@???W?G??@_?_??B?@???B?@???@_?_???W?G???A?@????[?C????[?G????K?G????F?C?????_@?????M?G?????W?_?????w@??????W@??????K?_?????BoG??????FB???????Gs???????}G,4,5
104,~?@gsP@@?OC?O`?@?@_?O?A??W??_??_??O??C??@_??C???G???G@??K???A????O@??@????E????C????A?C??@_????G?????_????@?@???B??????_?????G?????@??????E??????G??????G??????C?C????@???????G?G?????_??????B???????@????????_???????G?G?????B????????K????????O????????O?G??????G????????E?????????O????????@??_??????B?????????A?????????@??????????O?G???????E??????????G??????????O??????????O??????????G?C????????B???????????O??????????@??_????????A?@?????????A???????????@??_?????????O?G?????????E????????????G????????????W????????????W????????????K????????????@?????????????G?G???????????_?????????????_?????????????_@????????????G?????????????A??????????????O@????????????B??????????????A??????????????A?G????????????@?C?????????????W??????????????B???????????????E???????????????K???????????????C???????????????B????????????????G???????????????@@???????????????E????????????????E????????????????F?????????????????w,u|eMID@WH?e@C@E?`?GW@@?CE?GE?GA?C@_@?K?G?o?_@_@?@_@??_?_?[?G?@?@??M?C??G?G??W?G??M?C??@?@???W?G??@_?_??B?@???B?@???@_?_???W?G???B_@????C?C????[?G????K?G????F?C?????_@?????M?G?????W?_?????w@??????W@??????M?_?????@oG??????F@???????G{???????}G,0,0
104,~?@gsP@@?OC?O`?@?@_?O?A??W??_??_??O??C??@_??C???G???G@??K???A????O???@????E????C????A?C??@_????G?????_????@?@???B??????_?????G?????@?@????K??????W??????O??????G??????A?@?????O??????@??_????A???????E???????@????????O???????A?@??????W????????O????????O????????G????????A?????????o????????@?????????A?@???????B?????????@??????????O?????????A?@????????W??????????O??????????O?G????????G?C????????E???????????o??????????B???????????C???????????C?@?????????A??_?????????_???????????C?@??????????O?C?????????@_????????????_????????????O????????????C?@???????????O????????????@?????????????A?@???????????A?????????????@??????????????K??????????????O?????????????@??????????????A?G????????????E??????????????@_??????????????W??????????????@_??????????????E???????????????M???????????????E???????????????@????????????????OG??????????????A@???????????????GC???????????????OG???????????????S????????????????AK,u|eMID@WH?e@C@E?`?GW@@?CE?GE?GA?C@_@?K?G?o?_@?@?B?@?@_?_?O?G?F?@??G?C??w?G??O?G??W?C??F?@???O?G??B??_??E?@???F?@???@??_???o?G???E?@????W?C????w?G????[?G????E?C????@o@?????C?G?????o?_????@w@??????OB??????[?_?????B?G??????]@???????[K???????Zg,4,4
104,~?@gsP@@?OC?O`?@@@_?O?A@?W??_??_??O??C???_??A???C???C???A????_???K????_???@?G??B????@?????O@???E?????W?????_?????_@????o?????K?????@??????C??????G?G????G??????C?C????@???????G???????_??????@???????@????????_???????G???????@????????C????????W????????G????????C?C??????@_????????G?????????_?_??????B?????????B?????????@_?????????W?????????B??????????K??????????W??????????O??????????G??????????A?@?????????O??????????@??_????????A?@?????????A???????????@????????????O???????????A?@??????????G????????????O????????????O?G??????????G????????????A?????????????o????????????@_?????????????_?????????????_@????????????o?????????????K??????????????o?????????????B??????????????B??????????????B??????????????@???????????????O@?????????????B?G?????????????CA??????????????G???????????????G???????????????C?_?????????????@?G??????????????G@???????????????_????????????????KG???????????????K?????????????????s,u|eMID@WH?e@C@E?`?GW@@?CF?GA?GB?C?_@?M?G?O?_@_@?@_@??_?_?[?G?@?@??M?C??G?G??[?G??C?C??B?@???W?G??@??_??F?@???A?B???B??_???o?G???E?@????O?C???@o?G????w?G????M?C????@?@?????W?G????@o?_????@O@??????w@??????K?_?????BCG??????^@???????KW???????^G,0,0
104,~?@gsP@@?OC?O`?@?@_?O?A@?W??_??_??O??C??@_??C???G@??G???C???@????G???@_???A????A?G??B?????_????C?????O?????o?????_?????O?_???K?????@_?????C??????G??????G?G????C??????@?@?????G??????@_??????B???????A???????@??_?????O?G?????A????????G????????O????????O????????W????????A?????????O?G??????@_????????A?????????A?????????@??????????O?????????@??????????C?C????????W??????????W??????????K??????????A???????????O?G????????@??_????????A???????????A?@?????????@??_?????????o???????????E????????????W????????????o????????????O????????????G????????????A?@???????????O????????????@?????????????@_?????????????O?????????????G?????????????A??????????????O?????????????@?C????????????A?G????????????E??????????????@_??????????????W??????????????B_??????????????E???????????????K???????????????K???????????????@????????????????OG??????????????A@???????????????I????????????????C????????????????EG????????????????w,u|eMID@WH?e@C@E?`?GW@@?CE?GE?GB?C?_@?M?G?O?_@_@?@_@??_?_?[?G?@?@??M?C??G?G??W?G??K?C??B?@???W?G??@o?_??@?@???B?@???@_?_???W?G???B_@????F?C????E?G????E?G????B?C?????o@?????F?G?????G?_?????w@??????W@??????N?_??????oW??????E@???????]C???????Mw,4,4
104,~?@gsP@@?OC?O`?@@@_?O?A??W??_??_??O??C???_??A???C???K???C???@?G??G???@_???A????A?G??B?????_????C?G???o????@_????@??????_?????G?????@_?????C??????G??????G?G????C??????@?@?????G???????_??????@???????@????????_???????W???????B????????G????????O?G??????O?G??????W????????A?????????O?G??????@_????????A?????????A?@???????B??????????o?????????E??????????O??????????_?G????????_??????????O??????????A???????????O??????????@??_????????A???????????A?@?????????@??_?????????O???????????A????????????G????????????O?G??????????O????????????K????????????B?????????????W????????????@_????????????@_?????????????O?????????????G?_???????????E??????????????o?????????????@_?????????????A??????????????A?G????????????@?C?????????????O??????????????A???????????????K?_?????????????G???????????????G???????????????C?_?????????????@?G??????????????G@???????????????W????????????????s????????????????K?????????????????s,u|eMID@WH?e@C@E?`?GW@@?CF?GA?GB?C?_@?K?G?o?_@_@?@_@??_?_?[?G?@?@??M?C??G?G??[?G??C?C??B?@???W?G??@??_??E?@???E?@???B??_???w?G???A?@????[?C????[?G????M?G????A?C????@_@?????M?G?????O?_????@o@??????o@??????[?_?????AGG??????}@???????]G???????Ng,4,4
104,~?@gsP@@?OC?O`?@?@_?O?A??W??_??_??O??C??@_??C???G???G???K???A????O???@????E????C????A?C??@_????G?????_????@?????B?????@_?????O?????A?@????G??????o??????o??????O??????C???????_?G????A???????C?@?????C???????E???????@_???????G????????_???????@??G?????@?????????o????????G????????@?????????C??_??????G?????????W?????????C?????????@??G???????K??????????_?????????@??????????@??G????????_??????????W??????????@_??????????C???????????G?@?????????G?@?????????K???????????@_???????????G????????????_?C?????????@??G?????????@?????????????_?C??????????G?@??????????B?????????????E?????????????G?????????????G?@???????????C??_??????????@??G???????????C??????????????O??????????????_?G????????????_??????????????K???????????????_??????????????C???????????????O?_?????????????_???????????????K@??????????????E????????????????o???????????????F????????????????K????????????????K????????????????AG???????????????@S,u|eMID@WH?e@C@E?`?GW@@?CE?GE?GA?C@_@?G?G@_?_B?@?A?@?B??_?o?G?C?@??w?C??_?G?@o?G??O?C??K?@??@_?G??E??_??G?@???[?@???C??_??B_?G???K?@????_?C???B_?G???@_?G????w?C????F?@?????W?G????@o?_????@_@?????@o@??????]?_?????@?w??????[@???????{C???????[w,0,0
104,~?@gsP@H?OC?O`?@??_?G?B??G??O??O??G??E???_??A?_?K???G???C???@?G??W???@????A?G??E????A?????_????C?????O?????_?????_@????o?????C??????_?????A?C????C??????C??????A??????@_??????K???????_??????@?@?????B????????_???????G???????@?@??????K????????G????????G?G??????K????????B?????????O????????@??_??????A?????????A?@???????@??????????O?????????A?@????????W??????????O??????????O?G????????G?C????????A???????????O??????????@??_????????A???????????B????????????_???????????G?G?????????B????????????C????????????G????????????G?G??????????A?????????????_@???????????K?????????????W?????????????_?????????????_@????????????O?_???????????C??????????????_@????????????A?C????????????K??????????????E??????????????@???????????????O@?????????????A?G?????????????G???????????????G@??????????????G@??????????????A????????????????_G??????????????C@???????????????OC???????????????W????????????????E?????????????????[,u|eMID`GH_a@E@A?`_GG@@_CB?GA?GB?C?o@?C?G?w?_?_@?@o@??O?_?K?G?@_@??C?C??W?G??W?G??K?C??A?@???o?G??B_?_??A?@???F?@???@o?_???G?G???B?@????M?C????G?G????[?G????F?C?????_@?????K?G?????w?_?????_@?????@w@??????G@_?????F_G??????HB??????@wC???????|O,4,5
104,~?@gsP@H?OC?O`?@??_?G?B??G??O??O??G??E???_??A?_?K???G???C???@?G??W???@????A?G??E????A?????_????C?????O?????_?????_@????o?????C??????_?????A?C????C??????C??????A??????@_??????K???????_??????@?@?????B????????_???????G???????@?@??????K????????G????????G?G??????K????????B?????????O????????@??_??????A?????????A?@???????@??????????O?????????A?@????????W??????????O??????????O??????????G?C????????A???????????O??????????@??_????????A???????????B????????????_???????????G?G?????????B????????????C????????????K????????????K????????????A?????????????_@???????????K?????????????W?????????????_?????????????_@????????????O?_???????????C??????????????o?????????????B??????????????A??????????????A?G????????????@???????????????O@?????????????A?G?????????????G?_?????????????G???????????????G@??????????????K???????????????@_???????????????C????????????????OC???????????????KG???????????????C_???????????????BC,u|eMID`GH_a@E@A?`_GG@@_CB?GA?GB?C?o@?C?G?w?_?_@?@o@??O?_?K?G?@_@??C?C??W?G??W?G??K?C??A?@???o?G??B_?_??A?@???F?@???@?@_???w?G???A?@????W?C????w?G????O?G????[?C????B_@?????G?G????@_?_????B_@?????@OB??????[?_?????AAG??????{@???????{K???????Z_,3,2
104,~?@gsP@H?OC?O`?@??_?G?B??G??O??O??G??E???_??A?_?K???G???C???@????W???@????A?G??E????A?????_????C?????O?????_?????_@????o?????K?????@??????C??????G?G????G??????C??????@???????W??????@_??????A???????A?@?????B????????O???????A????????G?C??????O????????o????????G????????A?@???????o????????B?????????C?????????C?@???????A??????????_?G???????C??????????O?C????????_?G???????@_??????????W??????????C???????????_?G????????A??_????????C???????????C???????????A??_?????????_???????????E????????????G????????????O?G??????????G????????????C????????????@?@???????????G?????????????O?????????????_@???????????@_?????????????W?????????????C??????????????_@????????????A?C????????????E??????????????E??????????????@_??????????????W??????????????@???????????????C?_?????????????G@??????????????G@??????????????A????????????????_G??????????????E????????????????G????????????????OG???????????????EG???????????????@o,u|eMID`GH_a@E@A?`_GG@@_CB?GA?GB?C?o@?C?G?o?_@_@?@?@?@o?_?G?G?B?@??K?C??O?G??o?G??W?C??E?@???_?G??E??_??M?@???C?@???F??_???o?G???F?@????G?C????o?G????w?G????G?C????F?@?????[?G?????_?_????Bo@??????_B??????w?_?????F?W??????OT??????BoC??????@wW,4,4
104,~?@gsP@H?OC?O`?@??_?G?B??G??O??O??G??E???_??A?_?K???G???C???@?G??W???@????A?G??E????A?????_????C?????O?????_?????_@????o?????C??????_?????A?C????C??????C??????A??????@_??????K???????_??????@?@?????B????????_???????G???????@?@??????K????????G????????G?G??????K????????B?????????O????????@?????????A?????????A?@???????@??????????O?G???????A?@????????W??????????O??????????O?G????????G?C????????A???????????O??????????@??_????????A???????????E???????????B????????????O???????????A?@??????????C????????????G????????????G?G??????????A?????????????_@???????????K?????????????W?????????????_?????????????_?????????????O?_???????????C?G????????????o?????????????B??????????????B??????????????@???????????????_C?????????????G@?????????????@?G?????????????K???????????????C???????????????C@??????????????A????????????????_G??????????????C@???????????????CC???????????????K????????????????E?????????????????[,u|eMID`GH_a@E@A?`_GG@@_CB?GA?GB?C?o@?C?G?w?_?_@?@o@??O?_?K?G?@_@??C?C??W?G??W?G??K?C??A?@???o?G??B_?_??A?@???F?@???@o?_???G?G???B?@????M?C????G?G????W?G????K?C????B_@?????G?G????@w?_?????_B?????@w@??????G@_?????F_G??????KB???????{C???????TW,0,0
104,~?@gsP@@?OC?O`?@@@_?O?A??W??_??_??O??C???_??A???C???K???C???@?G??G???@_???A????A?G??B?????_????C?G???o????@_????@??????_?????G?????@_?????C??????G??????G?G????C??????@???????G???????_??????@???????@?@??????_???????W???????B????????G????????O?G??????O????????W????????A?????????O?G??????B?????????E?????????E?????????B??????????W?????????A??????????G??????????O?G????????O??????????K??????????A???????????O?G????????@??_????????A???????????A???????????@??_?????????O???????????A????????????G?C??????????O????????????o????????????K????????????B?????????????G?????????????O?????????????_@???????????@_?????????????W?????????????E??????????????W?????????????@??????????????A??????????????A?G????????????@_??????????????W??????????????@???????????????C?_?????????????G@??????????????K???????????????A???????????????@_???????????????E????????????????G????????????????PG???????????????M????????????????@o,u|eMID@WH?e@C@E?`?GW@@?CF?GA?GB?C?_@?K?G?o?_@_@?@_@??_?_?[?G?@?@??K?C??W?G??O?G??[?C??A?B???w?G??@??_??E?@???E?@???B??_???o?G???E?@????[?C????O?G????o?G????[?C????A_@?????M?G?????O@_????@_@?????@o@??????[?_?????B_G??????GX??????@yC???????Fo,0,0
104,~?@gsP@@?OC?O`?@@@_?O?A??W??_??_??O??C???_??A???C@??K???C???@?G??G???@_???A????A?G??B?????_????C?G???o?????_?????_?????O?????E??????_?????A??????C?G????C??????A???????_??????C???????O???????_@?????@_???????o???????G???????@?@??????C????????W????????G????????C?C??????B?????????W????????@_????????B?????????@??????????_?????????G?????????@??????????E??????????G??????????G?G????????C?C????????@???????????G???????????_?_????????@???????????@????????????_?_?????????W???????????B????????????K????????????W????????????G????????????A?????????????_@???????????K?????????????W?????????????o?????????????O?????????????G?????????????A?G????????????O?????????????@_?????????????B??????????????@???????????????_C?????????????G@?????????????@_??????????????E???????????????E???????????????E???????????????@????????????????OG??????????????@_???????????????A????????????????CG???????????????EG???????????????@o,u|eMID@WH?e@C@E?`?GW@@?CF?GA?GB?C?o@?E?G?W?_?o@??_@??w?_?C?G?@_@??E?C??G?G??[?G??C?K??B?@???W?G??@_?_??B?@???B?@???@_?_???[?G???@?@????K?C????[?G????I?G????B?C?????o@?????E?G?????W?_?????w@??????[@??????C?_?????BoG??????FB???????MS???????NG,0,0
104,~?@gsP@@?OC?O`?@@@_?O?A??W??_??_??O??C???_??A???C???K???C???@????G@??@_???A????A?G??B?????_????C?G???o????@_????@??????_?????G?G???B??????C??????G??????G?G????C??????@???????G???????_??????@???????@????????_?_?????W???????@????????C????????G?G??????W????????C????????@?@???????W????????@_????????B?????????B?????????@_?????????G?????????@??????????C?C????????W??????????G??????????C?C????????@?@?????????G???????????_??????????@?@?????????@????????????_???????????G???????????@?@??????????K????????????G????????????G????????????C?C???????????_????????????C?G???????????o?????????????o?????????????o?????????????W?????????????A??????????????O@????????????@?C????????????E??????????????B???????????????_??????????????G@?????????????@?G?????????????C???????????????G@??????????????G@??????????????A????????????????_G??????????????C@???????????????OC???????????????W????????????????E?????????????????[,u|eMID@WH?e@C@E?`?GW@@?CF?GA?GB?C?_@?K?G?o?_@?@?B_@??_?_?[?G?@?@??K?C??W?G??O?G??[?C??A?B???o?G??B??_??E?@???F?@???@??_???w?G???B_@????C?C????W?G????[?G????D?C?????o@?????E?G?????W?_?????w@??????O@??????]?_?????@?W??????]@???????[K???????]g,4,5
104,~?@gsP@@?OC?O`?@@@_?O?A??W??_??_??O??C???_??A???C???K???C???@????G@??@_???A????A?G??B?????_????C?G???o????@_????@??????_?????G?????B??????C??????G??????G?G????C??????@???????G???????_??????@???????@?@??????_???????W???????B????????G????????O????????O?G??????W????????A?????????O?G??????B?????????E?????????E?????????B??????????W?????????A??????????G?C????????O??????????O??????????W??????????A???????????O?G????????@??_????????A???????????A???????????@??_?????????O???????????A????????????G?C??????????O????????????W????????????K????????????A?????????????O?G??????????@??_??????????@?????????????@?@???????????@_?????????????K?????????????@_?????????????B??????????????C??????????????C?G????????????A?C?????????????_??????????????B???????????????C???????????????G???????????????G@??????????????E????????????????_???????????????B????????????????M????????????????K????????????????F????????????????@g,u|eMID@WH?e@C@E?`?GW@@?CF?GA?GB?C?_@?K?G?o?_@?@?B_@??_?_?[?G?@?@??K?C??W?G??O?G??[?C??A?B???w?G??@??_??E?@???E?@???B??_???_?G???M?@????[?C????O?G????o?G????[?C????A_@?????M?G?????O@_????@o@??????o@??????W?_?????F_G??????KB???????yC???????NW,4,5
104,~?@gsP@@?OC?O`?@@@_?O?A??W??_??_??O??C???_??A???C???K???C???@????G@??@_???A????A?G??B?????_????C?G???o????@_????@??????_?????G?????B??????C??????G??????G?G????C??????@???????G???????_??????@???????@?@??????_???????W???????B????????G????????O?G??????O?G??????W????????A?????????O?G??????B?????????E?????????C?????????A??_??????@_?????????E??????????O??????????_??????????_??????????O??????????A???????????O?G????????@??_????????A???????????A???????????@??_?????????O???????????A????????????G?C??????????O?G??????????O?G??????????W????????????E?????????????o????????????B?????????????@?????????????@?@???????????@_?????????????K?????????????@??????????????C?C????????????A?G????????????A??????????????@???????????????O@?????????????B???????????????C???????????????G@??????????????G@??????????????C????????????????oG??????????????E????????????????K????????????????GG???????????????E?????????????????k,u|eMID@WH?e@C@E?`?GW@@?CF?GA?GB?C?_@?K?G?o?_@?@?B_@??_?_?[?G?@?@??K?C??W?G??O?G??[?C??A?@???w?G??@??_??E?@???E?@???B??_???w?G???B_@????C?C????W?G????[?G????C?C????B_@?????M?G?????W?_?????o@??????o@??????]?_?????@?w??????]@???????RK??????@wG,0,0
104,~?@gsP@@?OC?O`?@?@_?O?A??W??_??_??O??C??@_??C???G???G???K???A????O???@?C??E????C????A?C??@_????G?????_????@?@???B?????@_?????O?????A??????G??????o??????O??????G??????A?@?????O??????@???????A???????E???????@????????O???????A?@??????G????????o????????o????????O????????C?@???????_?G??????E?????????C?????????C?@???????E?????????@_?????????G??????????_?C???????@??G???????B???????????o??????????G??????????@??G????????C???????????G???????????C???????????A??_?????????_?G?????????C????????????O????????????_?G??????????_????????????G????????????A?@???????????O?G??????????@?????????????B?????????????B?????????????@_?????????????C??????????????_@????????????E??????????????E??????????????E???????????????o??????????????G??????????????@?G?????????????C?_?????????????K???????????????C???????????????A?_??????????????_G??????????????E????????????????G????????????????K????????????????CW???????????????@o,u|eMID@WH?e@C@E?`?GW@@?CE?GE?GA?C@_@?G?G@_?_B?@?A?@?B_?_?O?G?F?@??G?C??o?G??o?G??O?C??K?@??@o?G??A??_??M?@???C?@???E??_??@_?G???K?@????w?C????w?G????O?G????W?C????F?@?????O?G????Bo?_????@oB??????_D??????w?_?????E?G??????{@???????_{??????BqG,4,4
104,~?@gsP@H?OC?O`?@??_?G?B??G??O??O??G??E???_??A?_?K???G???C???@?G??W???@????A?G??E????A?????_????C?????O?????_?????_@????o?????C??????_?????A??????C??????C??????A?C????@_??????K???????_??????@?@?????B????????_???????G???????@?@??????K????????W????????W????????K????????@?????????G?????????_????????@?@???????@??????????_?_???????G?G???????B??????????C??????????G?G????????G??????????C??????????@???????????G?G????????@_??????????B???????????@????????????_?_?????????C????????????_???????????A?C??????????E????????????E????????????B?????????????O????????????A?????????????G?????????????O@????????????W?????????????K?????????????@??????????????G@?????????????_?????????????@_?????????????@_??????????????o??????????????C???????????????_G?????????????A?_?????????????C@??????????????E???????????????B????????????????O???????????????A@???????????????GC???????????????CG???????????????CG???????????????BC,u|eMID`GH_a@E@A?`_GG@@_CB?GA?GB?C?o@?C?G?w?_?_@?@_@??o?_?K?G?@_@??E?C??K?G??K?G??C?C??B?@???[?G???_?_??B_@???@_@????o?_???K?G???@_@????E?C????K?G????M?G????A?C????@w@?????A?W?????[?_?????W@??????W@??????M?_?????@_G??????M@???????VC???????Fw,4,4
104,~?@gsP@@?OC?O`?@?@_?O?A@?W??_??_??O??C??@_??C???G???G???C???@????G@??@_???A????A?G??B?????_????C?????O????@_????@_?????_?????G?G???B??????C??????G??????G?G????C??????@???????G??????@_??????B???????A???????@????????O?G?????A????????G????????O?G??????O?G??????W????????A?????????O?G??????B?????????E?????????C?????????A??_???????_?????????C?@????????o??????????o??????????_??????????O?C????????A???????????O?G????????@??_????????A???????????A???????????@??_?????????O???????????B????????????C????????????G????????????G?G??????????C????????????@_????????????A?????????????G?_???????????o?????????????W?????????????G?????????????A?G????????????O@????????????B??????????????B??????????????A??????????????@_C?????????????G??????????????@???????????????C?_?????????????G@??????????????C???????????????A?_??????????????_G??????????????D????????????????K????????????????E????????????????@_????????????????[,u|eMID@WH?e@C@E?`?GW@@?CE?GE?GA?C@_@?G?G@o?_@?@?B_@??_?_?[?G?@?@??K?C??W?G??O?G??W?C??E?@???o?G??A??_??M?@???C?@???F??_???w?G???B_@????C?C????W?G????[?G????C?C????B_@?????M?G?????O?_????@o@??????a@??????}?_?????@_O??????M@???????]C???????Mw,4,5
104,~?@gsP@@?OE?O?_@_?_?G?B??G??O??O??W??C???_??A?_?K???G???C?_?@????W???@_???A????A????@?????o????A?????G?????O?????W?????G?????A??????O@????@??????E??????E??????A???????_@?????C?G?????o??????@_??????@????????_?_?????G???????B????????E????????G????????G????????C????????@?????????C?????????O?????????_?????????_?????????W?????????C??????????_@????????A?C????????C??????????K??????????E??????????@_??????????K???????????o??????????@_??????????@_???????????o???????????C????????????W???????????@????????????A????????????A????????????@?????????????O@???????????A?????????????G?????????????O?????????????W?????????????K?????????????@?G????????????W?????????????@_?????????????B??????????????@_??????????????o??????????????K??????????????@_??????????????@?_?????????????A???????????????A???????????????@?_??????????????OG??????????????A@???????????????G????????????????KG???????????????K?????????????????s,u|fIID`GH_a@E@A?`_GK@?_CB?GB?G@_C?W@?B?G?G?_?w@??O@??W?_?E?G??o@??B?C??E?G??E?G??B?C???o@???E?G???[?_???O@????o@????W?_???E?G????o@????B?C????E?G????E?G????B_C?????[@?????@_G?????E?_?????K@??????M@??????B?_??????oG??????F`???????EK???????Ng,4,5
104,~?@gsP@@?OE?O?_@_?_?G?B??G??O??O??W??C???_??A?_?K???G???C?_?@????W???@_???A????A????@?????o????A?????G?????O?????W?????G?????A??????O@????@??????E??????E??????A???????_@?????C?G?????o??????@_??????@????????_?_?????G???????B????????E????????G????????G????????C????????@?????????C?????????O?????????_?????????_?????????W?????????C??????????_@????????A?C????????C??????????K??????????E??????????@_??????????K???????????o??????????@_??????????@_???????????o???????????C????????????W???????????@????????????A????????????A?G??????????@?????????????O????????????A?????????????G?_???????????O?????????????W?????????????K?????????????@??????????????W??????????????o?????????????@_?????????????@_??????????????W??????????????E???????????????W??????????????@???????????????A@??????????????A@??????????????@?_??????????????O???????????????A@???????????????K????????????????G????????????????BG????????????????w,u|fIID`GH_a@E@A?`_GK@?_CB?GB?G@_C?W@?B?G?G?_?w@??O@??W?_?E?G??o@??B?C??E?G??E?G??B?C???o@???E?G???[?_???O@????o@????W?_???E?G????o@????B?C????E?G????E?G????B_C?????[@?????@?G?????K?_?????[@??????K@??????E?_?????@oG??????F`???????C[???????^G,4,5
104,~?@gsP@@?OC?O`?@?@_?O?A@?W??_??_G?O??C??@_??C???G???G???C???@????G????_???@?G??B????@?????O????A?????W?????o?????_?????O?_???K?????@_?????C??????G?G????G??????C?C????@???????W??????@_??????A???????A???????@??_?????O???????A????????G????????O?G??????O????????G????????A?@???????W????????@?????????A?????????A?@???????@??????????o?????????B??????????K??????????W??????????K??????????C??????????@?@?????????G???????????_?_????????@???????????B????????????o???????????G???????????@????????????C?C??????????G????????????G????????????C?C??????????@?????????????K?????????????W?????????????_?????????????_@????????????O?_???????????C?G???????????@_?????????????B??????????????E??????????????B??????????????@???????????????O@?????????????A?G?????????????G???????????????C@??????????????C???????????????A?_??????????????_G??????????????C@???????????????O????????????????WG???????????????K?????????????????s,u|eMID@WH?e@E@A?`_GG@@_CB?GA?GB?C?_@?M?G?O?_@_@?@_@??o?_?G?G?B_@??C?C??W?G??W?G??K?C??A?@???w?G??@??_??F?@???A?B???B_?_???W?G???B?@????M?C????G?G????W?G????M?C????@_@?????G?G????@o?_????@O@??????w@??????K?_?????B_G??????Gb??????@{C???????^O,4,5
104,~?@gsP@@?OE?O?_@_?_?GGB??G??O??O??W??C???_??A???C???C???A???@_???K????_???@????@????@_????W????A?????G?_???o?????o?????O?????C??????_@????A??????K??????K??????C??????@???????G?G?????_??????@???????@????????_???????G???????B????????E????????G????????G????????C?C??????@?????????W?????????o????????@_????????@_?????????o?????????K?????????@??????????C?C????????G?G????????G??????????K??????????@_??????????G???????????_??????????@?@?????????@????????????_???????????G?G?????????@????????????C????????????E????????????C????????????A?????????????_@???????????C?G???????????o?????????????o?????????????o?????????????K?????????????B??????????????W??????????????_?????????????B???????????????_??????????????O??????????????C@??????????????_??????????????A?_?????????????C???????????????E@??????????????A????????????????oG??????????????E????????????????K????????????????K????????????????AG????????????????s,u|fIID`GH_a@E@A?`_GK@?_CB?GA?GB_C?O@?E?G?W?_?_@?@o@??O?_?K?G?@_@??E?C??G?G??[?G??C?C??B_@???G?W??@_?_??B?@???B?@???@o?_???G?G???B?@????M?C????K?G????G?G????M?C????@O@?????F?G?????K?_?????[@??????GB??????K?_?????BoG??????CF???????wC???????yW,0,0
104,~?@gsP@@?OE?O?_@_?_?G?B??G??O??O??W??C???_??A???K???G???C?_?@????W???@_???A????A????@?????o????E?????O?????_?????_?????W?????C??????_?????A?C????C??????K??????E??????@???????G???????_?_????@???????B???????@_???????O???????A?@??????G?C??????o????????W????????G????????A?????????O?G??????@?????????E?????????B?????????@??????????O?G???????A??????????G??????????G??????????G??????????C?C????????@???????????W???????????o??????????@???????????@????????????_?_?????????G???????????@_???????????E????????????K????????????K????????????B?????????????_????????????C?G???????????O?_???????????_@???????????@_?????????????W?????????????C??????????????_@????????????A?C????????????C??????????????C??????????????A?C?????????????_??????????????@?G?????????????C???????????????G@??????????????G@??????????????B????????????????o???????????????B????????????????E????????????????B????????????????@_????????????????[,u|fIID`GH_a@E@A?`_GK@?_CB?GA?GB?C?o@?E?G?W?_?_@?@o@??O?_?K?G?@_@??E?C??G?G??[?G??C?C??B?@???W?G??@_?_??B_@???@?@???@o?_???G?G???B?@????M?C????K?G????G?G????M?C????@?@?????[?G?????o?_????@o@??????_@??????w?_?????COW?????@{@???????wg???????}G,0,0
104,~?@gsP@@?PC?O`?@?@_?O?A??G??O??O??G??E???_??A?_?C???K???C???@?G??W???@????A?G??E????A?????_????C?????W?????_?????_?????O?_???C??????_@????A??????C??????C?G????A??????@_??????K???????_??????@?@?????@???????@_???????G???????@?@??????E????????G????????G?G??????E????????@?????????G?????????_????????@?????????@_?????????_?????????G?????????@?@????????C??????????G?G????????G?G????????C??????????@?@?????????G??????????@_??????????B???????????B???????????@_???????????G???????????B????????????C????????????G?G??????????C????????????A?C???????????o????????????C?????????????O?????????????_?????????????_@????????????W?????????????C??????????????_?????????????A?C????????????E??????????????B???????????????_??????????????W??????????????B???????????????E???????????????C@??????????????K???????????????A????????????????_G??????????????E@???????????????OO???????????????_????????????????gG???????????????CW,u|eMID@WH_a@E@A?`_GG@@_CB?GB?G@?C?o@?E?G?W?_?o@??o@??O?_?M?G??_@??E?C??K?G??K?G??E?C??@?@???W?G??@o?_??@_@???@o@????O?_???M?G????_B????E?C????K?G????K?G????F?C?????_@?????K?G?????w?_?????w@??????S@??????E?_?????@_G??????N@???????K[???????^G,4,5
104,~?@gsP@@?PC?O`?@?@_?O?A??G??O??O??G??E???_??A?_?C???K???C???@?G??W???@????A?G??E????A?????_@???C?????W?????_?????_?????O?_???C??????_@????A??????C??????C??????A???????o??????C???????O?_?????_??????@_???????O???????C?G??????o???????A????????C?G??????K????????E????????@?????????G?G???????_?_??????@_????????@??????????_?????????G?G???????@??????????C?C????????G??????????G??????????C??????????@???????????G???????????O???????????_@??????????_???????????o???????????C????????????_@??????????B????????????E????????????E????????????B?????????????o????????????E?????????????K?????????????O?????????????O?????????????G?_???????????B??????????????G??????????????_?????????????@??????????????@???????????????_C?????????????G@?????????????@?G?????????????K???????????????G???????????????K@??????????????E???????????????@_???????????????K????????????????CC???????????????G????????????????IG???????????????@W,u|eMID@WH_a@E@A?`_GG@@_CB?GB?G@?C?o@?E?G?W?_?o@??o@??O?_?K?G?@_@??C?C??[?G??K?G??E?C??@?@???W?G??@o?_??@_@???@_@????o?_???K?G???@_@????E?C????G?G????]?G????B?K?????_@?????K?G?????w?_?????w@??????W@??????K?_?????B?G??????Z@???????K[???????^G,0,0
104,~?@gsP@H?OC?O`?@??_?G?B??G??O??O??G??E???_??A?_?K???G???C???@????W???@????A?G??E????A?????_????C?G???O?????_?????_@????o?????K?????@??????C?C????G??????G??????C?C????@???????W???????_??????@?@?????B????????_???????G???????@????????C????????K????????G????????C?C??????@_????????G?????????_????????@?@???????@??????????_?_???????G?G???????B??????????K??????????W??????????O??????????G?C????????A???????????O??????????@??_????????A???????????E???????????@????????????O?G?????????@????????????C????????????G?G??????????G????????????C????????????@_????????????K?????????????W?????????????_?????????????_@????????????O?_???????????E??????????????o?????????????@_?????????????B??????????????B???????????????_??????????????G@?????????????@???????????????A???????????????C@??????????????C@??????????????A?_??????????????_???????????????E????????????????K????????????????W????????????????BG???????????????@o,u|eMID`GH_a@E@A?`_GG@@_CB?GA?GB?C?o@?C?G?o?_@_@?@_@??o?_?G?G?B_@??C?C??W?G??[?G??C?C??B?@???[?G???_?_??B?@???B?@???@_?_???W?G???B?@????M?C????G?G????W?G????M?C????@?@?????]?G?????O@_????@o@??????o@??????[?_?????B_G??????GF??????@wC???????mW,0,0
104,~?@gsP@@?PC?O`?@?@_?O?A??G??O??O??GC?E???_??A?_?C???K???C???@?G??W???@????A?G??A????@?????O????B?????G?????O?????O?????G?????A??????O@????@??????A?G????E??????B???????_??????C?G?????O??????@_??????@_???????_???????G?G?????B????????C????????G?G??????G????????C????????@?????????G?????????o????????@?????????@?@????????_?????????G?????????@??????????C?C????????G?G????????G??????????C?C????????B???????????W??????????@_??????????B???????????@????????????o???????????K???????????@????????????C?C??????????E????????????A????????????@?????????????O????????????A?????????????K?????????????O?????????????O@????????????G?????????????A??????????????W??????????????_C????????????B??????????????B??????????????@_??????????????W??????????????@?G?????????????E???????????????K???????????????I???????????????@?_??????????????O???????????????A@???????????????CC???????????????GG???????????????GG???????????????BC,u|eMID@WH_a@E@A?`_GK@?oC@_G@?G@_C?W@?B?G?G?_?w@??O@??W?_?E?G??o@??B?C??E?G??C?G??E?C??@_@???K?G???o?_??@o@????o@????W?_???E?G????o@????B_C????A?G????F?G????@_C?????W@?????B_G?????E?_?????K@??????K@??????F?_??????wG??????B@???????NC???????Fw,0,0
104,~?@gsP@@?PC?O`?@?@_?O?A??G??O??O??G??E???_??A???C@??K???C???@?G??W???@_???B????A????@?C???O????E?????G?????O?????O?????G?????A??????O?????@??????A??????B??????@???????O??????A?G?????W???????o???????_???????O?_?????K???????@_???????E????????K????????G????????C?C??????@?????????W?????????_????????@?@???????@??????????_?????????G?????????@?@????????C??????????G??????????G??????????C?C????????@_??????????G???????????_??????????@?@?????????@_???????????o???????????G???????????@?@??????????E????????????K????????????K????????????A?????????????_@???????????C?G???????????o?????????????_?????????????_@????????????O?????????????C??????????????_?????????????A?C????????????C?G????????????C??????????????A?C?????????????O??????????????B???????????????E???????????????K???????????????K???????????????@_???????????????K???????????????@_???????????????AC???????????????CG???????????????E????????????????@K,u|eMID@WH_a@E@B?__GK@?oC@?GB?G@_C?W@?B?G?G?_?o@??o@??W?_?C?G?@o@??B?C??C?G??K?G??E?C??@_@???K?G???o?_??@_@???@_@????o?_???K?G???@o@????B?C????C?G????K?G????F?C?????o@?????E?G?????W?_?????w@??????W@??????N?_??????_W??????N@???????KK???????]g,4,4
104,~?@gsP@@?PC?O`?@?@_?O?A??G??O??O??G??E???_??A???C@??K???C???@?G??W???@????A?G??E????A?????_????C?G???o?????_?????_?????O?????C??????_?????A?C????C??????C??????A??????@_??????C???????O???????_@?????@_???????o???????G???????@?@??????K????????G????????G?G??????K????????B?????????O????????@?????????A?@???????E?????????@??????????O?G???????A??????????G??????????O??????????O?G????????G?C????????A???????????O??????????@???????????A?@?????????E???????????@????????????O???????????A?@??????????K????????????W????????????O????????????G?C??????????@_????????????K?????????????o?????????????_?????????????o?????????????W?????????????A??????????????O@????????????@??????????????A??????????????B???????????????_??????????????G??????????????@?G?????????????K???????????????K???????????????E???????????????B????????????????w???????????????B????????????????C????????????????K????????????????CW???????????????Ao,u|eMID@WH_a@E@A?`_GG@@_CB?GA?GB?C?o@?E?G?W?_?_@?@o@??O?_?K?G?@_@??C?C??W?G??[?G??C?C??B?@???W?G??@_?_??B?@???B?@???@o?_???K?G???@_@????E?C????K?G????M?G????A?K????@_@?????M?G?????W?_?????o@??????w@??????K@_?????B?G??????Y@???????]C???????Lw,4,4
104,~?@gsP@@?PC?O`?@?@_?O?A??G??O??O??G??E???_??A???C@??K???C???@?G??W???@????A?G??E????A?????_????C?G???o?????_?????_?????O?????C??????_?????A?C????C??????C??????A??????@_??????C???????O???????_@?????@_???????o???????G???????@?@??????K????????G????????G?G??????K????????B?????????O????????@?????????A?@???????E?????????@??????????O?G???????A??????????G??????????O??????????O?G????????G?C????????A???????????O??????????@??_????????A???????????E???????????@????????????O???????????A?@??????????K????????????W????????????O????????????G?C??????????@_????????????K?????????????W?????????????_?????????????o?????????????W?????????????A??????????????O@????????????@??????????????A??????????????B???????????????_??????????????G@?????????????@???????????????K???????????????K???????????????E???????????????B????????????????_???????????????E@???????????????KG???????????????P????????????????W????????????????CK,u|eMID@WH_a@E@A?`_GG@@_CB?GA?GB?C?o@?E?G?W?_?_@?@o@??O?_?K?G?@_@??C?C??W?G??[?G??C?C??B?@???W?G??@_?_??B?@???B?@???@o?_???K?G???@o@????A?C????K?G????M?G????A?K????@_@?????M?G?????W?_?????o@??????w@??????M?_?????@?w??????Y@???????]C???????Kw,4,5
104,~?@gsP@@?PC?O`?@?@_?O?A??G??O??O??G??E???_??A???C@??K???C???@?G??W???@????A?G??E????A?????_????C?G???o?????_?????_?????O?????C??????_?????A?C????C??????C??????A?C????@_??????C???????O???????_@?????@_???????o???????G???????@?@??????K????????G????????G?G??????K????????@?????????G?????????_?_??????B?????????@??????????_?_???????G?????????@??????????C??????????G?G????????G?G????????C??????????@???????????G?G????????@_??????????@???????????@????????????_?_?????????K???????????@_???????????C????????????G?G??????????C????????????A?C??????????@_????????????C?????????????O?_???????????_@???????????@_?????????????O?????????????C?G????????????_?????????????A??????????????E??????????????A??????????????@?C?????????????O@?????????????@???????????????E???????????????E???????????????E???????????????B????????????????OG??????????????@_???????????????E????????????????CG???????????????CG???????????????@c,u|eMID@WH_a@E@A?`_GG@@_CB?GA?GB?C?o@?E?G?W?_?_@?@o@??O?_?K?G?@_@??E?C??M?G??C?G??E?C??@_@???K?G???o?_??@_@???@o@????O?_???K?G???@_@????E?C????M?G????C?G????E?C????@o@?????E?G?????W?_?????w@??????OB??????[?_?????BoG??????CF???????{C???????YW,0,0
104,~?@gsP@@?PC?O`?@?@_?O?A??G??O??O??G??E???_??A???C???K???C???@?G??W???@????A?G??E????A?????_????C?G???o????@_????@??????_?????G?????@??????C??????G?G????G??????C??????@?@?????W???????_??????@???????@?@??????_???????W???????B????????G????????O?G??????o????????G????????A?@???????o????????@?????????A?????????A?@???????B??????????W?????????A??????????G?C????????O??????????O??????????G??????????A?@?????????O?G????????@???????????A???????????A?@?????????B????????????O???????????A?@??????????G?C??????????O????????????W????????????K????????????A?????????????O?G???????????o????????????@_?????????????_?????????????O?????????????C?G????????????W?????????????@??????????????A?G????????????A??????????????@???????????????W??????????????@???????????????C?_?????????????W???????????????K???????????????A?_??????????????o???????????????E????????????????[????????????????GO???????????????I????????????????@K,u|eMID@WH_a@E@A?`_GG@@_CB?GA?GB?C?_@?K?G?o?_@_@?@?@?@o?_?G?G?B?@??K?C??W?G??[?G??C?C??B_@???G?G??@_?_??B?@???B?@???@_?_???[?G???@_@????E?C????K?G????M?G????B_C?????O@?????F?G?????K?_?????W@??????[@??????E@_?????@_G??????N@???????MK???????Lg,4,4
104,~?@gsP@@?PC?O`?@?@_?O?A??G??O??O??G??E???_??A?_?C???K???C???@?G??W???@????A?G??E????A?????_@???C?????W?????_?????_?????O?????C??????_?????A?C????C??????C??????A???????o??????C???????O?_?????_??????@_???????o???????G???????@?@??????K????????G????????G?G??????K????????B?????????O????????@??_??????A?@???????B?????????@??????????O?G???????A??????????G??????????O??????????O?G????????G?C????????A???????????O??????????@???????????A???????????@????????????_?_?????????G???????????@_???????????E????????????G????????????G?G??????????B?????????????o????????????E?????????????W?????????????o?????????????W?????????????G?????????????A?G????????????O?????????????@??????????????B??????????????@???????????????_??????????????G??????????????@?G?????????????C?_?????????????G@??????????????K???????????????E???????????????@o???????????????E????????????????W????????????????CG???????????????CG???????????????Ac,u|eMID@WH_a@E@A?`_GG@@_CB?GB?G@?C?o@?E?G?W?_?_@?@o@??O?_?K?G?@_@??C?C??[?G??K?G??E?C??@?@???W?G??@_?_??B?@???B?@???@o?_???K?G???@_@????E?C????G?G????]?G????B?K?????_@?????M?G?????W?_?????o@??????w@??????K@_?????B?G??????Z@???????MK???????Lg,4,4
104,~?@gsP@@?PC?O`?@?@_?O?A??G??O??O??G??E???_??A???C@??K???C???@?G??W???@????A?G??E????A?????_????C?????o?????_?????_?????O?????C??????_@????A??????C??????C?G????A??????@_??????K???????_??????@?@?????@?@?????@_???????W???????A????????G?C??????W????????O????????G?C??????B?????????O????????@?????????A?@???????A??????????_?????????G?????????@??????????C?C????????G??????????G?G????????C??????????@???????????G?G?????????_??????????B???????????@_???????????o???????????K???????????@_???????????A????????????C?G??????????E????????????B?????????????W????????????A?????????????G?????????????O@????????????O@????????????G?????????????A??????????????O@????????????@??????????????A?G????????????A??????????????@?C?????????????O??????????????E???????????????E???????????????K???????????????E???????????????@_???????????????K???????????????@????????????????EC???????????????CO???????????????CG???????????????BC,u|eMID@WH_a@E@A?`_GG@@_CB?GA?GB?C?o@?E?G?W?_?o@??o@??O?_?M?G??_@??E?C??K?G??K?G??E?C??@_@???K?G???o?_??@_@???@_@????o?_???M?G????_@????E?C????M?G????E?G????B?C?????o@?????F?G?????K?_?????W@??????[@??????C@_?????B?G??????]@???????W[???????|G,4,5
104,~?@gsP@@?PC?O`?@?@_?O?A??G??O??O??G??E???_??A???C@??K???C???@?G??W???@????A?G??E????A?????_????C?G???o?????_?????_?????O?????C??????_?????A?C????C??????C??????A?C????@_??????C???????O???????_@?????@_???????o???????G???????@?@??????K????????G????????G?G??????K????????@?????????G?????????_?_??????B?????????@??????????_?????????G?G???????@??????????C??????????G??????????G?G????????C??????????@???????????G?G????????@_??????????@???????????@????????????_?_?????????W???????????@_???????????E????????????K????????????E????????????B?????????????O????????????B?????????????K?????????????G?????????????G?????????????C?_???????????@??????????????G??????????????_C????????????@??????????????@?G????????????@_??????????????K??????????????@_??????????????B???????????????E???????????????B????????????????_???????????????K????????????????_???????????????AC???????????????E????????????????AW???????????????B_,u|eMID@WH_a@E@A?`_GG@@_CB?GA?GB?C?o@?E?G?W?_?_@?@o@??O?_?K?G?@_@??E?C??M?G??C?G??E?C??@_@???K?G???o?_??@_@???@?@???@o?_???K?G???@_@????E?C????M?G????C?W????E?C????@_@?????M?G?????[?_?????O@??????w@??????K@_?????BOG??????F@???????NC???????Dw,4,4
104,~?@gsP@@?PC?O`?@?@_?O?A??G??O??O??G??E???_??A???C???K???C???@?G??W???@????A?G??E????A?????_????C?????o????@_????@??????_?_???G?????@??????C??????G?G????G??????C?C????@???????W??????@_??????A???????A?@?????@????????O???????B????????G????????O?G??????o????????G????????A?@???????W????????@?????????A?????????A?@???????@??????????W?????????B??????????G??????????O?G????????O?G????????G??????????A???????????O?G????????@???????????A?@?????????A???????????B????????????W???????????A????????????G?C??????????O????????????O?G??????????C????????????@?@???????????W?????????????o?????????????o?????????????_?????????????O?????????????C?G????????????_@????????????B??????????????B??????????????@???????????????_??????????????G@?????????????@?G?????????????C???????????????W???????????????C???????????????A?_??????????????_G??????????????C@???????????????o????????????????WG???????????????O_???????????????KC,u|eMID@WH_a@E@A?`_GG@@_CB?GA?GB?C?_@?K?G?o?_@_@?@?@?@o?_?G?G?B_@??C?C??W?G??W?G??K?C??B?@???W?G??@??_??F?@???B?@???@_?_???O?G???F?@????M?C????G?G????W?G????M?C????@_@?????K?G?????o?_????@w@??????WB??????H?_?????F_G??????KA???????{C???????ZW,4,4
104,~?@gsP@H?OC?O`?@??_?G?B??G??O??O??G??E???_??A?_?K???G???C?_?@????W???@????A?G??E????A?????_????C?G???O?????_?????_?????W?????C??????_@????A??????C??????C?G????A??????@_??????C???????O?_????@_??????@_???????_???????G?G?????@????????E????????G????????G?G??????E????????@?????????G?????????_?_??????@?????????@?@????????_?????????G?????????@_?????????C??????????G?G????????G??????????C??????????@?@?????????G??????????@_??????????@???????????@?@??????????o???????????K???????????@????????????C?C??????????G????????????K????????????E?????????????o????????????C?????????????O?????????????_@????????????_?????????????O?_???????????C?G????????????_?????????????B??????????????E??????????????A??????????????@?C?????????????O??????????????E???????????????K???????????????E???????????????C???????????????A?_??????????????o???????????????B????????????????G_???????????????OG???????????????WG???????????????B_,u|eMID`GH_a@E@A?`_GG@@_CB?GA?GB?C?o@?E?G?W?_?o@??o@??O?_?M?G??_@??E?C??M?G??C?G??E?C??@_@???K?G???o?_??@_@???@_@????o?_???M?G????_@????E?C????M?G????C?G????F?C?????o@?????E?G?????W?_?????w@??????[@??????CB_?????B?G??????[@???????{C???????Xw,4,5
104,~?@gsP@H?OC?O`?@??_?G?B??G??O??O??G??E???_??A?_?K???G???C???@????W???@????A?G??E????A?????_????C?G???O?????_?????_?????o?????K?????@??????C??????G?G????G??????C?C????@???????W???????_??????@?@?????B???????@_???????O???????A?@??????G????????O?G??????o????????G????????A?@???????W????????@?????????A?????????A?@???????@??????????O?G???????A??????????G??????????W??????????G??????????C??????????@?@?????????G???????????_?_????????@???????????B????????????_???????????G?G?????????@_???????????E????????????G????????????G?G??????????C?C??????????B?????????????K?????????????W?????????????_?????????????_?????????????O?_???????????C??????????????_@????????????A?C????????????C??????????????A??????????????@???????????????O@?????????????A?G?????????????G???????????????o???????????????W???????????????B????????????????o???????????????E????????????????EC???????????????G_???????????????GG???????????????EC,u|eMID`GH_a@E@A?`_GG@@_CB?GA?GB?C?o@?C?G?o?_@_@?@?@?@o?_?G?G?B_@??C?C??W?G??[?G??C?C??B?@???W?G??@_?_??B?@???B_@????_?_???[?G???@o@????A?C????K?G????M?G????A?C????@o@?????E?G?????W?_?????w@??????Q@??????]?_?????@_O??????M@???????]C???????Mw,4,4
104,~?@gsP@H?OC?O`?@??_?G?B??G??O??O??G??E???_??A?_?K???G???C???@????W???@????A?G??E????A?????_????C?G???O?????_?????_@????o?????K?????@??????C??????G?G????G??????C?C????@???????W???????_??????@?@?????B????????_???????G???????@????????C????????W????????G????????C?C??????@_????????G?????????_????????@?@???????@??????????_?_???????G?G???????B??????????K??????????W??????????O??????????G??????????A?@?????????O??????????@??_????????A???????????E???????????@????????????O?G?????????@????????????C????????????G?G??????????G????????????C?C??????????B?????????????K?????????????W?????????????_?????????????_?????????????O?_???????????E??????????????o?????????????@_?????????????@??????????????@???????????????_C?????????????G@?????????????@???????????????K???????????????K???????????????C???????????????A?_??????????????_G??????????????K????????????????KC???????????????O_???????????????OG???????????????KC,u|eMID`GH_a@E@A?`_GG@@_CB?GA?GB?C?o@?C?G?o?_@_@?@?@?@o?_?G?G?B_@??C?C??W?G??[?G??C?C??B?@???[?G???_?_??B?@???B?@???@_?_???O?G???F?@????M?C????G?G????W?G????M?C????@?@?????]?G?????O@_????@o@??????w@??????H?_?????F_G??????KA???????yC???????NW,4,4
104,~?@gsP@H?OC?O`?@??_?G?B??G??O??O??G??E???_??A?_?K???G???C???@????W???@????A?G??E????A?????_????C?????O?????_?????_@????o?????K?????@??????C??????G?G????G??????C?C????@???????W??????@_??????A???????A?@?????B????????O???????A????????G????????O????????o????????G????????A?@???????W????????@?????????A?????????A?@???????@??????????O?????????A?@????????G?C????????o??????????o??????????W??????????C???????????_?G????????A??_????????C???????????C?@?????????A???????????@_???????????E????????????O????????????_?G??????????O????????????G?C??????????A?????????????O????????????@?????????????@_?????????????o?????????????O?????????????C??????????????_@????????????A??????????????E??????????????B??????????????@_??????????????W??????????????B???????????????C?_?????????????G???????????????W???????????????E???????????????@_???????????????C@???????????????P????????????????k????????????????E?????????????????s,u|eMID`GH_a@E@A?`_GG@@_CB?GA?GB?C?o@?C?G?o?_@_@?@?@?@o?_?G?G?B_@??C?C??W?G??W?G??K?C??A?@???o?G??B_?_??A?@???E?@???B??_???o?G???F?@????M?C????G?G????W?G????M?C????@_@?????G?G????@w?_?????oB??????o@??????X?_?????F_G??????KE???????wC???????uW,4,4
104,~?@gsP@H?OC?O`?@??_?G?B??G??O??O??G??E???_??A?_?K???G???C???@????W???@????A?G??E????A?????_????C?G???O?????_?????_@????o?????K?????@??????C??????G?G????G??????C??????@???????W???????_??????@?@?????B????????_???????G???????@????????C????????W????????G????????C?C??????B?????????W????????@?????????A?????????A?@???????@??????????O?G???????A?@????????W??????????o??????????o??????????O??????????C?@?????????_?G????????A???????????C???????????C?@?????????A???????????@_???????????C????????????O?C??????????O????????????O?G??????????G????????????A?????????????O?????????????o????????????@_?????????????o?????????????O?????????????C??????????????_@????????????B??????????????B??????????????B??????????????@_??????????????W??????????????@???????????????C?_?????????????G@??????????????W???????????????E????????????????_G??????????????C????????????????O????????????????oG???????????????Go???????????????D_,u|eMID`GH_a@E@A?`_GG@@_CB?GA?GB?C?o@?C?G?o?_@_@?@?@?@o?_?G?G?B?@??K?C??O?G??o?G??[?C??A?@???o?G??B_?_??A?@???E?@???B??_???o?G???F?@????K?C????[?G????G?G????K?C????B_@?????G?G????@w?_?????oB??????o@??????W?_?????F?G??????[B???????os??????@uG,0,0
104,~?@gsP@@?PC?O`?@?@_?O?A??G??O??O??GC?E???_??A???C???K???C???@?G??W???@????A?G??A????@?????O????E?????W?????_?????_?????O?_???C??????_?????A??????C??????C?G????E??????@_??????G???????_?_????@???????@?@?????@_???????G???????@?@??????K????????W????????O????????G?C??????A?????????O????????@??_??????A?????????B??????????_?????????G?????????@?@????????C??????????G?G????????G??????????C?C????????@???????????G?G????????@_??????????@_??????????@????????????_?_?????????G?G?????????B????????????C????????????G?G??????????K????????????A?????????????_@???????????C?????????????O?????????????_@????????????_?????????????G?????????????A??????????????O@????????????@??????????????A?G????????????A?G????????????@_??????????????W??????????????@_??????????????E???????????????K???????????????E????????????????_???????????????GG??????????????@_???????????????A????????????????CG???????????????EG???????????????@o,u|eMID@WH_a@E@A?`_GK@?oC@?GB?G@?C?o@?E?G?W?_?_@?@_@??o?_?G?G?B?@??K?C??W?G??W?G??K?C??B?@???W?G??@o?_??@_@???@_@????w?_???C?G???@_@????E?C????M?G????E?G????B?C?????o@?????F?G?????K?_?????[@??????G@??????M?_?????@oG??????EF???????Wc???????}G,0,0
104,~?@gsP@@?PC?O`?@?@_?O?A??G??O??O??G??E???_??A?_?C???K???C???@?G??W???@????A?G??E????A?????_@???C?????W?????_?????_?????O?????C??????_@????A??????C??????C?G????A???????o??????C???????O?_?????_@?????@_???????o???????G???????@?@??????E????????G????????G?G??????E????????@?????????G?G???????_?????????_?????????_?????????O?????????C??????????_?????????A?C????????C??????????C??????????A?C?????????_??????????E???????????W???????????o???????????o???????????W???????????C????????????_@??????????B????????????C????????????C?G??????????B?????????????_????????????C?G???????????O?????????????_?????????????_@????????????O?????????????C?G????????????o?????????????@??????????????B??????????????@???????????????o??????????????K???????????????o??????????????@???????????????B@??????????????A???????????????@__??????????????O???????????????A@???????????????GC???????????????OG???????????????OG???????????????DC,u|eMID@WH_a@E@A?`_GG@@_CB?GB?G@?C?o@?E?G?W?_?o@??o@??O?_?M?G??_@??F?C??E?G??E?G??B?C???o@???E?G???W?_???o@????o@????O?_???M?G????_B????F?C????E?G????E?G????B?C?????o@?????E?G?????[?_?????W@??????S@??????F?_??????oG??????F@???????NC???????Fw,4,4
104,~?@gsP@@?PC?O`?@?@_?O?A??G??O??O??G??E???_??A?_?C???K???C???@?G??W???@????A?G??E????A?????_@???C?????W?????_?????_?????O?????C??????_@????A??????C??????C?G????A???????o??????C???????O?_?????_@?????@_???????o???????G???????@?@??????E????????G????????G?G??????E????????@?????????G?G???????_?????????_?????????_?????????O?????????C??????????_?????????A?C????????C??????????C??????????A?C?????????_??????????E???????????W???????????o???????????o???????????W???????????E????????????W???????????@????????????A?G??????????B????????????@?????????????O@???????????A?????????????G?????????????O@????????????O?????????????G?????????????A?G????????????O?????????????@_?????????????@??????????????@_??????????????o??????????????E???????????????o??????????????@_??????????????A???????????????B@??????????????@????????????????OG??????????????A@???????????????GC???????????????W????????????????I?????????????????[,u|eMID@WH_a@E@A?`_GG@@_CB?GB?G@?C?o@?E?G?W?_?o@??o@??O?_?M?G??_@??F?C??E?G??E?G??B?C???o@???E?G???W?_???o@????o@????O?_???M?G????_B????F?C????E?G????E?G????B?C?????o@?????F?G?????K?_?????W@??????S@??????F?_??????oG??????F@???????NC???????Fw,0,0
104,~?@gsP@H?OC?O`?@??_?G?B??G??O??O??G??E???_??A?_?K???G???C???@????W???@_???B????A????@?C???O????A?????G?_???O?????o?????W?????C??????_@????A??????C??????C??????B???????_??????C?G?????W???????_???????_???????O???????C????????o???????B????????E????????C????????A?C???????_????????C?????????O?_???????_@???????@_?????????o?????????K?????????@??????????C?C????????G??????????G??????????C??????????@_??????????G???????????_?_?????????_???????????_???????????O???????????C?G??????????_???????????B????????????E????????????E????????????B?????????????O????????????B?????????????K?????????????W?????????????K?????????????C?????????????@?G????????????G@?????????????_?????????????@_?????????????@???????????????_C?????????????G??????????????@?G?????????????C?_?????????????G???????????????E???????????????B????????????????O???????????????B????????????????B????????????????E????????????????BG???????????????@o,u|eMID`GH_a@E@B?__GK@?oC@?GB?G@_C?O@?E?G?W?_?o@??o@??W?_?C?G?@o@??B?C??C?G??M?G??B?C???_@???K?G???o?_??@_@???@_@????o?_???K?G???@?@????M?C????K?W????G?G????N?C?????_B?????K?G?????w?_?????o@??????w@??????K?_?????AoG??????D@???????NC???????Fw,4,5
104,~?@gsP@H?OC?O`?@??_?G?B??G??O??O??G??E???_??A?_?K???G???C???@????W???@_???B????A????@?????O@???A?????G?_???O?????o?????W?????C??????_@????A??????C??????C??????E???????_??????C?G?????W???????_???????_???????O???????C????????o???????B????????E????????C????????A?C???????_@???????C?????????O?_???????_????????@_?????????o?????????K?????????@??????????C?C????????G??????????G??????????C???????????_??????????C?G?????????W???????????_???????????_@??????????O???????????C????????????_@??????????B????????????E????????????E????????????B?????????????O????????????A?G???????????G?????????????W?????????????W?????????????C?????????????@?G????????????G??????????????_C????????????@??????????????@?G?????????????o??????????????G??????????????@?G?????????????C?_?????????????G@??????????????K???????????????B????????????????O???????????????A@???????????????GC???????????????CG???????????????CG???????????????BC,u|eMID`GH_a@E@B?__GK@?oC@?GB?G@_C?O@?E?G?W?_?o@??o@??W?_?C?G?@_@??F?C??C?G??M?G??B?C???_@???K?G???o?_??@_@???@_@????o?_???K?G???@?@????N?C????C?W????M?G????B?C?????o@?????E?G?????[?_?????W@??????[@??????D?_??????wG??????B@???????NC???????Fw,4,4
104,~?@gsP@H?OC?O`?@??_?G?B??G??O??O??G??E???_??A?_?K???G???C???@????W???@_???B????A????@?C???O????A?????G?_???O?????o?????W?????C??????_?????A??????C??????C??????B???????_??????C?G?????W???????_???????_@??????O???????C?G?????@_???????E????????K????????K????????C????????@?@???????G?????????_????????@?@???????@??????????o?????????C??????????_?????????A??????????C??????????C??????????A???????????o??????????C???????????O?_?????????o???????????_???????????O?_?????????C?G?????????@_???????????E????????????K????????????K????????????E????????????@_????????????C?????????????O?????????????_@????????????_?????????????G?????????????A?G????????????O?????????????@?C????????????A??????????????A?G????????????@_??????????????W??????????????@_??????????????E???????????????E???????????????B????????????????o???????????????C????????????????`???????????????AC???????????????CG???????????????CG???????????????BC,u|eMID`GH_a@E@B?__GK@?oC@?GB?G@_C?O@?E?G?W?_?_@?@_@??o?_?K?G?@?@??M?C??K?G??G?G??M?C??@_@???K?G???w?_???_@???@_@????o?_???K?G???@_@????C?C????[?G????K?W????C?C????B_@?????K?G?????w?_?????o@??????w@??????M?_?????@WG??????B`???????FC???????Fw,4,5
104,~?@gsP@H?OC?O`?@??_?G?B??G??O??O??G??E???_??A?_?K???G???C???@????W???@_???B????A????@?????O????A?????G?_???O?????o?????W?????C??????_@????A??????C??????C?G????E??????@_??????G???????_?_????@_??????@????????_???????G???????@????????E????????K????????C????????A?????????_????????C?????????O?????????_@????????_@????????o?????????K?????????@_?????????C??????????G?G????????G??????????C?C????????B???????????W??????????@_??????????A???????????A?@??????????_???????????G???????????@????????????C?C??????????G????????????K????????????A?????????????_????????????C?????????????O?_???????????_?????????????o?????????????W?????????????E??????????????W?????????????@??????????????B?G????????????B??????????????@_??????????????K??????????????@_??????????????A???????????????C@??????????????C@??????????????A????????????????OG??????????????A@???????????????GC???????????????W????????????????E?????????????????[,u|eMID`GH_a@E@B?__GK@?oC@?GB?G@_C?O@?E?G?W?_?o@??o@??W?_?E?G??o@??B?C??C?G??M?G??B?C???_@???K?G???o?_??@_@???@_@????o?_???K?G???@_@????E?C????K?G????G?G????N?C?????_B?????K?G?????w?_?????o@??????w@??????K?_?????B_G??????L@???????NC???????Fw,4,5
104,~?@gsP@H?OC?O`?@??_?G?B??G??O??O??G??E???_??A?_?K???G???C???@????W???@_???B????A????@?C???O????A?????G?_???O?????o?????W?????C??????_?????A??????C??????C??????B???????_??????C?G?????W???????_???????_???????O???????C???????@_???????E????????K????????K????????C????????@?@???????G?????????_????????@?@???????@?@???????@_?????????W?????????B??????????G??????????O??????????O?G????????G??????????A???????????O??????????@_??????????A???????????A?@??????????_???????????G???????????@????????????C?C??????????G????????????W????????????E????????????@_????????????K?????????????o?????????????_?????????????o?????????????W?????????????E??????????????W?????????????@??????????????A?G????????????A?G????????????@?C?????????????O??????????????B???????????????K???????????????G???????????????G@??????????????C?_?????????????@????????????????B@???????????????K????????????????K????????????????B?????????????????[,u|eMID`GH_a@E@B?__GK@?oC@?GB?G@_C?O@?E?G?W?_?_@?@_@??o?_?K?G?@?@??M?C??K?G??G?G??M?C??@_@???G?G??@_?_??B?@???B?@???@??_???w?G???B?@????K?C????O?G????w?G????K?K????A?@?????{?G?????_@_????B?@?????B_@??????o?_?????N?G??????WB??????@YC???????NW,4,4
104,~?@gsP@H?OC?O`?@??_?G?B??G??O??O??G??E???_??A?_?K???G???C???@????W???@_???B????A????@?????O????A?????G?_???O?????o?????W?????C??????_@????A??????C??????C??????E??????@_??????G???????_?_????@_??????@????????_???????G???????@????????E????????K????????K????????C????????@?????????G?G???????_????????@?????????@?@????????_?_???????W?????????B??????????K??????????O??????????O?G????????G??????????A???????????O??????????B???????????B???????????A???????????@??_?????????G???????????@????????????C????????????G?G??????????G????????????E????????????@_????????????K?????????????_????????????@?@???????????@?@????????????_?_???????????K?????????????@_?????????????E??????????????E??????????????E??????????????@???????????????O@?????????????A???????????????A?_?????????????C@??????????????C???????????????A?_??????????????_G??????????????E????????????????K????????????????E????????????????@_????????????????[,u|eMID`GH_a@E@B?__GK@?oC@?GB?G@_C?O@?E?G?W?_?o@??o@??W?_?C?G?@_@??E?C??K?G??G?G??M?C??@_@???G?G??@_?_??B?@???B?@???@_?_???W?G???B?@????G?C????o?G????w?G????K?C????A?@?????{?G?????_@_????B?@?????B_@??????w?_?????F?G??????PP??????BwC???????No,0,0
104,~?@gsP@H?OC?O`?@??_?G?B??G??O??O??G??E???_??A?_?K???G???C???@????W???@_???B????A????@?C???O????A?????G?_???O?????o?????W?????C??????_@????A??????C??????C??????B???????_??????C?G?????W???????_???????_???????O???????C????????o???????B????????E????????C????????A?C???????_@???????C?????????O?_???????_????????@_?????????o?????????K?????????@??????????C?C????????G??????????G??????????C???????????_??????????C?G?????????W???????????_???????????_@??????????O???????????C????????????_@??????????B????????????E????????????E????????????B?????????????O????????????A?G???????????G?????????????W?????????????W?????????????C?????????????@?G????????????G??????????????_C????????????@??????????????@?G?????????????o??????????????G??????????????@?G?????????????C?_?????????????G@??????????????K???????????????B????????????????O???????????????A@???????????????GC???????????????CG???????????????CG???????????????BC,u|eMID`GH_a@E@B?__GK@?oC@?GB?G@_C?O@?E?G?W?_?o@??o@??W?_?C?G?@o@??B?C??C?G??M?G??B?C???_@???K?G???o?_??@_@???@_@????o?_???K?G???@?@????N?C????C?W????M?G????B?C?????o@?????E?G?????[?_?????W@??????[@??????D?_??????wG??????B@???????NC???????Fw,4,4
104,~?@gsP@@?OE?O?_@_?_?GGB??G??O??O??W??C???_??A???C???C???A???@_???K????_???@????@?G??@_????W????A?????G?_???o?????o?????O?????C??????_@????A??????K??????C??????A???????_@?????C???????O???????_???????_???????O???????K????????o???????A????????C?G??????C?G??????E?????????o????????C?????????O?_??????@_????????@_?????????o?????????G?????????@??????????C?C????????G??????????C??????????A???????????_@?????????C???????????O???????????_???????????_@??????????O???????????C???????????@_???????????B????????????E????????????E????????????@_????????????W????????????B?????????????E?????????????K?????????????G?????????????C?_???????????@?G????????????G??????????????_?????????????@?G????????????@???????????????_??????????????G@?????????????@?G?????????????C???????????????E???????????????E???????????????@_???????????????W????????????????o???????????????B????????????????AG???????????????AG???????????????@c,u|fIID`GH_a@E@A?`_GK@?_CB?GA?GB_C?O@?E?G?W?_?_@?@o@??O?_?K?G?@o@??A?C??M?G??C?G??F?C???_@???K?G???o?_??@_@???@?@???@o?_???G?G???Bo@????A?K????M?G????C?G????F?C?????_B?????M?G?????W?_?????o@??????w@??????I?_?????@oG??????D@???????NC???????Fw,0,0
104,~?@gsP@@?OE?O?_@_?_?GGB??G??O??O??W??C???_??A???C???C???A???@_???K????_???@????@?G??@_????W????A?????G?_???o?????o?????O?????C??????_@????A??????K??????C??????A???????_@?????C???????O???????_???????_???????O???????K????????o???????A????????C?G??????C?G??????E?????????o????????C?????????O?_??????@_????????@_?????????o?????????G?????????@??????????C?C????????G??????????C??????????A???????????_@?????????C???????????O???????????_???????????_@??????????O???????????C?G?????????@_???????????B????????????E????????????E????????????@_????????????O????????????A?G???????????W?????????????W?????????????G?????????????C?????????????@?G????????????G??????????????_?????????????@?G????????????@?G?????????????_??????????????G@?????????????@?G?????????????C?_?????????????W???????????????K???????????????E????????????????O???????????????A@???????????????AC???????????????CG???????????????CG???????????????BC,u|fIID`GH_a@E@A?`_GK@?_CB?GA?GB_C?O@?E?G?W?_?_@?@o@??O?_?K?G?@o@??A?C??M?G??C?G??F?C???_@???K?G???o?_??@_@???@?@???@o?_???G?G???Bo@????A?K????M?G????C?G????F?C?????_@?????M?G?????[?_?????O@??????w@??????I?_?????@oG??????F@???????NC???????Fw,0,0
104,~?@gsP@@?OE?O?_@_?_?GGB??G??O??O??W??C???_??A???C???C???A???@_???K????_???@?G??@????@_????W????A?????G?_???o?????o?????O?????C??????_@????A??????E??????C??????A???????_@?????C???????O???????_???????_???????O???????K????????o???????A????????C?G??????C?G??????E?????????o????????C?????????O?_??????@_????????@_?????????o?????????G?????????@??????????C?C????????G??????????C??????????A???????????_@?????????C???????????O???????????_???????????_@??????????O???????????C???????????@_???????????B????????????E????????????E????????????@_????????????W????????????B?????????????E?????????????K?????????????G?????????????C?_???????????@?G????????????G??????????????_?????????????@?G????????????@???????????????_??????????????G@?????????????@?G?????????????C???????????????E???????????????E???????????????@_???????????????W????????????????o???????????????B????????????????AG???????????????AG???????????????@c,u|fIID`GH_a@E@A?`_GK@?_CB?GA?GB_C?O@?E?G?W?_?_@?@o@??O?_?M?G??o@??A?C??M?G??C?G??F?C???_@???K?G???o?_??@_@???@?@???@o?_???G?G???Bo@????A?K????M?G????C?G????F?C?????_B?????M?G?????W?_?????o@??????w@??????I?_?????@oG??????D@???????NC???????Fw,3,3
104,~?@gsP@@?OE?O?_@_?_?GGB??G??O??O??W??C???_??A???C???C???A???@_???K????_???@?G??@????@_????W????A?????G?_???o?????o?????O?????C??????_@????A??????E??????C??????A???????_??????C?G?????O???????_???????_???????O?_?????K????????o???????A????????C?G??????C?G??????E????????@_????????C?????????O?_??????@_????????@_?????????O?????????C??????????_@????????A??????????A??????????A??????????@???????????O@?????????A???????????G???????????O???????????O@??????????W???????????B????????????W???????????@_???????????B????????????@?????????????_C???????????W????????????B?????????????C?????????????G?????????????G@????????????C?????????????@??????????????K??????????????O??????????????_??????????????_G?????????????OC?????????????K???????????????o??????????????B???????????????E???????????????A@??????????????B????????????????G???????????????@@???????????????CC???????????????GG???????????????CG???????????????BC,u|fIID`GH_a@E@A?`_GK@?_CB?GA?GB_C?O@?E?G?W?_?_@?@o@??O?_?M?G??o@??A?C??K?G??K?G??F?C???_@???K?G???w?_???_@???@o@????O?_???N?G????OB????B?C????E?G????F?G????@?C?????o@?????F?G?????G?_?????w@??????S@??????E?_?????@wG??????AB???????]C???????NW,4,5
104,~?@gsP@@?OE?O?_@_?_?GGB??G??O??O??W??C???_??A???C???C???A???@_???K????_???@?G??@????@_????W????A?????G?_???o?????o?????O?????C??????_@????A??????E??????C??????A???????_@?????C???????O???????_???????_???????O???????K????????o???????A????????C?G??????C?G??????E?????????o????????C?????????O?_??????@_????????@_?????????o?????????G?????????@??????????C?C????????G??????????C??????????A???????????_@?????????C???????????O???????????_???????????_@??????????O???????????C?G?????????@_???????????B????????????E????????????E????????????@_????????????W????????????B?????????????E?????????????C?????????????C?????????????A?_????????????_?????????????C??????????????OC?????????????_??????????????_??????????????OC?????????????C@?????????????@_??????????????B???????????????E???????????????B???????????????@_???????????????C????????????????`???????????????AC???????????????CG???????????????CG???????????????BC,u|fIID`GH_a@E@A?`_GK@?_CB?GA?GB_C?O@?E?G?W?_?_@?@o@??O?_?M?G??o@??A?C??M?G??C?G??F?C???_@???K?G???o?_??@_@???@?@???@o?_???G?G???Bo@????A?K????M?G????C?G????F?C?????_B?????M?G?????[?_?????O@??????w@??????I?_?????@oG??????D@???????NC???????Fw,0,0
104,~?@gsP@@?OE?O?_@_?_?GGB??G??O??O??W??C???_??A???C???C???A???@_???K????_???@????@????@_????W????A?????G?_???o?????o?????O?????C??????_?????A??????K??????K??????C??????@???????G?G?????_??????@???????@????????_?_?????G???????B????????K????????W????????O????????G????????A?@???????O????????B?????????B?????????B?????????@_?????????K?????????@??????????C??????????G?G????????G??????????C?C????????B???????????K???????????_??????????@???????????@?@??????????_???????????G???????????@?@??????????C????????????W????????????K????????????A?????????????_????????????C?G???????????O????????????@_?????????????o?????????????W?????????????B??????????????O?????????????@??????????????A?G????????????A?G????????????B???????????????W??????????????A???????????????K???????????????G???????????????G@??????????????C?_?????????????B????????????????C@???????????????W????????????????P????????????????w?????????????????w,u|fIID`GH_a@E@A?`_GK@?_CB?GA?GB_C?O@?E?G?W?_?_@?@_@??o?_?G?G?B?@??K?C??W?G??O?G??[?C??A?@???w?G??@?@_??F?@???B?@???@??_???w?G???B?@????K?C????[?G????K?G????C?C????B_@?????I?W?????[?_?????W@??????O@??????[?_?????B?W??????[@???????ok??????@]G,0,0
104,~?@gsP@@?OE?O?_@_?_?GGB??G??O??O??W??C???_??A???C???C???A???@_???K????_???@????@????@_????W????A?????G?_???o?????o?????O?????C??????_?????A??????K??????K??????C??????@???????G?G?????_??????@???????@????????_?_?????G???????B????????K????????W????????O????????G????????A?@???????O????????B?????????B?????????B?????????@_?????????K?????????@??????????C??????????G?G????????G??????????C?C????????B???????????K???????????_??????????@?@?????????@?@??????????_???????????G???????????@?@??????????C????????????W????????????K????????????A?????????????_????????????C?G???????????O?????????????W?????????????W?????????????E?????????????@??????????????G??????????????_C????????????@?G????????????B???????????????o??????????????K???????????????_??????????????A?_?????????????C@??????????????K???????????????@?_??????????????O???????????????A@???????????????K????????????????C????????????????BG????????????????w,u|fIID`GH_a@E@A?`_GK@?_CB?GA?GB_C?O@?E?G?W?_?_@?@_@??o?_?G?G?B?@??K?C??W?G??O?G??[?C??A?@???w?G??@?@_??F?@???B?@???@??_???w?G???B?@????K?C????[?G????K?G????F?C?????g@?????B_G?????E?_?????G@??????[@??????E@_?????@oG??????F@???????NC???????Dw,4,4
104,~?@gsP@@?OE?O?_@_?_?GGB??G??O??O??W??C???_??A???C???C???A???@_???K????_???@?G??@????@_????W????A?????G?_???o?????o?????O?????C??????_?????A??????E??????C??????A???????_@?????C???????O???????_???????_???????O???????K???????@_???????E????????G????????G?G??????C????????B?????????K?????????o????????@_????????@_?????????o?????????G?????????@??????????C?C????????G??????????G?G????????E??????????@???????????G???????????_?_????????@???????????@????????????_???????????G?G?????????@????????????K????????????K????????????C????????????A?C???????????_????????????K?????????????W?????????????o?????????????o?????????????K?????????????A??????????????O@????????????@?C????????????A?G????????????B??????????????@???????????????W??????????????@???????????????C???????????????G@??????????????G???????????????@?_??????????????OG??????????????A@???????????????[????????????????W????????????????K?????????????????k,u|fIID`GH_a@E@A?`_GK@?_CB?GA?GB_C?O@?E?G?W?_?_@?@_@??o?_?G?G?B_@??E?C??G?G??[?G??C?C??B_@???G?W??@_?_??B?@???B?@???@??_???w?G???B?@????M?C????K?G????G?G????M?C????@OB?????E?G?????[?_?????W@??????[@??????F?_??????oG??????D`???????FC???????Fw,4,5
104,~?@gsP@@?OE?O?_@_?_?GGB??G??O??O??W??C???_??A???C???C???A???@_???K????_???@?G??@????@_????W????A?????G?_???o?????o?????O?????C??????_?????A??????E??????C??????A???????_@?????C???????O???????_???????_@??????O???????K???????@_???????E????????G????????G?G??????C????????B?????????K?????????o????????@_?????????o?????????O?????????C??????????_@????????A??????????C??????????E??????????A???????????_??????????C?G?????????O???????????_???????????_@??????????O???????????K????????????o???????????B????????????E????????????A????????????B?????????????W????????????B?????????????E?????????????G?????????????G?????????????C?_???????????@??????????????K??????????????_?????????????@?G????????????@?G?????????????_??????????????G@?????????????@?G?????????????K???????????????K???????????????K???????????????A????????????????W????????????????_???????????????B????????????????B????????????????B_????????????????w,u|fIID`GH_a@E@A?`_GK@?_CB?GA?GB_C?O@?E?G?W?_?_@?@_@??o?_?G?G?B_@??E?C??G?G??[?G??C?C??B_@???G?W??@o?_??@_@???@?@???@o?_???K?G???@?@????M?C????K?W????G?G????M?C????@O@?????F?G?????K?_?????O@??????w@??????K@_?????AoG??????F@???????NC???????Dw,4,4
104,~?@gsP@@?OC?O`?@?@_?O?A@?W??_??_??O??C??@_??C???G???G???C???@????G???@_???B????B????@?????O????A?????W?????o?????_?????O?_???K?????@_?????C??????G?G????G??????C??????@???????W??????@_??????A???????A???????@??_?????O???????A????????G????????O?G??????O????????K????????B?????????W????????@?????????A?????????A?@???????@??????????o?????????B??????????K??????????W??????????K??????????C??????????@?@?????????G???????????_?_????????@???????????B????????????o???????????G???????????@?@??????????C?C??????????G????????????G????????????C?C??????????@?????????????K?????????????W?????????????_?????????????_@????????????O?_???????????C??????????????W?????????????@_?????????????@_?????????????@???????????????_C?????????????G@?????????????@???????????????B???????????????E???????????????A???????????????@?_??????????????OG??????????????@_???????????????E????????????????E????????????????@_????????????????[,u|eMID@WH?e@C@E?`_GG@@_CB?GA?GB?C?_@?M?G?O?_@_@?@_@??o?_?K?G?@_@??C?C??W?G??W?G??K?C??A?@???w?G??@??_??F?@???A?B???B_?_???W?G???B?@????M?C????G?G????W?G????M?C????@_@?????M?G?????S?_?????[@??????K@??????F?_??????_G??????N@???????MK???????Ng,4,5
104,~?@gsP@@?OC?O`?@@@_?O?A@?W??_??_??O??C???_??A???C???C???A????_???K????_???@?G??B????@?????O@???E?????W?????_?????_@????o?????K?????@??????C?C????G??????G??????C??????@???????G???????_??????@?@?????@????????_???????G???????@?@??????C????????K????????G????????C?C??????B?????????W????????@_????????B?????????@_?????????o?????????K??????????o?????????A??????????C?G????????C??????????A???????????_??????????C?G?????????O???????????_???????????_@??????????O???????????C????????????_@??????????A????????????E????????????C????????????A?C??????????@_????????????E?????????????W?????????????W?????????????W?????????????E?????????????@??????????????G@?????????????_C????????????@??????????????@?G?????????????_C?????????????G??????????????@?G?????????????C???????????????G@??????????????G@??????????????A????????????????_G??????????????B????????????????E????????????????B????????????????@_????????????????[,u|eMID@WH?e@C@E?`?GW@@?CF?GA?GB?C?_@?M?G?O?_@_@?@_@??o?_?K?G?@?@??K?C??W?G??O?G??[?C??A?B???w?G??@??_??F?@???A?B???B_?_???W?G???B?@????K?C????O?G????o?G????[?C????A_@?????M?G?????S?_?????[@??????K@??????F?_??????_G??????N@???????MK???????Ng,4,5
104,~?@gsP@@?OE?O?_@_?_?G?B??G??O??O??W??C???_??A?_?K???G???C???@????W???@_???A????A????@?C???o????A?????G?????O?????o?????W?????C??????_@????A??????C??????K??????A???????_??????C?G?????o??????@_??????@????????_???????G?G?????@????????E????????K????????G????????C????????@?@???????W?????????_????????@?@???????@??????????_?_???????W?????????@_?????????C??????????G?G????????G??????????C??????????B???????????G???????????_??????????@?@?????????@_???????????O???????????C????????????_@??????????A????????????E????????????E????????????A?????????????_@???????????C?G???????????o?????????????_?????????????_@????????????O?_???????????K??????????????o?????????????A??????????????C?G????????????C?G????????????A???????????????O??????????????B???????????????A???????????????C???????????????C@??????????????A?_??????????????W???????????????B????????????????M????????????????K????????????????B?????????????????k,u|fIID`GH_a@E@A?`_GK@?_CB?GB?G@_C?O@?E?G?W?_?o@??o@??O?_?K?G?@o@??A?C??K?G??K?G??E?C??@_@???G?G??@o?_??@_@???@_@????o?_???G?G???B?@????M?C????G?G????W?G????M?C????@o@?????C?G?????w?_?????o@??????w@??????G?_?????F_G??????Gb??????@{C???????^O,4,5
104,~?@gsP@@?OE?O?_@_?_?GGB??G??O??O??W??C???_??A???C???C???A???@_???K????_???@????@????@_????W????A?????G?_???o?????o?????O?????C??????_@????A??????K??????K??????C??????@???????G?G?????_??????@???????@????????_?_?????G???????B????????E????????G????????G?G??????C????????@?????????W?????????o????????@_????????@_?????????W?????????C??????????_?????????A?C????????C??????????E??????????B???????????_??????????C?G?????????O?_?????????_???????????_???????????O?_?????????C???????????@_???????????B????????????C????????????C?G??????????A?????????????_????????????B?????????????K?????????????K?????????????G?????????????C?????????????@?G????????????G??????????????o?????????????@_?????????????@_??????????????O??????????????C@??????????????_G?????????????E???????????????E???????????????E???????????????@????????????????W????????????????_???????????????B????????????????B????????????????B_????????????????w,u|fIID`GH_a@E@A?`_GK@?_CB?GA?GB_C?O@?E?G?W?_?_@?@o@??O?_?K?G?@_@??E?C??G?G??[?G??C?C??B_@???G?W??@o?_??@_@???@?@???@o?_???G?G???B_@????E?C????K?G????M?G????A_C?????[@?????@_G?????C?_?????[@??????GB??????M?_?????@_W??????M@???????]C???????Iw,4,5
104,~?@gsP@@?OC?O`?@?@_?O?A@?W??_??_??O??C??@_??C???G???G???C???@????G???@_???B????B????@?????O@???A?????W?????o?????_?????O?_???K?????@_?????C??????G?G????G??????C??????@???????K???????_??????@???????@????????_?_?????G???????@?@??????C????????G????????K????????E????????@_????????G?????????_?_??????@?????????B?????????@_?????????G?????????@?@????????E??????????K??????????G??????????C?C????????@???????????G?G?????????_??????????@_??????????@????????????_???????????G???????????@?@??????????C????????????G?G??????????G????????????C????????????@_????????????E?????????????W?????????????O?????????????o?????????????W?????????????B??????????????K??????????????o?????????????@??????????????@?G?????????????_C?????????????K??????????????@???????????????C???????????????G@??????????????G@??????????????C?_?????????????@????????????????G@???????????????W????????????????OW???????????????o????????????????BC,u|eMID@WH?e@C@E?`_GG@@_CB?GA?GB?C?_@?M?G?O?_@_@?@_@??o?_?K?G?@_@??C?C??[?G??K?G??C?C??B?@???W?G??@o?_??@_@???@_@????o?_???K?G???@o@????A?C????M?G????E?W????A?C????@_@?????K?G?????w?_?????oB??????o@??????W?_?????F?G??????U@???????O{??????@uG,4,5
104,~?@gsP@@?OE?O?_@_?_?GGB??G??O??O??W??C???_??A???C???C???A???@_???K????_???@?G??@????@_????W????A?????G?_???o?????o?????O?????C??????_?????A??????E??????C??????A???????_??????C?G?????O???????_@??????_???????O???????K???????@_???????E????????G????????G?G??????C????????B?????????W?????????_????????@?@???????@_?????????o?????????G?????????@??????????C?C????????G??????????G?G????????E??????????@???????????G???????????_??????????@?@?????????@????????????_?_?????????G???????????@????????????K????????????K????????????C????????????A?C???????????_????????????K?????????????o?????????????o?????????????W?????????????K?????????????A??????????????O?????????????@?C????????????A?G????????????B??????????????@???????????????O??????????????A?G?????????????G?_?????????????O@??????????????O???????????????G?_?????????????E????????????????G@???????????????_C??????????????@@G??????????????B?????????????????KC,u|fIID`GH_a@E@A?`_GK@?_CB?GA?GB_C?O@?E?G?W?_?_@?@_@??o?_?G?G?B_@??E?C??G?G??W?G??K?C??B_@???K?G???o?_??@_@???@?@???@o?_???K?G???@o@????B?C????C?G????K?G????E?C????@o@?????E?W?????W?_?????o@??????_@??????w?_?????F?W??????WD??????@Bc??????FWG,4,5
104,~?@gsP@@?OE?O?_@_?_?GGB??G??O??O??W??C???_??A???C???C???A???@_???K????_???@?G??@????@_????W????A?????G?_???o?????o?????O?????C??????_?????A??????E??????C??????A???????_??????C?G?????O???????_@??????_???????O?_?????K???????@_???????E????????G????????G?G??????C????????B?????????W?????????_????????@?@???????@_?????????O?????????C??????????_?????????A??????????C??????????E??????????A???????????_??????????C???????????O?_?????????_???????????_@??????????O?_?????????K???????????@_???????????E????????????K????????????K????????????A????????????@_????????????K?????????????O?????????????_@????????????O@????????????G?????????????A??????????????O?????????????@?C????????????B??????????????A??????????????@???????????????O@?????????????A?G?????????????E???????????????K???????????????K???????????????B????????????????OG??????????????E????????????????E????????????????C????????????????DG????????????????w,u|fIID`GH_a@E@A?`_GK@?_CB?GA?GB_C?O@?E?G?W?_?_@?@_@??o?_?G?G?B_@??E?C??G?G??W?G??K?C??B_@???K?G???w?_???_@???@_@????o?_???K?G???@?@????M?C????K?W????G?G????K?C????B?@?????[?G?????w?_?????_F?????@_@??????o?_?????M?G??????k@???????_{??????BeG,4,5
104,~?@gsP@@?OE?O?_@_?_?GGB??G??O??O??W??C???_??A???C???C???A???@_???K????_???@????@????@_????W????A?????G?_???o?????o?????O?????C?G????_?????A??????K??????K??????C??????@???????G???????_?_????@???????@?@??????_???????G???????@_???????E????????G????????G????????C?C??????@?????????W????????@_????????@?????????@?@????????o?????????K?????????@??????????C?C????????G??????????G??????????K??????????@_??????????G???????????_?_????????@???????????@?@??????????_???????????G?G?????????@????????????C????????????K????????????K????????????C????????????@?@???????????G?G???????????_????????????@_?????????????o?????????????K?????????????B??????????????O?????????????@?C????????????A?G????????????A???????????????o??????????????G??????????????@?G?????????????C?_?????????????G@??????????????G???????????????C?_??????????????o???????????????E????????????????G????????????????EG???????????????B?????????????????s,u|fIID`GH_a@E@A?`_GK@?_CB?GA?GB_C?O@?E?G?W?_?o@??o@??O?_?K?G?@_@??E?C??G?G??W?G??K?C??B_@???K?G???o?_??@_@???@_@????o?_???G?G???B?@????M?C????K?G????K?G????E?C????@o@?????E?W?????W?_?????o@??????w@??????G?_?????F_G??????KB???????uC???????NW,0,0
104,~?@gsP@@?OE?O?_@_?_?GGB??G??O??O??W??C???_??A???C???C???A???@_???K????_???@????@?G??@_????W????A?????G?_???o?????o?????O?????C?G????_?????A??????K??????C??????A???????_@?????C???????O???????_@??????_???????O???????E????????o???????A????????C????????C?G??????E?????????o????????C?????????O?_???????o?????????o?????????O?????????C?G????????_?????????A??????????K??????????C??????????A???????????_@?????????C???????????O???????????_@??????????_???????????O???????????E????????????o???????????A????????????C?G??????????C?G??????????E?????????????o????????????E?????????????K?????????????W?????????????O?????????????G?_???????????A?G????????????O??????????????_?????????????@??????????????@?G?????????????_??????????????G@?????????????@???????????????C?_?????????????E???????????????E???????????????B????????????????W???????????????@_???????????????B????????????????AG???????????????B?????????????????k,u|fIID`GH_a@E@A?`_GK@?_CB?GA?GB_C?O@?E?G?W?_?o@??o@??O?_?K?G?@o@??A?C??M?G??C?G??F?C???o@???E?G???W?_???o@????o@????O?_???K?G???@o@????A?C????M?G????C?G????F?C?????oB?????E?G?????W?_?????w@??????O@??????]?_?????@?W??????[@???????kK???????]g,4,5
104,~?@gsP@@?OE?O?_@_?_?GGB??G??O??O??W??C???_??A???C???C???A???@_???K????_???@?G??@????@_????W????A?????G?_???o?????o?????O?????C?G????_?????A??????E??????C??????A???????_??????C?G?????O???????_@??????_???????O???????E????????o???????A????????C?G??????C????????E????????@_????????C?????????O?_???????o?????????o?????????O?????????C?G????????_?????????A??????????E??????????C??????????A???????????_??????????C?G?????????O???????????_@??????????_???????????O???????????E????????????o???????????B????????????A????????????E????????????B?????????????O????????????A?G???????????K?????????????W?????????????O?????????????G?_???????????A?G????????????W?????????????@??????????????A??????????????A?G????????????@?C?????????????O??????????????A?G?????????????G???????????????O@??????????????K???????????????A???????????????@_???????????????B????????????????E????????????????F????????????????AO???????????????@c,u|fIID`GH_a@E@A?`_GK@?_CB?GA?GB_C?O@?E?G?W?_?o@??o@??O?_?M?G??o@??A?C??K?G??K?G??F?C???o@???E?G???W?_???o@????o@????O?_???M?G????oB????A?C????K?G????K?G????F?C?????o@?????E?G?????W?_?????w@??????U@??????A?_?????@oG??????F@???????K[???????^G,4,4
104,~?@gsP@@?OC?O`?@?@_?O?A@?W??_??_??O??C??@_??C???G@??G???C???@????G???@_???A????A?G??B?????_????C?G???O?????o?????_?????O?_???K?????@_?????C??????G?G????G??????C??????@???????G???????o??????@???????@?@??????_???????G???????@????????C?C??????G????????K????????E????????@_????????K?????????_????????@?@???????@??????????o?????????G?????????@?@????????K??????????K??????????G??????????C?C????????@???????????G???????????_?_????????@???????????@_???????????_???????????G?G?????????@?@??????????C????????????G????????????G?G??????????C????????????@_????????????K?????????????W?????????????_?????????????_@????????????O?_???????????A??????????????O@????????????B??????????????B??????????????B???????????????_??????????????G@?????????????@???????????????B???????????????A???????????????A@??????????????@?_??????????????W???????????????@_???????????????E????????????????CG???????????????B?????????????????k,u|eMID@WH?e@C@E?`?GW@@?CE?GE?GB?C?_@?M?G?O?_@_@?@_@??o?_?K?G?@_@??E?C??G?G??[?G??E?C??@_@???G?G??@o?_??@?@???B_@????o?_???K?G???@_@????F?C????C?G????M?G????B?C?????o@?????F?G?????G?_?????w@??????[@??????F?_??????_G??????N@???????MK???????Ng,0,0
104,~?@gsP@H?OC?O`?@??_?G?B??G??O??O??G??E???_??A?_?K???G???C???@?G??W???@_???B????A????@?C???O????A?????G?????O@????o?????G?????A??????O?????@??????A??????B??????@???????O@?????E???????G???????O???????O@??????W???????E????????o???????B????????C????????C?G??????A?????????_????????C?????????O?_??????@_?????????_?????????O?????????C??????????_?????????A?C????????C??????????E??????????A???????????_@?????????K???????????O???????????o???????????o???????????W???????????E????????????W???????????@????????????A?G??????????A?G??????????@?????????????O@???????????A?G???????????W?????????????O?????????????O?????????????G?????????????A?G????????????O??????????????_?????????????@?G?????????????_??????????????W??????????????E???????????????o??????????????@_??????????????B???????????????@_???????????????o???????????????C????????????????`???????????????AC???????????????CG???????????????CG???????????????BC,u|eMID`GH_a@E@B?__GK@?oC@?GB?G@_C?O@?F?G?G?_?o@??o@??W?_?C?G?@o@??B?C??C?G??K?G??F?C???_@???M?G???O@_??@_@???@_@????w?_???C?G???@o@????B?C????C?G????K?G????F?C?????g@?????B?G?????K?_?????[@??????G@??????N?_??????_W??????N@???????KK???????]g,0,0
104,~?@gsP@@?OC?O`?@?@_?O?A@?W??_??_??O??C??@_??C???G@??G???C???@????G???@_???B????B????@?????O????A?????K?????O?????O@????W?????E??????_?????A?C????C??????C??????A??????@_??????K???????_??????@?@?????@????????_???????G???????@?@??????C????????K????????K????????E????????@?????????G?G???????_????????@?????????@_?????????_?????????G?G???????B??????????E??????????G??????????G?G????????C??????????@?@?????????G???????????o??????????@_??????????@????????????_?_?????????G?G?????????@????????????C????????????G?G??????????G????????????E?????????????o????????????C?????????????O?_???????????_?????????????_@????????????G?????????????A?G????????????o?????????????@_?????????????A??????????????A?G????????????@?C?????????????O??????????????B???????????????E???????????????C???????????????C@??????????????A?_??????????????_G??????????????B????????????????K????????????????GG???????????????GG???????????????@c,u|eMID@WH?e@C@E?`_GG@@_CB?GB?G@?C?w@?A?G?W?_?o@??o@??W?_?E?G??_@??E?C??K?G??K?G??E?C??@?@???[?G???_?_??B_@???@_@????o?_???M?G????_@????F?C????E?G????E?G????B?C?????w@?????A?G?????[?_?????W@??????[@??????C?_?????B_G??????MB???????[S???????^G,0,0
104,~?@gsP@@?OC?O`?@?@_?O?A??W??_??_??O??C??@_??C???G@??G???K???A????O???@????E????E????B?????_????C?G???O?????o?????_?????O?????C?G???@_?????E??????G??????G?G????C??????@???????G???????o??????@???????@?@??????_???????W???????@????????C????????G?G??????G????????E????????@_????????K?????????_????????@?@???????@??????????o?????????G?????????@??????????C?C????????W??????????K??????????C??????????@?@?????????G???????????_?_????????@???????????@_???????????_???????????G?G?????????@?@??????????K????????????G????????????G????????????C?C??????????@?????????????K?????????????W?????????????_?????????????_@????????????O?_???????????A??????????????W?????????????@_?????????????@_?????????????@???????????????_C?????????????G@?????????????@???????????????B???????????????E???????????????A???????????????@?_??????????????OG??????????????@_???????????????E????????????????E????????????????@_????????????????[,u|eMID@WH?e@C@E?`_GG@@_CB?GB?G@?C?o@?E?G?O?_@_@?@_@??o?_?K?G?@_@??C?C??[?G??K?G??E?C??@?@???W?G??@o?_??@?@???B_@????o?_???K?G???@o@????A?C????M?G????E?G????B?C?????o@?????F?G?????G@_?????w@??????W@??????M?_?????@?G??????]@???????YK???????Ng,4,4
104,~?@gsP@@?OE?O?_@_?_?G?B??G??O??O??W??C???_??A???K???G???C???@????W???@_???A????A?G??@?????o????E?????O?????_?????_@????o?????K?????@??????C?C????G??????G??????E??????@???????G???????_?_????@???????B????????_???????G???????@?@??????C????????K????????K????????C????????@?@???????G????????@_????????@_????????@??????????_?_???????G?G???????B??????????E??????????G??????????G?G????????C??????????@???????????K???????????_??????????@???????????@?@??????????_???????????C????????????_???????????A?C??????????C????????????E????????????B?????????????_????????????C?G???????????O?_??????????@_?????????????o?????????????W?????????????E??????????????W?????????????@??????????????A?G????????????A?G????????????@???????????????G??????????????@_??????????????A???????????????C???????????????C@??????????????A?_??????????????W???????????????B????????????????M????????????????K????????????????B?????????????????k,u|fIID`GH_a@E@A?`_GK@?_CB?GA?GB?C?o@?C?G?o?_@_@?@_@??o?_?G?G?B_@??E?C??G?G??[?G??C?C??B?@???[?G???_?_??B_@???@_@????o?_???K?G???@?@????M?C????K?G????G?G????M?C????@?B?????]?G?????O@_????@o@??????o@??????[?_?????A?G??????{@???????iK???????Ng,4,5
104,~?@gsP@@?OE?O?_@_?_?GGB??G??O??O??W??C???_??A???C???C???A???@_???K????_???@????@?G??@_????W????A?????G?_???o?????o?????O?????C?G????_?????A??????K??????C??????A???????_??????C???????O???????_???????_@??????O???????E????????o???????A????????C????????C?G??????E????????@_????????K?????????o????????@_?????????o?????????O?????????C?G????????_?????????A??????????K??????????C??????????A?C?????????_??????????C???????????O???????????_???????????_@??????????O???????????E????????????o???????????A????????????C????????????C?G??????????B?????????????o????????????E?????????????W?????????????W?????????????W?????????????C?????????????@?G????????????W??????????????_?????????????@?G????????????@???????????????_C?????????????G??????????????@?G?????????????E???????????????C???????????????E???????????????@_???????????????K????????????????o???????????????@C???????????????E????????????????AG???????????????@S,u|fIID`GH_a@E@A?`_GK@?_CB?GA?GB_C?O@?E?G?W?_?o@??o@??O?_?K?G?@o@??A?C??K?G??K?G??C?C??B_@???G?W??@o?_??@_@???@_@????o?_???G?G???B?@????M?C????K?G????K?G????E?C????@O@?????F?G?????M?_?????K@??????K@??????F?_??????oW??????F@???????NC???????Ew,4,4
104,~?@gsP@@?OE?O?_@_?_?GGB??G??O??O??W??C???_G?A???C???C???A???@_???K????_???@????@?????o????G????@?G???K?????W?????O?????G?_???A??????O?????B??????E??????C??????A?C?????_??????C???????O???????_@??????_???????W???????E????????_???????A????????C????????C????????B?????????o????????E?????????K?????????O?????????O@????????G?????????A??????????o?????????B??????????E??????????C??????????A?C?????????_??????????C???????????O?_?????????_???????????o???????????W???????????C????????????_@??????????A????????????C?G??????????C????????????B?????????????o????????????B?????????????G?????????????O@????????????O@????????????G?????????????B??????????????K??????????????_?????????????@?G????????????@???????????????_C?????????????G???????????????o??????????????A???????????????C@??????????????C@??????????????A?_??????????????o???????????????B????????????????K????????????????GG???????????????AG???????????????@c,u|fIID`GH_a@E@A?`_GK@?oC@?GB_G?_C?W@?B?G?K?_?W@??O@??W?_?E?G??o@??B?C??C?G??M?G??A?K??@o@???E?G???W?_???o@????_@????o?_???K?G???@_@????E?C????K?G????I?G????B_C?????W@?????B_G?????C?_?????[@??????M@??????B?_??????oG??????F@???????MK???????Ng,0,0
104,~?@gsP@@?OE?O?_@_?_?G?B??G??O??O??W??C???_??A?_?K???G???C???@?G??W???@_???A????A????@?????o????A?????G?????O?????o?????G?????A??????O?????@?C????E??????E??????A???????_??????C?G?????o??????@_??????@????????_?_?????G?G?????B????????K????????G????????G????????C?C??????@?????????W?????????_????????@?????????@??????????_?????????C??????????_?????????A??????????C?G????????K??????????B???????????_??????????C?G?????????O?_????????@_??????????@_???????????o???????????K???????????@_???????????E????????????C????????????C????????????A?C???????????_????????????A?????????????G?_???????????O?????????????O@????????????G?????????????A??????????????W?????????????@_?????????????@_?????????????@_??????????????W??????????????B???????????????W??????????????@_??????????????@???????????????@@???????????????_???????????????GG??????????????@@???????????????C????????????????KG???????????????E?????????????????s,u|fIID`GH_a@E@A?`_GK@?_CB?GB?G@_C?O@?F?G?G?_?o@??o@??W?_?E?G??o@??A?C??K?G??K?G??E?C??@_@???M?G???O?_??@_@???@_@????o?_???M?G????o@????B?C????E?G????E?G????B?C?????w@?????A?G?????W?_?????w@??????[@??????E?_?????@oG??????F`???????C[???????^G,4,5
104,~?@gsP@@?OC?O`?@?@_?O?A??W??_??_??O??C@?@_??C???G???G@??K???A????O???@????E????C????A?C???_????C?????O????@_?????_?????O?????C?G???@_?????E??????G??????G?G????C??????@???????G?G????@_??????B???????A???????@??_?????O?G?????E????????G????????O????????O?G??????G????????B?????????O????????@??_??????A?????????A?@???????@??????????O?????????@??????????C??????????G?G????????W??????????E??????????@???????????G?G?????????_??????????@???????????@?@??????????o???????????K???????????@_???????????E????????????C????????????C????????????A?C???????????_@???????????E?????????????O?????????????_@????????????_?????????????O?_???????????C?G????????????_?????????????A??????????????C?G????????????K??????????????@???????????????O@?????????????A???????????????K???????????????E???????????????E???????????????@????????????????W???????????????@_???????????????C????????????????KG???????????????EO???????????????B_,u|eMID@WH?e@C@E?`?GW@@_CB?GA?GB?C?o@?E?G?O?_@_@?@_@??o?_?K?G?@?@??K?C??W?G??W?G??K?C??B?@???W?G??@o?_??@?@???B_@????o?_???K?G???@_@????C?C????W?G????[?G????E?C????@_@?????K?G?????w?_?????_@?????@w@??????K@_?????B?g??????P`??????BwC???????[o,4,5
104,~?@gsP@@?OC?O`?@@@_?O?A??W??_??_??O??C???_??A???C@??K???C???@????G???@_???B????B????@?????O@???E?????G?????O?????O?????W?????E??????_?????A??????C??????C??????A???????_??????C?G?????O?_????@_??????@_???????_???????G???????@?@??????C????????W????????W????????K????????B?????????O????????@??_??????@?????????@??????????_?_???????G?????????B??????????E??????????G??????????G??????????C??????????@???????????G???????????_?_????????@_??????????@_???????????W???????????C????????????_???????????A?C??????????C?G??????????K????????????E????????????@_????????????K?????????????O?????????????_@????????????_?????????????O?_???????????C?G???????????@_?????????????@??????????????A??????????????A?G????????????@???????????????O@?????????????A?G?????????????K???????????????C???????????????E???????????????B????????????????W????????????????_???????????????BC???????????????E????????????????AG???????????????@c,u|eMID@WH?e@C@E?`_GG@@oC@?GB?G@_C?W@?A?G?W?_?o@??_@??o?_?K?G?@_@??C?C??[?G??K?G??E?C??@_@???K?G???_?_??B_@???@_@????_?_???W?G???B?@????K?C????W?G????[?G????E?C????@o@?????E?G?????O?_????@w@??????OB??????[?_?????B_G??????M@???????]C???????Jw,0,0
104,~?@gsP@@?OE?O?_@_?_?G?B??G??O??O??W??C???_??A?_?K???G???C???@????W???@_???A????A?G??@?????o????A?????G?????O?????o?????W?????C??????_?????A??????C??????E??????A???????_??????C?G?????o??????@_??????@????????_?_?????G???????@?@??????K????????W????????W????????G????????A?@???????O????????B?????????A?????????A?@???????@??????????O?????????B??????????C??????????G??????????G?G????????C??????????@?@?????????K???????????_??????????@???????????@?@??????????o???????????K???????????@????????????C?C??????????G?G??????????W????????????E?????????????_????????????C?G???????????O?_??????????@_?????????????_?????????????O?_???????????C?G????????????_?????????????@??????????????A??????????????A?G????????????@?C?????????????G??????????????@???????????????C?_?????????????E???????????????E???????????????B????????????????K???????????????@_???????????????B????????????????AG???????????????B?????????????????k,u|fIID`GH_a@E@A?`_GK@?_CB?GB?G@_C?O@?E?G?W?_?_@?@_@??o?_?G?G?B_@??E?C??G?G??W?G??K?C??B?@???W?G??@_?_??B_@???@?@???@o?_???K?G???@o@????B?C????C?G????K?G????F?C?????o@?????E?G?????[?_?????O@??????w@??????N?_??????_w??????KH???????{C???????[W,4,4
104,~?@gsP@@?OE?O?_@_?_?G?B??G??O??O??W??C???_??A???K???G???C?_?@????W???@_???A????A?G??@?????o????E?????O?????_?????_?????W?????C??????_@????A??????C??????E??????A???????_@?????C???????O??????@_??????@_???????_???????G?G?????@????????E????????K????????G????????C?C??????@?????????K?????????o????????@?????????@?@????????_?????????G?G???????@_?????????C??????????G?G????????G??????????C?C????????@_??????????G???????????_?_????????@???????????@????????????o???????????C????????????_@??????????A????????????E????????????A????????????@?C???????????O????????????B?????????????K?????????????O?????????????O@????????????G?_???????????B??????????????O?????????????@?C????????????A?G????????????B??????????????@_??????????????G??????????????@?G?????????????A???????????????C@??????????????C@??????????????@????????????????OG??????????????B????????????????E????????????????B????????????????@_????????????????[,u|fIID`GH_a@E@A?`_GK@?_CB?GA?GB?C?o@?E?G?W?_?o@??o@??O?_?M?G??o@??B?C??E?G??C?G??E?C??@_@???K?G???o?_??@_@???@_@????o?_???M?G????o@????B?C????E?G????C?G????F?C?????w@?????B?G?????K?_?????W@??????[@??????F?_??????oG??????F`???????FK???????Fg,4,5
104,~?@gsP@@?OE?O?_@_?_?G?B??G??O??O??W??C???_??A?_?K???G???C???@????W???@_???A????A????@?????o????A?????G?????O@????o?????W?????C??????_?????A??????C??????K??????E??????@???????G?G?????_?_????B???????@????????_???????G???????@?@??????K????????W????????W????????G????????A?????????O????????@?????????@?????????@??????????_?_???????W?????????B??????????C??????????G??????????G?G????????C??????????@?@?????????W??????????@_??????????B???????????B???????????@_???????????G???????????@?@??????????C????????????G?G??????????W????????????E?????????????_????????????C?????????????O?_???????????_?????????????_@????????????O?????????????C?G????????????o?????????????@??????????????A?G????????????A?G????????????@?C?????????????o??????????????B???????????????E???????????????C???????????????C@??????????????A?_??????????????GG??????????????@????????????????CC???????????????GG???????????????GG???????????????@c,u|fIID`GH_a@E@A?`_GK@?_CB?GB?G@_C?O@?E?G?W?_?_@?@_@??o?_?G?G?B?@??K?C??W?G??W?G??K?C??B_@???G?G??@_?_??B_@???@?@???@o?_???K?G???@_@????E?C????K?G????K?G????E?C????@o@?????E?G?????[?_?????[@??????K@??????F?_??????wG??????B`???????Fc???????Bw,4,5
104,~?@gsP@@?OE?O?_@_?_?GGB??G??O??O??W??C???_??A???C???C???A???@_???K????_???@?G??@????@_????W????A?????G?_???o?????o?????O?????C??????_?????A??????E??????C??????A???????_??????C???????O???????_???????_@??????O???????K???????@_???????E????????G????????G?G??????C????????B?????????W????????@_????????B?????????B??????????o?????????G?????????@??????????C?C????????G??????????G?G????????E??????????@???????????G???????????_?_????????@???????????@????????????_???????????G?G?????????@????????????K????????????K????????????C????????????A?C???????????_????????????K?????????????W?????????????o?????????????o?????????????K?????????????A??????????????O@????????????@?C????????????A?G????????????B??????????????@???????????????O@?????????????A?G?????????????G?_?????????????O???????????????O@??????????????G????????????????_G??????????????C@???????????????O????????????????KG???????????????E?????????????????s,u|fIID`GH_a@E@A?`_GK@?_CB?GA?GB_C?O@?E?G?W?_?_@?@_@??o?_?G?G?B_@??E?C??G?G??W?G??K?C??A?@???w?G??@?@_??F?@???B?@???@??_???w?G???B?@????M?C????K?G????G?G????M?C????@_@?????I?G?????[?_?????W@??????[@??????F?_??????oG??????F`???????FK???????Fg,4,5
104,~?@gsP@@?OE?O?_@_?_?G?B??G??O??O??W??C???_??A?_?K???G???C???@????W???@_???A????A?G??@?????o????A?????G?????O?????o?????W?????C??????_?????A??????C??????E??????A???????_??????C?G?????o??????@_??????@????????_?_?????G???????@?@??????K????????W????????W????????G????????A?@???????O????????B?????????A?????????A?????????@??????????O?????????B??????????C??????????G??????????G?G????????C??????????@?@?????????K???????????_??????????@_??????????@_???????????o???????????K???????????@????????????C?C??????????G?G??????????W????????????E?????????????_????????????C?G???????????O????????????@_?????????????_?????????????O?_???????????C??????????????_?????????????@?C????????????A??????????????A?G????????????@?C?????????????W??????????????A???????????????K?_?????????????K???????????????K???????????????B????????????????G???????????????@@???????????????D????????????????A????????????????BG????????????????w,u|fIID`GH_a@E@A?`_GK@?_CB?GB?G@_C?O@?E?G?W?_?_@?@_@??o?_?G?G?B_@??E?C??G?G??W?G??K?C??B?@???W?G??@_?_??B_@???@?@???@o?_???K?G???@o@????B?C????C?G????M?G????B?C?????o@?????E?G?????[?_?????OB??????w@??????M?_?????@_G??????N@???????LK???????Fg,4,5
104,~?@gsP@@?OE?O?_@_?_?G?B??G??O??O??W??C???_??A?_?K???G???C???@????W???@_???A????A?G??@?????o????A?????G?????O?????o?????W?????C??????_?????A??????C??????E??????A???????_??????C?G?????o??????@_??????@????????_???????G???????@?@??????K????????W????????W????????G????????A?@???????O????????B?????????A?????????A?????????@??????????O?G???????E??????????W??????????O??????????O??????????G?C????????A???????????O?G????????@_??????????A???????????B???????????@_???????????W???????????@????????????C????????????G????????????G?G??????????K????????????@_????????????C?????????????O?_???????????_????????????@_?????????????O?????????????C?G????????????_@????????????E??????????????K??????????????C??????????????A?C?????????????_@?????????????C?G?????????????W???????????????_???????????????o@??????????????C@??????????????@????????????????G@???????????????_C???????????????OG???????????????OG???????????????BC,u|fIID`GH_a@E@A?`_GK@?_CB?GB?G@_C?O@?E?G?W?_?_@?@_@??o?_?G?G?B_@??E?C??G?G??W?G??K?C??B?@???W?G??@??_??E?@???F?@???@??_???w?G???B?@????M?C????K?G????G?G????M?C????@_@?????M?G?????O?_????@_@?????@o@??????[?_?????B_G??????KP???????}C???????No,4,5
104,~?@gsP@@?OE?O?_@_?_?G?B??G??O??O??W??C???_??A?_?K???G???C???@????W???@_???A????A?G??@?????o????A?????G?????O@????o?????W?????C??????_?????A??????C??????E??????A???????_??????C?G?????o???????_???????_???????O???????C???????@_???????E????????K????????G????????C?C??????@?????????W?????????_????????@?????????@?@???????@_?????????W?????????B??????????G??????????O??????????O?G????????G??????????A?@?????????W??????????@???????????B???????????B????????????_???????????G?G?????????@????????????C?C??????????G????????????W????????????E?????????????_????????????C?G???????????O????????????@_?????????????_?????????????O?_???????????E??????????????W?????????????@??????????????A?G????????????A?G????????????@?C?????????????W??????????????A???????????????K?_?????????????G???????????????G@??????????????C?_?????????????@????????????????A@???????????????GC???????????????S????????????????B?????????????????[,u|fIID`GH_a@E@A?`_GK@?_CB?GB?G@_C?O@?E?G?W?_?_@?@_@??o?_?G?G?B_@??E?C??G?G??W?G??K?C??B_@???G?G??@_?_??B?@???B?@???@??_???w?G???B?@????M?C????K?G????G?G????M?C????@o@?????E?G?????[?_?????W@??????[@??????F?_??????oG??????F`???????FK???????Fg,4,5
104,~?@gsP@@?OC?O`?@@@_?O?A??W??_??_??O??C???_??A???C@??K???C???@????G???@_???A????A?G??B?????_????C?G???o?????_?????_?????O?_???K?????@_?????C??????G??????G??????C??????@?@?????G???????_??????@?@?????@?@?????@_???????G???????@????????C????????G?G??????W????????K????????A?????????O?G??????@_????????A?????????A?@????????_?????????G?????????@?@????????K??????????W??????????G??????????C??????????@?@?????????G???????????_??????????@?@?????????@????????????o???????????K????????????_???????????A????????????C????????????C?G??????????E?????????????o????????????E?????????????K?????????????O?????????????O@????????????K?????????????B??????????????W??????????????_?????????????@?G????????????@?G?????????????_??????????????G@?????????????@???????????????E???????????????C???????????????C???????????????A?_??????????????W???????????????@_???????????????F????????????????E????????????????B?????????????????k,u|eMID@WH?e@C@E?`?GW@@?CF?GA?GB?C?o@?E?G?O?_@_@?@_@??_?_?W?G?B?@??G?C??w?G??O?G??[?C??B?@???W?G??@o?_??@?@???B?@???@o?_???G?G???B_@????E?C????M?G????C?G????F?C?????o@?????F?G?????G@_?????o@??????w@??????M?_?????@oG??????CX???????yC???????Fo,4,5
104,~?@gsP@@?OC?O`?@@@_?O?A??W??_??_??O??C???_??A???C???K???C???@?G??G???@_???A????A?G??B?????_????C?G???o????@_????@??????_?_???G?????@_?????C??????G??????G??????C??????@?@?????G???????_??????@?@?????@????????_???????K???????@????????C?C??????G?G??????W????????K????????A?????????O?G??????@_????????A?????????A?@???????@_?????????W?????????A??????????G?C????????O??????????G??????????C??????????@???????????G?G?????????_??????????@?@?????????@?@??????????_???????????G?G?????????@????????????C?C??????????K????????????K????????????E????????????@_????????????C?????????????O?_???????????O?????????????O@????????????K?????????????@??????????????G@?????????????_?????????????@??????????????@?G?????????????_C?????????????K???????????????_??????????????A?_?????????????C@??????????????E???????????????B????????????????G???????????????@@???????????????CC???????????????CG???????????????CG???????????????BC,u|eMID@WH?e@C@E?`?GW@@?CF?GA?GB?C?_@?K?G?o?_@_@?@_@??_?_?W?G?B?@??G?C??w?G??O?G??[?C??B?@???W?G??@??_??F?@???B?@???@o?_???G?G???B?@????M?C????G?G????[?G????F?C?????o@?????E?G?????[?_?????[@??????G@??????N?_??????_W??????N@???????KK???????]g,4,4
104,~?@gsP@@?PC?O`?@?@_?O?A??G??O??O??GC?E???_??A???C@??K???C???@?G??W???@????A?G??A????@?????O????E?????G?????O?????O?????G?????A?G????O?????@??????A?G????E??????B???????_??????C???????O?_????@_??????@_???????_???????G?G?????@_???????C????????G?G??????G????????C????????@?????????G?G??????@_????????@?????????@??????????_?_???????G?????????@??????????C?C????????G??????????G??????????C?C????????B???????????W???????????_??????????@_??????????@_???????????W???????????C????????????_@??????????B????????????C????????????C?G??????????A?????????????_????????????C?G???????????O?_??????????@_?????????????_?????????????O?_???????????C??????????????_?????????????A?C????????????C?G????????????E??????????????B???????????????G??????????????@_??????????????B???????????????E???????????????@????????????????__??????????????K???????????????@_???????????????AC???????????????E????????????????B?????????????????[,u|eMID@WH_a@E@A?`_GK@?oC@?GB?G@_C?W@?B?G?K?_?W@??O@??W?_?E?G??o@??B?C??C?G??K?G??E?C??@_@???K?G???o?_??@_@???@_@????_?_???W?G???B?@????K?C????[?G????G?G????M?C????@o@?????E?G?????W?_?????w@??????O@??????[?_?????BoG??????CF???????{C???????]W,4,5
104,~?@gsP@@?PC?O`?@?@_?O?A??G??O??O??GC?E???_??A?_?C???K???C???@?G??W???@????A?G??A????@?????O????B?????G?????O?????O?????G?????A??????O?????@??????A?G????E??????B???????_??????C?G?????O?_????@_??????@_???????_???????G?G?????B????????K????????O????????O?G??????G????????A?????????O????????@??_??????@?????????@??????????_?????????G?G???????@??????????C??????????G?G????????G??????????C??????????@?@?????????W??????????@_??????????@_??????????@_???????????o???????????C????????????_@??????????E????????????E????????????E????????????@?????????????O????????????A?G???????????G?_???????????O?????????????O?????????????G?_???????????A??????????????O?????????????@?C????????????A??????????????A?G????????????B???????????????K??????????????@_??????????????B???????????????E???????????????B????????????????_???????????????K????????????????_???????????????AC???????????????E????????????????AW???????????????B_,u|eMID@WH_a@E@A?`_GK@?oC@_G@?G@_C?W@?B?G?G?_?o@??o@??O?_?K?G?@_@??E?C??K?G??K?G??E?C??@_@???K?G???o?_??@?@???B_@????o?_???K?G???@_@????E?C????M?G????E?G????B?C?????w@?????B?G?????G?_?????w@??????WB??????K?_?????BoG??????EB???????]C???????JW,0,0
104,~?@gsP@@?PC?O`?@?@_?O?A??G??O??O??GC?E???_??A?_?C???K???C???@?G??W???@????A?G??A????@?????O????B?????G?????O@????O?????G?????A??????O?????@??????A?G????E??????B???????_??????C?G?????O???????o???????o???????W???????E????????_???????A?C??????C????????C????????A?????????_@???????E?????????O?????????_@????????_?????????O?????????C??????????_?????????A??????????C?G????????K??????????E???????????_??????????C?G?????????O???????????o???????????o???????????W???????????E????????????_???????????A?C??????????C????????????C????????????A?C???????????_@???????????E?????????????O?????????????_@????????????_@????????????O?????????????C??????????????_@????????????B??????????????E??????????????@???????????????_C?????????????G???????????????o??????????????B???????????????A???????????????A@??????????????@_???????????????K???????????????@_???????????????AC???????????????CG???????????????E????????????????@K,u|eMID@WH_a@E@A?`_GK@?oC@_G@?G@_C?W@?B?G?G?_?o@??o@??O?_?K?G?@_@??E?C??K?G??K?G??C?C??B_@???M?G???O?_??@_@???@_@????o?_???G?G???B?@????K?C????W?G????[?G????E?C????@?@?????]?G?????W@_?????o@??????w@??????G?_?????F?G??????]@???????W[???????nG,4,5
104,~?@gsP@@?OC?O`?@?@_?O?A??W??_??_??O??C??@_??C???G@??G???K???A????O???@?C??E????C????A?C??@_????G?????_?_??@?????@_?????_?????G?????@?@????K??????G??????G??????C??????@???????G???????_??????@_??????@????????_?_?????G???????B????????C????????G????????G?G??????K????????B?????????W????????@_????????B?????????A?????????@??_???????O?G???????B??????????G??????????O?G????????O?G????????W??????????A???????????O?G????????@???????????A???????????A???????????@????????????O?G?????????@????????????C?C??????????G????????????C????????????A?????????????_@???????????E?????????????W?????????????o?????????????o?????????????K?????????????@_?????????????K??????????????o??????????????_??????????????_G?????????????OC?????????????C???????????????_??????????????A?_?????????????C@??????????????C???????????????A?_??????????????_G??????????????B????????????????K????????????????E????????????????@_????????????????[,u|eMID@WH?e@C@E?`?GW@@?CE?GE?GB?C?_@?K?G?o?_@?@?B_@??_?_?W?G?B?@??K?C??W?G??O?G??[?C??B?@???W?G??@??_??E?@???F?@???@??_???w?G???B?@????K?C????W?G????W?G????K?C????Bo@?????E?W?????O?_????@w@??????OB??????[?_?????B_G??????K@???????uC???????Jw,4,5
104,~?@gsP@@?OC?O`?@?@_?O?A??W??_??_??O??C??@_??C???G@??G???K???A????O???@?C??E????C????A?C??@_????G?????_?_??@?????@_?????_?????G?????@??????K??????G??????G??????C??????@???????G???????_??????@_??????@????????_?_?????G?G?????B????????K????????O????????O????????G?C??????E?????????o????????B?????????E?????????E?????????A??????????_?G???????C?@????????G??????????O??????????O??????????G?C????????E???????????O??????????@??_????????A???????????A???????????@????????????O???????????A?@??????????E????????????K????????????K????????????A?????????????_????????????C?G???????????W?????????????o?????????????o?????????????W?????????????B??????????????G??????????????_?????????????@?G????????????B???????????????_??????????????G@?????????????@?G?????????????C???????????????G???????????????K@??????????????E????????????????_???????????????E????????????????E????????????????K????????????????BG???????????????@o,u|eMID@WH?e@C@E?`?GW@@?CE?GE?GB?C?_@?K?G?o?_@?@?B_@??_?_?W?G?B?@??K?C??W?G??O?G??[?C??B?@???W?G??@_?_??B?@???B?@???@??_???w?G???B?@????K?C????W?G????W?G????K?C????Bo@?????E?W?????W?_?????w@??????O@??????[?_?????B_W??????KD???????uC???????MW,4,2
104,~?@gsP@@?OC?O`?@?@_?O?A??W??_??_G?O??C@?@_??C???G@??G???K???A????O???@????A????A?G??@?????O????A?????K?????O?????O?????G?_???E??????o?????A??????C?G????C??????A?C????@_??????K???????_??????@?@?????@?@?????@_???????G???????@????????C????????G????????G????????C?C??????@?????????G?????????_????????@?@????????_?????????O?????????C?G???????@_?????????E??????????K??????????G??????????C?C????????@???????????G?G????????@_??????????B???????????@_???????????o???????????C????????????_???????????A????????????C?G??????????C????????????B?????????????O????????????A?????????????G?_???????????O@????????????O?????????????G?_???????????E??????????????o?????????????@_?????????????A??????????????A?G????????????@?C?????????????o??????????????@_??????????????A???????????????C???????????????C@??????????????A?_??????????????_G??????????????A????????????????K????????????????GW???????????????W????????????????@c,u|eMID@WH?e@E@A?`_GK@?oC@_G@?G@_C?W@?A?G?W?_?o@??o@??O?_?K?G?@_@??E?C??K?G??K?G??E?C??@o@???C?G???o?_??@_@???@_@????o?_???K?G???@_@????E?C????M?G????E?G????B_C?????O@?????E?G?????[?_?????W@??????W@??????K?_?????BoG??????FB???????Gs???????}G,4,4
104,~?@gsP@@?OC?O`?@?@_?O?A??W??_??_??O??C??@_??C???G@??G???K???A????O@??@????E????C????A?C??@_????G?????_?_??@?????@_?????_?????G?G???@??????E??????G??????G??????C??????@???????G???????_??????@_??????@????????_?_?????G???????@_???????C????????G?G??????G????????K????????B?????????W????????@_????????B?????????A?????????@??_???????O?G???????B??????????G??????????O?G????????O?G????????K??????????A???????????O?G????????@???????????A???????????A???????????@????????????O?G?????????@????????????C?C??????????G????????????C????????????A?C???????????_????????????E?????????????W?????????????o?????????????o?????????????K?????????????@_?????????????K??????????????W??????????????_??????????????_G?????????????OC?????????????C???????????????_??????????????A?_?????????????C@??????????????C???????????????A?_??????????????_G??????????????B????????????????K????????????????E????????????????@_????????????????[,u|eMID@WH?e@C@E?`?GW@@?CE?GE?GB?C?_@?K?G?o?_@_@?@_@??_?_?W?G?B?@??K?C??W?G??O?G??[?C??B?@???W?G??@??_??F?@???B?@???@_?_???W?G???B?@????K?C????W?G????W?G????K?C????Bo@?????E?W?????O?_????@w@??????WB??????K?_?????B_G??????K@???????uC???????Jw,4,5
104,~?@gsP@@?OC?O`?@?@_?O?A??W??_??_??O??C??@_??C???G@??G???K???A????O???@?C??E????C????A?C??@_????G?????_?_??@?????@_?????_?????G?G???@??????K??????G??????G??????C??????@???????G???????_??????@_??????@????????_?_?????G???????@_???????C????????G????????G?G??????K????????B?????????W????????@_????????B?????????A?????????@??_???????O?G???????B??????????G??????????O?G????????O??????????W??????????A???????????O??????????@??_????????A???????????A???????????@????????????O?G?????????@????????????C?C??????????G????????????K????????????C????????????@_????????????K?????????????W?????????????o?????????????o?????????????K?????????????@_?????????????K??????????????O?????????????@_??????????????_??????????????OC?????????????C???????????????_??????????????A?_?????????????C@??????????????E???????????????A????????????????oG??????????????B????????????????K????????????????E????????????????A_????????????????[,u|eMID@WH?e@C@E?`?GW@@?CE?GE?GB?C?_@?K?G?o?_@?@?B_@??_?_?W?G?B?@??K?C??W?G??O?G??[?C??B?@???W?G??@??_??F?@???B?@???@??_???w?G???A?B????[?C????W?G????W?G????K?C????Bo@?????E?W?????O?_????@o@??????oB??????S?_?????B_G??????K@???????uC???????Jw,4,5
104,~?@gsP@@?PC?O`?@?@_?O?A??G??O??O??G??E???_??A?_?C???K???C???@?G??W???@????A?G??E????A?????_@???C?????W?????_?????_@????O?????C??????_?????A??????C??????C??????A???????o??????C???????O?_?????_???????o???????O???????C?G?????@_???????E????????K????????K????????E????????@?????????G?G???????_?_??????@_????????@??????????_?_???????G?????????@??????????C?C????????G??????????G??????????C??????????@???????????G???????????O???????????_@??????????_???????????W???????????C????????????_@??????????B????????????E????????????E????????????B?????????????o????????????E?????????????K?????????????W?????????????G?????????????C?????????????@?G????????????G??????????????_C????????????@??????????????@?G?????????????_??????????????G@?????????????@_??????????????E???????????????E???????????????B????????????????o???????????????E????????????????O???????????????@C???????????????AG???????????????AG???????????????@c,u|eMID@WH_a@E@A?`_GG@@_CB?GB?G@?C?o@?E?G?W?_?_@?@_@??o?_?K?G?@_@??C?C??[?G??K?G??E?C??@?@???[?G???o?_??@_@???@_@????o?_???K?G???@_@????E?C????G?G????]?G????B?K?????_@?????M?G?????W@_?????o@??????o@??????[?_?????B_G??????J@???????Jc???????Bw,4,5
104,~?@gsP@@?PC?O`?@?@_?O?A??G??O??O??G??E???_??A?_?C???K???C???@?G??W???@????A?G??E????A?????_@???C?????W?????_?????_?????O?????C??????_?????A??????C??????C??????A???????o??????C???????O?_?????_??????@_???????o???????G???????@?@??????K????????W????????W????????K????????B?????????O????????@??_??????A?@???????B?????????@??????????O?????????A?@????????G??????????O??????????O?G????????G??????????A???????????O??????????@???????????A?@?????????@????????????_?_?????????G???????????B????????????E????????????G????????????G?G??????????E????????????@_????????????K?????????????o?????????????o?????????????W?????????????G?????????????A?G????????????O@????????????@?C????????????A??????????????A?G????????????@?C?????????????O??????????????A???????????????G?_?????????????O@??????????????O???????????????A?_??????????????_G??????????????B????????????????K????????????????E????????????????@_????????????????[,u|eMID@WH_a@E@A?`_GG@@_CB?GB?G@?C?o@?E?G?W?_?_@?@_@??o?_?K?G?@_@??C?C??[?G??K?G??E?C??@?@???W?G??@_?_??B?@???B?@???@_?_???W?G???B?@????K?C????W?G????]?G????B?K?????_@?????K?G?????w?_?????o@??????o@??????[?_?????B?G??????Z@???????G{???????}G,4,4
104,~?@gsP@@?PC?O`?@?@_?O?A??G??O??O??G??E???_??A???C???K???C???@?G??W???@????A?G??E????A?????_@???C?????o????@_????@??????_?_???G?????@??????C??????G??????G??????C??????@???????K???????_??????@???????@?@??????_???????K???????@????????C?C??????W????????W????????K????????B?????????W????????@?????????A?@???????A?@???????B??????????W?????????A??????????G?C????????O??????????O??????????G?C????????A???????????O??????????@???????????A???????????A?@??????????_???????????G???????????@?@??????????C?C??????????K????????????G????????????C?C??????????@_????????????K?????????????o????????????@_?????????????o?????????????W?????????????@??????????????G@?????????????_?????????????@??????????????@?G?????????????_C?????????????G??????????????@???????????????C?_?????????????K???????????????E???????????????B????????????????K???????????????@_???????????????B????????????????AG???????????????B?????????????????k,u|eMID@WH_a@E@A?`_GG@@_CB?GA?GB?C?_@?K?G?o?_@_@?@?@?@_?_?W?G?B?@??K?C??O?G??w?G??K?C??A?@???w?G??@??_??F?@???B?@???@_?_???W?G???B?@????K?C????W?G????W?G????N?C?????_B?????M?G?????[?_?????W@??????W@??????M?_?????@_G??????L@???????NC???????Fw,4,4
104,~?@gsP@@?OC?O`?@?@_?O?A??W??_??_G?O??C??@_??C???G???G???K???A????O@??@????A????A?G??B?????_????C?G???O????@_????@_?????_?????G?G???@??????E??????G??????G?G????C??????@???????G???????o??????@???????@????????_???????G???????@_???????C????????G?G??????G????????E????????@_????????K?????????_????????@?@???????@?@???????@_?????????W?????????B??????????G??????????O?G????????O??????????K??????????A???????????O?G????????@???????????A???????????A?@??????????_???????????G???????????@?@??????????C????????????G????????????K????????????C????????????@?@???????????G?G???????????o????????????@_?????????????o?????????????W?????????????B??????????????W?????????????@_?????????????@???????????????_??????????????OC?????????????C???????????????_G?????????????A???????????????C@??????????????C@??????????????B????????????????o???????????????B????????????????E????????????????B????????????????@_????????????????[,u|eMID@WH?e@E@A?`_GG@@_CB?GA?GB?C?_@?K?G?o?_@_@?@_@??o?_?K?G?@_@??C?C??[?G??K?G??C?C??B?@???W?G??@??_??F?@???B?@???@_?_???W?G???B?@????K?C????W?G????]?G????A?K????@o@?????E?G?????O?_????@o@??????oB??????[?_?????B?G??????Y@???????]C???????Jw,4,4
104,~?@gsP@@?OC?O`?@?@_?O?A??W??_??_G?O??C??@_??C???G???G@??K???A????O@??@????A????A?G??B?????_????C?G???O????@_?????_?????O?????C??????o?????A??????C?G????C??????A???????_??????E???????O???????_???????_@??????o???????K???????@????????C?C??????G????????K????????E????????@_????????G?????????_?_??????@?@???????B??????????_?????????G?????????@??????????C??????????K??????????G??????????C?C????????@???????????G???????????_???????????_???????????o???????????W???????????E????????????o???????????A????????????C?G??????????C????????????B?????????????o????????????E?????????????W?????????????o?????????????O?????????????G?_???????????A??????????????O@????????????@_?????????????B??????????????@???????????????_C?????????????G??????????????@_??????????????B???????????????A???????????????A@??????????????@_???????????????K???????????????@_???????????????AC???????????????CG???????????????E????????????????@K,u|eMID@WH?e@E@A?`_GG@@_CB?GA?GB?C?o@?E?G?W?_?o@??o@??W?_?E?G??_@??F?C??E?G??C?G??E?C??@_@???K?G???o?_??@_@???@_@????o?_???K?G???@_@????C?C????]?G????C?W????F?C?????o@?????E?G?????W?_?????o@??????w@??????M?_?????@OG??????F`???????FK???????Fg,4,4
104,~?@gsP@@?OC?O`?@?@_?O?A??W??_??_??O??C??@_??C???G@??G???K???A????O???@?C??E????C????A?C??@_????G?????_?_??@?????@_?????_?????G?????@?@????K??????G??????G??????C??????@???????G???????_??????@_??????@????????_?_?????G?G?????B????????C????????G????????G?G??????K????????B?????????W????????@_????????B?????????A?????????@??_???????O?G???????@??????????C??????????G?G????????W??????????C??????????@?@?????????G???????????_??????????@???????????@????????????_???????????E????????????o???????????@????????????A????????????A?G??????????@_????????????W????????????B?????????????K?????????????W?????????????W?????????????C?????????????@?G????????????W??????????????_?????????????@?G????????????@???????????????_C?????????????G??????????????@?G?????????????E???????????????C???????????????E???????????????@_???????????????K????????????????o???????????????@C???????????????E????????????????AG???????????????@S,u|eMID@WH?e@C@E?`?GW@@?CE?GE?GB?C?_@?K?G?o?_@?@?B_@??_?_?W?G?B?@??K?C??W?G??O?G??[?C??B?@???W?G??@_?_??B_@???@?@???@o?_???K?G???@_@????E?C????K?G????K?G????C?C????Bo@?????E?W?????[?_?????O@??????w@??????K@_?????B_G??????M@???????VC???????Dw,4,5
104,~?@gsP@@?OC?O`?@?@_?O?A??W??_??_G?O??C??@_??C???G@??G???K???A????O???@????A????A?G??B?????_????C?????O?????o?????_?????O?????C?????@_?????E??????G??????G?G????C??????@???????G?G????@_??????B???????A???????@??_?????O?G?????E????????W????????_????????_????????O?C??????C?????????o????????B?????????A?????????A?????????@??????????O?G???????@??????????C??????????G?G????????G??????????K??????????@_??????????G???????????_?_????????@???????????@?@?????????@_???????????W???????????@_???????????E????????????E????????????C????????????A?C???????????_@???????????C?????????????W?????????????O?????????????O?????????????G?????????????A?G????????????O?????????????@?C????????????A??????????????@_??????????????_??????????????K@?????????????@_??????????????E???????????????E???????????????B???????????????@_???????????????G????????????????`???????????????AC???????????????CG???????????????CG???????????????BC,u|eMID@WH?e@E@A?`_GG@@_CB?GB?G@?C?o@?E?G?O?_@_@?@_@??o?_?K?G?@_@??E?C??K?G??K?G??E?C??@_@???K?G???o?_??@?@???B_@????o?_???K?G???@_@????E?C????K?G????M?G????B?C?????w@?????B?G?????M?_?????K@??????M@??????B?_??????wG??????B`???????FC???????Fw,0,0
104,~?@gsP@@?OC?O`?@?@_?O?A??W??_??_G?O??C??@_??C???G@??G???K???A????O???@????A????A?G??B?????_????C?G???O?????o?????_?????O?????C?????@_?????E??????G??????G?G????C??????@???????G???????o??????@???????@?@??????_?_?????W???????B????????G????????O????????O?G??????G????????A?????????O?G??????B?????????E?????????C?????????A??_???????_?G???????A??????????G??????????O?G????????O??????????W??????????B???????????W???????????_??????????@???????????@????????????_???????????E????????????o???????????@_???????????A????????????A????????????@?C???????????O????????????A?G???????????W?????????????o?????????????o?????????????W?????????????A??????????????O@????????????@??????????????E??????????????B???????????????_??????????????G@?????????????@???????????????C?_?????????????K???????????????E???????????????A????????????????o???????????????AB???????????????K????????????????K????????????????CG???????????????AS,u|eMID@WH?e@E@A?`_GG@@_CB?GB?G@?C?o@?E?G?O?_@_@?@_@??o?_?G?G?B?@??K?C??O?G??w?G??K?C??B?@???W?G??@_?_??B?@???A?@???B_?_???[?G???@?@????K?C????W?G????W?G????G?C????F_@?????K?W?????w?_?????o@??????c@??????{?_?????B_O??????M@???????VC???????Ew,0,0
104,~?@gsP@@?OC?O`?@?@_?O?A??W??_??_G?O??C??@_??C???G@??G???K???A????O???@????A????A?G??B?????_????C?G???O?????o?????_?????O?????C?????@_?????E??????G??????G?G????C??????@???????G???????o??????@???????@?@??????_???????W???????B????????G????????O????????O?G??????G????????B?????????W????????@_????????A?????????A?@???????@??_???????W?????????A??????????G??????????O?G????????O??????????W??????????B???????????O??????????@??_????????A???????????A???????????@????????????G???????????@?@??????????C?C??????????W????????????K????????????C????????????@?@???????????G?G???????????_????????????@_????????????@_?????????????o?????????????K??????????????O?????????????@??????????????A?G????????????A???????????????o??????????????K???????????????_??????????????A???????????????E@??????????????E???????????????@_???????????????W???????????????@_???????????????E????????????????AG???????????????AG???????????????@c,u|eMID@WH?e@E@A?`_GG@@_CB?GB?G@?C?o@?E?G?O?_@_@?@_@??o?_?K?G?@_@??C?C??[?G??K?G??E?C??@?@???W?G??@_?_??B?@???A?@???B_?_???W?G???B?@????K?C????W?G????O?G????]?C????@_B?????K?G?????w?_?????o@??????w@??????M?_?????@_G??????L`???????FK???????Fg,4,5
104,~?@gsP@@?OC?O`?@?@_?O?A??W??_??_G?O??C??@_??C???G@??G???K???A????O???@????A????A?G??B?????_????C?G???O?????o?????_?????O?????C?????@_?????E??????G??????G?G????C??????@???????G???????o??????@???????@?@??????_?_?????W???????B????????G????????O????????O?G??????G????????B?????????W????????@_????????A?????????A?@???????@??_???????G?????????@??????????C??????????G??????????W??????????E??????????@???????????G?G?????????_??????????@???????????@????????????W???????????E????????????o???????????B????????????C????????????C?G??????????A?C???????????_????????????E?????????????W?????????????o?????????????o?????????????G?????????????A?G????????????O?????????????@??????????????@_?????????????@_??????????????O??????????????C???????????????o??????????????@_??????????????B???????????????B????????????????o???????????????K???????????????@_???????????????AC???????????????C????????????????EG???????????????@W,u|eMID@WH?e@E@A?`_GG@@_CB?GB?G@?C?o@?E?G?O?_@_@?@_@??o?_?K?G?@_@??C?C??[?G??K?G??E?C??@_@???K?G???o?_??@?@???B_@????o?_???K?G???@_@????E?C????G?G????]?G????B?K?????o@?????E?G?????W?_?????w@??????[@??????E?_?????@_G??????J`???????E[???????NG,4,5
104,~?@gsP@@?OC?O`?@?@_?O?A??W??_??_??O??C??@_??C???G@??G???K???A????O???@?C??E????C????A?C??@_????G?????_?_??@?????@_?????_?????G?????@?@????K??????G??????G??????C??????@???????G???????_??????@_??????@????????_?_?????G???????B????????C????????G????????G?G??????K????????B?????????W????????@_????????B?????????A?????????@??_???????O?G???????B??????????G??????????O??????????O?G????????W??????????A???????????O?G????????@???????????A???????????A???????????@????????????O?G?????????@????????????C?C??????????G?G??????????W????????????C????????????@?????????????G?G???????????o????????????@_????????????@_?????????????o?????????????E??????????????G??????????????_?????????????@?G????????????B???????????????_??????????????G@?????????????@?G?????????????C???????????????G???????????????K@??????????????E????????????????_???????????????E????????????????E????????????????K????????????????BG???????????????@o,u|eMID@WH?e@C@E?`?GW@@?CE?GE?GB?C?_@?K?G?o?_@?@?B_@??_?_?W?G?B?@??K?C??W?G??O?G??[?C??B?@???W?G??@??_??E?@???F?@???@??_???w?G???B?@????K?C????W?G????W?G????K?C????Bo@?????E?W?????W?_?????w@??????O@??????[?_?????B_W??????KD???????uC???????MW,4,5
104,~?@gsP@@?OC?O`?@?@_?O?A??W??_??_G?O??C??@_??C???G???G@??K???A????O@??@????A????A?G??B?????_????C?G???O????@_?????_?????O?????C??????o?????A??????C?G????C??????A???????_??????E???????O???????_???????_@??????o???????K???????@????????C?C??????G????????K????????E????????@_????????G?????????_?_??????@?@???????B??????????_?????????G?????????@??????????C??????????K??????????G??????????C?C????????@???????????G???????????_?_?????????_???????????_???????????O?_?????????K???????????@_???????????E????????????G????????????G?G??????????C?C??????????@_????????????K?????????????W?????????????o?????????????O?????????????G?????????????A?G????????????O?????????????@?C????????????@??????????????@?G?????????????_??????????????G@?????????????@_??????????????E???????????????E???????????????B????????????????o???????????????E????????????????O???????????????@C???????????????AG???????????????AG???????????????@c,u|eMID@WH?e@E@A?`_GG@@_CB?GA?GB?C?o@?E?G?W?_?o@??o@??W?_?E?G??_@??F?C??E?G??C?G??E?C??@_@???K?G???o?_??@_@???@_@????o?_???K?G???@_@????F_C????A?W????E?G????B?C?????o@?????E?G?????W?_?????w@??????W@??????L?_??????wG??????B`???????Fc???????Bw,4,5
104,~?@gsP@@?OC?O`?@?@_?O?A??W??_??_??O??C??@_??C???G@??G???K???A????O???@?C??E????C????A?C??@_????G?????_?_??@?????@_?????_?????G?????@?@????K??????G??????G??????C??????@???????G???????_??????@_??????@????????_?_?????G?G?????B????????C????????G????????G?G??????K????????B?????????W????????@_????????B?????????A?????????@??_???????O?????????@??????????C??????????G?G????????W??????????C??????????@?@?????????G???????????_??????????@???????????@????????????_?_?????????K???????????@_???????????E????????????C????????????C????????????A?C???????????o????????????E?????????????W?????????????o?????????????O?????????????G?_???????????A?G????????????O?????????????@?C????????????E??????????????A??????????????@?C?????????????O@?????????????A???????????????G???????????????O@??????????????K???????????????A????????????????o???????????????@_???????????????E????????????????E????????????????AW???????????????B_,u|eMID@WH?e@C@E?`?GW@@?CE?GE?GB?C?_@?K?G?o?_@?@?B_@??_?_?W?G?B?@??K?C??W?G??O?G??[?C??B?@???W?G??@_?_??B_@???@?@???@o?_???K?G???@_@????E?C????K?G????K?G????F?C?????o@?????E?G?????[?_?????O@??????w@??????M@_?????@_g??????K@???????{C???????[w,4,5
104,~?@gsP@@?OC?O`?@?@_?O?A??W??_??_G?O??C??@_??C???G???G@??K???A????O@??@????A????A?G??B?????_????C?G???O????@_?????_?????O?????C??????o?????A??????C?G????C??????A???????_??????E???????O???????_???????_@??????o???????K???????@????????C?C??????G????????K????????E????????@_????????G?????????_?_??????@?????????B??????????_?????????G?????????@??????????C??????????K??????????G??????????C?C????????@???????????G???????????_?_????????@_??????????@????????????o???????????K???????????@_???????????E????????????G????????????G?G??????????C?C??????????@_????????????K?????????????O?????????????_@????????????_@????????????o?????????????C??????????????_@????????????A??????????????C?G????????????A??????????????@?C?????????????O??????????????A?G?????????????C???????????????K???????????????E???????????????@_???????????????K????????????????o???????????????B????????????????AG???????????????AG???????????????@c,u|eMID@WH?e@E@A?`_GG@@_CB?GA?GB?C?o@?E?G?W?_?o@??o@??W?_?E?G??_@??F?C??E?G??C?G??E?C??@_@???K?G???o?_??@_@???@_@????o?_???K?G???@_@????F?C????E?G????C?G????F?C?????o@?????E?G?????W?_?????w@??????W@??????K?_?????BoG??????CF???????{C???????]W,4,4
104,~?@gsP@@?OC?O`?@?@_?O?A??W??_??_G?O??C??@_??C???G@??G???K???A????O???@????A????A?G??B?????_????C?G???O?????o?????_?????O?????C?????@_?????E??????G??????G?G????C??????@???????G???????o??????@???????@?@??????_?_?????W???????B????????G????????O????????O?G??????G????????B?????????W????????@_????????A?????????A?@???????@??????????G?????????@??????????C?C????????G??????????W??????????E??????????@???????????G?G?????????_??????????@???????????@????????????o???????????K???????????@_???????????B????????????C????????????C?G??????????A?C???????????_????????????E?????????????W?????????????o?????????????_?????????????O?_???????????C?G????????????_?????????????A?C????????????C??????????????B??????????????@_??????????????G??????????????@?G?????????????C???????????????E???????????????B???????????????@_???????????????K????????????????o???????????????B????????????????AG???????????????B?????????????????k,u|eMID@WH?e@E@A?`_GG@@_CB?GB?G@?C?o@?E?G?O?_@_@?@_@??o?_?K?G?@_@??C?C??[?G??K?G??E?C??@_@???K?G???o?_??@?@???B_@????o?_???K?G???@_@????E?C????G?G????[?G????E?C????@_@?????M?G?????W?_?????w@??????[@??????F?_??????_G??????N@???????MK???????Ng,4,4
104,~?@gsP@@?OC?O`?@?@_?O?A??W??_??_G?O??C??@_??C???G@??G???K???A????O???@????A????A?G??B?????_????C?G???O?????o?????_?????O?????C?????@_?????E??????G??????G?G????C??????@???????G???????o??????@???????@?@??????_?_?????W???????B????????G????????O????????O?G??????G????????B?????????W????????@_????????A?????????A?@???????@??????????G?????????@??????????C?C????????G??????????W??????????E??????????@???????????G?G?????????_??????????@???????????@?@??????????o???????????K???????????@_???????????B????????????C????????????C????????????A?C???????????_@???????????E?????????????W?????????????O?????????????O@????????????G?????????????A??????????????O@????????????@?C????????????E??????????????@???????????????_C?????????????G??????????????@?G?????????????E???????????????K???????????????A???????????????@_???????????????K????????????????_???????????????AC???????????????EG???????????????E????????????????@c,u|eMID@WH?e@E@A?`_GG@@_CB?GB?G@?C?o@?E?G?O?_@_@?@_@??o?_?K?G?@_@??C?C??[?G??K?G??E?C??@_@???K?G???o?_??@?@???B_@????o?_???K?G???@_@????E?C????M?G????E?G????B?C?????w@?????B?G?????G?_?????{@??????KB??????E?_?????@oG??????E@???????]C???????Jw,3,3
104,~?@gsP@@?OC?O`?@?@_?O?A??W??_??_G?O??C??@_??C???G???G@??K???A????O@??@????A????A?G??B?????_????C?G???O????@_?????_?????O?????C??????o?????A??????C?G????C??????A???????_??????E???????O???????_???????_@??????o???????K???????@????????C?C??????G????????K????????E????????@_????????G?????????_?_??????@?@???????B??????????_?????????G?????????@??????????C??????????K??????????G??????????C?C????????@???????????G???????????_???????????_???????????o???????????W???????????E????????????o???????????A????????????C?G??????????C?G??????????B?????????????o????????????E?????????????W?????????????o?????????????O?????????????G?????????????A??????????????O@?????????????_?????????????@?G????????????@???????????????_??????????????G@?????????????@_??????????????E???????????????K???????????????E???????????????@_???????????????W???????????????@_???????????????AC???????????????C????????????????EG???????????????@W,u|eMID@WH?e@E@A?`_GG@@_CB?GA?GB?C?o@?E?G?W?_?o@??o@??W?_?E?G??_@??F?C??E?G??C?G??E?C??@_@???K?G???o?_??@_@???@_@????o?_???K?G???@_@????C?C????]?G????C?W????F?C?????o@?????E?G?????W?_?????w@??????W@??????K?_?????BOG??????F@???????K[???????^G,4,4
104,~?@gsP@@?OC?O`?@?@_?O?A??W??_??_G?O??C??@_??C???G@??G???K???A????O???@????A????A?G??B?????_????C?G???O?????o?????_?????O?_???C?????@_?????E??????G??????G?G????C??????@???????G???????o??????@???????@?@??????_???????K???????@????????C?C??????G????????G????????E????????@_????????K?????????_????????@?@???????@?@????????o?????????G?????????@?@????????C??????????K??????????K??????????C??????????@?@?????????G???????????_??????????@????????????_???????????O?_?????????C????????????o???????????A????????????C?G??????????C????????????A?C???????????o????????????E?????????????W?????????????o?????????????W?????????????G?????????????A?G????????????O?????????????@_?????????????@??????????????@?G?????????????_??????????????G??????????????@?G?????????????C?_?????????????G@??????????????K???????????????E????????????????_G??????????????E????????????????W????????????????CG???????????????CG???????????????@c,u|eMID@WH?e@E@A?`_GG@@_CB?GB?G@?C?o@?E?G?O?_@_@?@_@??o?_?K?G?@_@??C?C??[?G??K?G??E?C??@?@???[?G???o?_??@_@???@_@????o?_???K?G???@_@????E?C????G?G????]?G????B?K?????_@?????M?G?????W?_?????o@??????w@??????K?_?????B?G??????Z@???????MK???????Ng,0,0
104,~?@gsP@@?OC?O`?@?@_?O?A??W??_??_??O??C??@_??C???G@??G???K???A????O@??@????E????C????A?C??@_????G?????_?_??@?????@_?????_?????G?????@??????E??????G??????G?G????C??????@???????G???????_??????@_??????@????????_?_?????G???????B????????K????????O????????O?G??????G????????B?????????O????????@??_??????E?????????E?????????A??????????_?G???????C?@????????W??????????_??????????_??????????O??????????C?@?????????o??????????A???????????C?@?????????C?@?????????A????????????_???????????C????????????O?C??????????O????????????O?G??????????G?C??????????E?????????????o????????????@?????????????A?@???????????A?@????????????_?????????????G?G???????????B??????????????K??????????????K??????????????A??????????????@???????????????O??????????????A?G?????????????E???????????????C???????????????C???????????????A?_??????????????oG??????????????E????????????????W????????????????W????????????????GW???????????????K_,u|eMID@WH?e@C@E?`?GW@@?CE?GE?GB?C?_@?K?G?o?_@_@?@_@??o?_?K?G?@?@??K?C??W?G??O?G??[?C??B?@???W?G??@??_??E?@???E?@???B??_???o?G???E?@????[?C????O?G????o?G????W?C????E?@?????{?G?????o@_????@_@?????@_@??????w?_?????F_G??????GF??????@`c??????BkG,4,4
104,~?@gsP@@?PC?O`?@?@_?O?A??G??O??O??G??E???_??A?_?C???K???C???@?G??W???@????A?G??E????A?????_@???C?????W?????_?????_?????O?????C??????_?????A??????C??????C??????A???????o??????C???????O?_?????_@?????@_???????o???????G???????@?@??????K????????W????????O????????G?C??????E?????????o????????A?????????C?@???????C?@???????@??????????O?????????A??????????G?C????????O??????????O??????????G?C????????A???????????O??????????@???????????A???????????A?@??????????o???????????K???????????@_???????????A????????????C?G??????????K????????????B?????????????_????????????C?G???????????o????????????@_?????????????o?????????????G?????????????A??????????????O@????????????@??????????????A?G????????????A?G????????????@?C?????????????O??????????????A?G?????????????G???????????????W@??????????????W???????????????C???????????????@?G??????????????A@???????????????GC???????????????W????????????????CG???????????????AS,u|eMID@WH_a@E@A?`_GG@@_CB?GB?G@?C?o@?E?G?W?_?_@?@_@??o?_?G?G?B?@??K?C??O?G??w?G??K?C??B?@???W?G??@_?_??B?@???B?@???@??_???w?G???B?@????G?C????o?G????o?G????W?C????F_@?????K?W?????o?_????@o@??????o@??????]?_?????@?W??????[@???????uC???????Mw,0,0
104,~?@gsP@@?OE?O?_@_?_?G?B??G??O??O??W??C???_??A?_?K???G???C???@????W???@_???A????A?G??@?????o????A?????G?????O?????o?????W?????C??????_?????A??????C??????E??????A???????_??????C?G?????o??????@_??????@????????_???????G?G?????@????????K????????W????????W????????G????????A?@???????O?G??????B?????????A?????????A?????????@??????????O?G???????E??????????K??????????O??????????O??????????G??????????A???????????O?G?????????_??????????@_??????????@_???????????o???????????C????????????_???????????A?C??????????C?G??????????K????????????E????????????@_????????????E?????????????W?????????????O?????????????O?????????????G?_???????????E??????????????G??????????????_?????????????@?G????????????@???????????????_C?????????????K??????????????@_??????????????A???????????????E???????????????E???????????????@_???????????????K????????????????o???????????????B????????????????AG???????????????AG???????????????@c,u|fIID`GH_a@E@A?`_GK@?_CB?GB?G@_C?O@?E?G?W?_?_@?@_@??o?_?G?G?B_@??E?C??G?G??W?G??K?C??B?@???W?G??@??_??F?@???B?@???@??_???o?G???E?@????W?C????{?G????G?W????M?C????@_@?????M?G?????O?_????@w@??????OB??????[?_?????BOG??????F@???????MC???????Jw,0,0
104,~?@gsP@@?OC?O`?@?@_?O?A??W??_??_G?O??C@?@_??C???G@??G???K???A????O???@????A????A?G??@?????O????A?????K?????O?????O?????G?_???E??????o?????A??????C?G????C??????A?C????@_??????K???????_??????@?@?????@?@?????@_???????G???????@????????C????????G????????G????????C?C??????@?????????G?????????_????????@?@????????_?????????O?????????C?G???????@_?????????E??????????K??????????K??????????A???????????_@?????????K???????????o???????????o???????????o???????????G???????????A????????????O???????????@?C??????????A????????????A?G??????????@?????????????O@???????????A?????????????G?_???????????O?????????????O@????????????W?????????????E??????????????W??????????????_?????????????@?G????????????@_??????????????W??????????????A???????????????OG?????????????@???????????????A@??????????????A@??????????????@????????????????OG??????????????A@???????????????GC???????????????W????????????????CG???????????????AS,u|eMID@WH?e@E@A?`_GK@?oC@_G@?G@_C?W@?A?G?W?_?o@??o@??O?_?K?G?@_@??E?C??K?G??K?G??E?C??@o@???C?G???o?_??@_@???@o@????O?_???K?G???@_@????E?C????M?G????E?G????B_C?????O@?????E?G?????]?_?????GB??????W@??????M?_?????@oG??????F@???????Lc???????Bw,0,0
104,~?@gsP@@?PC?O`?@?@_?O?A??G??O??O??GC?E???_??A???C???K???C???@?G??W???@????A?G??A????@?????O@???E?????W?????_?????_?????O?_???C??????_?????A??????C??????C?G????E???????_??????C???????O???????_@?????@_???????O???????C?G?????@_???????E????????G????????G?G??????C????????@?????????G?G??????@_????????B?????????@??????????_?????????G?G???????@??????????C??????????G?G????????G??????????C??????????@?@?????????W???????????_??????????@???????????@?@??????????_?_?????????W???????????@????????????C?C??????????W????????????K????????????E?????????????_????????????E?????????????W?????????????G?????????????G?????????????C?_???????????@??????????????G??????????????_C????????????@??????????????@?G????????????@_??????????????K??????????????@_??????????????B???????????????E???????????????B????????????????_???????????????K????????????????_???????????????AC???????????????E????????????????AW???????????????B_,u|eMID@WH_a@E@A?`_GK@?oC@?GB?G@?C?o@?E?G?W?_?_@?@_@??o?_?G?G?B?@??K?C??[?G??G?G??K?C??B?@???W?G??@o?_??@_@???@?@???@o?_???K?G???@_@????E?C????M?G????C?W????F?C?????o@?????F?G?????K?_?????O@??????w@??????K@_?????BOG??????F@???????NC???????Dw,3,3
104,~?@gsP@@?PC?O`?@?@_?O?A??G??O??O??GC?E???_??A?_?C???K???C???@?G??W???@????A?G??A????@?????O????B?????G?????O?????O@????G?????A??????O?????@??????A?G????E??????B???????_??????C?G?????O?_????@_???????_???????O?_?????K???????@_???????C????????G?G??????G????????C????????@?????????G?????????O?????????_?????????_@????????O?????????C??????????_@????????A??????????C??????????C?G????????E??????????@_??????????K???????????o??????????@_???????????_???????????O?_?????????K????????????o???????????B????????????A????????????A?G??????????@?????????????O????????????A?G???????????G?????????????O@????????????O?????????????G?????????????A?G????????????O?????????????@?C????????????B??????????????B???????????????o??????????????C???????????????_G?????????????E???????????????E???????????????A???????????????@?_??????????????O???????????????B@???????????????C????????????????K????????????????CW???????????????BO,u|eMID@WH_a@E@A?`_GK@?oC@_G@?G@_C?W@?B?G?G?_?o@??o@??O?_?K?G?@_@??E?C??K?G??K?G??E?C??@o@???E?G???O?_??@o@????o@????W?_???E?G????o@????B?C????E?G????E?G????B_C?????W@?????A?G?????[?_?????WB??????[@??????E?_?????@oG??????F@???????K[???????VG,0,0
104,~?@gsP@@?PC?O`?@@@_?O?A??G??O??O??G??A???O??@???E???C???A?_?@_???G????_C??B????A????@?C???o????E?????O?????_?????_?????O?????C??????_@????A??????C??????C?G????A???????_??????C???????O?_????@_??????@_???????o???????K????????_???????A?C??????K????????C????????A?C??????@_????????K?????????O?????????_?????????_?????????O?????????C??????????_@????????A??????????C??????????C?G????????A???????????_??????????C?G?????????O?_????????@_??????????@_???????????o???????????K????????????_???????????A?C??????????K????????????C????????????A?C??????????@_????????????A?????????????G?????????????O?????????????O?????????????G?_???????????A?G????????????O?????????????@?C????????????A?G????????????A??????????????@_C?????????????W??????????????B???????????????K???????????????C???????????????C@??????????????@????????????????OG??????????????@@???????????????C????????????????KG???????????????E?????????????????s,u|eMID@WH_a@E@A?`_GG@@oC@?GB?G@?C?o@?E?G?W?_?_@?@o@??O?_?K?G?@_@??F?C??C?G??K?G??E?C??@_@???K?G???w?_???_@???@o@????O?_???K?G???@_@????F?C????C?G????M?G????B?C?????o@?????F?G?????M?_?????G@??????[@??????F?_??????wG??????BH???????NC???????Fo,4,5
104,~?@gsP@@?PC?O`?@@@_?O?A??G??O??O??G??A???O??@???E???C???A?_?@_???G????_C??B????A????@?C???o????E?????O?????_?????_@????O?????C??????_?????A??????C??????C?G????A???????_??????C???????O?_????@_???????_???????O?_?????K???????@_???????C????????G?G??????W????????C????????@?@???????W????????@_????????@?????????@??????????_?_???????G?????????@?@????????C??????????G??????????G??????????C?C????????@?@?????????G???????????_??????????@?@?????????@?@?????????@_???????????G???????????@?@??????????E????????????K????????????G????????????C?C???????????_????????????C?G???????????o?????????????O?????????????O?????????????G?_???????????A??????????????O@????????????@??????????????A?G????????????B???????????????_??????????????K??????????????@_??????????????B???????????????B???????????????@????????????????o_??????????????K????????????????_???????????????AC???????????????CG???????????????CG???????????????@c,u|eMID@WH_a@E@A?`_GG@@oC@?GB?G@?C?o@?E?G?W?_?_@?@_@??o?_?G?G?B?@??K?C??[?G??G?G??K?C??B?@???W?G??@o?_??@_@???@_@????o?_???K?G???@?@????M?C????M?G????C?G????F?C?????o@?????F?G?????K?_?????W@??????[@??????C__?????BoG??????FA???????NC???????FW,4,5
104,~?@gsP@@?PC?O`?@@@_?O?A??G??O??O??G??A???O??@???E???C???A?_?@_???G????_C??B????A????@?C???o????E?????O?????_@????_?????O?????C??????_?????A??????C??????C??????A???????_??????C???????O???????o???????_???????O?_?????K???????@_???????E????????K????????K????????E????????@_????????K?????????o????????@?????????@?@????????_?_???????G?????????@??????????C?C????????G??????????G??????????C??????????@???????????G???????????_?_????????@???????????@????????????O???????????C?G?????????@_???????????B????????????E????????????E????????????B?????????????o????????????B?????????????K?????????????W?????????????G?????????????C?_???????????@?G????????????G??????????????_?????????????@??????????????@?G?????????????_C?????????????G??????????????@???????????????C?_?????????????E???????????????E???????????????B????????????????K???????????????@_???????????????B????????????????A????????????????BG????????????????w,u|eMID@WH_a@E@A?`_GG@@oC@?GB?G@?C?o@?E?G?W?_?_@?@_@??o?_?K?G?@_@??C?C??[?G??G?W??K?C??B?@???O?G??B_?_??B?@???B?@???@??_???w?G???B?@????K?C????W?G????S?G????F?C?????o@?????C?G?????{?_?????WB??????[@??????E?_?????@_G??????N@???????K[???????VG,4,4
104,~?@gsP@@?OC?O`?@@@_?O?A??W??_??_G?O??C???_??A???C???K???C???@????G????_???@?G??B????@?????O@???E?????W?????_?????_?????O?_???K?????@_?????C??????G?G????G??????C??????@???????G???????_??????@???????@?@?????@_???????G???????@????????C????????G?G??????G????????C?C??????B?????????W????????@_????????B?????????B??????????_?????????G?????????@?@????????K??????????W??????????G??????????C?C????????@???????????G?G?????????_??????????@???????????@????????????_?_?????????G?G?????????B????????????C????????????G????????????G?G??????????C?C??????????@?????????????G?G???????????o????????????@_????????????@_?????????????G?????????????A??????????????O@????????????B??????????????@??????????????@?G?????????????_??????????????G@?????????????@?G?????????????E???????????????K???????????????C???????????????B?_??????????????O???????????????A@???????????????E????????????????C????????????????DG????????????????w,u|eMID@WH?e@E@A?`_GG@@oC@?GB?G@?C?o@?E?G?O?_@_@?@_@??o?_?G?G?B?@??K?C??O?G??w?G??G?K??E?@???o?G??B??_??F?@???A?@???B??_???w?G???B?@????G?C????w?G????W?G????I?C????@o@?????E?G?????[?_?????O@??????{@??????E@_?????@?G??????]@???????[K???????\g,4,4
104,~?@gsP@@?OC?O`?@@@_?O?A??W??_??_G?O??C???_??A???C???K???C???@????G????_???@?G??B????@?????O@???E?????W?????_?????_?????O?_???K?????@_?????C??????G?G????G??????C??????@???????G???????_??????@???????@?@?????@_???????G???????@????????C????????G????????K????????E????????@_????????K?????????o????????@_?????????_?????????O?????????C?G???????@_?????????E??????????K??????????G??????????C?C????????@???????????G???????????_??????????@???????????@?@??????????_?_?????????W???????????@????????????C????????????G?G??????????G????????????C?C??????????@_????????????K?????????????o????????????@_?????????????O?????????????G?????????????A?G????????????o?????????????@_?????????????@??????????????@?G?????????????_??????????????G??????????????@_G?????????????E???????????????C???????????????C@??????????????A?_??????????????_G??????????????E????????????????W????????????????GG???????????????GG???????????????@c,u|eMID@WH?e@E@A?`_GG@@oC@?GB?G@?C?o@?E?G?O?_@_@?@_@??o?_?K?G?@_@??C?C??[?G??G?W??K?C??B?@???W?G??@o?_??@?@???B?@???@_?_???W?G???B?@????K?C????W?G????S?G????F?C?????o@?????F?G?????G?_?????w@??????[@??????E?_?????@_G??????N@???????MK???????Ng,4,5
104,~?@gsP@@?OC?O`?@@@_?O?A??W??_??_??O??C???_??A???C???K???C???@????G???@_???B????B????@?????O@???E?????W?????_?????_?????O?_???K?????@_?????C??????G??????G??????C??????@?@?????G???????_??????@???????@?@?????@_???????G???????@????????C????????G?G??????W????????K????????B?????????G?????????_?_??????B?????????B??????????_?????????G?????????@?@????????K??????????W??????????G??????????C??????????@?@?????????G???????????_?_????????@???????????@????????????_?_?????????G?G?????????B????????????C????????????G????????????G?G??????????C?C??????????B?????????????K?????????????O?????????????_@???????????@_?????????????G?????????????A??????????????O@????????????B??????????????@??????????????@???????????????_C?????????????G@?????????????@???????????????E?_?????????????K???????????????C???????????????B?_??????????????o???????????????@????????????????CC???????????????CG???????????????CG???????????????@c,u|eMID@WH?e@C@E?`_GG@@oC@?GB?G@?C?o@?E?G?O?_@_@?@_@??_?_?W?G?B?@??K?C??[?G??G?G??K?C??B?@???W?G??@o?_??@?@???B?@???@o?_???G?G???B_@????E?C????M?G????C?G????F?C?????o@?????F?G?????G?_?????{@??????GB??????M?_?????@oG??????F@???????Mc???????Bw,4,5
104,~?@gsP@@?OC?O`?@@@_?O?A??W??_??_G?O??C???_??A???C???K???C???@????G????_???@?G??B????@?????O@???E?????W?????_?????_?????O?_???K?????@_?????C??????G?G????G??????C??????@???????G???????_??????@???????@?@?????@_???????G???????@????????C????????G?G??????G????????C?C??????B?????????W????????@_????????B?????????B??????????_?????????G?????????@?@????????K??????????W??????????G??????????C?C????????@???????????G???????????_??????????@???????????@????????????_?_?????????G?G?????????B????????????C????????????G????????????G?G??????????C?C??????????@_????????????K?????????????o????????????@_????????????@_?????????????G?????????????A??????????????O@????????????B??????????????@??????????????@?G?????????????_??????????????G??????????????@???????????????E?_?????????????K???????????????C???????????????B????????????????W???????????????B????????????????K????????????????CG???????????????Cg???????????????F?,u|eMID@WH?e@E@A?`_GG@@oC@?GB?G@?C?o@?E?G?O?_@_@?@_@??o?_?G?G?B?@??K?C??O?G??w?G??G?K??E?@???o?G??B??_??F?@???A?@???B??_???w?G???B?@????K?C????W?G????W?G????I?C????@o@?????E?G?????[?_?????O@??????{@??????E@_?????@_g??????K@???????{C???????[w,4,4
104,~?@gsP@@?PC?O`?@@@_?O?A??G??O??O??G??A???O??@???E???C???A?_?@_???G????_C??B????A????@?C???o????E?????O?????_?????_@????O?????C??????_?????A??????C??????C??????A???????_??????C???????O?_????@_???????_???????O?_?????K???????@_???????C????????G?G??????W????????K????????B?????????W????????@_????????@?????????@??????????_?_???????G?????????@?@????????C??????????G?G????????G??????????C?C????????@???????????G???????????_??????????@???????????@?@?????????@_???????????G???????????@?@??????????E????????????C????????????C?G??????????B?????????????o????????????E?????????????W?????????????O?????????????O?????????????G?_???????????A??????????????O@????????????@?C????????????A??????????????A?G????????????@???????????????O@?????????????B???????????????K???????????????G???????????????G@??????????????B????????????????W???????????????@_???????????????B????????????????B????????????????@G????????????????s,u|eMID@WH_a@E@A?`_GG@@oC@?GB?G@?C?o@?E?G?W?_?_@?@_@??o?_?G?G?B?@??K?C??O?G??w?G??G?K??E?@???o?G??B??_??F?@???B?@???@_?_???[?G???@?@????M?C????K?G????I?G????B?C?????o@?????E?G?????[?_?????W@??????[@??????F?_??????wG??????B`???????FC???????Fw,4,5
104,~?@gsP@@?PC?O`?@@@_?O?A??G??O??O??G??A???O??@???E???C???A?_?@_???G????_C??B????A????@?C???o????E?????O?????_?????_?????O?????C??????_?????A??????C??????C??????A???????_??????C???????O?_????@_??????@_???????o???????K???????@_???????C????????G?G??????W????????K????????B?????????W????????@_????????@?????????@??????????_?????????G?????????@??????????C?C????????G??????????G??????????C?C????????@???????????G???????????_??????????@?@?????????@?@?????????@_???????????W???????????B????????????K????????????K????????????G????????????C?C??????????@_????????????K?????????????o?????????????O?????????????O?????????????G?????????????A??????????????O@????????????@?C????????????A??????????????A??????????????@?C?????????????O??????????????B?G?????????????K???????????????W???????????????W???????????????B????????????????o???????????????B????????????????AC???????????????C????????????????EG???????????????@W,u|eMID@WH_a@E@A?`_GG@@oC@?GB?G@?C?o@?E?G?W?_?_@?@_@??o?_?G?G?B?@??K?C??O?G??w?G??G?K??E?@???o?G??B??_??E?@???F?@???@??_???w?G???B?@????G?C????w?G????W?G????I?C????@o@?????E?G?????W?_?????w@??????[@??????E?_?????@oG??????F`???????E[???????NG,4,4
104,~?@gsP@@?PC?O`?@?@_?O?A??G??O??O??G??E???_??A???C???K???C???@?G??W???@????A?G??E????A?????_????C?G???o????@_????@??????_?????G?G???@??????C??????G?G????G??????C??????@???????W???????_??????@???????@????????_?_?????W???????@????????C?C??????W????????G????????C?C??????B?????????W????????@?????????A?@???????A?@???????B??????????o?????????A??????????G??????????O?G????????O??????????G?C????????A?@?????????O??????????@??_????????A???????????A????????????_???????????G???????????@?@??????????C?C??????????W????????????G????????????C?C???????????_????????????C?G???????????W?????????????o?????????????o?????????????W?????????????@??????????????G??????????????_C????????????@_??????????????_??????????????OC?????????????C???????????????_G?????????????B???????????????E???????????????A???????????????@?_??????????????OG??????????????B????????????????E????????????????E????????????????@_????????????????[,u|eMID@WH_a@E@A?`_GG@@_CB?GA?GB?C?_@?K?G?o?_@_@?@?@?@o?_?G?G?B?@??K?C??O?G??o?G??[?C??A?@???o?G??B??_??E?@???F?@???@_?_???[?G???@?@????M?C????K?G????G?G????N?C?????_B?????M?G?????W?_?????w@??????[@??????C?_?????B_G??????LB???????MS???????NG,4,5
104,~?@gsP@@?OC?O`?@?@_?O?A??W??_??_??O??C??@_??C???G@??G???K???A????O???@?C??E????C????A?C??@_????G?????_?_??@?????@_?????_?????G?G???@??????K??????G??????G??????C??????@???????G???????_??????@_??????@????????_?_?????G???????@_???????C????????G????????G?G??????K????????B?????????O????????@??_??????E?????????E?????????A??????????_?G???????C?@????????W??????????_??????????_?G????????O?C????????K???????????_??????????A???????????C?@?????????C???????????A????????????_?G?????????C????????????O?C??????????O????????????O?G??????????G????????????@?????????????K?????????????o?????????????o?????????????_?????????????O?_???????????E??????????????W??????????????o?????????????@_?????????????@_??????????????O??????????????C@??????????????_G?????????????A???????????????C@??????????????C@??????????????A?_??????????????_???????????????E????????????????C????????????????GG???????????????BG???????????????@o,u|eMID@WH?e@C@E?`?GW@@?CE?GE?GB?C?_@?K?G?o?_@?@?B_@??_?_?W?G?B?@??G?C??o?G??o?G??O?C??M?@???o?G??B??_??C?@???M?@???B??_???_?G???M?@????O?K???@o?G????o?G????O?C????M?@?????o?G????Bo?_????@_B?????@?@?????@w?_?????D?W??????]@???????Ok??????@uG,4,4
104,~?@gsP@@?PC?O`?@?@_?O?A??G??O??O??G??E???_??A?_?C???K???C???@?G??W???@????A?G??E????A?????_@???C?????W?????_?????_?????O?_???C??????_?????A??????C??????C??????A???????o??????C???????O?_?????_??????@_???????O???????C?G?????@_???????E????????G????????G?G??????K????????B?????????O????????@??_??????A?@???????B?????????@??????????O?????????A?@????????G??????????O?G????????O??????????G??????????A???????????O?G????????@???????????A?@?????????@????????????_?_?????????G???????????B????????????C????????????G?G??????????K????????????E????????????@?????????????G?G???????????o?????????????o?????????????W?????????????G?????????????B??????????????G??????????????_C????????????@??????????????@?G?????????????_??????????????G@?????????????@?G?????????????C?_?????????????G???????????????W???????????????C?_?????????????@_???????????????C????????????????OC???????????????KG???????????????G_???????????????BC,u|eMID@WH_a@E@A?`_GG@@_CB?GB?G@?C?o@?E?G?W?_?_@?@_@??o?_?G?G?B?@??K?C??O?G??w?G??K?C??B?@???O?G??B??_??F?@???B?@???@_?_???W?G???B?@????G?C????w?G????W?G????N?C?????oB?????C?G?????o?_????@o@??????oB??????W?_?????F?G??????O`??????BkC???????Zo,4,5
104,~?@gsP@@?OC?O`?@?@_?O?A??W??_??_G?O??C??@_??C???G@??G???K???A????O???@????A????A?G??B?????_????C?G???O?????o?????_?????O?_???C?????@_?????E??????G??????G?G????C??????@???????G???????o??????@???????@?@??????_???????K???????@????????C????????G????????G????????E????????@_????????K?????????_????????@?@???????@?@????????o?????????G?????????@?@????????C?C????????W??????????W??????????K??????????A???????????O?G????????@???????????A???????????A?@??????????_???????????G?G?????????@????????????A????????????C????????????C????????????A?C???????????_????????????E?????????????W?????????????W?????????????K?????????????E?????????????@_?????????????K??????????????W??????????????_??????????????_G?????????????O??????????????C@??????????????_G?????????????A???????????????C???????????????C@??????????????A?_??????????????_G??????????????E????????????????E????????????????K????????????????@G????????????????s,u|eMID@WH?e@E@A?`_GG@@_CB?GB?G@?C?o@?E?G?O?_@_@?@_@??o?_?K?G?@_@??C?C??[?G??K?G??E?C??@?@???[?G???o?_??@?@???B?@???@_?_???W?G???B?@????K?C????W?G????]?G????B?K?????_@?????N?G?????G@_?????o@??????w@??????K?_?????B?G??????Z@???????IK???????Ng,4,4
104,~?@gsP@@?PC?O`?@?@_?O?A??G??O??O??G??E???_??A?_?C???K???C???@?G??W???@????A?G??E????A?????_@???C?????W?????_?????_@????O?????C??????_?????A??????C??????C??????A???????o??????C???????O?_?????_???????o???????O???????C?G?????@_???????E????????G????????G?G??????K????????B?????????O????????@??_??????A?@???????B?????????@??????????O?G???????A?@????????G??????????O??????????O?G????????G??????????A???????????O?G????????@???????????A???????????@????????????_?_?????????G????????????_???????????A?C??????????K????????????E????????????A?????????????_@???????????E?????????????W?????????????o?????????????W?????????????K?????????????@??????????????G@?????????????_C????????????@??????????????@???????????????_C?????????????G@?????????????@???????????????C?_?????????????G???????????????G@??????????????B????????????????o???????????????@_???????????????B????????????????B????????????????@_????????????????[,u|eMID@WH_a@E@A?`_GG@@_CB?GB?G@?C?o@?E?G?W?_?_@?@_@??o?_?G?G?B?@??K?C??O?G??w?G??K?C??B?@???O?G??B_?_??B?@???B?@???@??_???w?G???B?@????G?C????w?G????W?G????G?C????F_@?????K?W?????_?_????Bo@??????oB??????[?_?????B?G??????]@???????UK???????Jg,4,4
104,~?@gsP@@?OC?O`?@?@_?O?A??W??_??_G?O??C??@_??C???G@??G???K???A????O???@????A????A?G??B?????_????C?G???O?????o?????_?????O?????C?G???@_?????E??????G??????G?G????C??????@???????G???????o??????@???????@?@??????_???????W???????@????????C????????G????????G?G??????C????????@?@???????W????????@_????????A?????????A?@???????@??_???????W?????????A??????????G?C????????O?G????????o??????????W??????????A???????????O?G????????@???????????A?@?????????A???????????@????????????G???????????@?@??????????C????????????C????????????C?G??????????A?????????????_@???????????C?????????????O?_???????????o?????????????o?????????????W?????????????B??????????????W??????????????o??????????????_??????????????_G?????????????O??????????????C@??????????????_G?????????????A???????????????C@??????????????C???????????????A?_??????????????_G??????????????E????????????????E????????????????E????????????????@G????????????????s,u|eMID@WH?e@E@A?`_GG@@_CB?GB?G@?C?o@?E?G?O?_@_@?@_@??o?_?G?G?B?@??K?C??O?G??w?G??K?C??B?@???O?G??B??_??F?@???A?@???B??_???w?G???B?@????G?C????w?G????W?G????G?C????F_@?????K?W?????_?_????Bo@??????oB??????[?_?????B?G??????]@???????UK???????Jg,0,0
104,~?@gsP@@?OC?O`?@@@_?O?A@?W??_??_??O??C???_??A???C???C???A????_???K????_???@?G??B????@?????O@???E?????W?????_?????_@????o?????K?????@??????C?C????G??????G??????C??????@???????G???????_?_????@???????@????????_???????G???????@?@??????C????????K????????K????????E????????@_????????G?????????_?_??????@_????????@_?????????o?????????K??????????o?????????A??????????C?G????????C??????????A???????????_??????????C?G?????????O???????????_@??????????_???????????O???????????C????????????_@??????????A????????????E????????????E????????????B?????????????O????????????A?G???????????K?????????????W?????????????W?????????????E?????????????@??????????????G@?????????????_?????????????@?G????????????@?G?????????????_??????????????G@?????????????@?G?????????????C???????????????G@??????????????G???????????????E????????????????O???????????????A@???????????????E????????????????E????????????????F?????????????????w,u|eMID@WH?e@C@E?`?GW@@?CF?GA?GB?C?_@?M?G?O?_@_@?@_@??o?_?K?G?@_@??E?C??G?G??[?G??E?C??@_@???G?G??@o?_??@?B???B_@????o?_???K?G???@_@????E?C????K?G????M?G????B?C?????o@?????D?G?????M?_?????K@??????K@??????F?_??????wG??????B`???????FC???????Fw,4,4
104,~?@gsP@@?OE?O?_@_?_?GGB??G??O??O??W??C???_??A???C???C???A???@_???K????_???@????@????@_????W????A?????G?_???o?????o?????O?????C?G????_?????A?C????K??????K??????C??????@???????G???????_??????@???????@????????_?_?????G???????@_???????A????????C????????C????????A?C??????@_????????K?????????o????????@_????????@_?????????W?????????C??????????_@????????A?C????????K??????????K??????????A???????????_??????????C???????????O???????????_???????????_???????????O?_?????????C????????????O???????????@????????????A?G??????????A?G??????????B?????????????o????????????E?????????????W?????????????o?????????????W?????????????K?????????????B??????????????C??????????????O??????????????_G?????????????_??????????????OC?????????????C???????????????_G?????????????A???????????????E???????????????E???????????????@_???????????????K????????????????o???????????????B????????????????AG???????????????AG???????????????@c,u|fIID`GH_a@E@A?`_GK@?_CB?GA?GB_C?O@?E?G?W?_?o@??o@??W?_?E?G??o@??A?C??K?G??K?G??C?C??B_@???G?W??@o?_??@_@???@_@????o?_???K?G???@o@????A?C????K?G????K?G????E?C????@O@?????F?G?????K?_?????W@??????]@??????A@_?????@oG??????F@???????MC???????Lw,0,0
104,~?@gsP@@?OC?O`?@?@_?O?A??W??_??_??O??C??@_??C???G@??G???K???A????O@??@????E????C????A?C??@_????G?????_?_??@?????@_?????_?????G?????@??????E??????G??????G??????C?C????@???????G???????_??????@_??????@????????_?_?????G???????B????????K????????O????????O?G??????G????????E?????????O????????@??_??????E?????????E?????????A??????????_?G???????C?@????????W??????????_??????????_?G????????O??????????C?@?????????o??????????A???????????C?@?????????C?@?????????A????????????_???????????C????????????O?C??????????O????????????O?G??????????G????????????B?????????????G?????????????_?_??????????@??????????????o?????????????W?????????????E??????????????W??????????????o?????????????@??????????????@?G?????????????_C?????????????K??????????????@_??????????????A???????????????C???????????????C@??????????????A?_??????????????_G??????????????A????????????????GC???????????????WG???????????????W????????????????@c,u|eMID@WH?e@C@E?`?GW@@?CE?GE?GB?C?_@?K?G?o?_@_@?@_@??_?_?[?G?@?@??K?C??W?G??O?G??[?C??B?@???W?G??@??_??E?@???E?@???B??_???o?G???E?@????[?C????W?G????W?G????K?C????Bo@?????E?W?????O?_????@o@??????w@??????K?_?????B_G??????KB???????uC???????NW,0,0
104,~?@gsP@@?OC?O`?@?@_?O?A??W??_??_??O??C??@_??C???G@??G???K???A????O@??@????E????C????A?C??@_????G?????_?_??@?????@_?????_?????G?????@??????E??????G??????G??????C??????@???????G???????_??????@_??????@????????_?_?????G?G?????B????????K????????O????????O?G??????G????????E?????????o????????B?????????E?????????E?????????A??????????_?G???????C?@????????G??????????O??????????O??????????G??????????B???????????O??????????@??_????????A???????????A???????????@????????????O?G?????????A????????????E????????????K????????????K????????????E????????????@_????????????C?????????????W?????????????o?????????????o?????????????K?????????????B??????????????G??????????????_C????????????@??????????????@_??????????????_??????????????G@?????????????@?G?????????????C???????????????G@??????????????K???????????????B????????????????o???????????????A@???????????????E????????????????E????????????????AG????????????????s,u|eMID@WH?e@C@E?`?GW@@?CE?GE?GB?C?_@?K?G?o?_@_@?@_@??_?_?W?G?B?@??K?C??W?G??O?G??[?C??B?@???W?G??@_?_??B?@???B?@???@_?_???W?G???B?@????K?C????W?G????[?G????C?C????Bo@?????E?W?????W?_?????o@??????w@??????K?_?????B_G??????M@???????VC???????Fw,0,0
104,~?@gsP@@?PC?O`?@?@_?O?A??G??O??O??G??E???_??A?_?C???K???C???@?G??W???@????A?G??E????A?????_@???C?????W?????_?????_?????O?????C??????_@????A??????C??????C??????A???????o??????C???????O?_?????_@?????@_???????o???????G???????@?@??????E????????G????????G?G??????K????????B?????????O????????@??_??????A?@???????@??????????_?????????G?????????@??????????C??????????G?G????????G??????????C??????????@???????????G???????????_???????????o???????????o???????????W???????????E????????????_???????????A?C??????????E????????????E????????????B?????????????o????????????E?????????????W?????????????O?????????????O?????????????G?????????????A?G????????????W??????????????_?????????????@??????????????@???????????????_??????????????K@?????????????@_??????????????E???????????????C???????????????E@??????????????B????????????????o???????????????E????????????????CC???????????????G????????????????IG???????????????@W,u|eMID@WH_a@E@A?`_GG@@_CB?GB?G@?C?o@?E?G?W?_?o@??o@??O?_?K?G?@_@??C?C??[?G??K?G??E?C??@_@???K?G???o?_??@_@???@_@????o?_???K?G???@_@????E?C????G?G????]?G????B?K?????o@?????E?G?????W?_?????w@??????W@??????K?_?????B?G??????Z@???????K[???????^G,0,0
104,~?@gsP@@?OE?O?_@_?_?G?B??G??O??O??W??C???_??A?_?K???G???C???@????W???@_???A????A?G??@?????o????A?????G?????O?????o?????W?????C??????_?????A??????C??????E??????A???????_??????C?G?????o??????@_??????@????????_???????G?G?????@????????K????????W????????W????????G????????A?@???????O?G??????B?????????A?????????A?????????@??????????O?G???????E??????????K??????????O??????????O?G????????G??????????A???????????O?G?????????_??????????@_??????????@_???????????o???????????C????????????_???????????A?C??????????C????????????E????????????B?????????????W????????????B?????????????C?????????????G?????????????G@????????????K?????????????@_?????????????G??????????????_C????????????@??????????????@?G?????????????o??????????????K???????????????_??????????????A?_?????????????C@??????????????C@??????????????B????????????????W???????????????@????????????????CC???????????????AG???????????????AG???????????????@c,u|fIID`GH_a@E@A?`_GK@?_CB?GB?G@_C?O@?E?G?W?_?_@?@_@??o?_?G?G?B_@??E?C??G?G??W?G??K?C??B?@???W?G??@??_??F?@???B?@???@_?_???W?G???B?@????N?C????C?W????M?G????B?C?????w@?????A?G?????[?_?????W@??????W@??????L?_??????wG??????B`???????Fc???????Bw,0,0
104,~?@gsP@H?OC?O`?@??_?G?B??G??O??O??G??E???_??A?_?K???G???C???@????W???@????A?G??E????A?????_????C?G???O?????_?????_?????o?????K?????@??????C??????G?G????G??????C?C????@???????W???????_??????@?@?????B???????@_???????O???????A?@??????G????????O????????o????????G????????A?@???????W????????@?????????A?????????A?@???????@??????????O?????????A?@????????G??????????W??????????W??????????G??????????A???????????O?G????????@???????????A?@?????????A?@?????????B????????????O???????????A?@??????????W????????????W????????????O????????????G?C??????????A?????????????O?G??????????B?????????????B??????????????_?????????????O?????????????C?G????????????_?????????????A?C????????????C?G????????????C?G????????????B???????????????O??????????????A???????????????K?_?????????????W???????????????G???????????????C?_??????????????OG??????????????A@???????????????GC???????????????o????????????????GG???????????????CS,u|eMID`GH_a@E@A?`_GG@@_CB?GA?GB?C?o@?C?G?o?_@_@?@?@?@o?_?G?G?B_@??C?C??W?G??[?G??C?C??B?@???W?G??@_?_??B?@???B?@???@_?_???O?G???F?@????M?C????K?G????M?G????A?C????@_@?????M?G?????W?_?????o@??????w@??????G?_?????F_G??????MB???????Ps??????@{G,0,0
104,~?@gsP@@?OC?O`?@?@_?O?A??W??_??_G?O??C@?@_??C???G???G???K???A????O???@????A????A?G??@?????O????A?G???W?????o?????_?????O?????C?????@_?????E??????G??????G?G????C??????@?@?????W???????_??????@???????@?@??????_???????W???????B????????G????????O????????O?G??????G????????B?????????G?????????_????????@?@???????B??????????o?????????G?????????@?@????????C??????????G?G????????W??????????E??????????@???????????G?G?????????_?_????????B???????????@????????????_???????????G?G?????????@????????????E????????????C????????????C????????????A?C???????????_????????????A?????????????G?????????????O@????????????o?????????????K?????????????A??????????????O@????????????@?C????????????E??????????????B??????????????@_??????????????W??????????????@???????????????E???????????????C???????????????A???????????????@?_??????????????OG??????????????A@???????????????K????????????????[????????????????K?????????????????s,u|eMID@WH?e@E@A?`_GK@?oC@?GB?G@?C?o@?E?G?O?_@_@?@_@??o?_?K?G?@_@??F?C??C?G??M?G??A?C??@_@???K?G???o?_??@?@???B_@????o?_???K?G???@_@????F?C????C?G????M?G????A?K????@o@?????F?G?????G?_?????w@??????W@??????K?_?????B_G??????IB???????]C???????NW,4,5
104,~?@gsP@@?PC?O`?@?@_?O?A??G??O??O??GC?E???_??A???C???K???C???@?G??W???@????A?G??A????@?????O@???E?????W?????_?????_?????O?????C??????_@????A??????C??????C?G????E???????_??????C???????O???????_??????@_???????o???????G???????@?@??????E????????G????????G?G??????C????????@?????????G?G??????@_????????B?????????B?????????@??????????O?G???????A??????????G?C????????O??????????O?G????????G??????????B???????????W???????????_??????????@???????????@?@??????????_???????????G???????????@_???????????A????????????C?G??????????E????????????A?????????????_@???????????C?????????????O?_??????????@_?????????????o?????????????W?????????????C??????????????_@????????????A?C????????????C??????????????C?G????????????A?C?????????????o??????????????A???????????????G?_?????????????O@??????????????O@??????????????G???????????????@_???????????????A????????????????GC???????????????OG???????????????EG???????????????B_,u|eMID@WH_a@E@A?`_GK@?oC@?GB?G@?C?o@?E?G?W?_?o@??o@??O?_?K?G?@_@??F?C??C?G??K?G??E?C??@?@???W?G??@_?_??B?@???B?@???@_?_???W?G???A?@????[?C????[?G????G?G????M?C????@_@?????G?G????@o?_????@o@??????o@??????[?_?????AAG??????{@???????{K???????^_,4,5
104,~?@gsP@H?OC?O`?@??_?G?B??G??O??O??G??E???_??A?_?K???G???C???@????W???@????A?G??E????A?????_????C?G???O?????_@????_?????o?????K?????@??????C??????G??????G??????C?C????@???????W???????_??????@?@?????@_???????_???????G?G?????@????????C?C??????W????????W????????G????????A?@???????W????????@?????????A?????????A?@???????@??????????O?G???????A??????????K??????????G??????????G??????????C??????????@???????????G???????????_?_????????@?@?????????B????????????_???????????G?G?????????@_???????????C????????????G?G??????????G?G??????????K????????????B?????????????W????????????@_?????????????_?????????????_?????????????O?_???????????E??????????????O??????????????_?????????????@?G????????????@???????????????_C?????????????K??????????????@_??????????????A???????????????E@??????????????E???????????????@_???????????????K????????????????_???????????????AC???????????????AG???????????????AG???????????????@c,u|eMID`GH_a@E@A?`_GG@@_CB?GA?GB?C?o@?C?G?o?_@_@?@?@?@_?_?W?G?A?@??[?C??O?G??o?G??[?C??A?@???w?G??@_?_??B?@???B_@????_?_???W?G???B?@????K?C????[?G????K?G????F?C?????_@?????M?G?????W@_?????w@??????W@??????M?_?????@oG??????F@???????Jc???????Bw,4,5
104,~?@gsP@H?OC?O`?@??_?G?B??G??O??O??G??E???_??A?_?K???G???C???@????W???@????A?G??E????A?????_????C?G???O?????_@????_?????o?????K?????@??????C??????G??????G??????C?C????@???????W???????_??????@?@?????@_???????_???????G?G?????@????????C?C??????W????????W????????G????????A?@???????W????????@?????????A?????????A?@???????@??????????O?G???????A??????????K??????????G??????????G??????????C?C????????@???????????G???????????_?_????????@???????????B????????????_???????????G?G?????????@_???????????C????????????G?G??????????G?G??????????K????????????@_????????????K?????????????W?????????????_?????????????_?????????????O?_???????????E??????????????O??????????????_?????????????@??????????????@?G?????????????_??????????????G@?????????????@?G?????????????K???????????????G???????????????K@??????????????E???????????????@_???????????????E????????????????C????????????????K????????????????AW???????????????@o,u|eMID`GH_a@E@A?`_GG@@_CB?GA?GB?C?o@?C?G?o?_@_@?@?@?@_?_?W?G?A?@??[?C??O?G??o?G??[?C??A?@???w?G??@_?_??B?@???B_@????_?_???[?G???@_@????F?C????C?G????K?G????F?C?????_@?????M?G?????W@_?????w@??????O@??????[?_?????B_W??????KD???????wC???????mW,0,0
104,~?@gsP@@?PC?O`?@?@_?O?A??G??O??O??G??E???_??A???C???K???C???@?G??W???@????A?G??E????A?????_????C?G???o????@_????@??????_?????G?????@??????C?C????G??????G??????C?C????@???????W???????_??????@???????@?@??????_???????W???????B????????G????????O?G??????W????????G????????A?@???????W????????@?????????A?????????A?@???????B??????????W?????????A??????????G?C????????O??????????O?G????????G??????????A?@?????????O??????????@???????????A?@?????????A?@?????????B????????????O???????????A????????????G?C??????????O????????????W????????????C????????????@?@???????????K?????????????o?????????????O?????????????O?????????????G?_???????????E??????????????W?????????????@??????????????A?G????????????A?G????????????@???????????????O@?????????????B???????????????K???????????????G???????????????K???????????????A????????????????W???????????????@_???????????????B????????????????F????????????????B?????????????????s,u|eMID@WH_a@E@A?`_GG@@_CB?GA?GB?C?_@?K?G?o?_@_@?@_@??o?_?G?G?B_@??C?C??W?G??[?G??C?C??B_@???G?G??@_?_??B?@???B?@???@_?_???W?G???B?@????M?C????K?G????M?G????A?C????@o@?????C?W?????w?_?????w@??????W@??????K?_?????B_G??????M@???????S[???????^G,4,5
104,~?@gsP@H?OC?O`?@??_?G?B??G??O??O??G??E???_??A?_?K???G???C???@????W???@????A?G??E????A?????_????C?G???O?????_?????_?????o?????K?????@??????C??????G??????G??????C?C????@???????W???????_??????@?@?????B???????@_???????O???????A?@??????G????????O?G??????o????????W????????C?????????_?G??????B?????????C?????????C?????????A??_???????_?????????C?@????????O??????????_??????????o??????????G??????????A???????????O?G????????@???????????A???????????A?@?????????@??_?????????o???????????A????????????G?C??????????W????????????W????????????G????????????A?@???????????O?G??????????B?????????????B?????????????B??????????????O?????????????C??????????????_@????????????A??????????????C?G????????????C?G????????????A???????????????O??????????????A?G?????????????G?_?????????????W???????????????W???????????????E????????????????W???????????????B????????????????B????????????????A????????????????BG????????????????w,u|eMID`GH_a@E@A?`_GG@@_CB?GA?GB?C?o@?C?G?o?_@_@?@?@?@_?_?W?G?A?@??[?C??O?G??o?G??[?C??A?@???o?G??B??_??E?@???E?@???B_?_???O?G???F?@????K?C????[?G????K?G????F?C?????_@?????M?G?????W?_?????o@??????w@??????M?_?????@oG??????F@???????NC???????Fw,4,5
104,~?@gsP@@?OC?O`?@?@_?O?A??W??_??_??O??C@?@_??C???G???G@??K???A????O???@????E????C????A?C???_????C?????O?_??@_?????_?????O?????C?????@_?????E??????G??????G??????C??????@???????G?G????@_??????@???????@????????_?_?????W???????B????????G????????O?G??????O????????G?C??????E?????????o????????A?????????C?@???????C?????????A??????????_?G???????K??????????O??????????_??????????_?G????????O??????????E???????????O??????????@???????????A?@?????????A???????????@_???????????W???????????@????????????E????????????K????????????E????????????A?????????????_@???????????C?G???????????o?????????????o?????????????_?????????????O?_???????????C??????????????_@????????????E??????????????C??????????????C?G????????????A???????????????O??????????????A?G?????????????G?_?????????????O@??????????????W???????????????C???????????????@_G??????????????E????????????????W????????????????CG???????????????CG???????????????Ac,u|eMID@WH?e@C@E?`?GW@@_CB?GA?GB?C?o@?E?G?O?_@_@?@_@??_?_?W?G?B?@??G?C??o?G??o?G??[?C??A?@???o?G??B??_??E?@???E?@???B??_???w?G???A?@????[?C????W?G????O?G????[?C????B_@?????G?G????@o?_????@o@??????o@??????[?_?????BoG??????CF???????{C???????]W,4,5
104,~?@gsP@H?OC?O`?@??_?G?B??G??O??O??GC?E???_??A?_?K???G???C???@????W???@????A?G??A????@?????O@???A?????G?????O?????o?????W?????C??????_?????A??????C??????C?G????E???????_??????C?G?????o??????@_??????@????????_?_?????G???????@?@??????K????????W????????O????????G?C??????A?????????O????????@??_??????A?????????A?????????@??????????O?????????B??????????C??????????G??????????G?G????????C??????????@???????????G?G????????@_??????????@_??????????@_???????????o???????????K???????????@????????????C?C??????????G?G??????????W????????????E????????????@?????????????G?G???????????_????????????@?@???????????@?@????????????_?????????????G?????????????@?@????????????C??????????????C??????????????C?G????????????A?C?????????????_@?????????????C???????????????O?_?????????????W???????????????W???????????????E???????????????@_???????????????@@???????????????CC???????????????K????????????????CG???????????????AS,u|eMID`GH_a@E@A?`_GK@?oC@?GB?G@_C?O@?E?G?W?_?_@?@_@??o?_?G?G?B?@??K?C??[?G??G?G??K?C??B?@???W?G??@_?_??B_@???@?@???@o?_???K?G???@?@????K?C????W?G????[?G????E?C????@_@?????K?G?????o?_????@o@??????{@??????CB_?????B?G??????]@???????WK???????xg,4,5
104,~?@gsP@@?PC?O`?@?@_?O?A??G??O??O??GC?E???_??A???C???K???C???@?G??W???@????A?G??A????@?????O????E?????W?????_?????_?????O?????C??????_?????A?C????C??????C?G????E??????@_??????G???????_??????@?@?????@???????@_???????W???????A????????G?C??????o????????O????????G?C??????A?????????O????????@??_??????A?????????E?????????@_?????????O?????????A?@????????G??????????O?G????????O??????????G??????????A?@?????????W??????????@_??????????@_??????????@????????????_???????????G?G?????????@????????????E????????????C????????????C?G??????????E?????????????_????????????C?G???????????O?????????????_@????????????_?????????????o?????????????E??????????????_?????????????A?C????????????C?G????????????C??????????????B???????????????W??????????????@_??????????????C???????????????K???????????????C???????????????@?_??????????????OG??????????????E????????????????GC???????????????OG???????????????PG???????????????[?,u|eMID@WH_a@E@A?`_GK@?oC@?GB?G@?C?o@?E?G?W?_?_@?@o@??O?_?K?G?@_@??E?C??K?G??G?G??M?C??@?@???W?G??@_?_??B?@???B?@???@??_???w?G???A?B????[?C????[?G????K?G????C?C????B_@?????G?W????@o?_????@o@??????o@??????S?_?????BoG??????EB???????Ss???????]G,0,0
104,~?@gsP@@?PC?O`?@?@_?O?A??G??O??O??G??E???_??A?_?C???K???C???@?G??W???@????A?G??E????A?????_@???C?????W?????_?????_?????O?????C??????_?????A?C????C??????C??????A???????o??????C???????O?_?????_@?????@_???????o???????G???????@?@??????K????????G????????G?G??????K????????B?????????O????????@??_??????A?????????@??????????_?????????G?????????@?@????????C??????????G??????????G?G????????C??????????@?@?????????G???????????_??????????@_??????????@_???????????o???????????K????????????_???????????A?C??????????K????????????C????????????A?C???????????o????????????E?????????????W?????????????O?????????????O?????????????G?_???????????A?G????????????O?????????????@_?????????????@??????????????@?G?????????????_??????????????K??????????????@_??????????????@???????????????A@??????????????E???????????????@?_??????????????W???????????????B????????????????E????????????????C????????????????BG????????????????w,u|eMID@WH_a@E@A?`_GG@@_CB?GB?G@?C?o@?E?G?W?_?_@?@o@??O?_?K?G?@_@??C?C??[?G??K?G??E?C??@_@???K?G???o?_??@_@???@?@???@o?_???G?W???B_@????E?C????G?G????[?G????E?K????@_@?????K?G?????w?_?????o@??????g@??????M?_?????@_W??????J@???????NC???????Ew,3,2
104,~?@gsP@@?OC?O`?@?@_?O?A??W??_??_??O??C@?@_??C???G@??G???K???A????O@??@????E????C????A?C???_????C?????O?????o?????_?????O?????C??????o?????A??????C??????C?G????A???????_@?????K???????o??????@???????@?@??????_?_?????W???????B????????G????????O?G??????O????????W????????A?????????O?G??????@?????????A?????????A?????????@??????????G?????????@??????????C?C????????G??????????K??????????C??????????@???????????G?G?????????o??????????@_??????????@_???????????o???????????K???????????@_???????????B????????????E????????????A????????????B?????????????O????????????A?G???????????G?????????????O?????????????O?????????????G?_???????????A??????????????O@????????????@_?????????????A??????????????B???????????????o??????????????K??????????????@_??????????????B???????????????B???????????????@???????????????@_???????????????GG??????????????@@???????????????C????????????????GG???????????????KG???????????????Co,u|eMID@WH?e@C@E?`?GW@@_CB?GB?G@?C?o@?E?G?W?_?o@??_@??w?_?C?G?@_@??E?C??K?G??K?G??E?C??@_@???K?G???o?_??@_@???@_@????_?_???[?G???@?B????M?C????K?G????K?G????E?C????@_@?????M?G?????[?_?????W@??????S@??????F?_??????oW??????F@???????NC???????Ew,4,5
104,~?@gsP@@?PC?O`?@?@_?O?A??G??O??O??GC?E???_??A???C@??K???C???@?G??W???@????A?G??A????@?????O????E?????G?????O?????O?????G?????A??????O@????@??????A?G????E??????B???????_??????C???????O?_????@_??????@_???????_???????G?G?????B????????C????????G?G??????G????????C????????@?????????G????????@_????????@?????????@??????????_?_???????G?????????@??????????C??????????G?G????????K??????????E??????????@_??????????K???????????_??????????@_??????????@_???????????W???????????C????????????_@??????????E????????????C????????????C?G??????????A?????????????_????????????C?????????????O?_??????????@_?????????????_?????????????O?_???????????C??????????????_?????????????B??????????????B??????????????B??????????????@_??????????????G??????????????@_??????????????B???????????????C???????????????C@??????????????E????????????????_G??????????????C@???????????????O????????????????cG??????????????@o????????????????Co,u|eMID@WH_a@E@A?`_GK@?oC@?GB?G@_C?W@?B?G?G?_?w@??O@??W?_?E?G??o@??B?C??C?G??K?G??E?C??@_@???K?G???o?_??@?@???B_@????_@_???[?G???@_@????E?C????K?G????G?G????M?C????@o@?????E?G?????W?_?????g@??????[@??????E@_?????@oG??????Cp???????{C???????Lo,0,0
104,~?@gsP@@?OC?O`?@?@_?O?A??W??_??_??O??C@?@_??C???G???G???K???A????O???@?C??E????C????A?C???_????C?????O?_??@_????@_?????_?????G?????@??????K??????G??????G??????C?C????@???????G?G????@_??????@???????@????????_?_?????G???????B????????K????????O????????O?G??????G?C??????E?????????O????????@??_??????A?????????A?????????@??_???????o?????????B??????????G??????????O??????????O?G????????G??????????@???????????G???????????_?_????????@_??????????@_???????????O???????????C????????????_@??????????A?C??????????K????????????E????????????B?????????????o????????????A?????????????G?_???????????O?????????????O@????????????W?????????????@??????????????G??????????????_C????????????@??????????????@???????????????_C?????????????K???????????????_??????????????B???????????????E???????????????B???????????????@_???????????????K????????????????`???????????????E????????????????E????????????????A_????????????????[,u|eMID@WH?e@C@E?`?GW@@_CB?GA?GB?C?_@?K?G?o?_@?@?B_@??_?_?[?G?@?@??K?C??W?G??[?G??C?C??B_@???G?G??@_?_??B?@???B?@???@o?_???G?G???B_@????C?C????[?G????M?G????A?C????@o@?????E?G?????[?_?????[@??????G@??????M?_?????@wG??????AF???????[c???????]G,0,0
104,~?@gsP@@?OC?O`?@?@_?O?A??W??_??_??O??C@?@_??C???G@??G???K???A????O???@?C??E????C????A?C???_????C?????O?????o?????_?????O?????C?????@_?????A??????C??????C?G????A???????_@?????K???????o??????@???????@?@??????_???????W???????B????????G????????O?G??????O?G??????W????????A?????????O?G??????@?????????A?????????A?????????@??_???????W?????????A??????????G??????????O?G????????O??????????C??????????@???????????G?G?????????_??????????@?@?????????B???????????@_???????????G???????????@?@??????????C?C??????????W????????????K????????????E????????????@_????????????E?????????????G?????????????O@????????????O?????????????G?_???????????@??????????????G??????????????_C????????????@??????????????@???????????????_C?????????????G@?????????????@_??????????????B???????????????E???????????????B???????????????@_???????????????C????????????????`???????????????AC???????????????E????????????????B?????????????????[,u|eMID@WH?e@C@E?`?GW@@_CB?GB?G@?C?o@?E?G?O?_@o@??_@??w?_?C?G?@_@??E?C??K?G??K?G??E?C??@?@???W?G??@_?_??B?@???B_@????_?_???[?G???@_@????E?C????K?G????M?G????B?C?????o@?????F?G?????M?_?????G@??????[@??????F?_??????wG??????BH???????NC???????Fo,4,4
104,~?@gsP@@?OC?O`?@?@_?O?A??W??_??_??O??C??@_??C???G???G@??K???A????O???@?C??E????C????A?C??@_????G?????_????@?@???B??????_?????G?????@??????K??????G??????G??????C?C????@???????G?G?????_??????B???????@????????_???????G?G?????B????????K????????O????????O?G??????G?C??????E?????????O????????@??_??????B?????????A?????????@??????????O?G???????E??????????G??????????O??????????O?G????????G??????????@???????????G???????????_?_????????@???????????@?@??????????_???????????W???????????@????????????C?C??????????G?G??????????W????????????E????????????@_????????????K?????????????W?????????????W?????????????O?????????????G?_???????????A?G????????????G??????????????_?????????????@?G????????????@???????????????_??????????????G@?????????????@?G?????????????C???????????????E???????????????E???????????????@_???????????????W????????????????o???????????????B????????????????B????????????????@_????????????????[,u|eMID@WH?e@C@E?`?GW@@?CE?GE?GA?C@_@?K?G?o?_@?@?B_@??_?_?[?G?@?@??M?C??G?G??W?G??M?C??@?@???W?G??@_?_??B?@???B?@???@o?_???G?G???B_@????F?C????C?G????K?G????F?C?????o@?????E?G?????[?_?????[@??????G@??????N?_??????_W??????N@???????Kk???????]G,4,5
104,~?@gsP@@?OC?O`?@?@_?O?A??W??_??_??O??C??@_??C???G???G???K???A????O???@?C??E????C????A?C??@_????G?????_????@?@???B?????@_?????O?????A??????G??????o??????O??????G??????A?@?????O??????@??_????A???????E???????@????????O???????A????????G?C??????o????????o????????O????????C?@???????_?G??????E?????????C?????????C?@???????B??????????_?????????C??????????O?C???????@_?????????@_??????????O??????????C???????????_?G????????A???????????A???????????A???????????@??_?????????O???????????A?@??????????G?C??????????o????????????O????????????G????????????A?@???????????O?G??????????B?????????????B?????????????B?????????????@_?????????????K??????????????O?????????????@??????????????A?G????????????E???????????????_??????????????G@?????????????@?G?????????????C???????????????G???????????????K@??????????????E????????????????_???????????????E????????????????E????????????????K????????????????BG???????????????@o,u|eMID@WH?e@C@E?`?GW@@?CE?GE?GA?C@_@?G?G@_?_B?@?A?@?B_?_?O?G?F?@??G?C??w?G??O?G??W?C??F?@???O?G??B??_??E?@???E?@???B??_???o?G???F?@????G?C????w?G????[?G????E?C????@o@?????C?G?????w?_?????o@??????w@??????M?_?????@AG??????]@???????[K???????^_,0,0
104,~?@gsP@H?OC?O`?@??_?G?B??G??O??O??GC?E???_??A?_?K???G???C???@?G??W???@????A?G??A????@?????O????A?????G?????O?????o?????G?????A??????O@????@??????A?G????E??????B???????_??????C?G?????o??????@_??????@????????_???????G?G?????B????????C????????G?G??????G????????C????????@?????????G?????????_????????@?????????@?@????????_?????????W?????????@??????????C??????????G?G????????G??????????C?C????????B???????????W??????????@_??????????B???????????B????????????o???????????G???????????@?@??????????C?C??????????W????????????K????????????A?????????????_@???????????C?????????????O?_???????????_?????????????_?????????????O?_???????????C??????????????O?????????????@??????????????A?G????????????A?G????????????@_??????????????K??????????????@_??????????????B???????????????E???????????????E????????????????_???????????????GG??????????????@@???????????????E????????????????C????????????????EG????????????????w,u|eMID`GH_a@E@A?`_GK@?oC@?GB?G@_C?O@?F?G?G?_?w@??O@??W?_?E?G??o@??B?C??C?G??K?G??E?C??@_@???G?G??@o?_??@?@???B_@????o?_???K?G???@_@????E?C????K?G????K?G????F?C?????o@?????F?G?????G?_?????w@??????[@??????F?_??????oG??????F@???????MK???????Ng,4,5
104,~?@gsP@H?OC?O`?@??_?G?B??G??O??O??GC?E???_??A?_?K???G???C???@?G??W???@????A?G??A????@?????O????A?????G?????O?????o?????G?????A??????O@????@??????A?G????E??????B???????_??????C?G?????o??????@_??????@????????_???????G?G?????B????????C????????G?G??????G????????C????????@?????????G?????????_????????@?????????@?@????????_?????????W?????????@??????????C??????????G?G????????G??????????C?C????????B???????????W??????????@_??????????B???????????B????????????o???????????G???????????@_???????????E????????????C????????????C?G??????????A?????????????_@???????????C?????????????O?_???????????_?????????????_?????????????O?_???????????C?????????????@_?????????????B??????????????A??????????????A?G????????????@_??????????????K??????????????@_??????????????B???????????????C???????????????E???????????????@@_??????????????O???????????????A@???????????????GC???????????????W????????????????H?????????????????[,u|eMID`GH_a@E@A?`_GK@?oC@?GB?G@_C?O@?F?G?G?_?w@??O@??W?_?E?G??o@??B?C??C?G??K?G??E?C??@_@???G?G??@o?_??@?B???B_@????_@_???W?G???B?@????K?C????W?G????W?G????K?C????B_@?????K?G?????i?_?????K@??????M@??????B__??????WG??????B`???????FK???????Fg,0,0
104,~?@gsP@@?PC?O`?@@@_?O?A??G??O??O??G??A???O??@???E???C???A?_?@_???G????_C??B????A????@?C???o????E?????O?????_?????_@????O?????C??????_?????A??????C??????C??????A???????_??????C?G?????O??????@_???????_???????O?_?????K???????@_???????C????????G?G??????W????????K????????A?????????O?G??????B?????????B?????????A?????????@??????????O?G???????A??????????G??????????O?G????????O??????????G??????????A?@?????????O??????????@??_????????A???????????A?@?????????@??_?????????O???????????E????????????K????????????W????????????K????????????C????????????@?@???????????K?????????????O?????????????_@????????????W?????????????G?????????????A??????????????O@????????????@??????????????A?G????????????A?G????????????@???????????????O@?????????????A?G?????????????K???????????????G@??????????????W???????????????E????????????????O???????????????A@???????????????D????????????????A????????????????BG????????????????w,u|eMID@WH_a@E@A?`_GG@@oC@?GB?G@?C?o@?E?G?W?_?_@?@_@??o?_?G?G?B?@??K?C??O?G??w?G??G?C??F?@???O?G??B??_??F?@???B?@???@??_???w?G???B?@????G?C????w?G????W?G????M?C????@o@?????C?G?????o?_????@w@??????OB??????]?_?????@?W??????[@???????{C???????Yw,0,0
104,~?@gsP@@?PC?O`?@?@_?O?A??G??O??O??GC?E???_??A???C???K???C???@?G??W???@????A?G??A????@?????O????E?????W?????_?????_@????O?????C??????_?????A??????C??????C?G????E??????@_??????G???????_?_????@???????@????????o???????G???????@?@??????K????????W????????W????????C????????@?????????G?G???????_????????@_????????@_?????????_?????????G?G???????@?@????????C??????????G??????????G?G????????C??????????@?@?????????W???????????o??????????@???????????@?@??????????_???????????G????????????_???????????A?C??????????K????????????E????????????@?????????????O????????????A?G???????????G?????????????W?????????????W?????????????K?????????????@??????????????G??????????????_C????????????@?G????????????B???????????????o??????????????K???????????????_??????????????A?_?????????????C@??????????????K???????????????@?_??????????????O???????????????A@???????????????K????????????????C????????????????BG????????????????w,u|eMID@WH_a@E@A?`_GK@?oC@?GB?G@?C?o@?E?G?W?_?_@?@_@??o?_?K?G?@_@??E?C??K?G??K?G??E?C??@?@???[?G???o?_??@_@???@?@???@o?_???K?G???@_@????F?C????E?G????E?G????B?C?????_@?????N?G?????K@_?????O@??????w@??????K@_?????B_G??????M@???????ZC???????Dw,4,4
104,~?@gsP@@?OC?O`?@@@_?O?A??W??_??_G?O??C???_??A???C???K???C???@????G????_???@?G??B????@?????O@???E?????W?????_?????_?????O?_???K?????@_?????C??????G?G????G??????C??????@???????G???????_??????@?@?????@???????@_???????G???????@????????C????????G?G??????K????????E????????@_????????G?????????_?_??????B?????????@_?????????_?????????G?????????@?@????????K??????????W??????????G??????????C?C????????@???????????G???????????_?_????????@???????????@?@??????????_?_?????????G???????????B????????????C????????????G????????????G????????????C?C??????????@_????????????K?????????????O?????????????_@????????????W?????????????G?????????????B??????????????W?????????????@_?????????????@??????????????@?G?????????????_??????????????G@?????????????@_??????????????A?_?????????????K???????????????C???????????????B????????????????W???????????????@O???????????????@_???????????????B????????????????@G????????????????s,u|eMID@WH?e@E@A?`_GG@@oC@?GB?G@?C?o@?E?G?O?_@_@?@_@??o?_?K?G?@_@??C?C??[?G??G?G??M?C??@?@???W?G??@o?_??@?@???B?@???@o?_???K?G???@_@????E?C????M?G????F?G????@?C?????o@?????F?G?????G@_?????o@??????w@??????K@_?????B?G??????]@???????YK???????Lg,4,5
104,~?@gsP@@?OC?O`?@?@_?O?A??W??_??_G?O??C@?@_??C???G???G???K???A????O???@????A????A?G??@?????O????A?????W?????o?????_?????O?????C?G???@_?????E??????G??????G?G????C??????@?@?????W??????@_??????A???????A?@?????@????????O?G?????E????????G????????O????????O????????G????????B?????????G?????????_????????@?@???????@??????????o?????????C??????????_?????????A?C????????K??????????K??????????E??????????@???????????G?G?????????_?_????????B???????????@_???????????_???????????G?G?????????@?@??????????K????????????G????????????G?G??????????C????????????@?@???????????G?????????????O?????????????_?????????????_@????????????O?????????????A?G????????????O?????????????@?C????????????B??????????????@_??????????????o??????????????K???????????????o??????????????@_??????????????@???????????????@@???????????????__??????????????GG??????????????@????????????????CC???????????????GG???????????????GG???????????????@c,u|eMID@WH?e@E@A?`_GK@?oC@?GB?G@?C?o@?E?G?O?_@_@?@_@??o?_?K?G?@_@??E?C??K?G??K?G??E?C??@_@???M?G???O?_??@_@???@_@????o?_???K?G???@_@????F?C????E?G????E?G????B?C?????w@?????B?G?????M?_?????K@??????K@??????F?_??????wG??????B`???????Fc???????Bw,4,5
104,~?@gsP@@?OC?O`?@?@_?O?A??W??_??_G?O??C@?@_??C???G???G???K???A????O???@????A????A?G??@?????O????A?????W?????o?????_?????O?????C?????@_?????E??????G??????G?G????C??????@?@?????W??????@_??????A???????A?@?????@????????O?G?????E????????W????????_????????_????????O????????C?@???????o????????@?????????A?????????A?@???????@??????????W?????????@??????????C??????????G?G????????G??????????K??????????B???????????G???????????_?_????????@?@?????????B????????????o???????????G???????????@?@??????????C?C??????????W????????????K????????????C????????????@?????????????G?????????????_?_???????????_?????????????_?????????????O?_???????????C??????????????O?????????????@?C????????????A?G????????????A?G????????????B???????????????o??????????????B???????????????K???????????????K???????????????K????????????????__??????????????G???????????????@_???????????????A????????????????CG???????????????BG???????????????@o,u|eMID@WH?e@E@A?`_GK@?oC@?GB?G@?C?o@?E?G?O?_@_@?@_@??o?_?K?G?@_@??E?C??K?G??K?G??E?C??@_@???K?G???o?_??@?@???B?@???@o?_???K?G???@_@????F?C????E?G????E?G????B?C?????w@?????B?G?????G?_?????o@??????w@??????K@_?????B_G??????KP???????}C???????Lo,0,0
104,~?@gsP@@?OC?O`?@?@_?O?A??W??_??_G?O??C@?@_??C???G???G???K???A????O???@????A????A?G??@?????O????A?????W?????o?????_?????O?????C?G???@_?????E??????G??????G?G????C??????@?@?????W??????@_??????A???????A?@?????@????????O?G?????E????????G????????O????????O????????G?C??????B?????????G?????????_????????@?????????@??????????o?????????C??????????_?????????A?C????????K??????????K??????????A???????????_@?????????C?G?????????o??????????@_??????????@_???????????_???????????G?G?????????@?@??????????K????????????G????????????G????????????C????????????@?@???????????C?????????????O?????????????_@????????????_?????????????O?????????????A?G????????????W?????????????@_?????????????B??????????????@_??????????????o??????????????E???????????????o??????????????@_??????????????@???????????????@????????????????__??????????????GG??????????????@@???????????????C????????????????KG???????????????K?????????????????s,u|eMID@WH?e@E@A?`_GK@?oC@?GB?G@?C?o@?E?G?O?_@_@?@_@??o?_?K?G?@_@??E?C??K?G??K?G??E?C??@_@???M?G???O?_??@_@???@o@????W?_???E?G????o@????B?C????E?G????E?G????B?C?????w@?????A?W?????W?_?????w@??????W@??????M?_?????@_G??????M`???????EK???????Ng,4,4
104,~?@gsP@@?OC?O`?@?@_?O?A??W??_??_G?O??C@?@_??C???G???G???K???A????O???@????A????A?G??@?????O????A?????W?????o?????_?????O?????C?G???@_?????E??????G??????G?G????C??????@?@?????W??????@_??????A???????A???????@????????O?G?????E????????G????????O????????O????????G?C??????B?????????G?????????_????????@?@???????@?????????@_?????????W?????????@??????????C??????????G?G????????W??????????K??????????@???????????G?G?????????_?_????????B???????????@_???????????_???????????G???????????@?@??????????C?C??????????W????????????G????????????C????????????@?????????????G?G???????????O?????????????_?????????????_@????????????O?????????????K??????????????O?????????????@?C????????????A?G????????????E??????????????B???????????????W??????????????B???????????????E???????????????G???????????????K@??????????????@@???????????????O???????????????B????????????????C????????????????GG???????????????BG???????????????@o,u|eMID@WH?e@E@A?`_GK@?oC@?GB?G@?C?o@?E?G?O?_@_@?@_@??o?_?K?G?@_@??E?C??K?G??G?G??K?C??B?@???W?G??@o?_??@?@???B?@???@o?_???K?G???@_@????F?C????E?G????C?G????F?C?????o@?????F?G?????G?_?????o@??????w@??????K@_?????B_G??????KP???????}C???????Lo,0,0
104,~?@gsP@@?PC?O`?@?@_?O?A??G??O??O??GC?E???_??A???C???K???C???@?G??W???@????A?G??A????@?????O????E?????W?????_?????_?????O?_???C??????_@????A??????C??????C?G????E??????@_??????G???????_??????@?@?????@???????@_???????G???????@?@??????E????????G????????G?G??????C????????@?@???????G?????????_????????B?????????@_?????????_?????????G?????????@?@????????C??????????G?G????????G??????????C??????????@?@?????????K???????????o??????????@???????????@?@??????????_?_?????????G???????????B????????????C????????????G?G??????????K????????????C????????????@?@???????????G?????????????_?_??????????@?????????????@??????????????W?????????????C??????????????o?????????????@??????????????A?G????????????A?G????????????@_??????????????K??????????????@_??????????????E???????????????C@??????????????K???????????????A?_??????????????O???????????????A@???????????????GC???????????????OG???????????????GG???????????????BC,u|eMID@WH_a@E@A?`_GK@?oC@?GB?G@?C?o@?E?G?W?_?o@??o@??O?_?K?G?@_@??E?C??K?G??G?G??M?C??@?@???W?G??@o?_??@_@???@_@????o?_???G?G???B?@????M?C????K?G????K?G????F?C?????_@?????K?G?????w?_?????oB??????w@??????G?_?????F_G??????KB???????wS???????vG,4,5
104,~?@gsP@H?OC?O`?@??_?G?B??G??O??O??G??E???_??A?_?K???G???C???@?G??W???@????A?G??E????A?????_@???C?????O?????_@????_?????o?????C??????_?????A??????C??????C??????A???????o??????C???????O?_?????o???????_???????O???????C?G?????@_???????E????????G????????G?G??????K????????B?????????O????????@??_??????A?@???????A?????????@??_???????O?????????E??????????G??????????O??????????O?G????????G??????????A???????????O??????????@??_????????A???????????@????????????_?_?????????K???????????@????????????E????????????K????????????E????????????A?????????????_@???????????K?????????????W?????????????o?????????????O?????????????G?_???????????A?G????????????o?????????????@??????????????A?G????????????A?G????????????@???????????????O@?????????????A?G?????????????G???????????????O@??????????????G???????????????E????????????????O???????????????A@???????????????E????????????????E????????????????F?????????????????w,u|eMID`GH_a@E@A?`_GG@@_CB?GA?GB?C?o@?C?G?w?_?_@?@_@??o?_?G?G?B?@??K?C??O?G??w?G??K?C??A?@???w?G??@_?_??A?@???F?@???@?@_???w?G???B?@????G?C????o?G????w?G????G?C????F_@?????G?W????@o?_????@_@?????@O@??????]?_?????@?W??????]@???????SK???????]g,4,5
104,~?@gsP@H?OC?O`?@??_?G?B??G??O??O??GC?E???_??A?_?K???G???C???@?G??W???@????A?G??A????@?????O????A?????G?_???O?????o?????G?????A??????O?????@??????A?G????E??????B???????_??????C?G?????W???????_???????_???????O?_?????K???????@_???????C????????G?G??????G????????C?C??????@?????????G?????????_????????@?@???????@?????????@_?????????G?????????@??????????C??????????G??????????G??????????C?C????????@_??????????K???????????o???????????o???????????_???????????W???????????E????????????o???????????B????????????C????????????C?G??????????A?????????????_@???????????C?????????????O?????????????_@????????????_?????????????o?????????????C??????????????_@????????????A??????????????C?G????????????E??????????????@_??????????????W??????????????@_??????????????C???????????????K@??????????????E???????????????@????????????????OG??????????????A@???????????????GC???????????????OG???????????????S????????????????AK,u|eMID`GH_a@E@A?`_GK@?oC@?GB?G@_C?O@?F?G?G?_?o@??o@??O?_?K?G?@_@??E?C??K?G??G?G??M?C??@_@???G?G??@o?_??@?B???B?@???@_?_???W?G???A?@????W?C????w?G????W?G????K?C????B_@?????K?G?????g?_?????w@??????[@??????C?_?????BoG??????EB???????[S???????^G,4,5
104,~?@gsP@@?OC?O`?@?@_?O?A@?W??_??_??O??C??@_??C???G???G???C???@????G@??@_???B????B????@?????O@???A?????W?????o?????_?????O?_???K??????_?????A??????C??????C??????A???????o??????C???????O???????_???????_@??????O???????C????????_@??????E????????K????????K????????E????????@?????????G?G???????_????????B?????????B??????????_?????????G?G???????B??????????C??????????G?G????????G??????????C??????????@???????????G???????????o??????????@???????????@????????????_?_?????????G?G?????????@????????????C?C??????????G?G??????????K????????????E????????????@_????????????K?????????????o?????????????_????????????@_?????????????G?????????????A?G????????????G??????????????_C????????????@??????????????@???????????????_C?????????????K??????????????@???????????????E???????????????E???????????????B???????????????@_???????????????K????????????????`???????????????E????????????????CG???????????????CG???????????????Ac,u|eMID@WH?e@C@E?`_GG@@_CB?GA?GB?C?_@?M?G?O?_@o@??_@??o?_?K?G?@_@??C?C??[?G??K?G??C?C??B?@???W?G??@o?_??@?@???B_@????o?_???K?G???@_@????E?C????G?G????[?G????E?K????@?@?????[?G?????w?_?????w@??????W@??????K?_?????B_G??????J@???????G{???????}G,4,5
104,~?@gsP@@?OC?O`?@?@_?O?A@?W??_??_??O??C??@_??C???G???G???C???@????G@??@_???A????A?G??B?????_????C?????O?_??@_????@_?????_?????G?G???B??????C??????G??????G?G????C??????@???????G??????@_??????@???????@????????_???????G?G?????@????????C????????G?G??????W????????C????????@?@???????W????????@_????????A?????????A?@???????@??_???????o?????????E??????????G??????????O?G????????o??????????G??????????A?@?????????O?G????????@???????????A???????????A?@?????????@????????????G???????????@????????????C????????????G?G??????????G????????????C?C??????????@?@???????????C?????????????O?_??????????@_?????????????o?????????????W?????????????E??????????????o?????????????@??????????????A?G????????????@_??????????????O??????????????C???????????????_G?????????????A?_?????????????C???????????????C@??????????????A?_??????????????o???????????????A@???????????????W????????????????K????????????????A_????????????????[,u|eMID@WH?e@C@E?`?GW@@?CE?GE?GA?C@_@?G?G@o?_@?@?B_@??_?_?[?G?@?@??K?C??W?G??O?G??W?C??F?@???O?G??B??_??E?@???F?@???@??_???w?G???B_@????C?C????W?G????[?G????C?C????Bo@?????C?W?????o?_????@_@?????@o@??????]?_?????@?w??????W@??????@sC???????[w,4,5
104,~?@gsP@@?OC?O`?@?@_?O?A@?W??_??_??O??C??@_??C???G???G???C???@????G@??@_???A????A?G??B?????_????C?????O?_??@_????@_?????_?????G?G???B??????C??????G??????G??????C??????@???????G?G????@_??????@???????@????????_???????G?G?????@????????C????????G?G??????W????????K????????B?????????W?????????_????????@?????????@?@???????@_?????????W?????????@??????????C?C????????W??????????G??????????C?C????????@???????????G???????????_??????????@?@?????????B????????????_???????????G???????????@?@??????????C?C??????????G????????????G?G??????????C?C??????????@_????????????K?????????????o?????????????_?????????????_?????????????O?_???????????K??????????????O?????????????@?C????????????@??????????????@?G?????????????_??????????????K??????????????@_??????????????A???????????????E???????????????B????????????????o???????????????K????????????????o???????????????B????????????????AG???????????????AG???????????????@c,u|eMID@WH?e@C@E?`?GW@@?CE?GE?GA?C@_@?G?G@o?_@?@?B_@??_?_?W?G?B?@??K?C??W?G??W?G??M?C??@?@???W?G??@_?_??B_@???@?@???@o?_???K?G???@_@????E?C????K?G????K?G????F?C?????_@?????M?G?????[?_?????[@??????K@??????E?_?????@oG??????F@???????G{???????}G,4,5
104,~?@gsP@@?OC?O`?@?@_?O?A@?W??_??_??O??C??@_??C???G???G???C???@????G@??@_???A????A?G??B?????_????C?????O?_??@_????@_?????_?????G?G???B??????C??????G??????G??????C??????@???????G?G????@_??????@???????@????????_???????G?G?????@????????C????????G?G??????W????????K????????B?????????W?????????_????????@?????????@?@???????@_?????????W?????????@??????????C?C????????W??????????G??????????C?C????????@???????????G???????????_??????????@?@?????????B????????????_???????????G???????????@????????????C?C??????????G????????????G?G??????????C?C??????????@_????????????K?????????????o?????????????_?????????????o?????????????W?????????????E??????????????O?????????????@?C????????????@??????????????@?G?????????????_??????????????K??????????????@_??????????????A???????????????E???????????????B????????????????o???????????????K????????????????o???????????????B????????????????AG???????????????AG???????????????@c,u|eMID@WH?e@C@E?`?GW@@?CE?GE?GA?C@_@?G?G@o?_@?@?B_@??_?_?W?G?B?@??K?C??W?G??W?G??M?C??@?@???W?G??@_?_??B_@???@?@???@o?_???K?G???@_@????E?C????K?G????K?G????F?C?????_B?????K?G?????o?_????@o@??????w@??????K?_?????B?G??????\@???????K[???????^G,3,2
104,~?@gsP@@?PC?O`?@@@_?O?A??G??O??O??G??A???O??@???E???C???A?_?@_???G????_C??B????A????@?C???o????E?????O?????_?????_?????O?????C??????_@????A??????C??????C?G????A???????_??????C???????O?_????@_??????@_???????o???????K????????_???????A?C??????K????????C????????A?C??????@_????????K?????????O?????????_?????????_?????????O?????????C??????????_@????????A??????????C??????????C?G????????A???????????_??????????C???????????O?_????????@_??????????@_???????????o???????????K????????????_???????????A?C??????????K????????????C????????????A?C??????????@_????????????K?????????????O?????????????_?????????????_@????????????O?????????????C?G????????????_@????????????A??????????????E??????????????A??????????????@?C?????????????W??????????????B???????????????E???????????????A???????????????A@??????????????B????????????????OG??????????????B????????????????C????????????????KG???????????????D?????????????????s,u|eMID@WH_a@E@A?`_GG@@oC@?GB?G@?C?o@?E?G?W?_?_@?@o@??O?_?K?G?@_@??F?C??C?G??K?G??E?C??@_@???K?G???w?_???_@???@o@????O?_???K?G???@_@????F?C????C?G????K?G????E?C????@_@?????K?G?????w?_?????w@??????O@??????W?_?????F_G??????KF???????wc???????}G,4,5
104,~?@gsP@@?OC?O`?@@@_?O?A@?W??_??_G?O??C???_??A???C???C???A????_???C????OC??@_???@?????_C???W????B?????G?????O@????o?????W?????C??????_@????A??????C?G????C??????A???????_??????C???????O?_?????_???????_???????O???????C????????_???????A?C??????E????????C????????A?C??????@_????????K?????????O?????????_@???????@_?????????o?????????K?????????@??????????C?C????????G??????????G?G????????C??????????@???????????G???????????_??????????@?@?????????@????????????_?_?????????G???????????@?@??????????C????????????K????????????E????????????A?????????????_@???????????K?????????????o?????????????_?????????????_@????????????W?????????????B??????????????O?????????????@?C????????????A?G????????????A?G????????????@???????????????O@?????????????B???????????????C???????????????G@??????????????G@??????????????C????????????????OG??????????????A@???????????????K????????????????GG???????????????E?????????????????k,u|eMID@WH?e@E@A?`_GG@@oC@?GB?G@?C?w@?A?G?W?_?o@??o@??O?_?M?G??_@??F?C??C?G??K?G??E?C??@o@???C?G???o?_??@_@???@_@????o?_???M?G????_@????F?C????C?G????K?G????E?C????@o@?????E?G?????[?_?????W@??????[@??????F?_??????oG??????F`???????FK???????Fg,4,5
104,~?@gsP@@?OC?O`?@@@_?O?A@?W??_??_??O??C???_??A???C???C???A????_G??K????_???@?G??B????@?????O@???E?????W?????_?????_@????o?????C??????_?????A??????C??????C??????A?C?????_??????C???????O???????_@??????_???????O???????C?G?????@_???????E????????K????????K????????A?????????_@???????K?????????o?????????_?????????_@????????o?????????C??????????_?????????A??????????C??????????C??????????A?C?????????_??????????C???????????O???????????_@??????????_???????????O?_?????????C?G?????????@_???????????E????????????K????????????K????????????A?????????????_@???????????K?????????????o?????????????_?????????????_@????????????G?????????????A??????????????O@????????????@??????????????A?G????????????A?G????????????@???????????????O@?????????????B???????????????E???????????????K???????????????E????????????????_???????????????GG??????????????@_???????????????AC???????????????C????????????????EG???????????????@W,u|eMID@WH?e@C@E?`?GW@@?CF?GA?GB?C?_@?M?G?O?_@o@??_@??o?_?K?G?@_@??E?C??M?G??C?G??E?C??@_@???M?G???O?_??@o@????_@????o?_???K?G???@_@????E?C????M?G????C?G????E?C????@_@?????M?G?????[?_?????O@??????w@??????M?_?????@oG??????EH???????^C???????Fo,4,5
104,~?@gsP@@?OC?O`?@@@_?O?A@?W??_??_??O??C???_??A???C???C???A????_G??K????_???@?G??B????@?????O@???E?????W?????_?????_@????o?????C??????_?????A??????C??????C??????A???????_??????C???????O???????_@??????_???????O???????C?G?????@_???????E????????K????????K????????E????????@_????????K?????????o?????????_?????????_@????????o?????????C??????????_@????????A??????????C??????????C??????????A???????????_??????????C???????????O???????????_@??????????_???????????O?_?????????C?G??????????o???????????B????????????E????????????E????????????B?????????????o????????????E?????????????G?????????????O@????????????G?????????????C?_???????????@??????????????G??????????????_C????????????@??????????????@???????????????_C?????????????G@?????????????@_??????????????B???????????????E???????????????B???????????????@_???????????????C????????????????`???????????????AC???????????????CG???????????????CG???????????????BC,u|eMID@WH?e@C@E?`?GW@@?CF?GA?GB?C?_@?M?G?O?_@o@??_@??o?_?K?G?@_@??E?C??G?G??[?G??C?K??B?@???W?G??@o?_??@?@???B_@????o?_???K?G???@_@????E?C????K?G????I?G????B?C?????o@?????F?G?????M?_?????K@??????K@??????F?_??????oG??????F@???????NC???????Fw,4,4
104,~?@gsP@@?OC?O`?@?@_?O?A@?W??_??_??O??C??@_??C???G???G???C???@????G@??@_???A????A?G??B?????_????C?????O?_??@_????@_?????_?????G?G???B??????C??????G??????G?G????C??????@???????G??????@_??????@???????@????????_???????G???????@????????C????????G?G??????W????????C????????@?@???????W????????@_????????A?????????A?@???????@??_???????o?????????E??????????W??????????o??????????o??????????G??????????A???????????O?G????????@???????????A???????????A?@?????????@????????????G???????????@????????????C?C??????????G????????????G????????????E????????????@_????????????C?????????????O?_??????????@_?????????????o?????????????W?????????????E??????????????W?????????????@_?????????????B??????????????@???????????????_C?????????????G??????????????@?G?????????????C?_?????????????G@??????????????G???????????????C?_?????????????@????????????????K@???????????????O????????????????_G???????????????KG???????????????BO,u|eMID@WH?e@C@E?`?GW@@?CE?GE?GA?C@_@?G?G@o?_@?@?B_@??_?_?[?G?@?@??K?C??W?G??O?G??W?C??F?@???O?G??B??_??E?@???C?@???F??_???_?W???M?@????O?K???@o?G????_?G????o?C????M?@?????_?G????F_?_????A?B?????F?@?????@_?_?????T?G??????[B???????`s??????BsG,4,4
104,~?@gsP@@?OC?O`?@@@_?O?A??W??_??_??O??C???_??A???C???K???C???@????G@??@_???A????A?G??B?????_????C?G???o????@_????@??????_?_???G?????B??????C??????G??????G?G????C??????@???????G???????_??????@???????@????????_???????K???????@????????C????????G?G??????W????????C????????@?@???????W????????@_????????B?????????B?????????@_?????????W?????????A??????????G?C????????O?G????????o??????????G??????????A???????????O?G????????@???????????A???????????A?@?????????@????????????O???????????A????????????G?C??????????O????????????G????????????E????????????@_????????????C?????????????O?_??????????@_?????????????o?????????????W?????????????E??????????????W?????????????@_?????????????B??????????????@???????????????_C?????????????G??????????????@?G?????????????C?_?????????????G@??????????????G???????????????C?_?????????????@????????????????K@???????????????O????????????????_G???????????????KG???????????????BO,u|eMID@WH?e@C@E?`?GW@@?CF?GA?GB?C?_@?K?G?o?_@?@?B_@??_?_?[?G?@?@??K?C??W?G??O?G??[?C??A?B???o?G??B??_??C?@???M?@???B??_???_?G???M?@????O?K???@o?G????_?G????o?C????M?@?????g?G????@_?_????B_@?????@?@?????@w?_?????D?W??????[D???????bc??????BwG,4,5
104,~?@gsP@@?OC?O`?@@@_?O?A@?W??_??_??O??C???_??A???C???C???A????_G??K????_???@?G??B????@?????O@???E?????W?????_?????_@????o?????C??????_?????A??????C??????C??????A???????_??????C???????O???????_???????_???????O???????C?G?????@_???????E????????G????????G?G??????K????????B?????????W????????@_????????B?????????B?????????@_?????????W?????????@??????????C??????????G?G????????G??????????C??????????@???????????G?G?????????_??????????@???????????@????????????_???????????G???????????@_???????????E????????????E????????????C????????????A?C??????????@_????????????E?????????????W?????????????o?????????????o?????????????W?????????????E??????????????O?????????????@?C????????????A??????????????A??????????????@?C?????????????O@?????????????A?G?????????????G???????????????O@??????????????O???????????????K???????????????@_???????????????G????????????????_C???????????????WG???????????????K_???????????????F?,u|eMID@WH?e@C@E?`?GW@@?CF?GA?GB?C?_@?M?G?O?_@o@??_@??o?_?K?G?@?@??K?C??W?G??O?G??[?C??A?B???o?G??B??_??C?@???M?@???A?@_??@o?G???C?B????w?C????o?G????_?G????o?C????M?@?????g?G????@_?_????B?@?????B?@?????@S?_?????B_G??????KF???????bc??????BwG,4,5
104,~?@gsP@@?OC?O`?@@@_?O?A@?W??_??_??O??C???_??A???C???C???A????_G??K????_???@?G??B????@?????O@???E?????W?????_?????_@????o?????C??????_?????A??????C??????C??????A?C?????_??????C???????O???????_???????_???????O???????C?G?????@_???????E????????K????????K????????A?????????_@???????K?????????o????????@_????????@_?????????o?????????C??????????_?????????A??????????C??????????C??????????A?C?????????_??????????C???????????O???????????_???????????_???????????W???????????E????????????o???????????B????????????E????????????A????????????@?C???????????o????????????E?????????????W?????????????o?????????????o?????????????G?????????????A??????????????O?????????????@_?????????????@??????????????@?G?????????????_??????????????G@?????????????@???????????????E?_?????????????K???????????????K???????????????E????????????????_G??????????????E????????????????K????????????????CG???????????????D?????????????????k,u|eMID@WH?e@C@E?`?GW@@?CF?GA?GB?C?_@?M?G?O?_@o@??_@??o?_?K?G?@_@??E?C??M?G??C?G??E?C??@_@???G?G??@o?_??@?B???B_@????_@_???W?G???B?@????K?C????W?G????[?G????C?C????B?@?????W?G????@_?_????Ag@??????WB??????K?_?????B?G??????]@???????W[???????zG,4,5
104,~?@gsP@@?OC?O`?@?@_?O?A@?W??_??_??O??C??@_??C???G@??G???C???@????G@??@_???A????A?G??B?????_????C?????O?????o?????_?????O?_???K??????_?????A??????C?G????C??????A???????_??????K???????o??????@???????@?@??????_?_?????G???????@????????C?C??????W????????G????????C?C??????B?????????W????????@?????????A?@???????A?????????@??????????G?????????@?@????????K??????????G??????????G??????????C?C????????@???????????G???????????_?_????????@???????????@_???????????o???????????K????????????_???????????B????????????E????????????A????????????@?C???????????o????????????B?????????????G?????????????O@????????????O?????????????G?????????????A?G????????????o?????????????@??????????????A?G????????????A??????????????@?C?????????????O@?????????????A?G?????????????K???????????????W???????????????G???????????????E?_??????????????_???????????????C@???????????????CC???????????????GG???????????????GG???????????????DC,u|eMID@WH?e@C@E?`?GW@@?CE?GE?GB?C?_@?M?G?O?_@o@??_@??w?_?C?G?@_@??E?C??G?G??W?G??K?C??B?@???W?G??@o?_??@?@???B_@????_@_???[?G???@?@????K?C????[?G????G?G????M?C????@_@?????K?G?????w?_?????g@??????[@??????C?_?????BoG??????FB???????KS???????^G,4,5
104,~?@gsP@@?OC?O`?@@@_?O?A@?W??_??_??O??C???_??A???C???C???A????_???K????_???@?G??B????@?????O@???E?????W?????_?????_@????o?????K?????@??????C??????G?G????G??????C??????@?@?????G???????_??????@?@?????@????????_???????G???????@????????C?C??????W????????G????????C?C??????B?????????G?????????_?_??????B?????????@_?????????_?????????G?G???????B??????????K??????????G??????????G??????????C?C????????@???????????G???????????_?_????????@???????????@?@??????????_?_?????????G???????????@????????????C????????????G?G??????????G?G??????????K????????????@?????????????G?G??????????@_????????????@?????????????@?@????????????W?????????????C??????????????_@????????????E??????????????A??????????????B???????????????_??????????????G??????????????@?G?????????????E???????????????C???????????????C???????????????B????????????????o???????????????A@???????????????W????????????????[????????????????KO???????????????E_,u|eMID@WH?e@C@E?`?GW@@?CF?GA?GB?C?_@?M?G?O?_@_@?@_@??_?_?[?G?@?@??K?C??W?G??[?G??C?C??B_@???G?G??@o?_??@?@???B?@???@o?_???G?G???B_@????C?K????W?G????W?G????M?C????@o@?????C?G?????w?_?????_@?????@w@??????I@_?????@_g??????K`???????{C???????[o,0,0
104,~?@gsP@@?PC?O`?@@@_?O?A??G??O??O??G??A???O??@???E???C???A?_?@_???G????_C??B????A????@?C???o????E?????O?????_?????_?????O?????C??????_?????A??????C??????C?G????A???????_@?????C???????O?_????@_??????@_???????_???????G?G?????B????????K????????O????????O?G??????W????????A?????????O?G??????@_????????@?????????@??????????_?_???????G?????????@??????????C??????????G?G????????G??????????C??????????@???????????G?G?????????_??????????@?@?????????@?@?????????@_???????????K???????????@????????????C?C??????????W????????????K????????????E????????????@_????????????C?????????????O?_???????????O?????????????O?????????????G?_???????????A?G????????????O?????????????@?C????????????A?G????????????A??????????????@???????????????O@?????????????B???????????????K???????????????C???????????????C@??????????????@_???????????????W???????????????@_???????????????B????????????????B????????????????@G????????????????s,u|eMID@WH_a@E@A?`_GG@@oC@?GB?G@?C?o@?E?G?W?_?_@?@_@??o?_?G?G?B?@??K?C??[?G??K?G??E?C??@_@???K?G???o?_??@_@???@?@???@o?_???K?G???@_@????E?C????M?G????E?G????B?C?????w@?????B?G?????K?_?????[@??????K@??????E?_?????@oG??????EB???????]C???????NW,4,5
104,~?@gsP@@?PC?O`?@@@_?O?A??G??O??O??G??A???O??@???E???C???A?_?@_???G????_C??B????A????@?C???o????E?????O?????_?????_?????O?????C??????_?????A??????C??????C?G????A???????_@?????C???????O?_????@_??????@_???????_???????G?G?????B????????K????????W????????W????????C????????@?@???????K?????????O?????????_?????????_?????????O?_???????C??????????_@????????A??????????C??????????C??????????A?C?????????_??????????C?G?????????O?_????????@_??????????@_???????????O???????????C?G??????????o???????????B????????????E????????????A????????????@?C???????????G????????????@?????????????C?????????????G@????????????G?????????????C?_???????????@??????????????G??????????????_C????????????@_?????????????@_??????????????o??????????????C???????????????_G?????????????B???????????????E???????????????B????????????????_???????????????K????????????????o???????????????@????????????????BG???????????????B?????????????????s,u|eMID@WH_a@E@A?`_GG@@oC@?GB?G@?C?o@?E?G?W?_?_@?@_@??o?_?K?G?@_@??F?C??E?G??E?G??B?C???o@???E?G???W?_???o@????o@????W?_???E?G????w@????@_C????B?G????B?G????@oC?????K@?????@_G?????E?_?????K@??????M@??????B@_??????oG??????F@???????MK???????Lg,0,0
104,~?@gsP@@?OC?O`?@@@_?O?A??W??_??_??O??C???_??A???C???K???C???@????G???@_???B????B????@?????O@???E?????W?????_?????_@????O?????K?????@_?????C??????G??????G??????C??????@?@?????G???????_??????@?@?????@????????o???????G???????@????????C????????G?G??????W????????K????????B?????????G?????????_?_??????B?????????@_?????????_?????????G?G???????@?@????????K??????????W??????????G??????????C??????????@???????????G???????????_?_????????@???????????@????????????_?_?????????G????????????_???????????A????????????C?G??????????C?G??????????E????????????@_????????????K?????????????W?????????????o?????????????W?????????????K?????????????B??????????????C??????????????O??????????????_G?????????????_??????????????OC?????????????C???????????????_G?????????????A???????????????E???????????????E???????????????@_???????????????K????????????????o???????????????B????????????????AG???????????????AG???????????????@c,u|eMID@WH?e@C@E?`_GG@@oC@?GB?G@?C?o@?E?G?O?_@_@?@_@??_?_?W?G?B?@??K?C??[?G??G?G??M?C??@?@???[?G???o?_??@?@???B?@???@o?_???G?G???B?@????K?C????W?G????[?G????C?K????B_@?????G?G????@w?_?????_B?????@w@??????G@_?????F?G??????Y@???????[C???????Tw,4,5
104,~?@gsP@@?OC?O`?@@@_?O?A??W??_??_??O??C???_??A???C???K???C???@????G???@_???B????B????@?????O@???E?????W?????_?????_?????O?????K?????@_?????C??????G??????G??????C??????@?@?????G???????_??????@?@?????@???????@_???????W???????A????????G????????O????????O?G??????W????????E?????????o????????@?????????A?@???????E?????????@_?????????O?????????A?@????????G??????????O?G????????o??????????W??????????A???????????O??????????@??_????????A???????????A?@?????????@????????????O???????????A?@??????????G????????????W????????????G????????????C????????????@?@???????????G?G??????????@_????????????@_?????????????o?????????????W?????????????B??????????????O?????????????@?C????????????A?G????????????E???????????????_??????????????G??????????????@?G?????????????C?_?????????????G???????????????G@??????????????C?_??????????????_???????????????E@???????????????W????????????????K????????????????B?????????????????[,u|eMID@WH?e@C@E?`_GG@@oC@?GB?G@?C?o@?E?G?O?_@_@?@_@??_?_?W?G?B?@??K?C??[?G??G?G??M?C??@?@???W?G??@_?_??B?@???A?@???B??_???w?G???A?@????[?C????W?G????[?G????C?K????B_@?????G?G????@o?_????@o@??????_@??????{?_?????A?W??????y@???????[K???????]g,4,4
104,~?@gsP@@?OC?O`?@@@_?O?A??W??_??_??O??C???_??A???C???K???C???@????G???@_???B????B????@?????O@???E?????W?????_?????_?????O?_???K?????@_?????C??????G??????G??????C??????@?@?????G???????_??????@?@?????@???????@_???????G???????@????????C?C??????G????????W????????K????????B?????????G?????????_?_??????B?????????@_?????????_?????????G?????????@?@????????K??????????K??????????G??????????C??????????@?@?????????G???????????_?_????????@???????????@????????????_?_?????????G???????????B????????????C????????????G????????????G?G??????????C????????????B?????????????K?????????????W?????????????o?????????????W?????????????G?????????????B??????????????W??????????????o?????????????@??????????????@???????????????_C?????????????G@?????????????@???????????????C?_?????????????G???????????????W???????????????E????????????????__??????????????K????????????????K????????????????K????????????????F?????????????????w,u|eMID@WH?e@C@E?`_GG@@oC@?GB?G@?C?o@?E?G?O?_@_@?@_@??_?_?W?G?B?@??K?C??[?G??G?G??M?C??@?@???W?G??@o?_??@?@???B_@????o?_???G?G???B_@????E?C????M?G????C?W????F?C?????_@?????K?G?????w?_?????_B?????@o@??????W@_?????CCG?????@s@???????wK???????t_,0,0
104,~?@gsP@H?OC?O`?@??_?G?B??G??O??O??G??E???_??A?_?K???G???C???@?G??W???@_???B????A????@?????O????A?????G?????O?????o?????G?????A??????O?????@??????A??????E??????B???????_??????C?G?????o??????@_??????@????????_???????G?G?????B????????K????????W????????W????????G????????A?@???????O????????@??_??????A?????????A?@???????@??????????O?????????E??????????G??????????O??????????O?G????????G??????????A?@?????????O??????????@_??????????@???????????@?@??????????o???????????K???????????@????????????C?C??????????G?G??????????W????????????E?????????????o????????????C?????????????O?_???????????_@????????????_?????????????O?_???????????C?G????????????_?????????????@??????????????A??????????????A?G????????????@?C?????????????O??????????????@???????????????C?_?????????????E???????????????E???????????????B????????????????K???????????????@_???????????????B????????????????AG???????????????B?????????????????k,u|eMID`GH_a@E@B?__GK@?oC@?GB?G@_C?O@?F?G?G?_?o@??o@??W?_?C?G?@_@??E?C??K?G??G?G??K?C??B?@???W?G??@??_??F?@???A?@???B_?_???[?G???@?@????M?C????M?G????C?G????F?C?????o@?????E?G?????[?_?????O@??????{@??????C@_?????BoG??????CJ???????{C???????[W,4,5
104,~?@gsP@@?OC?O`?@@@_?O?A??W??_??_??O??C???_??A???C???K???C???@????G???@_???B????B????@?????O@???E?????W?????_?????_@????O?????K?????@_?????C??????G??????G??????C??????@???????G???????_??????@?@?????@????????o???????G???????@????????C????????G?G??????W????????K????????B?????????W????????@_????????B?????????@_?????????_?????????G?G???????@?@????????K??????????W??????????G??????????C??????????@???????????G???????????_?_????????@???????????@????????????_?_?????????G????????????_???????????A????????????C?G??????????C?G??????????E????????????@_????????????K?????????????W?????????????o?????????????W?????????????K?????????????B??????????????C??????????????O??????????????_G?????????????_??????????????OC?????????????C???????????????_G?????????????A???????????????E???????????????E???????????????@_???????????????K????????????????o???????????????B????????????????AG???????????????AG???????????????@c,u|eMID@WH?e@C@E?`_GG@@oC@?GB?G@?C?o@?E?G?O?_@_@?@_@??_?_?W?G?B?@??K?C??O?G??w?G??G?K??F?@???O?G??B_?_??B?@???A?@???B??_???w?G???A?@????W?C????o?G????w?G????I?C????@o@?????C?G?????{?_?????OB??????{@??????C@_?????B_G??????M@???????[C???????Tw,4,5
104,~?@gsP@@?OC?O`?@@@_?O?A??W??_??_??O??C???_??A???C???K???C???@????G???@_???B????B????@?????O@???E?????W?????_?????_?????O?_???K?????@_?????C??????G??????G??????C??????@???????G???????_??????@?@?????@???????@_???????G???????@????????C?C??????G????????W????????K????????B?????????W????????@_????????B?????????@_?????????_?????????G?????????@?@????????K??????????K??????????G??????????C??????????@?@?????????G???????????_?_????????@???????????@????????????_?_?????????G???????????B????????????C????????????G????????????G?G??????????C????????????B?????????????K?????????????W?????????????o?????????????W?????????????G?????????????B??????????????W??????????????o?????????????@??????????????@???????????????_C?????????????G@?????????????@???????????????C?_?????????????G???????????????W???????????????E????????????????__??????????????K????????????????K????????????????K????????????????F?????????????????w,u|eMID@WH?e@C@E?`_GG@@oC@?GB?G@?C?o@?E?G?O?_@_@?@_@??_?_?W?G?B?@??K?C??O?G??w?G??G?K??F?@???O?G??B??_??F?@???A?@???B_?_???W?G???A?@????[?C????[?G????I?G????B_C?????O@?????E?G?????[?_?????OB??????w@??????K@_?????ACG??????{@???????wK???????t_,0,0
104,~?@gsP@@?OE?O?_@_?_?G?B??G??O??O??W??C???_??A???K???G???C???@?G??W???@_???A????A????@?C???o????E?????O?????_?????_?????o?????C??????_?????A?C????C??????K??????A???????_??????C???????O?_????@_??????@_???????_???????G???????@?@??????K????????K????????G????????C????????@?@???????W????????@_????????@?????????@??????????_?_???????G?????????B??????????C??????????G??????????G?G????????C??????????B???????????G???????????_?_????????@???????????@?@?????????@_???????????K???????????@????????????E????????????K????????????E????????????A?????????????_@???????????C?G???????????W?????????????O?????????????O?????????????G?_???????????A??????????????o?????????????@??????????????A?G????????????A???????????????_??????????????G@?????????????@?G?????????????K???????????????K???????????????G???????????????E?_??????????????o???????????????E????????????????CC???????????????K????????????????D?????????????????[,u|fIID`GH_a@E@A?`_GK@?_CB?GA?GB?C?o@?C?G?w?_?_@?@o@??O?_?K?G?@o@??A?C??K?G??K?G??E?C??@_@???K?G???_?_??B_@???@?B???@o?_???G?G???B?@????M?C????K?G????K?G????E?C????@o@?????E?G?????S?_?????[@??????G@??????N?_??????oW??????ED???????[C???????]W,4,4
104,~?@gsP@@?OE?O?_@_?_?G?B??G??O??O??W??C???_??A???K???G???C???@?G??W???@_???A????A????@?C???o????E?????O?????_?????_?????o?????C??????_?????A?C????C??????K??????A???????_??????C???????O?_????@_??????@_???????_???????G???????@?@??????K????????K????????G????????C????????@?@???????W????????@_????????@?????????@??????????_?_???????G?????????B??????????C??????????G??????????G?G????????C??????????B???????????G???????????_??????????@?@?????????@?@?????????@_???????????K???????????@????????????E????????????K????????????E????????????A?????????????_????????????C?G???????????o?????????????O?????????????O?????????????G?_???????????A??????????????o?????????????@??????????????A?G????????????A?G????????????B???????????????O??????????????B?G?????????????K???????????????K???????????????G???????????????E?_??????????????OO??????????????A????????????????GC???????????????GG???????????????GG???????????????@c,u|fIID`GH_a@E@A?`_GK@?_CB?GA?GB?C?o@?C?G?w?_?_@?@o@??O?_?K?G?@o@??A?C??K?G??K?G??E?C??@_@???K?G???_?_??B_@???@?B???@o?_???G?G???B?@????M?C????G?G????[?G????E?C????@o@?????E?G?????S?_?????[@??????K@??????F?_??????wG??????B`???????Fc???????Bw,4,5
104,~?@gsP@@?OC?O`?@@@_?O?A??W??_??_??O??C???_??A???C???K???C???@????G@??@_???A????A?G??B?????_????C?G???o????@_????@??????_?????G?????B??????C??????G??????G?G????C??????@???????G?G?????_??????@?@?????@????????_?_?????W???????B????????G????????O????????O?G??????W????????A?????????O?G??????B?????????A?????????A?@???????@_?????????G?????????@??????????C?C????????G??????????W??????????C??????????@???????????G?G?????????_??????????@???????????@?@??????????_???????????G?G?????????@?@??????????K????????????K????????????G????????????E????????????@_????????????E?????????????W?????????????O?????????????O@????????????C?????????????@??????????????G@?????????????_?????????????B??????????????@???????????????_C?????????????G??????????????@?G?????????????E???????????????K???????????????E???????????????A????????????????oG??????????????B????????????????E????????????????E????????????????A_????????????????[,u|eMID@WH?e@C@E?`?GW@@?CF?GA?GB?C?_@?K?G?o?_@?@?B_@??_?_?[?G?@?@??K?C??W?G??[?G??E?C??@_@???K?G???o?_??@_@???@?@???@o?_???G?W???B_@????E?C????K?G????M?G????B?C?????o@?????F?G?????K?_?????S@??????M@??????B?_??????wG??????BB???????MC???????NW,4,5
104,~?@gsP@@?OE?O?_@_?_?G?B??G??O??O??W??C???_??A???K???G???C???@?G??W???@_???A????A????@?C???o????E?????O?????_?????_?????o?????C??????_?????A?C????C??????K??????A???????_??????C???????O?_????@_??????@_???????_???????G???????@?@??????K????????K????????G????????C????????@?@???????W????????@_????????@?????????@??????????_?????????G?????????B??????????C??????????G??????????G?G????????C?C????????B???????????G???????????_??????????@?@?????????@?@?????????@_???????????W???????????B????????????G????????????W????????????W????????????A?????????????_????????????C?G???????????o?????????????O?????????????O?????????????G?_???????????A??????????????O?????????????B??????????????B??????????????B???????????????_??????????????K??????????????@_??????????????B???????????????E???????????????C???????????????B?_??????????????OO??????????????A@???????????????W????????????????OG???????????????OG???????????????Gc,u|fIID`GH_a@E@A?`_GK@?_CB?GA?GB?C?o@?C?G?w?_?_@?@o@??O?_?K?G?@o@??A?C??K?G??K?G??E?C??@_@???K?G???_?_??B_@???@?B???@o?_???K?G???@o@????A?C????M?G????E?G????B?C?????o@?????E?G?????S?_?????[@??????M@??????A?_?????@oG??????FB???????KS???????^G,4,5
104,~?@gsP@@?OC?O`?@?@_?O?A??W??_??_??O??C@?@_??C???G???G???K???A????O???@?C??E????C????A?C???_????C?????O????@_????@_?????_?????G?????@?@????K??????G??????G??????C?C????@???????G?G????@_??????B???????A???????@??_?????O???????A?@??????W????????O????????O????????G?C??????E?????????O????????@??_??????A?????????A?????????@??_???????O?????????B??????????C??????????G??????????G?G????????K??????????@???????????G???????????_?_????????@???????????@?@?????????@_???????????K???????????@????????????C?C??????????G?G??????????W????????????C????????????@_????????????K?????????????O?????????????_@????????????_?????????????O?????????????C?G????????????_?????????????@?C????????????A??????????????A?G????????????B???????????????W??????????????@???????????????C?_?????????????W???????????????K???????????????B????????????????O???????????????B????????????????CK???????????????G_???????????????K????????????????AK,u|eMID@WH?e@C@E?`?GW@@_CB?GA?GB?C?_@?K?G?o?_@?@?B_@??_?_?[?G?@?@??K?C??W?G??W?G??K?C??B?@???W?G??@_?_??B_@???@?@???@o?_???G?W???B_@????C?K????W?G????W?G????M?C????@_@?????K?G?????o?_????@o@??????i@??????B?_??????oG??????F@???????MK???????Ng,0,0
104,~?@gsP@@?OE?O?_@_?_?G?B??G??O??O??W??C???_??A???K???G???C?_?@????W???@_???A????A????@?????o????E?????O?????_?????_?????W?????C??????_?????A?C????C??????K??????E??????@???????G?G?????_??????@?@?????B???????@_???????O???????A?@??????G????????o????????W????????G????????A?????????O?G??????@?????????B?????????@??????????_?????????G?????????@?@????????E??????????G??????????G??????????C?C????????@???????????W???????????o??????????@???????????@?@??????????_?_?????????W???????????B????????????C????????????G?G??????????G?G??????????K????????????@_????????????G?????????????_????????????@?@???????????@??????????????O?????????????C?G????????????_?????????????A?C????????????A??????????????B???????????????_??????????????W??????????????@_??????????????E???????????????E???????????????B???????????????@o???????????????G???????????????@_???????????????A????????????????CG???????????????DG???????????????@o,u|fIID`GH_a@E@A?`_GK@?_CB?GA?GB?C?o@?E?G?W?_?_@?@o@??O?_?K?G?@_@??E?C??K?G??K?G??E?C??@_@???K?G???o?_??@_@???@?@???@o?_???G?W???B?@????M?C????K?G????K?G????E?C????@_@?????M?G?????[?_?????S@??????K@??????F?_??????oW??????F@???????NC???????Ew,0,0
104,~?@gsP@@?OC?O`?@@@_?O?A@?W??_??_??O??C???_??A???C???C???A????_???K????_???@?G??B????@?????O@???E?????W?????_?????_@????o?????K?????@??????C??????G?G????G??????C??????@???????G???????_??????@???????@?@??????_???????G???????@?@??????C????????W????????G????????C?C??????B?????????W????????@_????????B?????????B??????????_?????????G?G???????B??????????E??????????G??????????G??????????C?C????????@???????????G???????????_?_????????@???????????@????????????_???????????G?G?????????@????????????C????????????G?G??????????G?G??????????K????????????@_????????????K?????????????W?????????????o?????????????o?????????????K?????????????B??????????????C??????????????O??????????????_G?????????????_??????????????OC?????????????C???????????????_??????????????A?_?????????????E???????????????E???????????????@_???????????????K???????????????@_???????????????B????????????????A????????????????BG????????????????w,u|eMID@WH?e@C@E?`?GW@@?CF?GA?GB?C?_@?M?G?O?_@_@?@_@??_?_?[?G?@?@??K?C??W?G??O?G??[?C??A?B???o?G??B??_??F?@???A?@???B_?_???W?G???A?@????[?C????W?G????[?G????D?C?????o@?????E?G?????[?_?????OB??????{@??????C@_?????B_G??????M@???????W[???????tG,4,4
104,~?@gsP@@?OE?O?_@_?_?GGB??G??O??O??W??C???_??A???C???C???A???@_???K????_???@????@????@_????W????A?????G?_???o?????o?????O?????C??????_@????A??????K??????K??????C??????@???????G???????_?_????@???????@????????_?_?????G???????B????????E????????G????????G????????C?C??????@?????????W????????@_????????@?????????@?@???????@_?????????K?????????@??????????C??????????G?G????????G??????????K??????????@_??????????G???????????_??????????@???????????@?@??????????_???????????G???????????@?@??????????C?C??????????W????????????K????????????C????????????@?@???????????G?G???????????_?_??????????B?????????????B??????????????o?????????????K??????????????O?????????????@??????????????A?G????????????A???????????????OC?????????????C???????????????_??????????????A?_?????????????E???????????????E???????????????@_???????????????K???????????????@_???????????????B????????????????A????????????????BG????????????????w,u|fIID`GH_a@E@A?`_GK@?_CB?GA?GB_C?O@?E?G?W?_?_@?@o@??O?_?K?G?@_@??E?C??G?G??W?G??K?C??B_@???G?G??@o?_??@_@???@?@???@o?_???G?G???B?@????M?C????K?G????G?G????K?C????B?@?????[?G?????_@_????Bo@??????_B??????w?_?????COG?????@{@???????ow??????@iG,4,5
104,~?@gsP@@?OE?O?_@_?_?GGB??G??O??O??W??C???_??A???C???C???A???@_???K????_???@????@????@_????W????A?????G?_???o?????o?????O?????C??????_@????A??????K??????K??????C??????@?@?????G???????_??????@???????@?@??????_???????G???????B????????E????????G????????G????????C?C??????@?????????K?????????o????????@?????????@?@????????o?????????K?????????@??????????C??????????G?G????????G?G????????K??????????@_??????????G???????????_?_????????@???????????@?@??????????_???????????G?G?????????@????????????C?C??????????W????????????C????????????A?????????????_@???????????C?????????????W?????????????O?????????????O@????????????K?????????????@??????????????K??????????????o??????????????o??????????????_??????????????OC?????????????C@??????????????_??????????????A?_?????????????C@??????????????K???????????????A????????????????_G??????????????C@???????????????K????????????????C????????????????EG????????????????w,u|fIID`GH_a@E@A?`_GK@?_CB?GA?GB_C?O@?E?G?W?_?_@?@o@??O?_?K?G?@_@??E?C??K?G??K?G??C?C??B_@???K?G???o?_??@_@???@?@???@o?_???K?G???@o@????B?C????E?G????E?G????B_C?????W@?????B_G?????C?_?????[@??????M@??????B?_??????oG??????F@???????MK???????Ng,4,4
104,~?@gsP@@?OE?O?_@_?_?GGB??G??O??O??W??C???_??A???C???C???A???@_???K????_???@????@????@_????W????A?????G?_???o?????o?????O?????C??????_@????A??????K??????K??????C??????@?@?????G???????_??????@???????@????????_?_?????G???????B????????E????????G????????G????????C?C??????@?????????K?????????o????????@?????????@?@???????@_?????????K?????????@??????????C??????????G?G????????G?G????????K??????????@_??????????G???????????_?_????????@???????????@????????????_???????????G???????????@?@??????????C?C??????????W????????????C????????????A?????????????_@???????????C?????????????W?????????????o?????????????o?????????????W?????????????@??????????????K??????????????o??????????????o??????????????_??????????????OC?????????????C@??????????????_??????????????B???????????????E???????????????A???????????????@?_??????????????OG??????????????@_???????????????E????????????????E????????????????@_????????????????[,u|fIID`GH_a@E@A?`_GK@?_CB?GA?GB_C?O@?E?G?W?_?_@?@o@??O?_?K?G?@_@??E?C??K?G??K?G??C?C??B_@???G?G??@o?_??@_@???@?@???@o?_???K?G???@o@????B?C????E?G????E?G????A?C????@o@?????C?W?????{?_?????OB??????w@??????M?_?????@_G??????M@???????TC???????Fw,0,0
104,~?@gsP@@?OC?O`?@?@_?O?A@?W??_??_??O??C@?@_??C???G???G???C???@????G???@_???A????A?G??@?????O????A?????W?????o?????_?????O?_???K?????@_?????C??????G??????G?G????C??????@?@?????W??????@_??????A???????A?@?????@????????O?G?????A????????G????????O?G??????O????????W????????A?????????O?G??????@?????????A?????????A?@???????@??????????W?????????@??????????C?C????????W??????????K??????????C??????????@???????????G?G?????????_??????????@?@?????????B????????????o???????????G???????????@?@??????????C?C??????????G????????????G????????????C?C??????????@?@???????????W?????????????o?????????????_?????????????_?????????????O?_???????????C??????????????O@????????????@?C????????????E??????????????@???????????????_??????????????G@?????????????@?G?????????????K???????????????K???????????????A???????????????@_???????????????W????????????????_???????????????AC???????????????EG???????????????E????????????????@c,u|eMID@WH?e@C@E?`?GW@@_CB?GA?GB?C?_@?M?G?O?_@_@?@_@??_?_?[?G?@?@??K?C??W?G??W?G??K?C??B?@???W?G??@o?_??@?@???B_@????o?_???G?G???B_@????E?C????K?G????M?G????B?C?????o@?????F?G?????G?_?????{@??????GB??????M?_?????@_G??????M@???????]C???????Jw,4,4
104,~?@gsP@@?OE?O?_@_?_?GGB??G??O??O??W??C???_??A???C???C???A???@_???K????_???@????@????@_????W????A?????G?_???o?????o?????O?????C??????_@????A??????K??????K??????C??????@?@?????G???????_?_????@???????@????????_???????G???????B????????E????????G????????G????????C????????@?????????K?????????O?????????_@???????@_?????????o?????????K?????????@??????????C??????????G?G????????G?G????????K??????????B???????????W??????????@???????????A?@?????????A?@?????????@????????????O???????????A?@??????????G????????????O?G??????????o????????????C????????????@?????????????G?????????????_?_??????????@??????????????o?????????????W?????????????B??????????????G??????????????o?????????????@_?????????????@_??????????????W??????????????E???????????????O??????????????@?_?????????????A@??????????????E???????????????@????????????????OG??????????????A@???????????????K????????????????C????????????????EG????????????????w,u|fIID`GH_a@E@A?`_GK@?_CB?GA?GB_C?O@?E?G?W?_?_@?@o@??O?_?K?G?@_@??E?C??K?G??K?G??F?C???_@???K?G???o?_??@_@???@?@???@o?_???K?G???@_@????E?C????K?G????K?G????F?C?????_B?????M?G?????[?_?????O@??????w@??????K?_?????B_G??????L@???????NC???????Fw,4,4
104,~?@gsP@@?OE?O?_@_?_?GGB??G??O??O??W??C???_??A???C???C???A???@_???K????_???@????@????@_????W????A?????G?_???o?????o?????O?????C??????_@????A??????K??????K??????C??????@?@?????G???????_??????@???????@????????_?_?????G???????B????????E????????G????????G????????C????????@?????????K?????????o????????@?????????@?@???????@_?????????K?????????@??????????C??????????G?G????????G?G????????K??????????B???????????W??????????@???????????A?@?????????A?@?????????@????????????O???????????A????????????G?C??????????O?G??????????o????????????C????????????@?????????????G?????????????_????????????@?@????????????o?????????????O?????????????C?G???????????@_?????????????@??????????????B??????????????B??????????????@_??????????????W??????????????@_??????????????A?_?????????????C???????????????E???????????????B????????????????O???????????????A@???????????????I????????????????CW???????????????K????????????????BC,u|fIID`GH_a@E@A?`_GK@?_CB?GA?GB_C?O@?E?G?W?_?_@?@o@??O?_?K?G?@_@??E?C??K?G??K?G??C?C??B_@???G?G??@o?_??@_@???@?@???@o?_???K?G???@_@????E?C????K?G????M?G????A?C????@o@?????C?G?????{?_?????OB??????w@??????K?_?????B?G??????]@???????[K???????Vg,0,0
104,~?@gsP@@?OE?O?_@_?_?GGB??G??O??O??W??C???_??A???C???C???A?_?@_???K????_???@?G??@????@_????W????A?????G?_???o?????O?????G?????A??????O?????@_?????A??????A??????@???????O??????A???????G???????O@??????o???????W???????E????????_???????A?C??????C?G??????K????????E????????@_????????K?????????o?????????_?????????_?????????O?_???????C??????????_?????????@??????????A??????????A??????????@???????????O??????????A???????????G?_?????????o???????????W???????????K???????????B????????????W???????????@_???????????B????????????B????????????@_????????????G????????????@?????????????C?_???????????G?????????????G?????????????C?_???????????@??????????????G??????????????_C????????????@??????????????@?G????????????@_??????????????K??????????????@_??????????????B???????????????E???????????????B????????????????_???????????????K????????????????_???????????????AC???????????????CG???????????????EG???????????????B_,u|fIID`GH_a@E@A?`_GK@?_CB?GA?GB_C?O@?F?G?G?_?o@??o@??O?_?M?G??o@??A?C??K?G??K?G??C?C??B_@???G?W??@o?_??@?@???B_@????o?_???G?G???Bo@????A?K????K?G????K?G????E?C????@O@?????F?G?????G?_?????w@??????WB??????J?_??????oG??????F@???????MC???????Jw,0,0
104,~?@gsP@@?OE?O?_@_?_?G?B??G??O??O??W??C???_??A???K???G???C???@?G??W???@_???A????A????@?????o????E?????O?????_@????_?????o?????C??????_?????A??????C??????K??????E??????@???????G???????_?_????@???????@_???????_???????G???????@?@??????K????????W????????W????????G????????A?????????O?G??????@?????????E?????????B?????????@??????????O?G???????A??????????W??????????O??????????O?G????????G??????????A???????????O?G????????B???????????B???????????A???????????@??_?????????O?G?????????A????????????K????????????O????????????O????????????G?C??????????B?????????????W?????????????_????????????@?????????????@?@????????????_?????????????E??????????????o?????????????@??????????????E??????????????A??????????????@?C?????????????O@?????????????A?G?????????????W???????????????W???????????????W???????????????E???????????????@????????????????K????????????????CK???????????????G_???????????????GG???????????????EC,u|fIID`GH_a@E@A?`_GK@?_CB?GA?GB?C?o@?C?G?w?_?_@?@_@??o?_?G?G?B?@??K?C??W?G??O?G??[?C??A?@???w?G??@_?_??A?@???F?@???@_?_???W?G???B?@????K?C????[?G????K?G????F?C?????_@?????M?G?????W@_?????_@?????@o@??????[@_?????B?g??????[@???????wC???????kw,4,4
104,~?@gsP@@?OC?O`?@?@_?O?A@?W??_??_G?O??C??@_??C???G@??G???C???@????G????_???@?G??B????@?????O????A?????K?????O?????O@????W?????E??????_?????A?C????C??????C?G????A??????@_??????K???????_??????@?@?????@????????_???????G???????@????????C????????G????????G?G??????E????????@?????????G?????????_?_??????@?????????@_?????????o?????????K?????????@_?????????E??????????K??????????C??????????A?C?????????_??????????K???????????W???????????_???????????_@??????????O???????????C????????????_???????????A????????????C????????????C?G??????????B?????????????_????????????C?????????????O?_???????????_@????????????o?????????????W?????????????E??????????????o?????????????B??????????????B??????????????@??????????????@_??????????????C???????????????_G?????????????A???????????????C@??????????????C???????????????A?_??????????????oG??????????????C????????????????W????????????????W????????????????K_????????????????w,u|eMID@WH?e@E@A?`_GG@@_CB?GB?G@?C?w@?A?G?W?_?o@??o@??O?_?M?G??_@??E?C??K?G??K?G??E?C??@?@???[?G???_@_??B?@???B?@???@o?_???G?G???B_@????C?K????W?G????[?G????E?C????@_@?????I?G?????W?_?????o@??????w@??????I@_?????@_G??????N@???????KK???????\g,2,2
104,~?@gsP@@?OC?O`?@@@_?O?A@?W??_??_??O??C???_??A???C???C???A????_G??K????o???@_???@?????_C???W????B?????G?????O@????o?????G?????A??????O?????@??????A??????A??????@???????O??????A???????G???????O???????O@??????W???????E????????o???????B????????C????????C?G??????E????????@_????????K?????????o????????@_?????????_?????????O?????????C??????????_?????????A??????????C?G????????C??????????A?C?????????_??????????C???????????O???????????_???????????_@??????????o???????????K???????????@_???????????E????????????C????????????C?G??????????B?????????????o????????????E?????????????W?????????????O?????????????O?????????????G?_???????????A??????????????O@????????????@?C????????????A??????????????A?G????????????@?C?????????????O??????????????B???????????????K???????????????K???????????????A???????????????@?_??????????????K???????????????@_???????????????A????????????????EG???????????????B?????????????????s,u|eMID@WH?e@C@E?`_GG@@oC@?GB?G@?C?w@?A?G?[?_?O@??o@??W?_?E?G??_@??F?C??C?G??K?G??E?C??@?@???[?G???_@_??B_@???@?@???@_?_???W?G???B?@????K?C????[?G????K?G????E?C????@_@?????I?G?????[?_?????OB??????w@??????M?_?????@oG??????F@???????LC???????Fw,4,5
104,~?@gsP@@?OC?O`?@?@_?O?A@?W??_??_??O??C??@_??C???G@??G???C???@????G@??@_???A????A?G??B?????_????C?????O?????o?????_?????O?_???K??????_?????A??????C?G????C??????A???????_@?????K???????o??????@???????@?@??????_???????G???????@????????C?C??????W????????G????????C?C??????B?????????G?????????_????????@?@???????@??????????o?????????G?????????@?@????????K??????????G??????????G??????????C?C????????@???????????G?G?????????_?_????????B???????????@_???????????_???????????G?G?????????@????????????C????????????G?G??????????G?G??????????K????????????@?????????????G?G???????????O?????????????_?????????????_@????????????O?_???????????E??????????????_?????????????A?C????????????A??????????????A?G????????????@?C?????????????W??????????????B???????????????A???????????????C@??????????????C???????????????B????????????????G???????????????@@???????????????E????????????????E????????????????F?????????????????w,u|eMID@WH?e@C@E?`?GW@@?CE?GE?GB?C?_@?M?G?O?_@o@??_@??w?_?C?G?@_@??E?C??K?G??K?G??E?C??@_@???G?G??@o?_??@?@???B_@????_?_???[?G???@?@????M?C????K?G????M?G????B?C?????o@?????C?G?????w?_?????w@??????[@??????CC_?????B_G??????N@???????K[???????^?,4,4
104,~?@gsP@@?OC?O`?@?@_?O?A@?W??_??_??O??C??@_??C???G@??G???C???@????G@??@_???A????A?G??B?????_????C?????O?????o?????_?????O?_???K??????_?????A??????C??????C??????A???????_@?????K???????o??????@???????@?@??????_???????G???????@????????C?C??????W????????W????????G????????A?@???????o????????@?????????A?????????A?@???????@??????????W?????????B??????????K??????????G??????????G??????????C?C????????@???????????G???????????_?_????????@?@?????????B????????????o???????????G???????????@?@??????????C????????????G????????????G?G??????????K????????????@_????????????G?????????????_?_???????????_?????????????_?????????????O?_???????????C?G????????????o?????????????B??????????????A??????????????A?G????????????@?C?????????????O@?????????????B???????????????K???????????????C???????????????C@??????????????A????????????????_G??????????????@@???????????????CC???????????????K????????????????E?????????????????[,u|eMID@WH?e@C@E?`?GW@@?CE?GE?GB?C?_@?M?G?O?_@o@??_@??o?_?K?G?@?@??K?C??W?G??W?G??K?C??B?@???W?G??@??_??F?@???A?B???B_?_???O?G???F?@????K?C????O?G????w?G????K?C????B_@?????K?G?????o?_????@O@??????w@??????N?_??????_w??????M@???????]C???????Kw,4,5
104,~?@gsP@@?OC?O`?@?@_?O?A@?W??_??_??O??C??@_??C???G@??G???C???@????G@??@_???A????A?G??B?????_????C?????O?????o?????_?????O?_???K??????_?????A??????C?G????C??????A???????_@?????K???????o??????@???????@?@??????_???????G???????@????????C?C??????W????????G????????C?C??????B?????????G?????????_????????@?@???????@??????????o?????????K?????????@_?????????A??????????C??????????C?G????????A???????????_??????????C?G?????????o???????????o???????????_???????????O?_?????????C????????????_???????????A?C??????????K????????????C????????????A?C??????????@_????????????C?????????????O?????????????_@????????????_@????????????W?????????????E??????????????O?????????????@_?????????????@??????????????@?G?????????????_C?????????????W???????????????_??????????????A?_?????????????C???????????????C@??????????????E????????????????_G??????????????A????????????????K????????????????K????????????????D_????????????????w,u|eMID@WH?e@C@E?`?GW@@?CE?GE?GB?C?_@?M?G?O?_@o@??_@??w?_?C?G?@_@??E?C??K?G??K?G??E?C??@_@???G?G??@o?_??@?B???B_@????_?_???[?G???@?B????K?C????W?G????W?G????M?C????@_@?????K?G?????g?_?????w@??????S@??????F?_??????oG??????F`???????EK???????Ng,4,5
104,~?@gsP@@?OC?O`?@?@_?O?A@?W??_??_??O??C??@_??C???G@??G???C???@????G@??@_???A????A?G??B?????_????C?????O?????o?????_?????O?_???K??????_?????A??????C?G????C??????A???????_@?????K???????o??????@???????@?@??????_???????G???????@????????C?C??????W????????G????????C?C??????B?????????G?????????_????????@?@???????@??????????o?????????K?????????@_?????????A??????????C??????????C?G????????A???????????_??????????C?G?????????o???????????o???????????_???????????O?_?????????C????????????_???????????A?C??????????K????????????C????????????A?C??????????@_????????????C?????????????O?????????????_@????????????_?????????????W?????????????E??????????????O?????????????@_?????????????@??????????????@_??????????????o??????????????E???????????????_??????????????A?_?????????????E???????????????E???????????????@?_??????????????o???????????????B????????????????C????????????????K????????????????AW???????????????@o,u|eMID@WH?e@C@E?`?GW@@?CE?GE?GB?C?_@?M?G?O?_@o@??_@??w?_?C?G?@_@??E?C??K?G??K?G??E?C??@_@???G?G??@o?_??@?B???B_@????_?_???[?G???@?B????K?C????W?G????W?G????M?C????@_@?????K?G?????g?_?????w@??????SB??????E?_?????@oG??????F@???????K[???????ZG,3,3
104,~?@gsP@@?OC?O`?@?@_?O?A@?W??_??_??O??C@?@_??C???G@??G???C???@????G???@_???A????A?G??@?????O????A?????K?????O?????O@????W?????E??????_?????A?C????C??????C??????A?C????@_??????K???????_??????@?@?????@????????_???????G???????@????????C????????K????????K????????A?????????_????????C?????????O?????????o?????????_?????????O?_???????K?????????@_?????????E??????????G??????????G?G????????C??????????@?@?????????W??????????@_??????????B???????????B????????????_???????????G???????????@?@??????????C????????????G?G??????????G????????????E?????????????_????????????C?????????????O?_???????????_?????????????o?????????????O?????????????C?G????????????o?????????????@_?????????????B??????????????@?G????????????@_??????????????K??????????????@_??????????????A???????????????C???????????????C@??????????????A?_??????????????OG??????????????A????????????????GC???????????????WG???????????????W????????????????@c,u|eMID@WH?e@C@E?`?GW@@_CB?GB?G@?C?w@?A?G?W?_?o@??o@??W?_?E?G??o@??B?C??E?G??E?G??A?C??@o@???C?G???o?_??@_@???@_@????o?_???K?G???@_@????E?C????K?G????M?G????A?C????@o@?????E?G?????[?_?????[@??????K@??????F?_??????wG??????AF???????[C???????]W,4,5
104,~?@gsP@@?OC?O`?@?@_?O?A@?W??_??_??O??C??@_??C???G@??G???C???@????G@??@_???A????A?G??B?????_????C?G???O?????o?????_?????O?_???K??????_?????A??????C??????C??????A???????_??????E???????O???????_@??????_???????O???????C????????_@??????E????????K????????G????????C?C??????B?????????W????????@?????????A?@???????A?@???????@_?????????O?????????A?@????????W??????????O??????????O?G????????G??????????A?@?????????O??????????@??_????????A???????????A????????????_???????????G?G?????????@????????????C????????????G?G??????????G?G??????????E?????????????_????????????C?G???????????W?????????????o?????????????o?????????????K?????????????A??????????????O@?????????????_?????????????@?G????????????@?G?????????????_??????????????G@?????????????@?G?????????????C???????????????G@??????????????G???????????????E????????????????O???????????????A@???????????????E????????????????E????????????????F?????????????????w,u|eMID@WH?e@C@E?`?GW@@?CE?GE?GB?C?_@?M?G?O?_@o@??_@??o?_?K?G?@?@??K?C??W?G??O?G??[?C??B?@???W?G??@??_??F?@???A?@???B_?_???W?G???B_@????C?C????[?G????K?G????C?C????Bo@?????E?W?????O?_????@o@??????w@??????M?_?????@@G??????]@???????UK???????N_,3,3
104,~?@gsP@@?OC?O`?@?@_?O?A@?W??_??_??O??C@?@_??C???G???G???C???@????G@??@_???A????A?G??@?????O????A?G???W?????o?????_?????O?_???K??????_?????A??????C??????C??????A?C????@_??????C???????O???????_???????_???????O???????C????????_@??????E????????K????????G????????C?C??????@?????????G?G???????_?_??????B?????????B?????????@_?????????O?????????A?@????????W??????????O??????????O?G????????G??????????A?@?????????O??????????@??_????????@???????????@????????????_???????????G?G?????????@????????????C????????????G?G??????????G?G??????????E?????????????_????????????C?G???????????W?????????????o?????????????o?????????????K?????????????A??????????????O@?????????????_?????????????@?G????????????@?G?????????????_??????????????G@?????????????@?G?????????????C???????????????G@??????????????G???????????????E????????????????O???????????????A@???????????????E????????????????E????????????????F?????????????????w,u|eMID@WH?e@C@E?`?GW@@_CB?GA?GB?C?_@?M?G?O?_@o@??_@??o?_?K?G?@?@??K?C??W?G??[?G??C?C??B?@???W?G??@??_??F?@???A?@???B_?_???W?G???B_@????C?C????W?G????]?G????A?K????@_@?????M?G?????O?_????@o@??????w@??????M?_?????@@G??????Z@???????MK???????N_,4,5
104,~?@gsP@@?OC?O`?@?@_?O?A@?W??_??_??O??C@?@_??C???G@??G???C???@????G@??@_???A????A?G??@?????O????A?????K?????O?????O@????W?????A??????O?????@??????A??????A?G????B???????o??????C???????O?_?????_???????_???????O???????C?G?????@_???????E????????G????????G?G??????C????????@?????????G?????????_????????@_????????@??????????_?_???????W?????????@??????????C?C????????G??????????G?G????????C??????????@?@?????????W??????????@_??????????B???????????B????????????_???????????G???????????@?@??????????C?C??????????K????????????C????????????A?C???????????_????????????C?????????????O?_???????????_?????????????o?????????????O?????????????C?G????????????O?????????????@?C????????????A?G????????????B??????????????@_??????????????K??????????????@_??????????????A???????????????E???????????????@????????????????__??????????????G???????????????@@???????????????EC???????????????G????????????????KG???????????????BG,u|eMID@WH?e@C@E?`?GW@@_CB?GB?G@?C?w@?A?G?[?_?O@??o@??W?_?C?G?@_@??E?C??K?G??K?G??E?C??@?@???[?G???_?_??B_@???@_@????w?_???C?G???@_@????E?C????K?G????K?G????F?C?????_@?????M?G?????[?_?????[@??????G@??????M?_?????@oG??????F@???????G{???????}G,0,0
104,~?@gsP@@?OC?O`?@?@_?O?A@?W??_??_??O??C@?@_??C???G@??G???C???@????G@??@_???A????A?G??@?????O????A?????K?????O?????O@????W?????A??????O?????@??????A??????A?G????B???????o??????C???????O?_?????_???????_???????O???????C?G?????@_???????E????????G????????G?G??????C????????@?????????G?????????_????????@_????????@??????????_?_???????W?????????@??????????C?C????????G??????????G??????????E??????????@_??????????K???????????o??????????@_???????????_???????????O???????????C????????????_@??????????B????????????E????????????C????????????A?C???????????_????????????C?G???????????O?????????????o?????????????_?????????????O?_???????????K??????????????_?????????????A?C????????????C?G????????????C??????????????B???????????????W??????????????B???????????????C???????????????G???????????????K???????????????@_???????????????O???????????????A@???????????????GC???????????????WG???????????????X????????????????M?,u|eMID@WH?e@C@E?`?GW@@_CB?GB?G@?C?w@?A?G?[?_?O@??o@??W?_?C?G?@_@??E?C??K?G??K?G??E?C??@?@???[?G???_?_??B_@???@_@????o?_???K?G???@?@????M?C????K?G????K?G????F?C?????_@?????M?G?????O?_????@o@??????wB??????KA_?????ACG??????{@???????wK???????x_,4,5
104,~?@gsP@@?OC?O`?@?@_?O?A@?W??_??_??O??C@?@_??C???G???G???C???@????G@??@_???A????A?G??@?????O????A?????W?????o?????_?????O?_???K??????_?????A??????C??????C??????A?C????@_??????K???????_??????@?@?????@????????_???????G???????@????????C?C??????W????????W????????G????????A?@???????O????????@?????????A?????????A?????????@_?????????W?????????A??????????G?C????????o??????????O??????????G?C????????A???????????O?G????????@_??????????B???????????B???????????@_???????????O???????????A?@??????????G?C??????????O????????????O????????????G?C??????????A?@???????????W?????????????_????????????@?@???????????@??????????????_?_???????????G?????????????@?@????????????B??????????????C??????????????C?G????????????@???????????????O@?????????????A?G?????????????K???????????????K???????????????E???????????????@????????????????W????????????????_???????????????AC???????????????CG???????????????EG???????????????B_,u|eMID@WH?e@C@E?`?GW@@_CB?GA?GB?C?_@?M?G?O?_@o@??_@??o?_?K?G?@?@??K?C??W?G??W?G??K?C??B?@???W?G??@??_??F?@???A?@???B_?_???W?G???B_@????C?C????[?G????K?G????E?C????@_@?????M?G?????O?_????@o@??????w@??????M?_?????@@G??????]@???????]K???????N_,4,3
104,~?@gsP@@?OE?O?_@_?_?G?B??G??O??O??W??C???_G?A???K???G???C?_?@????W???@_???A????A????@?????W????A?????G?????O?????W?????G?????A?G????O?????@?C????E??????E??????A???????_@?????C???????o??????@_??????@????????_?_?????G???????@_???????A????????C????????C?G??????A?????????o????????C?????????O?????????_?????????_?????????W?????????C??????????_@????????A?C????????K??????????E??????????A???????????_@?????????C?G?????????o??????????@_??????????@_???????????_???????????G?G?????????@????????????A????????????C????????????C?G??????????A?????????????O????????????A?????????????G?_???????????O?????????????O@????????????K?????????????B??????????????W??????????????o?????????????@_?????????????@_??????????????W??????????????A???????????????OG?????????????@???????????????A@??????????????A@??????????????@????????????????OG??????????????A@???????????????GC???????????????W????????????????E?????????????????[,u|fIID`GH_a@E@A?`_GK@?oC@?GB?G@_C?W@?B?G?K?_?W@??W@??K?_?B?G??W@??@?C??E?G??E?G??B?C???o@???E?G???W?_???o@????w@????K?_???B?G????W@????@_C????B?G????B?G????@_C?????W@?????B?G?????M?_?????K@??????K@??????F?_??????wG??????B@???????NC???????Fw,4,4
104,~?@gsP@@?OE?O?_@_?_?G?B??G??O??O??W??C???_??A?_?K???G???C???@?G??W???@_???A????A????@?????o????A?????G?????O?????o?????G?????A??????O?????@?C????E??????E??????A???????_??????C?G?????o??????@_??????@????????_???????G?G?????B????????K????????G????????G????????C?C??????@?????????W?????????_????????@?????????@?@????????_?????????W?????????@??????????C??????????G??????????G?G????????K??????????@_??????????G???????????_?_????????@?@?????????B????????????o???????????G???????????@_???????????E????????????K????????????C????????????A?????????????_@???????????C?????????????G?????????????O?????????????O@????????????G?_???????????E??????????????O?????????????@_?????????????B??????????????@_??????????????o??????????????K???????????????O??????????????@_??????????????B???????????????@????????????????__??????????????GG??????????????@_???????????????E????????????????E????????????????@_????????????????[,u|fIID`GH_a@E@A?`_GK@?_CB?GB?G@_C?O@?F?G?G?_?o@??o@??W?_?E?G??o@??A?C??K?G??K?G??E?C??@_@???G?G??@o?_??@?B???B?@???@_?_???W?G???B_@????E?C????K?G????K?G????F?C?????o@?????D?G?????K?_?????[@??????M@??????B?_??????oG??????F`???????EK???????Ng,4,4
104,~?@gsP@@?OE?O?_@_?_?G?B??G??O??O??W??C???_G?A???K???G???C???@????W???@_???A????A????@?????W????A?????G?????O@????o?????W?????C??????_@????A??????C??????K??????E??????@???????G?G?????_??????B???????@????????_???????G???????@????????E????????K????????G????????C?C??????@?????????G?????????o????????@?????????@?@????????_?_???????W?????????B??????????K??????????O??????????O?G????????G?C????????A???????????W??????????@_??????????A???????????A?@?????????@????????????G???????????@????????????C????????????G?G??????????G????????????B?????????????_????????????C?G???????????O?_???????????_?????????????o?????????????W?????????????E??????????????o?????????????@_?????????????B??????????????@???????????????W??????????????E???????????????O??????????????@???????????????A@??????????????A@??????????????@_???????????????W???????????????@_???????????????E????????????????B????????????????@_????????????????[,u|fIID`GH_a@E@A?`_GK@?oC@?GB?G@_C?O@?E?G?W?_?o@??o@??O?_?K?G?@_@??E?C??K?G??G?G??K?C??B_@???G?G??@_?_??B?@???B?@???@o?_???G?G???B_@????E?C????K?G????K?G????C?C????Bo@?????C?W?????o?_????@o@??????w@??????G?_?????F_G??????MB???????SS???????^G,0,0
104,~?@gsP@@?PC?O`?@?@_?O?A??G??O??O??G??E???_??A???C@??K???C???@?G??W???@????A?G??E????A?????_????C?????o?????_?????_?????O?????C??????_?????A?C????C??????C??????A?C????@_??????K???????_??????@???????@?@?????@_???????W???????B????????K????????G????????G?G??????K????????@?????????G?????????_?_??????@?????????B??????????_?????????G?G???????@??????????C??????????G??????????G?G????????C??????????@???????????G?G????????@_??????????@_??????????@????????????_?_?????????G?G?????????@_???????????E????????????K????????????E????????????B?????????????O????????????A?????????????G?_???????????O?????????????G?????????????C?_???????????@??????????????G??????????????_C????????????@??????????????@?G????????????@_??????????????K??????????????@_??????????????B???????????????E???????????????B????????????????_???????????????K????????????????_???????????????AC???????????????E????????????????AW???????????????B_,u|eMID@WH_a@E@A?`_GG@@_CB?GA?GB?C?o@?E?G?W?_?_@?@o@??O?_?K?G?@_@??E?C??K?G??K?G??C?C??B?@???W?G??@_?_??B_@???@?@???@o?_???K?G???@_@????E?C????M?G????E?G????B?C?????w@?????B_G?????C?_?????[@??????KB??????E?_?????@oG??????EB???????]C???????JW,4,5
104,~?@gsP@@?OE?O?_@_?_?G?B??G??O??O??W??C???_G?A???K???G???C???@?G??W???@_???A????A?G??@?????W????A?????G?????O?????o?????G?????A??????O?????@??????B??????A??????@?C?????O??????E???????W???????_???????_???????O?_?????K???????@_???????E????????G????????G?G??????C????????@_????????G?????????_?_??????@?????????@?@???????@_?????????G?????????@?@????????C??????????G??????????G??????????E??????????@???????????G?G?????????_??????????@_???????????_???????????O???????????C?G??????????o???????????B????????????E????????????E????????????@?????????????W????????????A?????????????G?_???????????O@????????????o?????????????G?????????????A?G????????????O?????????????@??????????????B??????????????B???????????????_??????????????C???????????????o??????????????@_??????????????B???????????????B????????????????o???????????????K???????????????@_???????????????AC???????????????C????????????????EG???????????????@W,u|fIID`GH_a@E@A?`_GK@?oC@?GB?G@_C?O@?F?G?G?_?o@??o@??O?_?M?G??o@??B?C??C?G??K?G??E?C??@_@???G?G??@o?_??@_@???@_@????o?_???G?G???B_@????E?K????K?G????G?G????M?C????@o@?????C?G?????w?_?????oB??????o@??????W?_?????DoG??????CF???????{C???????UW,4,5
104,~?@gsP@@?OE?O?_@_?_?G?B??G??O??O??W??C???_??A?_?K???G???C???@?G??W???@_???A????A????@?????o????A?????G?????O?????o?????G?????A??????O?????@?C????E??????E??????A???????_??????C?G?????o??????@_??????@????????_???????G?G?????B????????K????????G????????G????????C?C??????@?????????W?????????_????????@?????????@??????????_?_???????W?????????@??????????C?C????????G??????????G?G????????K??????????@_??????????G???????????_?_????????@?@?????????B???????????@_???????????G???????????@????????????C?C??????????K????????????C????????????A?????????????_@???????????C?????????????G?????????????O@????????????O?????????????G?_???????????E??????????????O?????????????@?C????????????A?G????????????E??????????????@_??????????????W??????????????@_??????????????A???????????????E???????????????@????????????????_???????????????GG??????????????@@???????????????CC???????????????GG???????????????[????????????????EG,u|fIID`GH_a@E@A?`_GK@?_CB?GB?G@_C?O@?F?G?G?_?o@??o@??W?_?E?G??o@??A?C??K?G??K?G??E?C??@_@???G?G??@o?_??@_@???@_@????o?_???M?G????o@????B?C????E?G????E?G????B_C?????O@?????F?G?????K@_?????W@??????[@??????E?_?????@oG??????F@???????JC???????Fw,4,5
104,~?@gsP@@?OE?O?_@_?_?G?B??G??O??O??W??C???_??A?_?K???G???C???@?G??W???@_???A????A????@?????o????A?????G?????O?????o?????G?????A??????O?????@?C????E??????E??????A???????_??????C?G?????o??????@_??????@????????_???????G?G?????B????????K????????G????????G????????C????????@?@???????W?????????_????????@?????????@??????????_?_???????W?????????@??????????C?C????????G??????????G?G????????K??????????B???????????G???????????o??????????@_??????????@_???????????O???????????C????????????_@??????????B????????????A????????????A????????????@?????????????O@???????????E?????????????G?????????????O?????????????O@????????????W?????????????A??????????????O@????????????@?C????????????E??????????????E??????????????@???????????????W@?????????????B???????????????C???????????????K???????????????A???????????????@????????????????OG??????????????A@???????????????CC???????????????GG???????????????[????????????????EG,u|fIID`GH_a@E@A?`_GK@?_CB?GB?G@_C?O@?F?G?G?_?o@??o@??W?_?E?G??o@??A?C??K?G??K?G??E?C??@_@???G?G??@o?_??@_@???@_@????o?_???K?G???@o@????A?C????M?G????E?G????B_C?????O@?????F?G?????K@_?????W@??????W@??????M?_?????@oG??????F@???????JC???????Fw,4,5
104,~?@gsP@@?OE?O?_@_?_?G?B??G??O??O??W??C???_??A?_?K???G???C???@?G??W???@_???A????A????@?????o????A?????G?????O?????o?????G?????A??????O?????@?C????E??????E??????A???????_??????C?G?????o??????@_??????@????????_???????G?G?????B????????K????????G????????G????????C?C??????@?????????W?????????_????????@?@???????@??????????_?_???????W?????????@??????????C??????????G??????????G?G????????K??????????@_??????????G???????????_?_????????@?@?????????@_???????????O???????????C????????????_@??????????E????????????K????????????C????????????A?????????????_@???????????C?????????????G?????????????O@????????????O@????????????W?????????????A??????????????O?????????????@?C????????????A?G????????????E??????????????@_??????????????W???????????????_??????????????B???????????????E???????????????@????????????????__??????????????GG??????????????@_???????????????E????????????????E????????????????@_????????????????[,u|fIID`GH_a@E@A?`_GK@?_CB?GB?G@_C?O@?F?G?G?_?o@??o@??W?_?E?G??o@??A?C??K?G??K?G??E?C??@_@???G?G??@o?_??@?@???B?@???@_?_???W?G???B_@????E?C????K?G????M?G????B_C?????O@?????F?G?????G@_?????w@??????W@??????M?_?????@_G??????N@???????IK???????Ng,4,5
104,~?@gsP@@?OE?O?_@_?_?G?B??G??O??O??W??C???_??A???K???G???C???@?G??W???@_???A????A????@?C???o????E?????O?????_?????_?????o?????C??????_?????A??????C??????K??????A???????_??????C???????O?_????@_??????@_???????_???????G?G?????@?@??????K????????W????????W????????G????????A?@???????O?G??????B?????????E?????????A?????????@??????????O?????????A??????????C??????????G??????????G?G????????C??????????@???????????C???????????O?_?????????_???????????_@??????????o???????????K???????????@_???????????E????????????K????????????E????????????B?????????????o????????????B?????????????C?????????????G@????????????G?????????????C?????????????@?G????????????G??????????????_C????????????@??????????????@???????????????_C?????????????G@?????????????@_??????????????E???????????????E???????????????B???????????????@_???????????????C????????????????`???????????????AC???????????????CG???????????????CG???????????????BC,u|fIID`GH_a@E@A?`_GK@?_CB?GA?GB?C?o@?C?G?w?_?_@?@_@??o?_?G?G?B?@??M?C??G?G??W?G??K?C??B?@???W?G??@_?_??B_@???@?@???@o?_???K?G???@?@????N?C????E?W????E?G????B?C?????o@?????E?G?????[?_?????OB??????w@??????K?_?????AoG??????F@???????LC???????Fw,4,5
104,~?@gsP@@?OE?O?_@_?_?G?B??G??O??O??W??C???_??A?_?K???G???C???@?G??W???@_???A????A????@?????o????A?????G?????O@????o?????G?????A??????O?????@??????E??????E??????A???????_??????C?G?????o???????_???????_???????O?_?????K???????@_???????E????????G????????G????????C?C??????@?????????W?????????_????????@?????????@?@???????@_?????????G?????????@??????????C?C????????G??????????G?G????????K??????????@_??????????G???????????o??????????@_???????????_???????????O???????????C?G?????????@_???????????B????????????A????????????A????????????@?C???????????O????????????E?????????????G?????????????O@????????????o?????????????G?????????????A??????????????O@????????????@?C????????????E??????????????B??????????????@???????????????W@?????????????@???????????????E???????????????K???????????????A???????????????@?_??????????????OG??????????????A_???????????????E????????????????E????????????????@_????????????????[,u|fIID`GH_a@E@A?`_GK@?_CB?GB?G@_C?O@?F?G?G?_?o@??o@??O?_?K?G?@_@??E?C??G?G??W?G??K?C??B_@???G?G??@o?_??@?@???B_@????o?_???K?G???@o@????B?C????C?G????M?G????B_C?????O@?????F?G?????G@_?????w@??????W@??????M?_?????@_G??????N@???????IK???????Ng,4,4
104,~?@gsP@@?OE?O?_@_?_?G?B??G??O??O??W??C???_G?A???K???G???C???@?G??W???@_???A????A????@?????W????A?????G?????O?????o?????G?????A??????O?????@??????E??????E??????A???????_@?????C?G?????o??????@_??????@????????_?_?????G?G?????B????????K????????W????????O????????G?C??????A?????????O?????????_????????@?????????@??????????_?????????C??????????_?????????A??????????C?G????????C??????????B???????????o??????????E???????????W???????????o???????????o???????????W???????????E????????????o???????????@_???????????A????????????A?G??????????@?????????????O????????????A?G???????????G?????????????O?????????????O@????????????G?????????????A??????????????O@????????????@?C????????????B??????????????B???????????????o??????????????K???????????????o??????????????B???????????????@???????????????@@???????????????_???????????????GG??????????????@@???????????????CC???????????????K????????????????E?????????????????[,u|fIID`GH_a@E@A?`_GK@?oC@?GB?G@_C?O@?F?G?G?_?o@??o@??O?_?K?G?@_@??E?C??K?G??K?G??E?C??@_@???M?G???O?_??@_@???@o@????O?_???M?G????o@????B?C????E?G????E?G????B?C?????w@?????A?W?????W?_?????w@??????[@??????E?_?????@oG??????E`???????E[???????NG,0,0
104,~?@gsP@@?OC?O`?@@@_?O?A??W??_??_??O??C???_??A???C???K???C???@????G@??@_???A????A?G??B?????_????C?G???o????@_????@??????_?_???G?????B??????C??????G??????G??????C??????@?@?????G???????_??????@???????@????????_???????K???????@????????C?C??????G?G??????W????????K????????A?????????O?G??????@_????????B?????????B?????????@_?????????W?????????A??????????G?C????????O??????????G??????????C?C????????@???????????G???????????_??????????@?@?????????@????????????_???????????G?G?????????@????????????C????????????K????????????K????????????B?????????????o????????????C?????????????O?_???????????o?????????????o?????????????K?????????????B??????????????O?????????????@?C????????????A?G????????????A?G????????????@???????????????O@?????????????A???????????????G?_?????????????O@??????????????O@??????????????G???????????????A????????????????E@???????????????G????????????????OG???????????????EG???????????????BO,u|eMID@WH?e@C@E?`?GW@@?CF?GA?GB?C?_@?K?G?o?_@?@?B_@??_?_?W?G?B?@??G?C??w?G??O?G??[?C??A?B???o?G??B??_??C?@???M?@???B??_???w?G???B?@????K?C????W?G????O?G????[?C????A_@?????M?G?????W?_?????_@?????@o@??????[?_?????B?w??????[H???????bC??????BwG,4,4
104,~?@gsP@@?OC?O`?@?@_?O?A??W??_??_??O??C??@_??C???G???G@??K???A????O???@?C??E????C????A?C??@_????G?????_?_??@?????B??????_?????G?????@?@????K??????G??????G??????C??????@???????G???????_??????@_??????@????????_???????G?G?????B????????C????????G????????G?G??????K????????B?????????W????????@_????????B?????????A?????????@??_???????O?G???????E??????????G??????????O?G????????O?G????????W??????????A???????????O?G????????@???????????A???????????A???????????@????????????O?G?????????@????????????C????????????G?G??????????C????????????A?????????????_@???????????E?????????????W?????????????o?????????????o?????????????K?????????????B??????????????K??????????????o??????????????_??????????????_G?????????????O??????????????C@??????????????_??????????????A?_?????????????C???????????????C@??????????????B????????????????W???????????????@_???????????????B????????????????B????????????????@G????????????????s,u|eMID@WH?e@C@E?`?GW@@?CE?GE?GA?C@_@?K?G?o?_@?@?B_@??_?_?W?G?B?@??K?C??W?G??O?G??[?C??B?@???O?G??B??_??E?@???F?@???@??_???w?G???B?@????K?C????W?G????W?G????K?C????Bo@?????C?W?????o?_????@w@??????OB??????[?_?????B?W??????[@???????sC???????Yw,0,0
104,~?@gsP@@?OC?O`?@?@_?O?A??W??_??_??O??C??@_??C???G@??G???K???A????O???@?C??E????C????A?C??@_????G?????_?_??@?????@_?????_?????G?????@??????K??????G??????G??????C??????@???????G???????_??????@_??????@????????_?_?????G???????B????????K????????O????????O?G??????G?C??????E?????????o????????B?????????E?????????E?????????A??????????_?G???????C?@????????W??????????_??????????_?G????????O??????????C???????????O??????????@??_????????A???????????A???????????@????????????O???????????A?@??????????C????????????G?G??????????G????????????E????????????@_????????????K?????????????W?????????????o?????????????o?????????????W?????????????B??????????????K??????????????_?????????????@?G????????????@???????????????_C?????????????G@?????????????@???????????????C?_?????????????G???????????????G@??????????????C?_?????????????@?G??????????????K????????????????K????????????????K????????????????@G????????????????s,u|eMID@WH?e@C@E?`?GW@@?CE?GE?GB?C?_@?K?G?o?_@?@?B_@??_?_?W?G?B?@??K?C??W?G??O?G??[?C??B?@???W?G??@??_??E?@???E?@???B??_???w?G???B?@????K?C????W?G????W?G????K?C????Bo@?????E?W?????O?_????@o@??????o@??????[?_?????B?W??????[@???????uC???????Mw,0,0
104,~?@gsP@@?OC?O`?@?@_?O?A??W??_??_??O??C??@_??C???G@??G???K???A????O???@?C??E????C????A?C??@_????G?????_????@?????@_?????_?????G?????@??????K??????G??????G??????C??????@???????G???????_?_????B???????B???????@????????O?G?????A?@??????W????????o????????_????????O?C??????C?@??????@_????????E?????????K?????????K?????????A??????????_?????????C??????????O?C????????O??????????O??????????G??????????A???????????G???????????_?_????????@???????????@????????????_???????????G?G?????????B????????????K????????????K????????????K????????????E????????????@_????????????K?????????????W?????????????o?????????????o?????????????G?????????????A?G????????????O?????????????@?C????????????A?G????????????A??????????????@???????????????O@?????????????A?G?????????????G???????????????O@??????????????O@??????????????K????????????????o???????????????E????????????????E????????????????A????????????????BG????????????????w,u|eMID@WH?e@C@E?`?GW@@?CE?GE?GB?C?_@?K?G?o?_@?@?B_@??_?_?W?G?B?@??K?C??W?G??W?G??K?C??B?@???W?G??@_?_??B?@???B?@???@o?_???K?G???@_@????E?C????K?G????K?G????E?C????@o@?????E?G?????W?_?????o@??????w@??????K@_?????B_G??????M@???????]C???????Lw,0,0
104,~?@gsP@@?OC?O`?@?@_?O?A??W??_??_??O??C@?@_??C???G@??G???K???A????O@??@????E????C????A?C???_????C?????O?????o?????_?????O?_???C??????o?????A??????C??????C??????A???????_@?????K???????o??????@???????@?@??????_???????K???????@????????C?C??????G????????W????????K????????B?????????G?????????_????????@?????????@?@????????o?????????G?????????@?@????????C??????????K??????????G??????????C?C????????@???????????G???????????_?_????????B???????????B????????????_???????????G?G?????????@????????????E????????????K????????????C????????????B?????????????o????????????A?????????????G?????????????O?????????????O@????????????K?????????????A??????????????O@????????????@_?????????????A??????????????A?G????????????@_??????????????W??????????????B???????????????E???????????????C???????????????E???????????????@?_??????????????W???????????????@????????????????CC???????????????KG???????????????I????????????????@c,u|eMID@WH?e@C@E?`?GW@@_CB?GB?G@?C?o@?E?G?W?_?o@??_@??o?_?K?G?@_@??E?C??K?G??K?G??E?C??@?@???[?G???o?_??@_@???@_@????o?_???K?G???@_@????E?C????K?G????M?G????B?C?????_@?????M?G?????[?_?????W@??????W@??????M?_?????@_G??????N@???????G{???????}G,4,5
104,~?@gsP@@?OC?O`?@?@_?O?A??W??_??_??O??C@?@_??C???G@??G???K???A????O???@?C??E????C????A?C???_????C?????O?????o?????_?????O?_???C?????@_?????A??????C??????C??????A???????_@?????K???????o??????@???????@?@??????_???????K???????@????????C????????G?G??????W????????K????????B?????????G?????????_????????@?@???????@??????????o?????????G?????????@?@????????C?C????????W??????????G??????????C?C????????@???????????G???????????_?_????????B???????????@_???????????_???????????G?G?????????@????????????A????????????C????????????C?G??????????B?????????????o????????????A?????????????G?????????????O@????????????O@????????????K?????????????B??????????????W??????????????_?????????????@?G????????????@???????????????_C?????????????W???????????????_??????????????A?_?????????????C???????????????E???????????????@_???????????????G???????????????@`???????????????B????????????????E????????????????AG???????????????@S,u|eMID@WH?e@C@E?`?GW@@_CB?GB?G@?C?o@?E?G?O?_@o@??_@??o?_?K?G?@_@??E?C??K?G??K?G??E?C??@?@???[?G???o?_??@?@???B_@????o?_???K?G???@_@????E?C????M?G????E?G????B?C?????_@?????N?G?????G@_?????w@??????WB??????K?_?????B?G??????]@???????W[???????jG,4,5
104,~?@gsP@@?OC?O`?@?@_?O?A??W??_??_??O??C@?@_??C???G@??G???K???A????O???@?C??E????C????A?C???_????C?????O?????o?????_?????O?_???C?????@_?????A??????C??????C??????A???????_@?????K???????o??????@???????@?@??????_???????K???????@????????C????????G?G??????W????????K????????B?????????G?????????_????????@?@???????@??????????o?????????G?????????@?@????????C?C????????W??????????G??????????C?C????????@???????????G???????????_?_????????B???????????@_???????????_???????????G?G?????????@????????????A????????????C????????????C?G??????????B?????????????o????????????A?????????????G?????????????O@????????????O?????????????K?????????????B??????????????W??????????????_?????????????@?G????????????@_??????????????o??????????????E???????????????o??????????????@???????????????A@??????????????A@??????????????@_???????????????G???????????????@@???????????????E????????????????A????????????????BG????????????????w,u|eMID@WH?e@C@E?`?GW@@_CB?GB?G@?C?o@?E?G?O?_@o@??_@??o?_?K?G?@_@??E?C??K?G??K?G??E?C??@?@???[?G???o?_??@?@???B_@????o?_???K?G???@_@????E?C????M?G????E?G????B?C?????_@?????N?G?????G@_?????w@??????W@??????M?_?????@oG??????F@???????Jc???????Bw,0,0
104,~?@gsP@@?OC?O`?@?@_?O?A??W??_??_??O??C@?@_??C???G@??G???K???A????O???@?C??E????C????A?C???_????C?????O?????o?????_?????O?????C?????@_?????A??????C??????C??????A???????_@?????K???????o??????@???????@?@??????_?_?????W???????B????????G????????O????????O?G??????W????????E?????????o????????@?????????A?????????A?????????@??_???????G?????????@??????????C??????????G?G????????W??????????C??????????@?@?????????G???????????_??????????@?@?????????B???????????@_???????????K???????????@_???????????E????????????C????????????C????????????A?C???????????o????????????E?????????????G?????????????O?????????????O?????????????G?_???????????A?G????????????O?????????????@?C????????????E??????????????A??????????????@?C?????????????W??????????????B???????????????K???????????????E???????????????A???????????????@_???????????????K????????????????_???????????????B????????????????AW???????????????E????????????????@c,u|eMID@WH?e@C@E?`?GW@@_CB?GB?G@?C?o@?E?G?O?_@o@??_@??o?_?K?G?@_@??E?C??K?G??K?G??E?C??@_@???K?G???o?_??@?@???B_@????o?_???K?G???@_@????E?C????K?G????M?G????B?C?????o@?????F?G?????G?_?????w@??????WB??????M?_?????@_G??????N@???????MK???????Jg,4,5
104,~?@gsP@@?OC?O`?@?@_?O?A??W??_??_??O??C??@_??C???G@??G???K???A????O???@?C??E????C????A?C??@_????G?????_?_??@?????@_?????_?????G?G???@??????K??????G??????G??????C??????@???????G???????_??????@_??????@????????_?_?????G???????@_???????C????????G????????G?G??????K????????B?????????W????????@_????????B?????????A?????????@??_???????O?G???????B??????????G??????????O?G????????O?G????????W??????????A???????????O?G????????@???????????A???????????A???????????@????????????O?G?????????@????????????C?C??????????G????????????C????????????A?????????????_@???????????E?????????????W?????????????o?????????????o?????????????K?????????????@_?????????????K??????????????o??????????????_??????????????_G?????????????O??????????????C@??????????????_??????????????A?_?????????????C@??????????????C???????????????B????????????????W???????????????@_???????????????@_???????????????B????????????????@G????????????????s,u|eMID@WH?e@C@E?`?GW@@?CE?GE?GB?C?_@?K?G?o?_@?@?B_@??_?_?W?G?B?@??K?C??W?G??O?G??[?C??B?@???W?G??@??_??F?@???B?@???@??_???w?G???B?@????K?C????W?G????W?G????K?C????Bo@?????E?W?????O?_????@w@??????OB??????[?_?????B?W??????[@???????uC???????Iw,4,4
104,~?@gsP@@?OC?O`?@@@_?O?A??W??_??_??O??C???_??A???C???K???C???@????G@??@_???A????A?G??B?????_????C?G???o????@_????@??????_?_???G?????B??????C??????G??????G??????C??????@???????G?G?????_??????@???????@?@??????_???????K???????@????????C????????G?G??????W????????K????????B?????????W?????????_????????@?@???????B??????????o?????????G?????????@?@????????C?C????????W??????????G??????????C?C????????@???????????G???????????_??????????@?@?????????@????????????_???????????G?G?????????@????????????A????????????C????????????C?G??????????B?????????????o????????????E?????????????G?????????????O@????????????o?????????????K?????????????B??????????????W??????????????_?????????????@?G????????????@???????????????o??????????????C???????????????_G?????????????A?_?????????????C???????????????E???????????????@_???????????????W???????????????@@???????????????B????????????????E????????????????AG????????????????s,u|eMID@WH?e@C@E?`?GW@@?CF?GA?GB?C?_@?K?G?o?_@?@?B_@??_?_?W?G?B?@??K?C??W?G??[?G??C?C??B_@???G?G??@o?_??@_@???@?@???@o?_???K?G???@_@????E?C????K?G????M?G????A?C????@o@?????C?G?????{?_?????OB??????w@??????K@_?????B?G??????]@???????[K???????Tg,4,4
104,~?@gsP@@?OE?O?_@_?_?G?B??G??O??O??W??C???_??A???K???G???C???@?G??W???@_???A????A????@?C???o????E?????O?????_@????_?????o?????C??????_?????A??????C??????K??????A???????_??????C???????O???????o???????_???????O???????C?G?????@_???????E????????K????????G????????C????????@?@???????W????????@_????????B?????????A?????????@??_???????O?G???????E??????????G??????????O?G????????O??????????G??????????A?@?????????o??????????@???????????A???????????A???????????@??_?????????O???????????@????????????C????????????G?G??????????K????????????E?????????????_????????????E?????????????W?????????????o?????????????W?????????????K?????????????B??????????????G??????????????_C????????????@??????????????@?G????????????@_??????????????G??????????????@?G?????????????C?_?????????????G???????????????K???????????????B????????????????O???????????????B????????????????B????????????????E????????????????BG???????????????@o,u|fIID`GH_a@E@A?`_GK@?_CB?GA?GB?C?o@?C?G?w?_?_@?@_@??o?_?G?G?B?@??M?C??G?G??W?G??K?C??A?@???w?G??@_?_??A?@???F?@???@_?_???W?G???B?@????K?C????[?G????G?W????K?C????B_@?????G?G????@w?_?????_B?????@o@??????W@_?????E?G??????s@???????{C???????Tw,4,5
104,~?@gsP@@?OE?O?_@_?_?G?B??G??O??O??W??C???_??A???K???G???C???@?G??W???@_???A????A????@?C???o????E?????O?????_?????_?????o?????C??????_?????A??????C?G????K??????A???????_??????C???????O??????@_??????@_???????_???????G???????@?@??????K????????W????????G????????C????????@?@???????W????????@_????????B?????????A?????????@??_???????O?????????A?@????????W??????????O??????????O?G????????G??????????A?@?????????o??????????@???????????A???????????A???????????@??_?????????O???????????B????????????C????????????G????????????G?G??????????E?????????????_????????????E?????????????W?????????????o?????????????W?????????????G?????????????A?G????????????O@????????????B??????????????A??????????????A?G????????????@?C?????????????o??????????????A???????????????G?_?????????????O@??????????????O???????????????C?_?????????????@_???????????????A????????????????K????????????????E????????????????B_????????????????w,u|fIID`GH_a@E@A?`_GK@?_CB?GA?GB?C?o@?C?G?w?_?_@?@_@??o?_?K?G?@o@??A?C??K?G??K?G??C?C??B?@???W?G??@_?_??A?@???F?@???@_?_???W?G???B?@????M?C????G?W????W?G????M?C????@?@?????[?G?????w?_?????_@?????@o@??????W@_?????E_G??????N@???????H[???????{G,0,0
104,~?@gsP@@?OE?O?_@_?_?G?B??G??O??O??W??C???_??A???K???G???C???@?G??W???@_???A????A????@?C???o????E?????O?????_@????_?????o?????C??????_?????A??????C?G????K??????A???????_??????C???????O???????o???????_???????O???????C?G?????@_???????E????????C????????C????????A?C??????@_????????K?????????o????????@?????????@?@????????_?????????W?????????@??????????C?C????????G??????????G?G????????K??????????@???????????G???????????_??????????@?@?????????@????????????o???????????G???????????@????????????C?C??????????K????????????C????????????B?????????????o????????????E?????????????K?????????????W?????????????G?????????????K?????????????@??????????????G@?????????????_C????????????B??????????????@???????????????_??????????????G@?????????????@_??????????????C???????????????K???????????????A???????????????@_???????????????W???????????????@_???????????????A????????????????M????????????????EO???????????????@o,u|fIID`GH_a@E@A?`_GK@?_CB?GA?GB?C?o@?C?G?w?_?_@?@_@??o?_?K?G?@o@??A?C??K?G??K?G??C?C??B_@???K?G???_?_??B_@???@_@????o?_???K?G???@o@????A?K????K?G????M?G????A?C????@o@?????E?W?????O?_????@o@??????oB??????Y?_?????@_G??????M@???????UK???????Jg,0,0
104,~?@gsP@@?OE?O?_@_?_?G?B??G??O??O??W??C???_??A???K???G???C???@?G??W???@_???A????A????@?C???o????E?????O?????_@????_?????o?????C??????_?????A??????C?G????K??????A???????_??????C???????O???????o???????_???????O???????C?G?????@_???????E????????C????????C????????A?C??????@_????????K?????????o????????@?????????@?@????????_?_???????W?????????@??????????C??????????G??????????G?G????????K??????????@???????????G???????????_??????????@?@?????????@????????????O???????????C????????????_@??????????E????????????K????????????C????????????A?C???????????_@???????????K?????????????o?????????????o?????????????o?????????????W?????????????A??????????????O?????????????@?C????????????A?G????????????@???????????????_??????????????G@?????????????@?G?????????????C???????????????K???????????????K???????????????@_???????????????W????????????????o???????????????B????????????????B????????????????@_????????????????[,u|fIID`GH_a@E@A?`_GK@?_CB?GA?GB?C?o@?C?G?w?_?_@?@_@??o?_?K?G?@o@??A?C??K?G??K?G??C?C??B_@???K?G???_?_??B_@???@?@???@_?_???W?G???B?@????M?C????G?G????W?G????M?C????@?@?????]?G?????O@_????@o@??????_B??????w?_?????F_G??????GF??????@wC???????iW,4,5
104,~?@gsP@@?OE?O?_@_?_?G?B??G??O??O??W??C???_??A???K???G???C???@?G??W???@_???A????A????@?C???o????E?????O?????_@????_?????o?????C??????_?????A??????C?G????K??????A???????_??????C???????O???????o???????_???????O???????C?G?????@_???????E????????C????????C????????A?C??????@_????????K?????????o????????@?????????@?@????????_?_???????W?????????@??????????C?C????????G??????????G?G????????K??????????@???????????G???????????_??????????@???????????@????????????O???????????C????????????_@??????????B????????????A????????????B????????????@_????????????W????????????B?????????????K?????????????W?????????????W?????????????C?????????????@?G????????????G@????????????@_?????????????@??????????????@?G?????????????_??????????????G@?????????????@???????????????C?_?????????????G@??????????????C???????????????B????????????????W???????????????@_???????????????@_???????????????B????????????????@G????????????????s,u|fIID`GH_a@E@A?`_GK@?_CB?GA?GB?C?o@?C?G?w?_?_@?@_@??o?_?K?G?@o@??A?C??K?G??K?G??C?C??B_@???K?G???_?_??B_@???@_@????o?_???K?G???@o@????A?K????K?G????K?G????E?C????@?@?????]?G?????O@_????@o@??????o@??????Y?_?????@oG??????F@???????Jc???????Bw,0,0
104,~?@gsP@@?OC?O`?@?@_?O?A??W??_??_??O??C@?@_??C???G???G???K???A????O???@?C??E????C????A?C???_????C?????O?_??@_????@_?????_?????G?G???@??????K??????G??????G??????C??????@???????G?G????@_??????@???????@????????_???????G???????@_???????C????????G????????G?G??????K????????B?????????W?????????_????????@?@???????@?@???????@_?????????W?????????B??????????G??????????O?G????????O?G????????W??????????A???????????O?G????????@???????????A???????????A?@??????????_???????????G???????????@????????????C?C??????????G????????????C????????????A?????????????_@???????????E?????????????W?????????????W?????????????W?????????????K?????????????@_?????????????K??????????????o??????????????_??????????????_G?????????????O??????????????C@??????????????_??????????????A?_?????????????C@??????????????C???????????????B????????????????W???????????????@_???????????????@_???????????????B????????????????@G????????????????s,u|eMID@WH?e@C@E?`?GW@@_CB?GA?GB?C?_@?K?G?o?_@?@?B_@??_?_?W?G?B?@??K?C??W?G??[?G??C?C??B?@???W?G??@??_??F?@???B?@???@??_???w?G???B?@????K?C????W?G????]?G????A?K????@_@?????M?G?????O?_????@w@??????OB??????[?_?????B?W??????Y@???????]C???????Iw,4,4
104,~?@gsP@@?OC?O`?@?@_?O?A??W??_??_??O??C??@_??C???G@??G???K???A????O???@?C??E????E????B?????_????C?????O?????o?????_?????O?_???C?????@_?????A??????C??????C??????A???????_??????K???????o??????@???????@?@??????_???????K???????@????????C????????G?G??????W????????K????????B?????????W????????@?????????A?@???????A?????????@??_???????W?????????A??????????G?C????????O?G????????o??????????G??????????A?@?????????O??????????@???????????A?@?????????A???????????@_???????????G???????????@?@??????????C????????????C????????????C????????????A?C???????????o????????????E?????????????K?????????????O?????????????O@????????????G?_???????????B??????????????W?????????????@_?????????????@??????????????@?G?????????????_??????????????G@?????????????@???????????????A?_?????????????C@??????????????C???????????????B????????????????W???????????????@_???????????????@_???????????????B????????????????@G????????????????s,u|eMID@WH?e@C@E?`_GG@@_CB?GB?G@?C?o@?E?G?O?_@o@??_@??o?_?K?G?@_@??C?C??W?G??W?G??K?C??B?@???O?G??B_?_??B?@???A?@???B_?_???W?G???B?@????M?C????G?G????[?G????F?C?????o@?????C?G?????{?_?????OB??????w@??????K@_?????B_G??????H`??????@wC???????To,4,5
104,~?@gsP@@?OE?O?_@_?_?G?B??G??O??O??W??C???_G?A???K???G???C???@?G??W???@_???A????A????@?????W????A?????G?????O?????o?????G?????A??????O?????@??????E??????E??????A???????_@?????C???????o??????@_??????@????????_???????G?G?????B????????K????????W????????O????????G?C??????A?????????O?G??????@_????????A?????????A?@???????@??????????O?G???????E??????????G??????????O?G????????O??????????G??????????A???????????W???????????_??????????@?@?????????@????????????o???????????C????????????_???????????A?C??????????E????????????E????????????B?????????????_????????????C?G???????????O?_???????????o?????????????_?????????????O?_???????????C?G???????????@_?????????????A??????????????C?G????????????C??????????????A?C?????????????_??????????????B???????????????C???????????????C???????????????E???????????????@_???????????????K???????????????@o???????????????B????????????????E????????????????AG???????????????@S,u|fIID`GH_a@E@A?`_GK@?oC@?GB?G@_C?O@?F?G?G?_?o@??o@??O?_?K?G?@_@??E?C??K?G??G?G??K?C??B?@???W?G??@??_??F?@???B?@???@_?_???W?G???A?@????[?C????[?G????K?G????C?C????B_@?????M?G?????O?_????@o@??????oB??????[?_?????AGG??????}@???????]G???????Jg,0,0
104,~?@gsP@@?OE?O?_@_?_?G?B??G??O??O??W??C???_G?A???K???G???C???@?G??W???@_???A????A????@?????W????A?????G?_???O?????o?????G?????A??????O?????@??????E??????E??????A???????_@?????C???????W???????_???????_???????O?_?????K???????@_???????E????????G????????G????????C????????@?@???????K?????????_????????@?@???????@?@???????@_?????????G?????????@?@????????C??????????G??????????G??????????K??????????B???????????G???????????_?_????????@????????????_???????????O???????????C?G??????????o???????????B????????????E????????????C????????????A?C???????????_????????????C?G???????????W?????????????o?????????????o?????????????G?????????????A?G????????????O?????????????@?C????????????A??????????????B???????????????_??????????????G@?????????????@???????????????E???????????????E???????????????B???????????????@????????????????WG??????????????@_???????????????E????????????????CG???????????????CG???????????????Ac,u|fIID`GH_a@E@A?`_GK@?oC@?GB?G@_C?O@?F?G?G?_?o@??o@??O?_?K?G?@_@??E?C??K?G??G?G??M?C??@_@???G?G??@o?_??@_@???@_@????o?_???G?G???B?@????K?C????[?G????K?G????C?C????Bo@?????C?W?????w?_?????oB??????w@??????G?_?????F?G??????[@???????o[??????@VG,4,4
104,~?@gsP@@?OC?O`?@@@_?O?A@?W??_??_??O??C???_??A???C???C???A????_G??K????_???@?G??B????@?????O@???E?????W?????_?????_@????o?????C??????_?????A??????C??????C?G????A???????_??????C???????O?_?????_???????_???????O???????C?G?????@_???????E????????G????????G?G??????E????????@?????????G?G??????@_????????@_????????@??????????_?_???????W?????????@??????????C?C????????G??????????G??????????C??????????@?@?????????G???????????_??????????@???????????@?@??????????_?_?????????G???????????@????????????C?C??????????K????????????K????????????E?????????????o????????????E?????????????W?????????????G?????????????G@????????????K?????????????@??????????????G@?????????????_?????????????@??????????????@?G?????????????_??????????????K???????????????_??????????????B???????????????B???????????????B????????????????o???????????????K????????????????`???????????????E????????????????CG???????????????E?????????????????k,u|eMID@WH?e@C@E?`?GW@@?CF?GA?GB?C?_@?M?G?O?_@o@??_@??o?_?K?G?@?@??M?C??G?G??[?G??C?C??B_@???G?G??@o?_??@?@???B_@????o?_???K?G???@_@????F?C????C?G????M?G????A?K????@o@?????F?G?????G?_?????w@??????WB??????K?_?????B_G??????IB???????]C???????JW,4,4
104,~?@gsP@@?OE?O?_@_?_?GGB??G??O??O??W??C???_G?A???C???C???A???@_???K????_???@?G??@?????o????G????@?G???K?????W?????O?????G?_???A??????O?????@_?????A??????A?G????@???????O??????A???????G???????O???????W???????K???????A????????O@??????@????????B????????A????????@?C???????o????????E?????????W?????????_?????????_@????????O?????????C??????????o?????????A??????????C?G????????C??????????A???????????_??????????C???????????O???????????_@??????????o???????????W???????????C????????????_@??????????A????????????E????????????E????????????B?????????????o????????????E?????????????G?????????????O@????????????O@????????????G?????????????B??????????????W??????????????_?????????????@??????????????@?G?????????????_??????????????G@??????????????o??????????????A???????????????C@??????????????E???????????????B????????????????W???????????????@_???????????????AC???????????????E????????????????AG???????????????@S,u|fIID`GH_a@E@A?`_GK@?oC@?GB_G?_C?W@?B?G?K?_?W@??O@??[?_?B?G??W@??@?C??F?G??A?G??B?C???o@???E?G???W?_???o@????_@????w?_???E?G????o@????A?C????M?G????C?W????E?C????@_@?????M?G?????[?_?????O@??????w@??????M?_?????@OG??????F@???????NC???????Fw,0,0
104,~?@gsP@@?OC?O`?@?@_?O?A@?W??_??_G?O??C??@_??C???G@??G???C???@????G????_???@?G??B????@?????O@???A?????K?????O?????O@????W?????E??????_?????A?C????C??????C??????A???????o??????C???????O?_?????_???????_???????O???????C????????_@??????B????????E????????E????????A?????????_@???????C?????????W?????????_?????????_@????????o?????????K??????????_?????????A?C????????C??????????C??????????A?C?????????o??????????C???????????O?_?????????_???????????_???????????O???????????C????????????_@??????????B????????????E????????????A????????????@?C???????????O????????????B?????????????K?????????????W?????????????W?????????????C?????????????@?G????????????G??????????????_C????????????@_?????????????@_??????????????O??????????????C???????????????_G?????????????A?_?????????????E???????????????A???????????????@?_??????????????W???????????????B????????????????A????????????????EG???????????????B?????????????????s,u|eMID@WH?e@E@A?`_GG@@_CB?GB?G@?C?w@?A?G?W?_?o@??o@??W?_?E?G??_@??F?C??E?G??E?G??A?C??@o@???C?G???o?_??@o@????o@????W?_???E?G????w@????@_C????B?G????A?G????B_C?????OB?????E?G?????[?_?????W@??????W@??????M?_?????@oG??????D@???????NC???????Fw,4,5
104,~?@gsP@@?OE?O?_@_?_?G?B??G??O??O??W??C???_G?A???K???G???C???@????W???@_???A????A?G??@?????W????A?????G?_???O?????o?????W?????C??????_@????A??????C??????E??????A???????_@?????C???????W???????_???????_???????O???????C????????o???????B????????C????????C?G??????A?????????o????????C?????????O?_???????_????????@_?????????o?????????K?????????@??????????C?C????????G??????????G?G????????E??????????@???????????G?G?????????_?_????????@_??????????@????????????_???????????G???????????@?@??????????C????????????K????????????C????????????A?C???????????_????????????A?????????????G?_???????????O@????????????o?????????????W?????????????B??????????????O?????????????@?C????????????A?G????????????B??????????????@_??????????????C???????????????_??????????????A?_?????????????C@??????????????C???????????????@?_??????????????OG??????????????B????????????????K????????????????E????????????????@_????????????????[,u|fIID`GH_a@E@A?`_GK@?oC@?GB?G@_C?O@?E?G?W?_?o@??o@??O?_?M?G??o@??B?C??C?G??M?G??B?C???_@???K?G???o?_??@_@???@_@????o?_???M?G????o@????B?C????F?G????B?G????@?C?????o@?????F?G?????K?_?????W@??????[@??????E?_?????@wG??????AB???????]C???????NW,0,0
104,~?@gsP@@?OC?O`?@?@_?O?A??W??_??_??O??C@?@_??C???G@??G???K???A????O???@?C??E????C????A?C???_????C?????O?????o?????_?????O?_???C?????@_?????A??????C??????C??????A???????_@?????K???????o??????@???????@?@??????_???????K???????@????????C?C??????G?G??????W????????K????????A?????????O?G??????@?????????A?????????A?????????@??????????W?????????A??????????G?C????????O??????????G??????????C??????????@?@?????????G???????????o??????????@_??????????@_???????????o???????????K????????????_???????????B????????????E????????????E????????????@_????????????O????????????A?G???????????G?????????????O@????????????O?????????????K?????????????A??????????????O@????????????@?C????????????A??????????????A?G????????????@???????????????W??????????????@_??????????????E???????????????C???????????????B????????????????o???????????????K????????????????`???????????????B????????????????E????????????????AG????????????????s,u|eMID@WH?e@C@E?`?GW@@_CB?GB?G@?C?o@?E?G?O?_@o@??_@??o?_?K?G?@?@??K?C??W?G??W?G??K?C??B?@???O?G??B_?_??B?@???B_@????_?_???[?G???@_@????C?C????[?G????K?G????E?C????@o@?????C?G?????w?_?????w@??????OF??????[?_?????B?G??????]@???????[K???????Rg,4,5
104,~?@gsP@@?PC?O`?@?@_?O?A??G??O??O??G??E???_??A?_?C???K???C???@?G??W???@????A?G??E????A?????_????C?????W?????_?????_@????O?????C??????_?????A??????C??????C?G????A??????@_??????K???????_??????@?@?????@????????o???????K???????@_???????E????????G????????G?G??????E????????@?????????G?????????_????????@?????????@_?????????_?????????G?G???????@??????????C??????????G??????????G?G????????C??????????@?@?????????G?G????????@_??????????B???????????B???????????@_???????????G???????????@_???????????E????????????K????????????C????????????A?C???????????O????????????A?????????????G?_???????????O?????????????W?????????????G?????????????A?G????????????O@????????????@??????????????A?G????????????B??????????????@_??????????????K??????????????@_??????????????A???????????????B???????????????@????????????????__??????????????GG??????????????@@???????????????E????????????????K????????????????CG????????????????s,u|eMID@WH_a@E@A?`_GG@@_CB?GB?G@?C?o@?E?G?W?_?_@?@_@??o?_?G?G?B_@??C?C??W?G??W?G??K?C??B?@???O?G??B_?_??B_@???@?@???@_?_???[?G???@?@????M?C????K?G????K?G????E?C????@o@?????C?G?????{?_?????WB??????[@??????C?_?????B_G??????MB???????[S???????VG,4,5
104,~?@gsP@@?PC?O`?@?@_?O?A??G??O??O??GC?E???_??A?_?C???K???C???@?G??W???@????A?G??A????@?????O????B?????G?????O?????O?????G?????A??????O?????@??????A?G????E??????B???????_??????C?G?????O??????@_??????@_???????o???????K???????@_???????C????????G?G??????G????????C????????@?????????G?????????o????????@?????????@?@????????_?????????G?????????@??????????C??????????G??????????K??????????E??????????@_??????????K???????????o???????????_???????????o???????????W???????????E????????????o???????????B????????????C????????????C?G??????????A?????????????_@???????????C?????????????W?????????????_?????????????_@????????????O?????????????C?G????????????_?????????????A?C????????????C??????????????E??????????????@_??????????????W??????????????@???????????????E???????????????E???????????????B???????????????@_???????????????GG??????????????@_???????????????E????????????????CG???????????????CG???????????????@c,u|eMID@WH_a@E@A?`_GK@?oC@_G@?G@_C?W@?B?G?G?_?o@??o@??O?_?K?G?@_@??E?C??K?G??K?G??C?C??B?@???W?G??@o?_??@?@???B?@???@_?_???W?G???A?@????[?C????W?G????W?G????M?C????@?@?????[?G?????w?_?????o@??????w@??????K?_?????BoG??????FB???????Hs???????{G,4,5
104,~?@gsP@@?PC?O`?@?@_?O?A??G??O??O??GC?E???_??A?_?C???K???C???@?G??W???@????A?G??A????@?????O????B?????G?????O@????O?????G?????A??????O?????@??????A?G????E??????B???????_??????C?G?????O???????o???????o???????W???????E????????_???????A?C??????C????????C????????A?????????_????????E?????????O?????????_@????????_?????????O?????????C??????????_?????????B??????????E??????????E??????????B???????????_??????????C?G?????????O???????????o???????????o???????????W???????????E????????????_???????????A?C??????????C????????????C?G??????????A?????????????_@???????????E?????????????O?????????????_@????????????_@????????????O?????????????C?G????????????_?????????????B??????????????B??????????????@???????????????_C?????????????G???????????????o??????????????@_??????????????A???????????????A@??????????????@?_??????????????OG??????????????B????????????????K????????????????GG???????????????H?????????????????k,u|eMID@WH_a@E@A?`_GK@?oC@_G@?G@_C?W@?B?G?G?_?o@??o@??O?_?K?G?@_@??E?C??K?G??K?G??C?C??B_@???M?G???O?_??@_@???@_@????o?_???G?G???B_@????E?C????K?G????K?G????E?C????@?@?????]?G?????W@_?????w@??????W@??????G?_?????F_G??????MB???????Ws???????mG,4,4
104,~?@gsP@@?PC?O`?@@@_?O?A??G??O??O??G??A???O??@?_?E???C???A?_?@_???G????_C??B????A????@?C???o????A?????G?????O?????O?????G?????A??????O?????@??????A??????A??????@?C?????O@?????E???????W???????o???????o???????W???????C????????_@??????E????????K????????G????????C?C???????_????????C?????????O?????????_?????????_?????????O?????????C??????????_?????????A?C????????C??????????C??????????B???????????o??????????E???????????W???????????o???????????o???????????W???????????C????????????_@??????????B????????????E????????????C????????????A?C???????????_@???????????C?????????????O?????????????_@????????????_?????????????O?_???????????C??????????????_?????????????A?C????????????C?G????????????C??????????????@_??????????????W??????????????@_??????????????B???????????????E???????????????@_???????????????o???????????????C????????????????`???????????????AC???????????????E????????????????B?????????????????[,u|eMID@WH_a@E@A?`_GG@@oC@?GB?G@_C?W@?B?G?G?_?o@??o@??O?_?K?G?@_@??C?C??[?G??K?G??E?C??@_@???M?G???O?_??@_@???@_@????o?_???G?G???B_@????E?C????G?G????[?G????E?C????@_@?????M?G?????W?_?????w@??????W@??????N?_??????_W??????N@???????MK???????Mg,4,5
104,~?@gsP@@?PC?O`?@@@_?O?A??G??O??O??G??A???O??@?_?E???C???A?_?@_???G????_C??B????A????@?C???o????A?????G?????O?????O?????G?????A??????O?????@??????A??????A??????@?C?????O@?????E???????W???????_???????_@??????o???????K???????@????????C?C??????W????????W????????G????????A?@???????G?????????_????????@?????????@?@????????_?????????G?????????@??????????C?C????????G??????????G?G????????C??????????@???????????K???????????o??????????@_???????????_???????????O?_?????????K???????????@_???????????A????????????C?G??????????E????????????B?????????????_????????????C?G???????????O?????????????_@????????????_@????????????O?????????????C??????????????_?????????????A?C????????????C??????????????C?G????????????A?C?????????????_??????????????E???????????????E???????????????K???????????????K???????????????B????????????????K???????????????@????????????????EC???????????????CO???????????????CG???????????????BC,u|eMID@WH_a@E@A?`_GG@@oC@?GB?G@_C?W@?B?G?G?_?o@??o@??O?_?K?G?@_@??C?C??[?G??K?G??E?C??@_@???K?G???o?_??@?@???B?@???@o?_???G?G???B_@????E?C????G?G????[?G????E?C????@_@?????M?G?????W?_?????_@?????@_@??????w?_?????F_G??????GN??????@pC??????@{G,0,0
104,~?@gsP@@?OC?O`?@?@_?O?A??W??_??_??O??C??@_??C???G@??G???K???A????O???@?C??E????E????B?????_????C?????O?????o?????_?????O?????C?G???@_?????A??????C??????C??????A???????_??????K???????o??????@???????@?@??????_?_?????W???????@????????C????????G?G??????W????????K????????B?????????W????????@?????????A?????????A?@???????@??????????G?????????@??????????C?C????????W??????????G??????????C??????????@???????????G?G?????????_??????????@?@?????????B????????????o???????????K???????????@_???????????A????????????C????????????C?G??????????E????????????@_????????????E?????????????G?????????????O?????????????O@????????????G?????????????A?G????????????O@????????????B??????????????A??????????????A??????????????@?C?????????????O@?????????????A?G?????????????W???????????????W???????????????C???????????????B????????????????o????????????????`???????????????A????????????????EG???????????????E?????????????????s,u|eMID@WH?e@C@E?`_GG@@_CB?GB?G@?C?o@?E?G?O?_@o@??_@??o?_?K?G?@_@??C?C??W?G??W?G??K?C??B?@???W?G??@o?_??@?@???B_@????_?_???W?G???B_@????E?C????K?G????M?G????B?C?????o@?????F?G?????G?_?????w@??????OB??????]?_?????@_W??????M@???????]C???????Iw,0,0
104,~?@gsP@@?OC?O`?@?@_?O?A??W??_??_??O??C@?@_??C???G@??G???K???A????O???@????E????C????A?C???_????C?????O?????o?????_?????O?????C?G???@_?????E??????G??????G??????C?C????@???????G?G????@_??????B???????A???????@??_?????O???????E????????G????????O????????O?G??????G????????E?????????O????????@??_??????A?????????A?????????@??_???????O?????????B??????????G??????????O?G????????O?G????????W??????????B???????????O??????????@??_????????A?@?????????B???????????@_???????????K???????????@????????????C?C??????????G????????????C????????????A?????????????_@???????????C?????????????G?????????????O@????????????O?????????????G?_???????????A??????????????W?????????????@_?????????????B??????????????@_??????????????o??????????????E???????????????W??????????????@_??????????????@???????????????@@???????????????__??????????????G???????????????@@???????????????CC???????????????K????????????????B?????????????????[,u|eMID@WH?e@C@E?`?GW@@_CB?GB?G@?C?o@?E?G?O?_@_@?@_@??_?_?[?G?@?@??K?C??W?G??W?G??K?C??B?@???O?G??B??_??F?@???A?@???B_?_???W?G???B_@????C?C????[?G????M?G????B?C?????o@?????C?G?????{?_?????OB??????w@??????M?_?????@?G??????]@???????[K???????Vg,4,4
104,~?@gsP@@?OC?O`?@?@_?O?A??W??_??_??O??C@?@_??C???G@??G???K???A????O???@????E????C????A?C???_????C?????O?????o?????_?????O?????C?G???@_?????E??????G??????G??????C?C????@???????G?G????@_??????B???????A???????@??_?????O?G?????E????????G????????O????????O????????G????????E?????????O????????@??_??????A?????????A?????????@??_???????O?????????@??????????C??????????G?G????????W??????????K??????????B???????????O??????????@??_????????A?@?????????B???????????@_???????????K???????????@_???????????E????????????C????????????C????????????A?C???????????_????????????C?????????????G?????????????O@????????????O?????????????G?_???????????A??????????????W?????????????@_?????????????@_?????????????@_??????????????o??????????????E???????????????W??????????????@_??????????????@???????????????@@???????????????__??????????????G???????????????@@???????????????CC???????????????K????????????????B?????????????????[,u|eMID@WH?e@C@E?`?GW@@_CB?GB?G@?C?o@?E?G?O?_@_@?@_@??_?_?[?G?@?@??K?C??W?G??W?G??K?C??B?@???W?G??@o?_??@?@???B?@???@_?_???W?G???B_@????C?C????[?G????M?G????B?C?????o@?????F?G?????G@_?????w@??????W@??????M?_?????@?G??????]@???????YK???????Ng,4,4
104,~?@gsP@@?OC?O`?@?@_?O?A??W??_??_??O??C@?@_??C???G@??G???K???A????O???@????E????C????A?C???_????C?????O?????o?????_?????O?????C?G???@_?????E??????G??????G??????C?C????@???????G?G????@_??????B???????A???????@??_?????O?G?????E????????G????????O????????O?G??????G????????E?????????O????????@??_??????A?????????A?????????@??_???????O?????????@??????????C??????????G?G????????W??????????E??????????@???????????G?G?????????_?_????????@???????????@?@?????????@_???????????K???????????@_???????????E????????????C????????????C????????????A?C???????????_????????????A?????????????G?_???????????O?????????????O?????????????G?_???????????A??????????????O@????????????@?C????????????E??????????????B??????????????@_??????????????K??????????????@_??????????????B???????????????@???????????????@????????????????__??????????????GG??????????????@@???????????????C????????????????KG???????????????K?????????????????s,u|eMID@WH?e@C@E?`?GW@@_CB?GB?G@?C?o@?E?G?O?_@_@?@_@??_?_?[?G?@?@??K?C??W?G??W?G??K?C??B?@???W?G??@o?_??@?@???B_@????o?_???M?G????_@????E?C????K?G????M?G????B?C?????o@?????F?G?????G?_?????w@??????[@??????CB_?????B_G??????M@???????]C???????Hw,0,0
104,~?@gsP@@?OC?O`?@?@_?O?A??W??_??_??O??C@?@_??C???G@??G???K???A????O???@????E????C????A?C???_????C?????O?????o?????_?????O?????C?G???@_?????E??????G??????G??????C?C????@???????G?G????@_??????B???????A???????@??_?????O?G?????E????????G????????O????????O?G??????G????????E?????????O????????@??_??????A?????????A?????????@??_???????O?????????@??????????C??????????G?G????????W??????????E??????????@???????????G?G?????????_?_????????@???????????@?@?????????@_???????????K???????????@_???????????E????????????C????????????C????????????A?C???????????_????????????A?????????????G?_???????????O?????????????O@????????????G?_???????????A??????????????O?????????????@?C????????????E??????????????B??????????????@_??????????????G??????????????@?G?????????????B???????????????E???????????????A???????????????@_???????????????G???????????????@@???????????????E????????????????CG???????????????Cg???????????????F?,u|eMID@WH?e@C@E?`?GW@@_CB?GB?G@?C?o@?E?G?O?_@_@?@_@??_?_?[?G?@?@??K?C??W?G??W?G??K?C??B?@???W?G??@o?_??@?@???B_@????o?_???M?G????_@????E?C????K?G????M?G????B?C?????o@?????F?G?????G?_?????w@??????[B??????CA_?????B?G??????]@???????WK???????xg,4,5
104,~?@gsP@@?OC?O`?@?@_?O?A??W??_??_??O??C@?@_??C???G???G???K???A????O???@????E????C????A?C???_????C?????O?_??@_????@_?????_?????G?????@?@????K??????W??????O??????G??????A?@?????O??????@??_????E???????A???????@????????O???????A?@??????W????????O????????O????????G?C??????A?????????o????????@?????????A?@???????A?????????@??_???????O?G???????E??????????W??????????O??????????O??????????G?C????????E???????????W??????????@???????????A?@?????????A?@?????????@????????????O?G?????????@????????????C?C??????????G????????????G?G??????????K????????????@?????????????G?????????????_?_??????????@??????????????_?????????????O?_???????????E??????????????W??????????????_?????????????@?G????????????@?G????????????@_??????????????K??????????????@_??????????????A???????????????C@??????????????C@??????????????A?_??????????????O???????????????B????????????????C????????????????GG???????????????BG???????????????@o,u|eMID@WH?e@C@E?`?GW@@_CB?GA?GB?C?_@?K?G?o?_@?@?B?@?@_?_?O?G?F?@??G?C??o?G??o?G??[?C??A?@???o?G??B??_??E?@???F?@???@??_???w?G???B?@????M?C????G?G????W?G????N?C?????oB?????E?G?????W?_?????w@??????O@??????[?_?????B_W??????GD??????@kC???????]W,4,5
104,~?@gsP@@?OC?O`?@?@_?O?A??W??_??_??O??C@?@_??C???G???G@??K???A????O???@?C??E????C????A?C???_????C?????O????@_?????_?????O?????C?G???@_?????A??????C??????C??????A???????_@?????K???????o??????@???????@?@??????_?_?????W???????@????????C????????G?G??????W????????K????????A?????????O?G??????@?????????A?????????A?????????@??????????G?????????@??????????C?C????????W??????????G??????????C??????????@???????????G?G?????????o??????????@_??????????@_???????????o???????????K???????????@_???????????A????????????C?G??????????C?G??????????E????????????@_????????????C?????????????O?_???????????_?????????????_@????????????O?????????????C??????????????_@????????????A?C????????????A??????????????A??????????????@?C?????????????O@?????????????B???????????????E???????????????K???????????????B???????????????@_???????????????C????????????????`???????????????AC???????????????E????????????????B?????????????????[,u|eMID@WH?e@C@E?`?GW@@_CB?GA?GB?C?o@?E?G?O?_@o@??_@??o?_?K?G?@?@??K?C??W?G??W?G??K?C??B?@???W?G??@o?_??@?@???B_@????_?_???W?G???B_@????C?C????[?G????K?G????E?C????@_@?????K?G?????w?_?????w@??????O@??????]?_?????@?W??????]@???????Wk???????}G,0,0
104,~?@gsP@@?OC?O`?@?@_?O?A@?W??_??_G?O??C@?@_??C???G???G???C???@????G????_???@?G??@?????_????G????B?????K?????O?????O@????W?????E??????_?????A?C????C??????C?G????E??????@_??????G???????_?_????@???????@????????_???????G?G?????@????????C????????G????????G?G??????C????????@?@???????G?????????_????????@_????????@_?????????_?????????G?G???????@_?????????E??????????G??????????G?G????????C??????????@?@?????????K???????????o??????????@???????????@?@??????????_???????????G???????????@????????????C?C??????????G????????????G?G??????????C????????????@?@???????????G?????????????_?_??????????@?@???????????@??????????????o?????????????K?????????????@_?????????????B??????????????A??????????????A?G????????????@_??????????????E???????????????_??????????????A?_?????????????C@??????????????C???????????????A?_??????????????_G??????????????C????????????????WC???????????????OO???????????????K????????????????@K,u|eMID@WH?e@E@A?`_GK@?oC@?GB?G@?C?w@?A?G?W?_?o@??o@??O?_?K?G?@_@??E?C??K?G??K?G??E?C??@?@???[?G???o?_??@_@???@_@????o?_???G?G???B?@????M?C????K?G????K?G????E?C????@_@?????G?G????@o?_????@_B?????@o@??????W?_?????CWG?????@{@???????[W???????VG,0,0
104,~?@gsP@@?OC?O`?@?@_?O?A??W??_??_??O??C@?@_??C???G???G@??K???A????O@??@????E????C????A?C???_????C?????O????@_?????_?????O?????C??????o?????A??????C??????C?G????A???????_@?????K???????o??????@???????@?@??????_?_?????W???????B????????G????????O?G??????O????????W????????A?????????O?G??????@?????????A?@???????A?????????@??????????G?????????@??????????C??????????G?G????????K??????????C??????????@?@?????????G?G?????????_??????????@?@?????????@_???????????o???????????K???????????@_???????????E????????????C????????????C?G??????????A?????????????O????????????A?G???????????G?????????????O@????????????O@????????????G?????????????A??????????????O?????????????@?C????????????B??????????????B???????????????_??????????????G@??????????????o??????????????B???????????????E???????????????B????????????????_???????????????GG??????????????@_???????????????A????????????????CG???????????????EG???????????????@o,u|eMID@WH?e@C@E?`?GW@@_CB?GA?GB?C?o@?E?G?W?_?o@??_@??w?_?C?G?@_@??E?C??K?G??K?G??E?C??@_@???K?G???o?_??@_@???@_@????w?_???C?G???@_@????F?C????E?G????E?G????B?C?????o@?????F?G?????K?_?????[@??????G@??????K?_?????BoG??????EF???????Wc???????}G,0,0
104,~?@gsP@@?OC?O`?@?@_?O?A??W??_??_??O??C??@_??C???G???G@??K???A????O???@?C??E????E????B?????_????C?????O????@_?????_?????O?????C?G???@_?????A??????C??????C??????A???????_??????K???????o??????@???????@?@??????_?_?????W???????@????????C????????G?G??????W????????K????????B?????????W????????@?????????A?@???????A?????????@??????????G?????????@??????????C?C????????W??????????G??????????C??????????@???????????G?G?????????_??????????@???????????@_???????????o???????????K???????????@_???????????A????????????C?G??????????C?G??????????E????????????@_????????????E?????????????W?????????????_?????????????_@????????????O?_???????????C??????????????_?????????????A?C????????????A??????????????A??????????????@?C?????????????O@?????????????A???????????????G?_?????????????K???????????????K???????????????B????????????????o???????????????@_???????????????B????????????????B????????????????@_????????????????[,u|eMID@WH?e@C@E?`_GG@@_CB?GA?GB?C?o@?E?G?O?_@o@??_@??o?_?K?G?@_@??C?C??W?G??W?G??K?C??B?@???W?G??@o?_??@?@???B_@????_?_???W?G???B_@????E?C????G?G????[?G????E?C????@_@?????K?G?????w?_?????w@??????O@??????]?_?????@_W??????N@???????Kk???????]G,4,5
104,~?@gsP@@?OC?O`?@?@_?O?A@?W??_??_G?O??C@?@_??C???G???G???C???@????G????_???@?G??@?????_????G????B?????K?????O?????O@????W?????E??????_?????A?C????C??????C?G????E??????@_??????G???????_?_????@???????@????????_???????G???????@????????C????????G????????G?G??????C????????@?@???????G?????????_????????@_????????@_?????????o?????????K?????????@_?????????E??????????G??????????G?G????????C??????????@?@?????????K???????????o??????????@???????????@?@??????????_???????????G???????????@????????????C?C??????????G????????????G?G??????????C????????????@?@???????????G?????????????_?_??????????@?@???????????@??????????????o?????????????K?????????????@_?????????????B??????????????A??????????????A?G????????????@_??????????????E???????????????_??????????????A?_?????????????C???????????????C@??????????????A?_??????????????_G??????????????C????????????????WC???????????????OO???????????????W????????????????@K,u|eMID@WH?e@E@A?`_GK@?oC@?GB?G@?C?w@?A?G?W?_?o@??o@??O?_?K?G?@_@??E?C??K?G??K?G??E?C??@?@???[?G???_@_??B?@???B?@???@_?_???W?G???A?@????W?C????w?G????W?G????K?C????B?@?????W?G????@O?_????@o@??????w@??????K?_?????AKG??????}@???????KW???????^G,4,4
104,~?@gsP@@?OC?O`?@?@_?O?A??W??_??_??O??C@?@_??C???G???G@??K???A????O???@????E????C????A?C???_????C?????O????@_?????_?????O?????C?G???@_?????E??????G??????G??????C?C????@???????G?G????@_??????B???????A???????@????????O?G?????E????????G????????O????????O?G??????G????????E?????????O????????@??_??????A?????????A?@???????@??????????O?????????E??????????G??????????O??????????O?G????????W??????????B???????????O??????????@??_????????A?@?????????A???????????@??_?????????W???????????B????????????G????????????W????????????W????????????C????????????@?????????????G?G???????????_?????????????_?????????????_@????????????O?????????????C?G????????????_@????????????A??????????????K??????????????E??????????????B???????????????W??????????????B???????????????E???????????????B???????????????A???????????????@_???????????????G???????????????@@???????????????C????????????????KG???????????????Co???????????????F?,u|eMID@WH?e@C@E?`?GW@@_CB?GA?GB?C?o@?E?G?O?_@_@?@_@??_?_?[?G?@?@??K?C??W?G??W?G??K?C??A?@???o?G??B??_??F?@???A?@???B_?_???W?G???B_@????C?C????W?G????[?G????E?C????@_@?????G?G????@o?_????@o@??????_F??????w?_?????F?G??????P`??????BwC???????Ro,4,5
104,~?@gsP@@?OC?O`?@?@_?O?A??W??_??_G?O??C@?@_??C???G???G???K???A????O???@????A????A?G??@?????O????A?????W?????o?????_?????O?_???C?????@_?????E??????G??????G?G????C??????@?@?????W??????@_??????A???????A?@?????@????????O???????B????????G????????O????????O?G??????G????????A?????????O?G??????@?????????A?@???????A?????????@??????????W?????????B??????????G??????????O?G????????O?G????????W??????????B???????????O??????????@??_????????A???????????A?@?????????@_???????????W???????????A????????????G?C??????????O?G??????????O????????????C????????????@?????????????G?G???????????_????????????@_?????????????_?????????????O?_???????????C?G????????????_?????????????@_?????????????B??????????????B???????????????o??????????????G??????????????@?G?????????????C?_?????????????E???????????????E???????????????@????????????????OG??????????????A@???????????????GC???????????????K????????????????E?????????????????[,u|eMID@WH?e@E@A?`_GK@?oC@?GB?G@?C?o@?E?G?O?_@_@?@_@??o?_?G?G?B?@??K?C??W?G??W?G??K?C??B?@???O?G??B_?_??B?@???A?@???B_?_???W?G???B?@????K?C????[?G????K?G????E?C????@o@?????C?G?????{?_?????OB??????w@??????K?_?????B?G??????]@???????[K???????Vg,0,0
104,~?@gsP@@?PC?O`?@?@_?O?A??G??O??O??GC?E???_??A?_?C???K???C???@?G??W???@????A?G??A????@?????O????B?????G?????O?????O@????G?????A??????O?????@??????A?G????E??????B???????_??????C?G?????O??????@_???????_???????O?_?????K???????@_???????C????????G?G??????G????????C?C??????@?????????G?????????o????????@?????????@??????????_?_???????G?????????@?@????????C??????????G??????????G??????????C?C????????@_??????????K???????????_??????????@?@?????????@???????????@_???????????G???????????@?@??????????E????????????K????????????K????????????A?????????????_@???????????C?G???????????O?????????????o?????????????_?????????????W?????????????A??????????????O@????????????@??????????????A??????????????A?G?????????????o??????????????K???????????????_??????????????E???????????????C@??????????????E???????????????B????????????????W???????????????@_???????????????D????????????????AG???????????????AG???????????????@c,u|eMID@WH_a@E@A?`_GK@?oC@_G@?G@_C?W@?B?G?G?_?o@??o@??O?_?K?G?@_@??E?C??K?G??K?G??C?C??B?@???[?G???o?_??@_@???@_@????o?_???K?G???@o@????B?C????E?G????E?G????A?C????@_@?????M?G?????W@_?????o@??????o@??????W?_?????F_G??????MB???????Ps??????@kG,0,0
104,~?@gsP@@?OC?O`?@@@_?O?A@?W??_??_??O??C???_??A???C???C???A????_G??K????_???@?G??B????@?????O@???E?????W?????_?????_@????o?????C??????_?????A?C????C??????C??????A???????_??????C???????O?_?????_???????_???????O???????C?G?????@_???????A????????C?G??????K????????E????????@?????????G?G??????@_????????@_????????@??????????_?_???????W?????????@??????????C??????????G?G????????G??????????C??????????@?@?????????G???????????_??????????@???????????@?@??????????_???????????G???????????@????????????C?C??????????W????????????K????????????E?????????????o????????????C?????????????O?_??????????@_?????????????o?????????????W?????????????E??????????????O?????????????@?C????????????A?G????????????A??????????????@?C?????????????O@?????????????A???????????????K???????????????G???????????????G???????????????C?_??????????????o???????????????@????????????????CC???????????????[????????????????KO???????????????B_,u|eMID@WH?e@C@E?`?GW@@?CF?GA?GB?C?_@?M?G?O?_@o@??_@??w?_?C?G?@_@??E?C??G?G??[?G??C?C??B_@???G?G??@o?_??@?@???B_@????_?_???[?G???@_@????F?C????C?G????M?G????A?C????@o@?????C?W?????w?_?????_B?????@o@??????[?_?????B_G??????M@???????TC???????Fw,4,5
104,~?@gsP@@?OC?O`?@?@_?O?A??W??_??_??O??C??@_??C???G???G@??K???A????O???@?C??E????C????A?C??@_????G?????_?_??@?????B??????_?????G?????@?@????K??????G??????G??????C?C????@???????G???????_??????@_??????@????????_?_?????G?G?????B????????C????????G????????G?G??????K????????@?????????G?G??????@_????????B?????????A?????????@??_???????O?????????@??????????C??????????G?G????????W??????????C??????????@???????????G?G?????????_??????????@???????????@?@??????????_???????????K???????????@_???????????E????????????C????????????C????????????A?C??????????@_????????????E?????????????W?????????????W?????????????O?????????????G?_???????????A??????????????W?????????????@_?????????????@??????????????@?G?????????????_C?????????????G??????????????@?G?????????????C?_?????????????K???????????????K???????????????A????????????????_G??????????????B????????????????A????????????????CG???????????????EG???????????????@o,u|eMID@WH?e@C@E?`?GW@@?CE?GE?GA?C@_@?K?G?o?_@?@?B_@??_?_?[?G?@?@??K?C??W?G??O?G??[?C??B?@???W?G??@_?_??B_@???@?@???@o?_???G?G???B_@????E?C????M?G????C?G????F?C?????o@?????E?G?????[?_?????OB??????w@??????M?_?????@oG??????F@???????LC???????Fw,4,4
104,~?@gsP@@?OC?O`?@?@_?O?A@?W??_??_G?O??C@?@_??C???G???G???C???@????G????_???@?G??@?????_????G????B?????K?????O?????O@????W?????E??????_?????A?C????C??????C?G????E??????@_??????G???????_??????@???????@????????_???????G???????@?@??????C????????G????????G?G??????C????????@?@???????G?????????_????????B?????????B?????????@_?????????W?????????B??????????E??????????G??????????G?G????????C??????????@?@?????????K???????????o??????????@???????????@????????????_?_?????????G???????????@????????????C????????????G?G??????????G????????????E?????????????_????????????C?G???????????O?_???????????_????????????@_?????????????W?????????????E??????????????o?????????????@_?????????????A??????????????A?G????????????@?C?????????????K??????????????@???????????????C?_?????????????G@??????????????G@??????????????C???????????????@?G??????????????G@???????????????W????????????????O????????????????EG????????????????w,u|eMID@WH?e@E@A?`_GK@?oC@?GB?G@?C?w@?A?G?W?_?o@??o@??O?_?K?G?@_@??E?C??K?G??G?G??K?C??B?@???O?G??B_?_??A?B???F?@???@_?_???W?G???B?@????M?C????K?G????K?G????C?C????B_@?????K?G?????g?_?????w@??????W@??????K?_?????BoG??????EB???????]C???????NW,4,5
104,~?@gsP@@?OC?O`?@?@_?O?A??W??_??_??O??C@?@_??C???G???G???K???A????O???@?C??E????C????A?C???_????C?????O????@_????@_?????_?????G?????@?@????K??????G??????G??????C?C????@???????G?G????@_??????B???????A???????@????????O?G?????A????????W????????O????????O????????G?C??????E?????????O????????@??_??????A?????????A?@???????@??????????O?G???????E??????????K??????????O??????????O??????????G?C????????E???????????O??????????@???????????A?@?????????A???????????@??_?????????W???????????@????????????C????????????G?G??????????G?G??????????K????????????@?????????????G?????????????_?_??????????B?????????????@_?????????????O?????????????C?G????????????_@????????????E??????????????A??????????????B??????????????@_??????????????G??????????????@?G?????????????C?_?????????????G@??????????????C???????????????B????????????????o???????????????A????????????????GC???????????????EG???????????????E????????????????@c,u|eMID@WH?e@C@E?`?GW@@_CB?GA?GB?C?_@?K?G?o?_@?@?B_@??_?_?[?G?@?@??K?C??W?G??W?G??K?C??A?@???w?G??@??_??E?@???F?@???@??_???w?G???A?@????[?C????W?G????[?G????F?C?????_@?????M?G?????W?_?????w@??????OB??????[?_?????B_G??????N@???????G{???????yG,4,4
104,~?@gsP@@?OC?O`?@@@_?O?A@?W??_??_??O??C???_??A???C???C???A????_G??K????_???@?G??B????@?????O@???E?????W?????_?????_@????o?????C??????_?????A?C????C??????C??????A???????_??????C???????O?_?????_???????_???????O???????C?G?????@_???????A????????C?G??????K????????E????????@?????????G?G??????@_????????@_????????@??????????_?_???????W?????????@??????????C??????????G?G????????G??????????C??????????@???????????G???????????_??????????@?@?????????@?@??????????_???????????G???????????@?@??????????C?C??????????W????????????K????????????E????????????@_????????????K?????????????_????????????@?@????????????o?????????????O?????????????C?G????????????O?????????????@??????????????A?G????????????A??????????????@?C?????????????O??????????????A?G?????????????K???????????????G@??????????????K???????????????E????????????????o???????????????B????????????????D????????????????AG???????????????B?????????????????k,u|eMID@WH?e@C@E?`?GW@@?CF?GA?GB?C?_@?M?G?O?_@o@??_@??w?_?C?G?@_@??E?C??G?G??[?G??C?C??B_@???G?G??@o?_??@?@???B_@????_?_???[?G???@_@????E?C????K?G????G?G????M?C????@o@?????C?G?????w?_?????w@??????O@??????[?_?????B_W??????KD???????{C???????]W,4,5
104,~?@gsP@@?OC?O`?@?@_?O?A??W??_??_??O??C@?@_??C???G???G@??K???A????O???@????E????C????A?C???_????C?????O????@_?????_?????O?????C?G???@_?????E??????G??????G??????C?C????@???????G?G????@_??????B???????A???????@??_?????O?G?????E????????G????????O????????O????????G?C??????E?????????O????????@??_??????A?????????A?????????@??????????O?????????@??????????C??????????G?G????????W??????????K??????????@???????????G???????????_?_????????@???????????@?@?????????@_???????????W???????????B????????????K????????????W????????????G????????????C?C??????????@?????????????G?G??????????@_????????????@_?????????????_?????????????O?_???????????C??????????????_@????????????A??????????????C?G????????????C?G????????????B???????????????O??????????????A?G?????????????G?_?????????????O@??????????????W???????????????E????????????????O???????????????A@???????????????GC???????????????CG???????????????CG???????????????BC,u|eMID@WH?e@C@E?`?GW@@_CB?GA?GB?C?o@?E?G?O?_@_@?@_@??_?_?[?G?@?@??K?C??W?G??W?G??K?C??B?@???W?G??@o?_??@?@???B?@???@o?_???G?G???B_@????E?C????K?G????K?G????E?C????@_@?????K?G?????w?_?????o@??????w@??????M?_?????@oG??????F@???????NC???????Fw,4,4
104,~?@gsP@@?OC?O`?@?@_?O?A??W??_??_??O??C@?@_??C???G???G@??K???A????O???@?C??E????C????A?C???_????C?????O????@_?????_?????O?????C?G???@_?????A??????C??????C?G????A???????_@?????K???????o??????@???????@????????_?_?????W???????@????????C????????G?G??????W????????C????????@?@???????G?????????_????????@?????????@?????????@_?????????G?????????@??????????C?C????????W??????????G??????????C??????????@?@?????????G???????????_?_????????B???????????B???????????@_???????????O???????????B????????????K????????????G????????????G????????????C?C??????????B?????????????K?????????????O?????????????_@????????????_?????????????O?_???????????C?????????????@_?????????????B??????????????E??????????????A??????????????@???????????????O@?????????????A?G?????????????K???????????????K???????????????G???????????????E?_??????????????_O??????????????C@???????????????o????????????????OG???????????????OG???????????????Gc,u|eMID@WH?e@C@E?`?GW@@_CB?GA?GB?C?o@?E?G?O?_@o@??_@??w?_?C?G?@_@??E?C??K?G??K?G??C?C??B?@???W?G??@o?_??@?@???B_@????_?_???[?G???@_@????E?C????K?G????K?G????E?C????@?@?????[?G?????w?_?????_F?????@o@??????O?_?????M?G??????wB??????@oS??????@fG,4,5
104,~?@gsP@@?OC?O`?@?@_?O?A??W??_??_G?O??C@?@_??C???G???G@??K???A????O???@????A????A?G??@?????O????A?????W?????O?????O?????G?_???E??????o?????A??????C?G????C??????A?C????@_??????K???????_??????@?@?????@?@?????@_???????G???????@????????C????????G?G??????G????????C?C??????@?????????G?????????_????????@??????????_?????????O?????????C?G???????@_?????????E??????????C??????????C?G????????A???????????_@?????????K???????????o??????????@_??????????@_???????????o???????????C????????????_???????????A????????????C?G??????????C????????????A?C???????????_????????????C?G???????????O?????????????_@????????????_?????????????O?_???????????C?G???????????@_?????????????E??????????????E??????????????A??????????????@?C?????????????W??????????????@_??????????????@???????????????A???????????????A@??????????????@?_??????????????OG??????????????A????????????????GC???????????????WG???????????????W????????????????@c,u|eMID@WH?e@E@A?`_GK@?oC@?GB?G@_C?W@?A?G?W?_?o@??o@??O?_?K?G?@_@??E?C??K?G??K?G??E?C??@o@???C?G???o?_??@o@????o@????O?_???K?G???@_@????E?C????K?G????K?G????E?C????@o@?????C?G?????o?_????@w@??????OF??????W?_?????F?G??????[@???????{C???????Rw,4,4
104,~?@gsP@@?OC?O`?@?@_?O?A??W??_??_G?O??C@?@_??C???G???G@??K???A????O???@????A????A?G??@?????O????A?????W?????O?????O?????G?_???E??????o?????A??????C?G????C??????A?C????@_??????K???????_??????@???????@?@?????@_???????G???????@????????C????????G?G??????G????????C?C??????@?????????G?????????_????????@?????????B??????????_?????????G?????????@?@????????K??????????W??????????G??????????C?C????????@???????????G?G????????@_??????????B???????????B???????????@????????????W???????????B????????????C????????????G????????????G????????????C?C??????????@_????????????C?????????????O?_???????????_?????????????_@????????????O?????????????K??????????????o?????????????B??????????????E??????????????A??????????????@?C?????????????O@?????????????B???????????????E???????????????G???????????????K@??????????????A@???????????????_???????????????C@???????????????GC???????????????OG???????????????OG???????????????BC,u|eMID@WH?e@E@A?`_GK@?oC@?GB?G@_C?W@?A?G?W?_?o@??o@??O?_?K?G?@_@??E?C??K?G??G?G??K?C??B?@???[?G???_?_??B?@???B_@????o?_???K?G???@_@????E?C????K?G????K?G????C?C????B_@?????M?G?????OB_????@_@?????@o@??????W?_?????F?G??????[@???????rC???????Fw,4,4
104,~?@gsP@@?OC?O`?@?@_?O?A??W??_??_G?O??C@?@_??C???G???G???K???A????O???@????A????A?G??@?????O????A?????W?????o?????_?????O?_???C?????@_?????E??????G??????G?G????C??????@?@?????W??????@_??????A???????A???????@??_?????O???????B????????G????????O????????O?G??????G????????A?????????O?G??????@?????????A?@???????A?????????@??????????o?????????B??????????G??????????O?G????????O?G????????W??????????B???????????O??????????@??_????????A???????????A?@?????????@_???????????W???????????A????????????G?C??????????O?G??????????O????????????C????????????@?????????????G?G???????????_????????????@_?????????????_?????????????O?_???????????C?G????????????_?????????????@_?????????????B??????????????B???????????????o??????????????G??????????????@?G?????????????C?_?????????????E???????????????E???????????????@????????????????OG??????????????A@???????????????GC???????????????K????????????????E?????????????????[,u|eMID@WH?e@E@A?`_GK@?oC@?GB?G@?C?o@?E?G?O?_@_@?@_@??o?_?G?G?B?@??K?C??W?G??W?G??G?C??F?@???O?G??B_?_??B?@???A?@???B_?_???W?G???B?@????K?C????[?G????K?G????E?C????@o@?????C?G?????{?_?????OB??????w@??????K?_?????B?G??????]@???????[K???????Vg,0,0
104,~?@gsP@@?OC?O`?@?@_?O?A??W??_??_??O??C??@_??C???G???G???K???A????O@??@????E????C????A?C??@_????G?????_????@?????B?????@_?????O?????A?@????G??????W??????O??????G??????A?@?????O??????@??_????A???????E???????B????????_???????C????????O?C??????_????????o????????O????????C?@???????_?G??????E?????????C?????????C?@???????B??????????_?????????C?@????????O??????????_?G???????@_??????????W??????????C???????????_?G????????A???????????A???????????A???????????@??_?????????O???????????A?@??????????G????????????W????????????G????????????C????????????@?@???????????G?G???????????o????????????@_????????????@_?????????????W?????????????B??????????????O?????????????@?C????????????A?G????????????E???????????????_??????????????G@?????????????@???????????????C???????????????G@??????????????G@??????????????C?_??????????????_???????????????E????????????????K????????????????W????????????????BG???????????????@o,u|eMID@WH?e@C@E?`?GW@@?CE?GE?GA?C@_@?G?G@_?_B?@?B?@?@_?_?O?G?F?@??G?C??w?G??O?G??W?C??E?@???o?G??A??_??M?@???C?@???F??_???o?G???F?@????G?C????w?G????[?G????C?C????B_@?????M?G?????O?_????@o@??????w@??????M?_?????@@G??????]@???????]K???????N_,4,4
104,~?@gsP@@?OC?O`?@?@_?O?A??W??_??_??O??C@?@_??C???G???G???K???A????O@??@????E????C????A?C???_????C?????O????@_????@_?????_?????G?G???@??????E??????G??????G??????C?C????@???????G?G????@_??????B???????A???????@??_?????O???????A????????K????????O????????O?G??????G?C??????E?????????O????????@??_??????A?????????A?????????@??_???????O?????????B??????????K??????????O??????????O?G????????G??????????@???????????G???????????_?_????????@???????????@?@?????????@_???????????K???????????@????????????C?C??????????G????????????G?G??????????E????????????@_????????????K?????????????O?????????????_@????????????_?????????????O?????????????C?G????????????_@????????????B??????????????A??????????????A?G????????????@???????????????W??????????????@_??????????????E???????????????A???????????????A@??????????????@?_??????????????W???????????????B????????????????CC???????????????K????????????????B?????????????????[,u|eMID@WH?e@C@E?`?GW@@_CB?GA?GB?C?_@?K?G?o?_@_@?@_@??_?_?[?G?@?@??K?C??W?G??W?G??K?C??B?@???W?G??@??_??F?@???B?@???@o?_???G?G???B_@????C?K????W?G????W?G????M?C????@_@?????K?G?????o?_????@o@??????w@??????I?_?????@oG??????F`???????E[???????NG,4,5
104,~?@gsP@@?OC?O`?@?@_?O?A??W??_??_??O??C@?@_??C???G???G???K???A????O@??@????E????C????A?C???_????C?????O????@_????@_?????_?????G?G???@??????E??????G??????G??????C?C????@???????G?G????@_??????B???????A???????@????????O?G?????A????????K????????O????????O?G??????G????????E?????????O????????@??_??????A?????????A?@???????@??????????O?G???????E??????????K??????????O??????????O?G????????G??????????B???????????O??????????@???????????A?@?????????A???????????@??_?????????W???????????@????????????C????????????G?G??????????G????????????E????????????@_????????????C?????????????o?????????????_?????????????_@????????????O?????????????C?G????????????_@????????????E??????????????E??????????????E??????????????@_??????????????O??????????????B???????????????E???????????????A???????????????A???????????????@?_??????????????W???????????????@????????????????K????????????????KG???????????????K_???????????????B_,u|eMID@WH?e@C@E?`?GW@@_CB?GA?GB?C?_@?K?G?o?_@_@?@_@??_?_?[?G?@?@??K?C??W?G??W?G??K?C??A?@???w?G??@??_??F?@???B?@???@_?_???W?G???A?@????[?C????O?W????o?G????[?C????B_@?????G?G????@o?_????@?@?????B_@??????w@_?????E?g??????g`??????@{C???????[o,4,4
104,~?@gsP@@?OC?O`?@@@_?O?A@?W??_??_??O??C???_??A???C???C???A????_???K????_???@?G??B????@?????O@???E?????W?????_?????_@????o?????K?????@??????C??????G?G????G??????C??????@???????G???????_??????@?@?????@????????_???????G???????@????????C?C??????W????????G????????C?C??????B?????????W????????@?????????A?@???????E?????????@_?????????W?????????B??????????K??????????G??????????G??????????C?C????????@???????????G???????????_?_????????@???????????@????????????_???????????G?G?????????@????????????C????????????G????????????G?G??????????K????????????@?????????????G?G??????????@_????????????@_????????????@_?????????????o?????????????E??????????????o?????????????B??????????????A??????????????B???????????????_??????????????G@?????????????@?G?????????????C???????????????K???????????????C???????????????B????????????????o???????????????A@???????????????E????????????????M????????????????E?????????????????s,u|eMID@WH?e@C@E?`?GW@@?CF?GA?GB?C?_@?M?G?O?_@_@?@_@??_?_?[?G?@?@??K?C??W?G??O?G??[?C??A?@???w?G??@??_??F?@???A?B???B??_???w?G???A?@????[?C????O?W????o?G????[?C????A?@?????w?G????@?@_????F?@?????A_B??????o?_?????M?G??????gB??????@wC???????jW,4,4
104,~?@gsP@@?OC?O`?@?@_?O?A??W??_??_??O??C??@_??C???G@??G???K???A????O@??@????E????C????A?C??@_????G?????_?_??@?????@_?????_?????G?G???@??????E??????G??????G??????C??????@???????G???????_??????@_??????@????????_?_?????G???????@_???????C????????G?G??????G?G??????K????????B?????????O????????@??_??????E?????????E?????????A??????????_?G???????C??????????W??????????_??????????_?G????????O??????????A???????????O??????????@??_????????A???????????A???????????@????????????O?G?????????A????????????K????????????W????????????G????????????E????????????@_????????????K?????????????W?????????????_?????????????_@????????????o?????????????E??????????????o?????????????@_?????????????A??????????????A?G????????????@???????????????O@?????????????A?G?????????????G?_?????????????O???????????????O@??????????????G?_?????????????B????????????????G????????????????o????????????????GG???????????????Gg???????????????B_,u|eMID@WH?e@C@E?`?GW@@?CE?GE?GB?C?_@?K?G?o?_@_@?@_@??_?_?W?G?B?@??G?C??o?G??o?G??O?C??M?@???o?G??B??_??C?@???M?@???B??_???w?G???A?@????[?C????W?G????O?G????W?C????F?@?????O?G????B_?_????B_B?????@?D?????@o?_?????M?G??????{@???????_{??????BqG,0,0
104,~?@gsP@H?OC?O`?@??_?G?B??G??O??O??G??E???_??A?_?K???G???C???@?G??W???@????A?G??E????A?????_????C?????O?????_?????_@????o?????C??????_?????A?C????C??????C??????A??????@_??????K???????_??????@?@?????B????????_???????G???????@?@??????K????????G????????G?G??????K????????B?????????O????????@?????????A?@???????A?????????@??????????O?G???????A?@????????W??????????O??????????O??????????G?C????????A???????????O??????????@??_????????A???????????E???????????@_???????????O???????????A?@??????????C????????????G????????????G?G??????????K????????????@?????????????G?G??????????@_????????????@_????????????@??????????????_?_???????????G?G???????????@?@????????????E??????????????K??????????????C??????????????B???????????????O??????????????A?G?????????????G?_?????????????O???????????????C@??????????????A?_??????????????o???????????????E????????????????GC???????????????K????????????????B?????????????????[,u|eMID`GH_a@E@A?`_GG@@_CB?GA?GB?C?o@?C?G?w?_?_@?@o@??O?_?K?G?@_@??C?C??W?G??W?G??K?C??A?@???o?G??B_?_??A?@???F?@???@??_???w?G???A?B????W?C????w?G????O?G????W?C????F?@?????W?G????@??_????F_@?????@?B?????@o?_?????I?W??????{@???????ak??????BwG,4,5
104,~?@gsP@@?OC?O`?@@@_?O?A??W??_??_??O??C???_??A???C???K???C???@?G??G???@_???A????A?G??B?????_????C?G???o????@_????@??????_?_???G?????@_?????C??????G??????G??????C??????@???????G???????_??????@?@?????@????????_???????K???????@????????C?C??????G?G??????W????????K????????A?????????O?G??????B?????????E?????????C?????????A??_???????o?????????E??????????O??????????_?G????????_??????????G??????????A???????????O?G????????@???????????A???????????A???????????@??_?????????O???????????A????????????G?C??????????O?G??????????O????????????K????????????B?????????????W?????????????o????????????@?????????????@?@???????????@_?????????????K?????????????@_?????????????@_?????????????A??????????????A?G????????????@???????????????O@?????????????A?G?????????????G?_?????????????O???????????????O@??????????????G?_?????????????B????????????????G????????????????o????????????????GG???????????????Gg???????????????B_,u|eMID@WH?e@C@E?`?GW@@?CF?GA?GB?C?_@?K?G?o?_@_@?@_@??_?_?W?G?B?@??G?C??o?G??o?G??O?C??M?@???o?G??B??_??C?@???M?@???B??_???w?G???A?@????[?C????W?G????O?G????W?C????F?@?????O?G????B_?_????B_B?????@?D?????@o?_?????M?G??????{@???????_{??????BqG,4,4
104,~?@gsP@@?PC?O`?@@@_?O?A??G??O??O??G??A???O??@???E???C???A?_?@_???K????o???@????@?G??@_????W????A?????G?_???O?????O?????G?????A??????O?????@??????A??????A?G????@???????O??????B???????G???????O@??????o???????W???????E????????o???????A????????C?G??????E????????B?????????_????????C?G???????O?????????_?????????_?????????O?????????C??????????_?????????A??????????C??????????C?G????????A?C?????????_??????????E???????????W???????????o???????????o???????????W???????????E????????????o???????????A????????????C?G??????????B????????????@?????????????O@???????????A?????????????G?????????????O@????????????O?????????????G?????????????A?G????????????O?????????????@_?????????????@??????????????@_??????????????o??????????????E???????????????o??????????????@_??????????????A???????????????B@??????????????@_???????????????G???????????????@@???????????????CC???????????????GG???????????????GG???????????????BC,u|eMID@WH_a@E@B?__GM@?OC@_G@?G@_C?W@?B?G?G?_?o@??o@??W?_?C?G?@o@??B?C??E?G??C?G??F?C???o@???E?G???O?_??@_@???@_@????o?_???K?G???@?@????M?C????M?G????C?G????F?C?????w@?????A?G?????[?_?????W@??????[@??????C?_?????BoG??????Cb???????{C???????^O,0,0
104,~?@gsP@@?OC?O`?@@@_?O?A@?W??_??_??O??C???_??A???C???C???A????_G??K????_???@?G??B????@?????O@???E?????W?????_?????_@????o?????C??????_?????A?C????C??????C??????A?C?????_??????C???????O???????_@??????_???????O???????C?G?????@_???????A????????C?G??????K????????A?????????_@???????K?????????o?????????_?????????_@????????o?????????C??????????_?????????A?C????????C??????????C??????????A?C?????????_??????????C???????????O???????????_@??????????_???????????O???????????C?G?????????@_???????????A????????????C?G??????????K????????????B?????????????o????????????E?????????????K?????????????W?????????????G?????????????C?_???????????@?G????????????G??????????????_?????????????@?G????????????@???????????????_??????????????G@?????????????@???????????????C?_?????????????E???????????????E???????????????@_???????????????W???????????????@_???????????????B????????????????B????????????????@_????????????????[,u|eMID@WH?e@C@E?`?GW@@?CF?GA?GB?C?_@?M?G?O?_@o@??_@??w?_?C?G?@_@??E?C??M?G??C?G??E?C??@_@???M?G???O?_??@o@????_@????w?_???C?G???@_@????E?C????M?G????C?W????E?C????@_@?????M?G?????O@_????@o@??????w@??????K?_?????BOG??????EB???????YC???????NW,0,0
104,~?@gsP@@?OC?O`?@@@_?O?A@?W??_??_??O??C???_??A???C???C???A????_G??K????_???@?G??B????@?????O@???E?????W?????_?????_@????o?????C??????_?????A??????C??????C??????A???????_??????C???????O???????_@??????_???????O???????C?G?????@_???????E????????K????????K????????E????????@?????????G?G??????@_????????B?????????@??????????_?_???????W?????????@??????????C??????????G??????????G??????????C??????????@?@?????????G???????????_??????????@???????????@????????????_?_?????????G???????????@_???????????E????????????K????????????K????????????E?????????????o????????????E?????????????W?????????????o?????????????W?????????????K?????????????@??????????????G??????????????_?????????????@?G????????????@?G?????????????_??????????????G??????????????@?G?????????????C?_?????????????K???????????????K???????????????E????????????????W???????????????B????????????????B????????????????A????????????????BG????????????????w,u|eMID@WH?e@C@E?`?GW@@?CF?GA?GB?C?_@?M?G?O?_@o@??_@??o?_?K?G?@_@??E?C??G?G??[?G??C?C??B?@???W?G??@o?_??@?@???B_@????_@_???W?G???B?@????K?C????[?G????G?G????M?C????@?B?????W?G????@_?_????B_@?????@OB??????W?_?????E?G??????{@???????g[???????zG,4,5
104,~?@gsP@H?OC?O`?@??_?G?B??G??O??O??G??E???_??A?_?K???G???C?_?@????W???@_???B????A????@?C???O????A?????G?????O?????W?????G?????A??????O?????@??????A??????B??????@_??????W??????B???????G???????O@??????O@??????W???????E????????o???????B????????C????????C?G??????A?????????_????????C?????????O?????????O?????????O?????????G?????????A??????????O?????????@??????????B??????????B??????????@_??????????W??????????B???????????K???????????W???????????W???????????K???????????B????????????O???????????@?C??????????A????????????A?G??????????@?????????????O????????????A?????????????G?_???????????O?????????????O?????????????G?_???????????A??????????????W??????????????o?????????????@_?????????????@_??????????????W??????????????E???????????????W??????????????@???????????????A@??????????????A@??????????????@?_??????????????O???????????????A@???????????????GC???????????????OG???????????????OG???????????????BC,u|eMID`GH_a@E@B?__GK@?oC@?GB?G@_C?W@?B?G?G?_?o@??o@??W?_?C?G?@o@??B?C??E?G??E?G??B?C???w@???A?G???W?_???o@????o@????W?_???C?G???@o@????B?C????E?G????E?G????B_C?????O@?????F?G?????K?_?????[@??????G@??????M?_?????@oG??????F@???????G{???????}G,4,5
104,~?@gsP@H?OC?O`?@??_?G?B??G??O??O??G??E???_??A?_?K???G???C?_?@????W???@_???B????A????@?????O????A?????G?_???O?????W?????G?????A??????O?????@??????A??????E??????B???????_??????C?G?????W???????_???????_@??????O?_?????K???????@_???????E????????K????????G????????C?C??????@?????????G?G???????_????????@?@???????@??????????O?????????C??????????_?????????A??????????C??????????C??????????B???????????O??????????A?G?????????K???????????W???????????W???????????K???????????B????????????W???????????@_???????????A????????????A?G??????????@?C???????????O????????????A?G???????????G?????????????O?????????????O@????????????G?????????????A??????????????O@????????????@??????????????@??????????????@?G?????????????o??????????????K???????????????o??????????????B???????????????B???????????????B????????????????o???????????????C????????????????`???????????????AC???????????????CG???????????????CG???????????????BC,u|eMID`GH_a@E@B?__GK@?oC@?GB?G@_C?W@?B?G?G?_?o@??o@??W?_?C?G?@_@??E?C??K?G??G?G??M?C??@_@???M?G???O?_??@_@???@_@????o?_???K?G???@?@????M?C????M?G????C?G????F?C?????w@?????A?G?????[?_?????W@??????[@??????C?_?????BoG??????Cb???????{C???????^O,0,0
104,~?@gsP@H?OC?O`?@??_?G?B??G??O??O??G??E???_??A?_?K???G???C???@????W???@_???B????A????@?????O????A?????G?_???O?????o?????W?????C??????_?????A??????C??????C?G????E??????@_??????G???????_?_????@_??????@????????_?_?????G???????@?@??????K????????W????????W????????C????????@?????????G?????????_????????@?????????@?@????????_?????????K??????????_?????????A??????????C??????????C??????????A?C????????@_??????????K???????????o??????????@_???????????o???????????O???????????C?G??????????_@??????????E????????????K????????????K????????????A?????????????_@???????????C?????????????O?????????????_?????????????_@????????????O?_???????????A??????????????O?????????????@?C????????????A??????????????A?G????????????@_??????????????W??????????????B???????????????B???????????????E???????????????B????????????????_???????????????GG??????????????@@???????????????E????????????????C????????????????EG????????????????w,u|eMID`GH_a@E@B?__GK@?oC@?GB?G@_C?O@?E?G?W?_?_@?@_@??o?_?K?G?@_@??E?C??K?G??G?G??M?C??@_@???K?G???w?_???_@???@_@????o?_???K?G???@_@????E?C????K?G????K?G????F?C?????o@?????F?G?????G?_?????w@??????W@??????M?_?????@_G??????KP???????}C???????No,4,4
104,~?@gsP@@?OC?O`?@?@_?O?A@?W??_??_??O??C??@_??C???G@??G???C???@????G???@_???A????A?G??B?????_????C?????O?????o?????_?????O?_???K?????@_?????C??????G?G????G??????C??????@?@?????G??????@_??????B???????A???????@??_?????O?G?????A????????G????????O?G??????O????????K????????A?????????O?G??????@_????????A?????????A?@???????@??????????O?????????@??????????C?C????????W??????????K??????????C??????????@?@?????????G?G?????????_??????????@?@?????????@????????????o???????????K???????????@_???????????A????????????C????????????C?G??????????A?????????????O????????????A?G???????????K?????????????O?????????????O@????????????G?_???????????A??????????????O@????????????B??????????????B??????????????B???????????????_??????????????G@?????????????@???????????????B???????????????A???????????????A???????????????@?_??????????????OG??????????????A@???????????????K????????????????[????????????????K?????????????????s,u|eMID@WH?e@C@E?`?GW@@?CE?GE?GB?C?_@?M?G?O?_@_@?@_@??o?_?K?G?@?@??M?C??G?G??W?G??K?C??B?@???W?G??@o?_??@?@???B_@????o?_???M?G????_@????F?C????C?G????M?G????B?C?????o@?????F?G?????G?_?????w@??????[@??????CB_?????B_G??????GR??????@wC???????wW,4,5
104,~?@gsP@@?OC?O`?@?@_?O?A@?W??_??_??O??C??@_??C???G@??G???C???@????G???@_???A????A?G??B?????_????C?????O?????o?????_?????O?_???K?????@_?????C??????G?G????G??????C??????@???????G??????@_??????B???????A???????@??_?????O?G?????A????????G????????O?G??????O????????K????????A?????????O?G??????B?????????E?????????C?????????A??_???????_?????????C??????????G??????????O?G????????o??????????K??????????A???????????O?G????????@??_????????A???????????A?@?????????@????????????O???????????B????????????K????????????W????????????G????????????C????????????@?@???????????G?????????????O?????????????_@????????????o?????????????W?????????????C??????????????_@????????????A?C????????????E??????????????E??????????????@_??????????????W??????????????@???????????????C?_?????????????G@??????????????G???????????????B????????????????O???????????????A@???????????????K????????????????E????????????????F?????????????????w,u|eMID@WH?e@C@E?`?GW@@?CE?GE?GB?C?_@?M?G?O?_@_@?@_@??o?_?K?G?@?@??K?C??W?G??O?G??W?C??E?@???o?G??B??_??F?@???A?@???B_?_???W?G???B_@????C?C????[?G????K?G????C?C????B_@?????K?G?????o?_????@o@??????_B??????w?_?????F?G??????]@???????O{??????@yG,4,5
104,~?@gsP@@?OC?O`?@?@_?O?A@?W??_??_??O??C??@_??C???G@??G???C???@????G@??@_???A????A?G??B?????_????C?????O?????o?????_?????O?_???K??????_?????A??????C?G????C??????A???????_??????K???????o??????@???????@?@??????_???????G???????@????????C?C??????W????????G????????C?C??????B?????????W????????@?????????A?????????A?@???????@??????????W?????????A??????????G?C????????o??????????O??????????G?C????????A?@?????????O??????????@???????????A?@?????????A???????????B????????????W???????????B????????????C????????????G????????????G????????????C?C???????????_????????????C?G???????????o?????????????o?????????????_?????????????O?_???????????C?G????????????o?????????????B??????????????E??????????????B???????????????_??????????????G??????????????@?G?????????????C???????????????E???????????????A???????????????@????????????????WG??????????????B????????????????E????????????????M????????????????E?????????????????s,u|eMID@WH?e@C@E?`?GW@@?CE?GE?GB?C?_@?M?G?O?_@o@??_@??w?_?C?G?@_@??E?C??G?G??W?G??K?C??B?@???W?G??@??_??F?@???A?@???B_?_???[?G???@?@????K?C????[?G????G?G????K?C????B_@?????M?G?????O?_????@o@??????_B??????{?_?????B?W??????[@???????ak??????BwG,4,5
104,~?@gsP@@?OC?O`?@?@_?O?A@?W??_??_??O??C??@_??C???G???G???C???@????G@??@_???A????A?G??B?????_????C?????O????@_????@_?????_?????G?G???B??????C??????G??????G?G????C??????@?@?????G??????@_??????B???????A???????@??_?????O???????A????????G????????O????????O?G??????W????????A?????????O?G??????@_????????A?????????A?????????@??_???????O?????????B??????????K??????????O??????????O?G????????W??????????A???????????O?G????????@??_????????A???????????A?@?????????@????????????o???????????B????????????G????????????O?G??????????O?G??????????G????????????A?????????????O????????????@??_??????????@?????????????@?@????????????o?????????????G?????????????@??????????????C?C????????????G?G????????????E??????????????B???????????????o??????????????B???????????????C???????????????G@??????????????G@??????????????K????????????????o???????????????A????????????????G????????????????WG???????????????Co???????????????B_,u|eMID@WH?e@C@E?`?GW@@?CE?GE?GA?C@_@?G?G@o?_@?@?B_@??_?_?[?G?@?@??M?C??G?G??W?G??K?C??B?@???W?G??@_?_??A?@???F?@???@??_???w?G???B_@????C?C????[?G????G?G????K?C????B_@?????K?G?????w?_?????_@?????@o@??????O@_?????N?G??????[B???????pS??????@{G,4,5
104,~?@gsP@@?OC?O`?@?@_?O?A@?W??_??_??O??C??@_??C???G@??G???C???@????G@??@_???A????A?G??B?????_????C?????O?????o?????_?????O?_???K??????_?????A??????C?G????C??????A?C?????_??????K???????o??????@???????@?@??????_???????G???????@????????C?C??????W????????G????????C?C??????@_????????G?????????_????????@?????????@??????????o?????????G?????????@?@????????K??????????G??????????G?G????????C?C????????@???????????G?G?????????_??????????B???????????B???????????@_???????????W???????????@????????????C????????????G????????????G?G??????????A?????????????_@???????????E?????????????O?????????????_?????????????_?????????????O?_???????????E??????????????_?????????????A?C????????????K??????????????E??????????????@???????????????O@?????????????A?G?????????????W???????????????o???????????????W???????????????C?_?????????????@????????????????G????????????????oC???????????????Oo???????????????P????????????????IC,u|eMID@WH?e@C@E?`?GW@@?CE?GE?GB?C?_@?M?G?O?_@o@??_@??w?_?C?G?@o@??A?C??K?G??K?G??E?C??@_@???G?G??@o?_??@?@???B_@????w?_???C?G???@o@????A?C????K?G????K?G????E?C????@o@?????C?G?????w?_?????_@?????@w@??????M@_?????@_g??????K@???????{C???????[w,4,5
104,~?@gsP@@?OC?O`?@@@_?O?A@?W??_??_??O??C???_??A???C???C???A????_G??K????_???@?G??B????@?????O@???E?????W?????_?????_@????o?????C??????_?????A??????C??????C??????A???????_??????C???????O???????_@??????_???????O???????C?G?????@_???????E????????K????????K????????E????????@?????????G?G??????@_????????B?????????@??????????_?_???????W?????????@??????????C?C????????G??????????G??????????C??????????@?@?????????G???????????_??????????@???????????@????????????_?_?????????G???????????@????????????C?C??????????K????????????K????????????E?????????????o????????????E?????????????W?????????????o?????????????W?????????????K?????????????@??????????????G@?????????????_C????????????@??????????????@?G?????????????_??????????????G??????????????@?G?????????????C?_?????????????G???????????????G@??????????????B????????????????W???????????????B????????????????B????????????????B????????????????@G????????????????s,u|eMID@WH?e@C@E?`?GW@@?CF?GA?GB?C?_@?M?G?O?_@o@??_@??o?_?K?G?@_@??E?C??G?G??[?G??C?C??B?@???W?G??@o?_??@?@???B_@????o?_???K?G???@_@????F?C????C?G????M?G????A?K????@_@?????K?G?????w?_?????_B?????@o@??????[?_?????B_G??????I@???????\C???????Fw,4,5
104,~?@gsP@@?OC?O`?@@@_?O?A@?W??_??_??O??C???_??A???C???C???A????_G??K????o???@_???@?????_C???W????B?????G?????O@????o?????G?????A??????O?????@??????A??????A??????@???????O??????A???????G???????O???????O@??????W???????E????????o???????B????????C????????C?G??????E????????@_????????K?????????o????????@_?????????_?????????O?????????C??????????_?????????A?C????????C??????????C??????????A???????????_??????????C???????????O???????????o???????????o???????????W???????????E????????????W???????????@_???????????B????????????B????????????@_????????????W????????????B?????????????C?????????????G?????????????G?????????????C?_???????????@??????????????G??????????????_C????????????@??????????????@?G?????????????o??????????????K??????????????@_??????????????B???????????????E???????????????B????????????????o???????????????C????????????????`???????????????AC???????????????CG???????????????CG???????????????BC,u|eMID@WH?e@C@E?`_GG@@oC@?GB?G@?C?w@?A?G?[?_?O@??o@??W?_?E?G??_@??F?C??C?G??K?G??E?C??@?@???[?G???_@_??B_@???@?B???@_?_???W?G???B_@????C?C????[?G????G?W????K?C????B?@?????W?G????@S?_?????W@??????W@??????M?_?????@OG??????F@???????NC???????Fw,4,4
104,~?@gsP@@?OC?O`?@?@_?O?A@?W??_??_??O??C??@_??C???G@??G???C???@????G???@_???A????A?G??B?????_????C?????O?????o?????_?????O?_???K?????@_?????C??????G??????G?G????C??????@?@?????G??????@_??????B???????A???????@??_?????O???????A????????G????????O????????O?G??????W????????A?????????O?G??????@_????????A?????????A?@???????@??????????O?????????B??????????K??????????W??????????W??????????C??????????@???????????G?G?????????_??????????@?@?????????@????????????o???????????K???????????@????????????C?C??????????G????????????G????????????C?C??????????@?@???????????W?????????????_????????????@?@???????????@_?????????????_?????????????G?G???????????@?@????????????C??????????????K??????????????K??????????????@???????????????W??????????????@???????????????C?_?????????????G@??????????????E???????????????B????????????????W???????????????B????????????????CC???????????????E????????????????B?????????????????[,u|eMID@WH?e@C@E?`?GW@@?CE?GE?GB?C?_@?M?G?O?_@_@?@_@??_?_?[?G?@?@??M?C??G?G??W?G??K?C??B?@???W?G??@??_??F?@???A?B???B??_???w?G???A?@????[?C????O?W????w?G????G?C????F?@?????W?G????@_?_????B?@?????A_@??????{?_?????A_W??????M@???????]C???????Mw,4,5
104,~?@gsP@@?OC?O`?@?@_?O?A@?W??_??_??O??C??@_??C???G@??G???C???@????G@??@_???A????A?G??B?????_????C?????O?????o?????_?????O?_???K??????_?????A??????C?G????C??????A?C?????_??????K???????o??????@???????@?@??????_???????G???????@????????C?C??????W????????G????????C?C??????@_????????G?????????_?_??????@?????????@??????????o?????????G?????????@?@????????K??????????G??????????G??????????C?C????????@???????????G?G?????????_??????????@_??????????@_???????????_???????????G?G?????????@????????????C????????????K????????????K????????????A?????????????_@???????????E?????????????O?????????????_@????????????_@????????????O?????????????E??????????????o?????????????B??????????????A??????????????A?G????????????@???????????????O@?????????????A?G?????????????E???????????????K???????????????C???????????????B????????????????O???????????????A@???????????????E????????????????E????????????????F?????????????????w,u|eMID@WH?e@C@E?`?GW@@?CE?GE?GB?C?_@?M?G?O?_@o@??_@??w?_?C?G?@o@??A?C??K?G??K?G??E?C??@_@???G?G??@o?_??@?@???B_@????_@_???[?G???@?@????M?C????G?G????[?G????E?C????@_@?????K?G?????_?_????B_@?????@OB??????[?_?????A@W??????w@??????@wC???????ww,4,4
104,~?@gsP@@?OC?O`?@@@_?O?A@?W??_??_??O??C???_??A???C???C???A????_G??K????_???@?G??B????@?????O@???E?????W?????_?????_@????o?????C??????_?????A??????C??????C??????A?C?????_??????C???????O???????_???????_???????O?_?????C?G?????@_???????E????????K????????K????????A?????????_@???????K?????????o????????@_????????@??????????_?_???????C??????????_?????????A??????????C??????????C??????????A?C?????????_??????????C???????????O?_?????????_???????????_???????????W???????????E????????????o???????????B????????????E????????????A????????????@?C???????????o????????????B?????????????K?????????????W?????????????G?????????????C?????????????@??????????????G@?????????????_C????????????@??????????????@???????????????_C?????????????G??????????????@_??????????????E???????????????K???????????????B???????????????@_???????????????K???????????????@_???????????????AC???????????????E????????????????B?????????????????[,u|eMID@WH?e@C@E?`?GW@@?CF?GA?GB?C?_@?M?G?O?_@o@??_@??o?_?K?G?@_@??E?C??M?G??C?G??E?C??@_@???G?G??@o?_??@o@????_@????o?_???K?G???@_@????E?C????M?G????C?G????F?C?????o@?????C_G?????{?_?????WA??????W@??????M?_?????@oG??????CF???????wC???????uW,4,5
104,~?@gsP@@?OC?O`?@@@_?O?A??W??_??_??O??C???_??A???C@??K???C???@????G@??@_???A????A?G??B?????_????C?G???o?????_?????_?????O?????K??????_?????A??????C?G????C??????A???????_??????C???????O?_?????_@?????@_???????o???????G???????@?@??????C?C??????W????????G????????C?C??????B?????????W????????@?????????A?@???????@??????????_?????????G?????????@??????????A??????????C??????????C?G????????A???????????_@?????????C???????????O???????????o???????????o???????????W???????????E????????????o???????????B????????????A????????????A?G??????????@_????????????W????????????A?????????????G?_???????????O@????????????O?????????????G?????????????A?G????????????O?????????????@?C????????????A??????????????A?G????????????@?C?????????????O??????????????@_??????????????E???????????????E???????????????A???????????????@?_??????????????K???????????????@_???????????????A????????????????EG???????????????B?????????????????s,u|eMID@WH?e@C@E?`?GW@@?CF?GA?GB?C?o@?E?G?O?_@o@??_@??w?_?C?G?@_@??E?C??G?G??[?G??E?C??@_@???K?G???o?_??@o@????_@????w?_???C?G???@o@????B?C????C?G????M?G????B?C?????o@?????E?G?????[?_?????OB??????w@??????G@_?????F_G??????GB??????@wC???????tW,4,5
104,~?@gsP@@?OC?O`?@@@_?O?A@?W??_??_??O??C???_??A???C???C???A????_???K????_???@?G??B????@?????O@???E?????W?????_?????_@????o?????K?????@??????C??????G?G????G??????C??????@???????G???????_??????@???????@????????_???????G?G?????@????????C?C??????W????????G????????C?C??????B?????????W????????@_????????B?????????B?????????@_?????????O?????????A?@????????K??????????G??????????G??????????C?C????????@???????????G?G?????????_??????????@???????????@????????????_?_?????????G???????????@????????????C????????????G?G??????????G?G??????????K????????????@?????????????G?G???????????o????????????@_????????????@_?????????????W?????????????E??????????????o??????????????_?????????????@?G????????????@?G?????????????_??????????????G@?????????????@?G?????????????C???????????????G@??????????????G???????????????E????????????????O???????????????A@???????????????E????????????????E????????????????F?????????????????w,u|eMID@WH?e@C@E?`?GW@@?CF?GA?GB?C?_@?M?G?O?_@_@?@_@??_?_?[?G?@?@??K?C??W?G??O?G??[?C??A?B???o?G??B??_??C?@???M?@???B??_???w?G???A?@????[?C????O?G????w?G????K?C????A_@?????M?G?????W?_?????_@?????@o@??????[@_?????B_g??????GX??????@wC???????wW,0,0
104,~?@gsP@@?OC?O`?@?@_?O?A??W??_??_??O??C@?@_??C???G@??G???K???A????O???@?C??E????C????A?C???_????C?????O?????o?????_?????O?????C?????@_?????A??????C??????C?G????A???????_@?????K???????o??????@???????@?@??????_?_?????W???????B????????G????????O????????O?G??????W????????A?????????O?G??????@?????????A?????????A?????????@??_???????G?????????@??????????C??????????G??????????W??????????C??????????@???????????G?G?????????_??????????@?@?????????B???????????@_???????????K???????????@_???????????E????????????K????????????G????????????E????????????@_????????????E?????????????G?????????????O?????????????O?????????????G?_???????????A??????????????O@????????????@??????????????A?G????????????E??????????????@???????????????O@?????????????A?G?????????????W???????????????o???????????????W???????????????E????????????????_???????????????E????????????????CK???????????????G_???????????????K????????????????AK,u|eMID@WH?e@C@E?`?GW@@_CB?GB?G@?C?o@?E?G?O?_@o@??_@??w?_?C?G?@_@??E?C??K?G??K?G??E?C??@_@???K?G???o?_??@?@???B_@????_@_???[?G???@_@????E?C????K?G????M?G????B?C?????o@?????E?G?????W?_?????g@??????[@??????E@_?????@_G??????M@???????[K???????\g,4,5
104,~?@gsP@@?OC?O`?@?@_?O?A??W??_??_??O??C@?@_??C???G@??G???K???A????O???@?C??E????C????A?C???_????C?????O?????o?????_?????O?_???C?????@_?????A??????C??????C?G????A???????_@?????K???????o??????@???????@?@??????_???????K???????@????????C????????G?G??????W????????C????????@?@???????G?????????_????????@?@???????@??????????o?????????G?????????@?@????????C??????????W??????????G??????????C??????????@?@?????????G???????????_?_????????B???????????@_???????????_???????????G?G?????????@?@??????????E????????????G????????????K????????????E?????????????_????????????C?G???????????O?????????????_?????????????_@????????????O?????????????A??????????????O@????????????@?C????????????E??????????????A??????????????@?C?????????????W??????????????B???????????????E???????????????K???????????????A???????????????@_???????????????G???????????????@@???????????????E????????????????E????????????????F?????????????????w,u|eMID@WH?e@C@E?`?GW@@_CB?GB?G@?C?o@?E?G?O?_@o@??_@??w?_?C?G?@_@??E?C??K?G??K?G??E?C??@?@???[?G???o?_??@?@???B_@????_@_???[?G???@?@????K?C????W?G????[?G????E?C????@_@?????M?G?????W?_?????g@??????[@??????C@_?????B_G??????M@???????W[???????|G,0,0
104,~?@gsP@@?OC?O`?@?@_?O?A@?W??_??_??O??C??@_??C???G???G???C???@????G@??@_???B????B????@?????O????A?????W?????o?????_?????O?_???K??????_?????A??????C??????C??????A?C????@_??????K???????_??????@???????@????????_?_?????G???????@????????C?C??????W????????W????????K????????@?????????G?????????_?_??????@?????????B?????????@_?????????G?????????@?@????????K??????????G??????????G??????????C??????????@???????????G?G????????@_??????????@_??????????@????????????_?_?????????G???????????@?@??????????C????????????K????????????K????????????E????????????@_????????????C?????????????O?_???????????_@????????????_?????????????W?????????????B??????????????W??????????????_?????????????@??????????????@???????????????_C?????????????E???????????????_??????????????A?_?????????????C@??????????????E???????????????B????????????????o???????????????B????????????????C????????????????E????????????????AW???????????????@o,u|eMID@WH?e@C@E?`_GG@@_CB?GA?GB?C?_@?M?G?O?_@o@??_@??o?_?K?G?@_@??E?C??K?G??K?G??C?C??B?@???W?G??@o?_??@?@???B_@????_@_???W?G???B?@????K?C????W?G????[?G????E?C????@_@?????K?G?????w?_?????gB??????W@??????K?_?????B?G??????]@???????W[???????vG,4,5
104,~?@gsP@@?OC?O`?@?@_?O?A@?W??_??_??O??C??@_??C???G@??G???C???@????G@??@_???B????B????@?????O????A?????K?????O?????O@????W?????A??????O?????@??????A??????A??????B???????o??????C???????O?_?????_???????_???????O?_?????C?G?????@_???????E????????K????????K????????C????????@?@???????G?????????_?_??????@_????????@??????????_?_???????C??????????_?????????A??????????C??????????C??????????A???????????o??????????A???????????G?_?????????O???????????W???????????K???????????B????????????W???????????@_???????????B????????????A????????????@?C???????????O@???????????B?????????????G?????????????O@????????????O?????????????G?????????????A?G????????????O?????????????@?C????????????A??????????????@???????????????_C?????????????G@?????????????@_??????????????E???????????????E???????????????B???????????????@_???????????????C????????????????`???????????????AC???????????????CG???????????????CG???????????????BC,u|eMID@WH?e@C@E?`_GG@@_CB?GB?G@?C?w@?A?G?[?_?O@??o@??W?_?E?G??_@??E?C??K?G??K?G??E?C??@?@???[?G???w?_???_@???@_@????o?_???K?G???@_@????C?C????[?G????M?G????B?C?????_@?????N?G?????G@_?????o@??????w@??????M?_?????@?G??????]@???????YK???????Ng,4,4
104,~?@gsP@@?OC?O`?@?@_?O?A@?W??_??_??O??C??@_??C???G???G???C???@????G@??@_???B????B????@?????O????A?????W?????o?????_?????O?_???K??????_?????A??????C??????C??????A?C????@_??????K???????_??????@?@?????@????????_???????G???????@?@??????C?C??????W????????W????????K????????@?????????G?????????_????????@?????????@_?????????o?????????G?????????@?@????????A??????????C??????????C??????????A???????????_@?????????K???????????o??????????@_??????????@????????????_?_?????????G?G?????????@????????????E????????????K????????????K????????????E?????????????_????????????C?G???????????O?????????????_@????????????_?????????????K?????????????A??????????????O@????????????@??????????????A??????????????A?G????????????@?C?????????????W??????????????@_??????????????E???????????????C@??????????????E???????????????B????????????????G???????????????@@???????????????CC???????????????CG???????????????CG???????????????BC,u|eMID@WH?e@C@E?`_GG@@_CB?GA?GB?C?_@?M?G?O?_@o@??_@??o?_?K?G?@_@??E?C??K?G??K?G??E?C??@_@???G?G??@o?_??@o@????_@????o?_???K?G???@_@????E?C????K?G????K?G????E?C????@o@?????C?G?????{?_?????OB??????o@??????[?_?????B_G??????M@???????\C???????Fw,4,5
104,~?@gsP@@?OC?O`?@?@_?O?A@?W??_??_??O??C??@_??C???G@??G???C???@????G@??@_???B????B????@?????O????A?????K?????O?????O@????W?????A??????O?????@??????A??????A?G????B???????o??????C???????O?_?????_???????_???????O?_?????C?G?????@_???????E????????K????????C????????A?????????_????????C?????????W?????????_?????????_@????????G?????????A??????????O?????????@??????????A?G????????E??????????B???????????o??????????C???????????O?_?????????_???????????o???????????W???????????E????????????o???????????@????????????A????????????A?G??????????@?????????????O@???????????B?????????????G?????????????O@????????????O?????????????G?????????????A?G????????????O@????????????B??????????????B??????????????@???????????????_C?????????????G@?????????????@_??????????????E???????????????A???????????????A???????????????@?_??????????????OG??????????????@????????????????CC???????????????KG???????????????K????????????????@c,u|eMID@WH?e@C@E?`_GG@@_CB?GB?G@?C?w@?A?G?[?_?O@??o@??W?_?E?G??o@??B?C??E?G??E?G??A?C??@o@???F?G???G?_???o@????o@????W?_???E?G????o@????B?C????E?G????E?G????A?C????@w@?????A?W?????W?_?????w@??????W@??????M?_?????@oG??????E`???????Fc???????Bw,4,4
104,~?@gsP@@?OC?O`?@?@_?O?A@?W??_??_??O??C??@_??C???G@??G???C???@????G@??@_???B????B????@?????O????A?????K?????O?????O@????W?????A??????O?????@??????A??????A?G????B???????o??????C???????O?_?????_???????_???????O???????C?G?????@_???????E????????K????????C????????A?????????_????????C?????????W?????????_?????????_@????????o?????????C??????????_?????????A??????????C??????????C?G????????E??????????@_??????????K???????????o???????????_???????????_???????????W???????????E????????????o???????????B????????????A????????????A?G??????????@?????????????O????????????B?????????????G?????????????O@????????????o?????????????G?????????????A?G????????????O?????????????@?C????????????B??????????????B??????????????@_??????????????G@?????????????@???????????????E???????????????E???????????????A???????????????@?_??????????????OG??????????????@@???????????????CC???????????????W????????????????GG???????????????CS,u|eMID@WH?e@C@E?`_GG@@_CB?GB?G@?C?w@?A?G?[?_?O@??o@??W?_?E?G??o@??B?C??E?G??E?G??A?C??@o@???C?G???w?_???_B???@_@????o?_???K?G???@_@????E?C????K?G????M?G????A?C????@o@?????D?G?????M?_?????K@??????M@??????B?_??????wG??????B`???????FC???????Fw,4,4
104,~?@gsP@H?OC?O`?@??_?G?B??G??O??O??G??E???_??A?_?K???G???C?_?@????W???@_???B????A????@?????O????A?????G?_???O?????W?????G?????A??????O?????@??????A??????E??????B???????_??????C?G?????W???????_???????_@??????O?_?????K???????@_???????E????????K????????G????????C?C??????@?????????G?G???????_????????@?@???????@??????????O?????????C??????????_?????????A??????????C??????????C??????????B???????????O??????????A?G?????????K???????????W???????????W???????????K???????????B????????????W???????????@_???????????A????????????A?G??????????@?C???????????O????????????A?G???????????G?????????????O?????????????O?????????????G?_???????????A??????????????O@????????????@??????????????@??????????????@?G?????????????o??????????????K??????????????@_??????????????B???????????????B???????????????B????????????????o???????????????C????????????????`???????????????AC???????????????CG???????????????CG???????????????BC,u|eMID`GH_a@E@B?__GK@?oC@?GB?G@_C?W@?B?G?G?_?o@??o@??W?_?C?G?@_@??E?C??K?G??G?G??M?C??@_@???M?G???O?_??@_@???@_@????o?_???K?G???@?@????M?C????M?G????C?G????F?C?????w@?????A?G?????W?_?????w@??????[@??????C?_?????BoG??????Cb???????{C???????^O,4,4
104,~?@gsP@H?OC?O`?@??_?G?B??G??O??O??G??E???_??A?_?K???G???C?_?@????W???@_???B????A????@?????O????A?????G?_???O?????W?????G?????A??????O?????@??????A?G????E??????B???????_??????C?G?????W???????_???????_@??????O?_?????K???????@_???????E????????C????????C????????A?????????_????????C?????????O?_???????_?????????O?????????G?????????A??????????O?????????@?C????????E??????????E??????????B???????????_??????????C?G?????????W???????????o???????????o???????????W???????????E????????????O???????????@????????????A?G??????????A????????????@?C???????????O????????????A?G???????????G?????????????O?????????????O?????????????G?_???????????A?G????????????o?????????????@_?????????????@??????????????@?G?????????????o??????????????K??????????????@_??????????????@???????????????A???????????????A@??????????????@?_??????????????W???????????????@????????????????EC???????????????K????????????????AG???????????????@c,u|eMID`GH_a@E@B?__GK@?oC@?GB?G@_C?W@?B?G?G?_?o@??o@??W?_?E?G??o@??B?C??C?G??M?G??B?C???w@???A?G???W?_???o@????o@????W?_???E?G????o@????B?C????C?G????M?G????B_C?????O@?????E?G?????[?_?????W@??????[@??????F?_??????cG??????N@???????NG???????Fg,4,5
104,~?@gsP@H?OC?O`?@??_?G?B??G??O??O??G??E???_??A?_?K???G???C???@????W???@_???B????A????@?????O????A?????G?_???O?????o?????W?????C??????_?????A??????C??????C?G????E??????@_??????G???????_?_????@_??????@????????_?_?????G???????@?@??????K????????W????????W????????C????????@?????????G?????????_????????@?????????@?@????????_?????????K??????????_?????????A??????????C??????????C??????????A?C????????@_??????????K???????????o??????????@_???????????o???????????O???????????C?G??????????_@??????????E????????????K????????????K????????????A?????????????_@???????????C?????????????O?????????????_?????????????_@????????????O?_???????????A??????????????O?????????????@??????????????A?G????????????A?G????????????@_??????????????W??????????????B???????????????B???????????????E???????????????E????????????????_???????????????GG??????????????@@???????????????E????????????????C????????????????EG????????????????w,u|eMID`GH_a@E@B?__GK@?oC@?GB?G@_C?O@?E?G?W?_?_@?@_@??o?_?K?G?@_@??E?C??K?G??G?G??M?C??@_@???K?G???w?_???_@???@_@????o?_???K?G???@_@????E?C????K?G????K?G????F?C?????o@?????F?G?????G?_?????o@??????w@??????M?_?????@_G??????KP???????}C???????No,4,4
104,~?@gsP@H?OC?O`?@??_?G?B??G??O??O??G??E???_??A?_?K???G???C???@?G??W???@_???B????A????@?C???O????A?????G?????O?????o?????G?????A??????O?????@??????A??????B??????@_??????W??????B???????G???????O@??????O@??????W???????E????????o???????B????????C????????C?G??????A?????????_????????C?????????O?????????O?????????O?????????G?????????A??????????O?????????@??????????B??????????B??????????@_??????????W??????????B???????????K???????????W???????????W???????????K???????????B????????????O???????????@?C??????????A????????????A?G??????????@?????????????O????????????A?????????????G?????????????O@????????????O?????????????G?_???????????A??????????????W??????????????o?????????????@_?????????????@_??????????????o??????????????E???????????????W??????????????@???????????????A@??????????????A@??????????????@?_??????????????O???????????????A@???????????????GC???????????????OG???????????????OG???????????????BC,u|eMID`GH_a@E@B?__GK@?oC@?GB?G@_C?O@?F?G?G?_?o@??o@??W?_?C?G?@o@??B?C??E?G??E?G??B?C???w@???A?G???W?_???o@????o@????W?_???C?G???@o@????B?C????E?G????E?G????B_C?????O@?????E?G?????[?_?????[@??????G@??????M?_?????@oG??????F@???????G{???????}G,4,5
104,~?@gsP@H?OC?O`?@??_?G?B??G??O??O??G??E???_??A?_?K???G???C???@?G??W???@_???B????A????@?????O????A?????G?_???O?????o?????G?????A??????O?????@??????A??????E??????B???????_??????C?G?????W???????_???????_@??????O?_?????K???????@_???????E????????K????????G????????C?C??????@?????????G?G???????_????????@?@???????@??????????O?????????C??????????_?????????A??????????C??????????C??????????B???????????O??????????A?G?????????K???????????W???????????W???????????K???????????B????????????W???????????@_???????????A????????????A?G??????????@?C???????????O????????????A?G???????????G?????????????O?????????????O?????????????G?_???????????A??????????????O@????????????@??????????????@??????????????@?G?????????????o??????????????K??????????????@_??????????????B???????????????B???????????????B????????????????o???????????????C????????????????`???????????????AC???????????????CG???????????????CG???????????????BC,u|eMID`GH_a@E@B?__GK@?oC@?GB?G@_C?O@?F?G?G?_?o@??o@??W?_?C?G?@_@??E?C??K?G??G?G??M?C??@_@???M?G???O?_??@_@???@_@????o?_???K?G???@?@????M?C????M?G????C?G????F?C?????w@?????A?G?????W?_?????w@??????[@??????C?_?????BoG??????Cb???????{C???????^O,0,0
104,~?@gsP@H?OC?O`?@??_?G?B??G??O??O??G??E???_??A?_?K???G???C???@?G??W???@_???B????A????@?????O????A?????G?_???O?????o?????G?????A??????O?????@??????A?G????E??????B???????_??????C?G?????W???????_???????_???????O?_?????K???????@_???????E????????C????????C????????A?????????_????????C?????????O?_???????_????????@_?????????O?????????C??????????_?????????A??????????C?G????????K??????????E??????????@_??????????K???????????W???????????_???????????o???????????W???????????E????????????o???????????@????????????A?G??????????A????????????@?????????????O????????????A?G???????????G?????????????o?????????????O?????????????G?_???????????A??????????????O@????????????@_?????????????B??????????????B???????????????o??????????????G??????????????@_??????????????B???????????????A???????????????A@??????????????@?_??????????????W???????????????@????????????????K????????????????GG???????????????Gg???????????????B_,u|eMID`GH_a@E@B?__GK@?oC@?GB?G@_C?O@?F?G?G?_?o@??o@??W?_?E?G??o@??B?C??C?G??M?G??B?C???_@???M?G???O@_??@_@???@_@????o?_???K?G???@_@????E?C????K?G????M?G????B?C?????g@?????B_G?????E?_?????M@??????E@??????B?_??????wG??????BB???????MC???????NW,0,0
104,~?@gsP@H?OC?O`?@??_?G?B??G??O??O??G??E???_??A?_?K???G???C???@?G??W???@_???B????A????@?????O????A?????G?????O@????o?????G?????A??????O?????@??????A??????E??????B???????_??????C?G?????o???????_???????_???????O?_?????K???????@_???????E????????K????????G????????C????????@?@???????G?????????_????????@?????????@?@???????@_?????????G?????????@??????????C??????????G?G????????G??????????C??????????B???????????K???????????o??????????@_???????????_???????????W???????????E????????????o???????????@_???????????B????????????A????????????@?????????????O@???????????A?????????????G?????????????O@????????????o?????????????G?????????????A??????????????O@????????????@?C????????????A??????????????E??????????????@_??????????????W??????????????@???????????????E???????????????K???????????????B???????????????@????????????????W???????????????@_???????????????E????????????????E????????????????AW???????????????B_,u|eMID`GH_a@E@B?__GK@?oC@?GB?G@_C?O@?F?G?G?_?o@??o@??W?_?C?G?@_@??E?C??K?G??G?G??K?C??B_@???G?G??@o?_??@?B???B?@???@o?_???K?G???@?@????K?C????[?G????K?G????E?C????@o@?????D?G?????K?_?????]@??????CB??????E?_?????@oG??????EB???????[C???????ZW,0,0
104,~?@gsP@H?OC?O`?@??_?G?B??G??OG?O??G??E???_??A?_?K???G???C?_?@????G????_C??B????A????@?????O????A?????G?????O?????W?????G?????A?G????O?????@??????A??????E??????B???????_??????C?G?????o??????@_??????@????????_?_?????G?G?????@????????C?C??????W????????W????????G????????A?@???????O????????@?????????A?????????A?@???????@??????????O?????????@??????????C?C????????G??????????G?G????????C??????????@???????????K???????????o??????????@???????????@?@??????????o???????????K???????????@_???????????A????????????C?G??????????E????????????B?????????????_????????????C?G???????????O?_???????????_?????????????_?????????????O?_???????????C??????????????_@????????????A?C????????????C??????????????C?G????????????A?C?????????????_??????????????B???????????????K???????????????K???????????????A???????????????@?_??????????????K???????????????@_???????????????A????????????????EG???????????????B?????????????????s,u|eMID`GH_b@A@B?__GK@?oC@?GB?G@_C?W@?B?G?K?_?O@??o@??W?_?C?G?@_@??E?C??K?G??G?G??K?C??B?@???W?G??@o?_??@_@???@?@???@o?_???K?G???@?@????M?C????K?G????K?G????C?C????B_@?????K?G?????w?_?????oB??????_@??????{?_?????A?W??????{@???????ok??????@uG,4,5
104,~?@gsP@@?OC?O`?@?@_?O?A@?W??_??_??O??C??@_??C???G???G???C???@????G@??@_???B????B????@?????O????A?????W?????o?????_?????O?_???K??????_?????A??????C??????C??????A??????@_??????K???????_??????@???????@????????_?_?????G???????@?@??????C?C??????W????????W????????K????????B?????????O????????@??_??????A?????????A?????????B??????????o?????????A??????????G?C????????G??????????G??????????C??????????@?@?????????G???????????_??????????@_??????????@_???????????_???????????G???????????@?@??????????C?C??????????K????????????K????????????E?????????????o????????????E?????????????O?????????????_@????????????_@????????????O?????????????K??????????????O?????????????@?C????????????A??????????????A??????????????@?C?????????????O@?????????????A???????????????E???????????????G???????????????K@??????????????B????????????????o???????????????@_???????????????E????????????????D????????????????@_????????????????[,u|eMID@WH?e@C@E?`_GG@@_CB?GA?GB?C?_@?M?G?O?_@o@??_@??o?_?K?G?@_@??C?C??W?G??W?G??K?C??A?@???o?G??B??_??F?@???B_@????_?_???W?G???B_@????E?C????G?G????[?G????E?C????@_@?????G?G????@o?_????@w@??????OF??????W?_?????F_G??????GB??????@wC???????rW,4,4
104,~?@gsP@@?OC?O`?@?@_?O?A@?W??_??_??O??C??@_??C???G@??G???C???@????G???@_???B????B????@?????O????A?????K?????O?????O@????W?????E??????_?????A??????C??????C??????A??????@_??????K???????_??????@?@?????@?@??????_???????G???????@?@??????C????????W????????W????????K????????B?????????O????????@??_??????A?????????A??????????_?????????G?G???????B??????????E??????????G??????????G??????????C??????????@?@?????????G???????????_??????????@_??????????@_???????????o???????????C????????????_???????????A?C??????????C?G??????????K????????????E?????????????o????????????E?????????????O?????????????_@????????????_@????????????O?????????????C?G???????????@_?????????????@??????????????A??????????????A??????????????@?C?????????????O@?????????????A???????????????E???????????????C???????????????E@??????????????B????????????????o???????????????@_???????????????E????????????????CG???????????????AG???????????????@c,u|eMID@WH?e@C@E?`_GG@@_CB?GB?G@?C?w@?A?G?W?_?o@??_@??o?_?K?G?@_@??C?C??W?G??W?G??K?C??B?@???[?G???_?_??B_@???@_@????_?_???W?G???B_@????E?C????G?G????[?G????E?C????@_@?????M?G?????O?_????@w@??????OB??????W?_?????F_G??????GF??????@wC???????yW,4,5
104,~?@gsP@@?OC?O`?@?@_?O?A@?W??_??_??O??C??@_??C???G@??G???C???@????G???@_???B????B????@?????O????A?????K?????O?????O@????W?????E??????_?????A??????C??????C??????A??????@_??????K???????_??????@?@?????@?@??????_???????G???????@?@??????C????????W????????W????????K????????B?????????O????????@??_??????A?????????A??????????_?????????G?G???????B??????????E??????????G??????????G?G????????C??????????@?@?????????G???????????_??????????@_??????????@_???????????o???????????C????????????_???????????A?C??????????C????????????E????????????@_????????????W????????????A?????????????G?_???????????O@????????????O?????????????G?_???????????E??????????????W?????????????@??????????????A?G????????????A?G????????????@???????????????O??????????????@_??????????????A???????????????C???????????????C@??????????????A?_??????????????W???????????????B????????????????M????????????????K????????????????B?????????????????k,u|eMID@WH?e@C@E?`_GG@@_CB?GB?G@?C?w@?A?G?W?_?o@??_@??o?_?K?G?@_@??C?C??W?G??W?G??K?C??B?@???[?G???_?_??B_@???@_@????o?_???M?G????o@????A?C????M?G????E?G????B?C?????w@?????A?G?????[?_?????W@??????[@??????E?_?????@AG??????]@???????[K???????^_,4,5
104,~?@gsP@@?OC?O`?@?@_?O?A@?W??_??_??O??C??@_??C???G@??G???C???@????G@??@_???A????A?G??B?????_????C?????O?????o?????_?????O?_???K??????_?????A??????C??????C??????A?C?????_??????K???????o??????@???????@?@??????_?_?????G???????@????????C?C??????W????????W????????G????????A?@???????W????????@?????????A?@???????A?????????@??????????G?????????@?@????????K??????????G??????????G?G????????C??????????@?@?????????G???????????_?_????????@???????????@_???????????o???????????K????????????_???????????A????????????C?G??????????E????????????@?????????????O@???????????B?????????????G?????????????O@????????????O@????????????G?????????????A?G????????????o?????????????@??????????????A?G????????????A?G????????????@???????????????O@?????????????A???????????????E???????????????C???????????????C???????????????A?_??????????????OG??????????????A@???????????????K????????????????[????????????????K?????????????????s,u|eMID@WH?e@C@E?`?GW@@?CE?GE?GB?C?_@?M?G?O?_@o@??_@??o?_?K?G?@?@??M?C??G?G??W?G??K?C??B?@???W?G??@o?_??@?@???B_@????o?_???M?G????_@????F?C????C?G????M?G????B?C?????o@?????F?G?????G?_?????w@??????[@??????CB_?????B_G??????GR??????@wC???????wW,4,5
104,~?@gsP@@?OC?O`?@?@_?O?A@?W??_??_??O??C??@_??C???G@??G???C???@????G@??@_???A????A?G??B?????_????C?????O?????o?????_?????O?_???K??????_?????A??????C??????C??????A???????_??????K???????o??????@???????@?@??????_?_?????G???????@????????C?C??????W????????W????????G????????A?@???????o????????B?????????C?????????C?@???????A??????????_?????????A??????????G?C????????o??????????O??????????G?C????????A???????????O?G????????@???????????A?@?????????A???????????@????????????W???????????B????????????K????????????G????????????G????????????C?C??????????@_????????????C?????????????O?_???????????o?????????????o?????????????O?????????????C?G????????????_@????????????B??????????????E??????????????A??????????????@?C?????????????O@?????????????A???????????????G?_?????????????O@??????????????O???????????????E????????????????_???????????????C@???????????????K????????????????E????????????????F?????????????????w,u|eMID@WH?e@C@E?`?GW@@?CE?GE?GB?C?_@?M?G?O?_@o@??_@??o?_?K?G?@?@??K?C??W?G??O?G??W?C??E?@???o?G??B??_??F?@???A?@???B_?_???W?G???B_@????C?C????[?G????K?G????C?C????B_@?????K?G?????o?_????@o@??????_B??????w?_?????F?G??????]@???????O{??????@yG,4,4
104,~?@gsP@@?OC?O`?@?@_?O?A@?W??_??_??O??C??@_??C???G@??G???C???@????G@??@_???A????A?G??B?????_????C?????O?????o?????_?????O?_???K??????_?????A??????C??????C??????A?C?????_??????K???????o??????@???????@?@??????_?_?????G???????@????????C?C??????W????????W????????G????????A?@???????W????????@?????????A?@???????A?????????@??????????G?????????@?@????????K??????????G??????????G??????????C??????????@?@?????????G???????????_?_????????@???????????@_???????????o???????????K????????????_???????????A????????????C?G??????????K????????????E?????????????_????????????C?G???????????W?????????????_?????????????_@????????????O?_???????????E??????????????o?????????????@??????????????A??????????????A?G????????????@?C?????????????O??????????????A?G?????????????G???????????????K???????????????C???????????????A?_?????????????@_???????????????B????????????????E????????????????M????????????????AO???????????????@c,u|eMID@WH?e@C@E?`?GW@@?CE?GE?GB?C?_@?M?G?O?_@o@??_@??o?_?K?G?@?@??M?C??G?G??W?G??K?C??B?@???W?G??@o?_??@?@???B_@????_?_???W?G???B_@????C?C????[?G????G?G????M?C????@_@?????K?G?????w?_?????_B?????@o@??????O?_?????N?G??????[B???????`s??????BsG,4,5
104,~?@gsP@@?OC?O`?@?@_?O?A??W??_??_??O??C@?@_??C???G@??G???K???A????O???@?C??E????C????A?C???_????C?????O?????o?????_?????O?????C?????@_?????A??????C??????C?G????A???????_@?????K???????o??????@???????@?@??????_?_?????W???????B????????G????????O????????O?G??????W????????A?????????O?G??????@?????????A?????????A?@???????@??????????G?????????@??????????C?C????????G??????????W??????????C??????????@?@?????????G?G?????????_??????????@?@?????????B????????????o???????????K???????????@_???????????B????????????C????????????C????????????A?C???????????O????????????A?G???????????G?????????????O?????????????O@????????????G?????????????A??????????????O@????????????@?C????????????E??????????????B???????????????o??????????????K???????????????o??????????????B???????????????@???????????????@????????????????__??????????????GG??????????????@????????????????CC???????????????KG???????????????K????????????????@c,u|eMID@WH?e@C@E?`?GW@@_CB?GB?G@?C?o@?E?G?O?_@o@??_@??w?_?C?G?@_@??E?C??K?G??K?G??E?C??@_@???K?G???o?_??@?@???B_@????w?_???C?G???@_@????E?C????M?G????E?G????B?C?????w@?????B?G?????G?_?????{@??????GB??????M?_?????@oG??????E@???????]C???????Jw,4,4
104,~?@gsP@H?OC?O`?@??_?G?B??G??O??O??GC?E???_??A?_?K???G???C???@?G??W???@????A?G??A????@?????O????A?????G?????O?????o?????G?????A??????O?????@??????A?G????E??????B???????o??????E???????W???????_???????_???????O?_?????K???????@_???????E????????C????????C????????A?????????_????????C?????????O?_???????_????????@_?????????O?????????C?G????????_?????????A??????????C?G????????K??????????E??????????@_??????????K???????????W???????????_???????????_???????????O?_?????????E????????????o???????????@????????????A?G??????????A????????????@?????????????O????????????A?G???????????G?_???????????o?????????????O?????????????G?_???????????A??????????????O@????????????@_?????????????B??????????????B???????????????O??????????????C???????????????_G?????????????B???????????????A???????????????A@??????????????@????????????????WG??????????????B????????????????C????????????????KG???????????????E?????????????????s,u|eMID`GH_a@E@A?`_GK@?oC@?GB?G@_C?O@?F?G?G?_?o@??o@??W?_?E?G??o@??B?C??E?G??E?G??B?C???_@???M?G???W?_???o@????o@????W?_???E?G????o@????B?C????F?G????B?G????@?C?????w@?????B?G?????K?_?????[@??????K@??????E?_?????@wG??????AF???????[C???????]W,2,2
104,~?@gsP@H?OC?O`?@??_?G?B??G??O??O??GC?E???_??A?_?K???G???C?_?@????W???@????A?G??A????@?????O????A?????G?_???O?????W?????G?????A??????O@????@??????A?G????E??????B???????_??????C?G?????W???????_???????_@??????O???????K????????_???????A?C??????C????????C????????A?????????_????????C?????????O?_???????_?????????o?????????O?????????C?G????????_@????????A??????????C?G????????K??????????E??????????@_??????????G???????????_?_????????@_??????????@????????????_?_?????????G????????????_???????????A?C??????????C????????????C????????????A?C???????????_????????????C?????????????W?????????????O?????????????W?????????????K?????????????@_?????????????K??????????????W??????????????o??????????????_??????????????WC?????????????C???????????????_G?????????????A???????????????C@??????????????C???????????????A?_??????????????_G??????????????D????????????????E????????????????E????????????????@_????????????????[,u|eMID`GH_a@E@A?`_GK@?oC@?GB?G@_C?W@?B?G?G?_?w@??O@??W?_?E?G??o@??B?C??C?G??M?G??B?C???o@???E?G???[?_???O@????o@????W?_???E?G????o@????B?C????C?G????M?G????B?K?????o@?????F?G?????G?_?????w@??????[@??????E?_?????@_G??????J@???????MK???????Ng,4,5
104,~?@gsP@@?OC?O`?@@@_?O?A@?W??_??_??O??C???_??A???C???C???A????_G??K????o???@_???@?????_C???W????B?????G?????O@????o?????G?????A??????O?????@??????A??????A??????@???????O??????A???????G???????O???????O@??????W???????E????????o???????B????????C????????C?G??????E????????@_????????K?????????_????????@?@???????B??????????_?????????G?G???????@??????????C??????????G?G????????G??????????C??????????@?@?????????G???????????_?_????????@???????????@????????????_???????????G?G?????????@_???????????E????????????E????????????C????????????A?C???????????o????????????B?????????????K?????????????W?????????????G?????????????C?_???????????@??????????????G@?????????????_?????????????@??????????????@?G?????????????_C?????????????G??????????????@???????????????C?_?????????????K???????????????E???????????????A????????????????_G??????????????B@???????????????K????????????????G????????????????KG???????????????AW,u|eMID@WH?e@C@E?`_GG@@oC@?GB?G@?C?w@?A?G?[?_?O@??o@??W?_?E?G??_@??F?C??C?G??K?G??E?C??@?@???[?G???_?_??B_@???@_@????o?_???M?G????_@????F?C????E?G????F?G????@?C?????w@?????A?W?????[?_?????W@??????[@??????C@_?????B_G??????M@???????S[???????\G,4,5
104,~?@gsP@@?OC?O`?@?@_?O?A@?W??_??_??O??C??@_??C???G???G???C???@????G@??@_???B????B????@?????O????A?G???W?????o?????_?????O?_???K??????_?????A??????C??????C??????A??????@_??????C???????O???????_???????_@??????O???????C????????_@??????E????????K????????K????????E????????@?????????G?????????_?_??????B?????????B??????????_?????????G?G???????B??????????C??????????G?G????????G??????????C??????????@?@?????????G??????????@_??????????@???????????@?@??????????_???????????G?G?????????@????????????C????????????G?G??????????K????????????E?????????????o????????????C?????????????O?_???????????_@????????????o?????????????K?????????????B??????????????G??????????????_C????????????@??????????????@?G?????????????_??????????????C???????????????_G?????????????A?_?????????????C???????????????C@??????????????B????????????????W???????????????B????????????????B????????????????A????????????????BG????????????????w,u|eMID@WH?e@C@E?`_GG@@_CB?GA?GB?C?_@?M?G?O?_@o@??_@??o?_?K?G?@_@??C?C??W?G??[?G??C?C??B?@???W?G??@o?_??@?@???B_@????o?_???K?G???@o@????A?C????K?G????M?G????B?C?????o@?????F?G?????G@_?????w@??????W@??????M?_?????@?W??????]@???????YK???????Mg,4,5
104,~?@gsP@@?OC?O`?@@@_?O?A@?W??_??_??O??C???_??A???C???C???A????_???K????o???@_???@?????_C???W????B?????G?????O@????o?????W?????C??????_?????A??????C??????C??????A???????_??????C???????O?_?????_???????_???????O?_?????C???????@_???????E????????K????????K????????C????????@?@???????W????????@_????????@?????????@?@???????@_?????????K?????????@??????????C?C????????G??????????G??????????C?C????????@???????????G???????????_??????????@???????????@?@??????????_???????????G?G?????????@?@??????????C????????????K????????????K????????????B?????????????o????????????E?????????????W?????????????O?????????????O@????????????E?????????????@??????????????G@?????????????_?????????????@?G????????????@???????????????_??????????????G@?????????????@?G?????????????E???????????????C???????????????E???????????????@_???????????????W????????????????_???????????????BC???????????????C????????????????EG???????????????@g,u|eMID@WH?e@C@E?`_GG@@oC@?GB?G@?C?w@?A?G?W?_?o@??_@??o?_?K?G?@_@??C?C??[?G??G?G??K?C??B?@???[?G???_?_??B_@???@_@????o?_???K?G???@o@????A?C????M?G????C?W????E?C????@_@?????M?G?????[?_?????W@??????W@??????M?_?????@OW??????F@???????NC???????Ew,4,4
104,~?@gsP@@?OC?O`?@?@_?O?A@?W??_??_??O??C@?@_??C???G???G???C???@????G@??@_???A????A?G??@?????O????A?????W?????o?????_?????O?_???K??????_?????A??????C?G????C??????A?C????@_??????K???????_??????@???????@????????_?_?????G???????@????????C?C??????W????????G????????C?C??????@?????????G?????????_?_??????@?????????B?????????@_?????????G?????????@?@????????K??????????G??????????G??????????C?C????????@_??????????K???????????W???????????_???????????_???????????O???????????C?G??????????_???????????A????????????C?G??????????K????????????A?????????????_@???????????C?????????????O?_???????????_@???????????@_?????????????o?????????????E??????????????o?????????????@??????????????A??????????????A?G????????????@_??????????????C???????????????_??????????????A?_?????????????C@??????????????E???????????????B????????????????O???????????????B@???????????????K????????????????E????????????????B?????????????????[,u|eMID@WH?e@C@E?`?GW@@_CB?GA?GB?C?_@?M?G?O?_@o@??_@??w?_?C?G?@_@??E?C??K?G??K?G??C?C??B?@???W?G??@o?_??@?@???B_@????_?_???[?G???@?@????M?C????M?G????E?G????A?C????@_@?????K?G?????w?_?????_B?????@o@??????O@_?????M?G??????aB??????FoC??????@tO,4,5
104,~?@gsP@@?OC?O`?@@@_?O?A@?W??_??_??O??C???_??A???C???C???A????_G??K????o???@_???@?????_C???W????B?????G?????O@????o?????G?????A??????O?????@??????A??????A??????@???????O@?????A???????G???????O???????O@??????W???????E????????o???????B????????E????????E????????@_????????O????????A?G???????W?????????O?????????O?????????G?????????A??????????O?????????@??????????A??????????A?G????????@???????????O??????????A???????????G?_?????????o???????????o???????????W???????????E????????????o???????????B????????????B????????????B????????????@_????????????G????????????@?????????????C?????????????G@????????????G?????????????C?????????????@??????????????G@?????????????_?????????????@_?????????????@_??????????????o??????????????E???????????????o??????????????B???????????????B???????????????B????????????????_???????????????GG??????????????@@???????????????CC???????????????K????????????????E?????????????????[,u|eMID@WH?e@C@E?`_GG@@oC@?GB?G@?C?w@?A?G?[?_?O@??o@??W?_?E?G??_@??F?C??C?W??M?G??A?C??@o@???C?G???w?_???_@???@_@????o?_???K?G???@_@????D?C????F?G????A?G????B_C?????OB?????F?G?????G@_?????o@??????w@??????K?_?????B?G??????[@???????iK???????Ng,4,4
104,~?@gsP@@?OC?O`?@@@_?O?A@?W??_??_??O??C???_??A???C???C???A????_???K????o???@_???@?????_C???W????B?????G?????O@????o?????W?????C??????_?????A??????C??????C?G????A???????_??????C???????O?_?????_???????_???????O???????C?G?????@_???????E????????K????????C????????A?C??????@_????????K?????????O?????????_@???????@_?????????o?????????C??????????_?????????A??????????C??????????C?G????????A???????????_??????????C???????????O?_?????????_???????????_???????????O???????????C?G?????????@_???????????E????????????K????????????C????????????A?C??????????@_????????????K?????????????W?????????????o?????????????o?????????????G?????????????A?G????????????O?????????????@?C????????????A?G????????????A??????????????@???????????????O@?????????????A?G?????????????G???????????????O@??????????????O@??????????????K????????????????o???????????????E????????????????E????????????????A????????????????BG????????????????w,u|eMID@WH?e@C@E?`_GG@@oC@?GB?G@?C?w@?A?G?W?_?o@??_@??o?_?K?G?@_@??F?C??C?G??K?G??E?C??@o@???C?G???o?_??@o@????_@????o?_???K?G???@_@????F?C????C?G????K?G????E?C????@o@?????C?W?????o?_????@o@??????o@??????[?_?????B_G??????GF??????@sC???????]W,4,5
104,~?@gsP@@?OC?O`?@@@_?O?A??W??_??_??O??C???_??A???C???K???C???@????G@??@_???B????B????@?????O@???E?????W?????_?????_?????O?_???K??????_?????A??????C??????C??????A?C?????_??????C???????O???????_@?????@_???????O???????C????????_@??????E????????K????????K????????A?????????_@???????K?????????o?????????_?????????_?????????O?_???????K??????????_?????????A??????????C??????????C??????????A?C?????????_??????????C???????????O???????????_@?????????@_???????????O???????????C?G??????????_@??????????E????????????K????????????K????????????A?????????????_@???????????K?????????????o?????????????_?????????????_@????????????O?_???????????A??????????????O?????????????@??????????????A?G????????????A?G????????????@???????????????O??????????????A?G?????????????G?_?????????????K???????????????K???????????????E????????????????W???????????????B????????????????B????????????????A????????????????BG????????????????w,u|eMID@WH?e@C@E?`_GG@@oC@?GB?G@?C?o@?E?G?O?_@o@??_@??o?_?K?G?@_@??F?C??C?G??K?G??E?C??@_@???M?G???O?_??@o@????_@????o?_???K?G???@_@????F?C????C?G????K?G????E?C????@_@?????M?G?????[?_?????O@??????o@??????[?_?????B_G??????GN??????@pC??????@{G,0,0
104,~?@gsP@@?OC?O`?@@@_?O?A@?W??_??_??O??C???_??A???C???C???A????_G??K????o???@_???@?????_C???W????B?????G?????O@????o?????G?????A??????O?????@??????A?G????A??????@???????O??????A?G?????G???????O???????O@??????W???????E????????o???????@????????A?G??????E????????B?????????O????????A?G???????W?????????O?????????O?????????G?????????A??????????O@????????@??????????A??????????A??????????@?C?????????O??????????A???????????G?_?????????o???????????o???????????W???????????A????????????O@??????????B????????????E????????????A????????????@?C???????????o????????????A?????????????G?????????????O?????????????O@????????????G?_???????????A??????????????O?????????????@?C????????????A?G????????????A??????????????@_??????????????W??????????????B???????????????A???????????????C@??????????????K???????????????@_???????????????W???????????????@????????????????EC???????????????C????????????????EG???????????????@g,u|eMID@WH?e@C@E?`_GG@@oC@?GB?G@?C?w@?A?G?[?_?O@??o@??W?_?E?G??w@??@?C??E?G??E?G??B_C???O@???F?G???G?_???o@????o@????W?_???F?G????O@????B?C????E?G????F?G????@?C?????w@?????A?W?????W?_?????w@??????[@??????C?_?????B_G??????M@???????S[???????^G,0,0
104,~?@gsP@@?OC?O`?@@@_?O?A@?W??_??_??O??C???_??A???C???C???A????_G??K????_???@?G??B????@?????O@???E?????W?????_?????_@????o?????C??????_?????A?C????C??????C??????A???????_??????C?G?????O???????_???????_???????O???????C?G?????@_???????A????????C?G??????K????????E????????@?????????G?G???????o????????@_????????@??????????_?_???????W?????????@??????????C??????????G?G????????G??????????C??????????@???????????G???????????_??????????@?@?????????@?@??????????_???????????G???????????@?@??????????C?C??????????W????????????K????????????E????????????@_????????????K?????????????_????????????@?@????????????o?????????????O?????????????C?G????????????O?????????????@??????????????A?G????????????A??????????????@?C?????????????O??????????????A?G?????????????K???????????????G@??????????????K???????????????E????????????????o???????????????B????????????????D????????????????AG???????????????B?????????????????k,u|eMID@WH?e@C@E?`?GW@@?CF?GA?GB?C?_@?M?G?O?_@o@??_@??w?_?C?G?@_@??E?C??G?G??[?G??E?C??@_@???G?G??@o?_??@?@???B_@????_?_???[?G???@_@????E?C????K?G????G?G????M?C????@o@?????C?G?????w?_?????w@??????O@??????[?_?????B_W??????KD???????{C???????]W,4,5
104,~?@gsP@@?OC?O`?@?@_?O?A??W??_??_??O??C@?@_??C???G???G???K???A????O???@?C??E????C????A?C???_????C?????O?_??@_????@_?????_?????G?????@?@????K??????G??????G??????C?C????@???????G?G????@_??????@???????@????????_???????G?G?????B????????C????????G????????G?G??????K????????@?????????G?G???????_????????@?????????@?@???????@_?????????W?????????@??????????C??????????G?G????????W??????????C??????????@???????????G?G?????????_??????????@?@?????????B????????????_???????????G???????????@????????????C?C??????????W????????????G????????????C?C??????????@?@???????????W?????????????o?????????????_?????????????o?????????????W?????????????E??????????????O?????????????@?C????????????A?G????????????@???????????????_??????????????G@?????????????@?G?????????????K???????????????G???????????????G@??????????????C?_??????????????o???????????????E????????????????CC???????????????K????????????????B?????????????????[,u|eMID@WH?e@C@E?`?GW@@_CB?GA?GB?C?_@?K?G?o?_@?@?B_@??_?_?[?G?@?@??K?C??W?G??[?G??C?C??B?@???W?G??@_?_??B_@???@?@???@o?_???G?G???B_@????E?C????K?G????M?G????A?K????@_@?????K?G?????o?_????@o@??????w@??????G?_?????F?G??????YB???????[S???????^G,4,4
104,~?@gsP@@?OC?O`?@?@_?O?A??W??_??_??O??C@?@_??C???G@??G???K???A????O???@????E????C????A?C???_????C?????O?????o?????_?????O?????C?G???@_?????E??????G??????G??????C?C????@???????G?G????@_??????B???????A???????@??_?????O?G?????E????????G????????O????????O????????G?C??????E?????????O????????@??_??????A?????????A?????????@??????????O?????????@??????????C??????????G?G????????W??????????K??????????@???????????G???????????_?_????????@???????????@?@?????????@_???????????W???????????B????????????K????????????W????????????G????????????C?C??????????@?????????????G?G??????????@_????????????@_?????????????_?????????????O?_???????????C??????????????_@????????????A??????????????C?G????????????C?G????????????B???????????????O??????????????A?G?????????????G?_?????????????O@??????????????W???????????????E????????????????O???????????????A@???????????????GC???????????????CG???????????????CG???????????????BC,u|eMID@WH?e@C@E?`?GW@@_CB?GB?G@?C?o@?E?G?O?_@_@?@_@??_?_?[?G?@?@??K?C??W?G??W?G??K?C??B?@???W?G??@o?_??@?@???B?@???@o?_???G?G???B_@????E?C????K?G????K?G????E?C????@_@?????K?G?????w?_?????o@??????w@??????M?_?????@oG??????F@???????NC???????Fw,0,0
104,~?@gsP@@?OC?O`?@?@_?O?A??W??_??_??O??C@?@_??C???G@??G???K???A????O???@?C??E????C????A?C???_????C?????O?????o?????_?????O?????C?G???@_?????A??????C??????C?G????A???????_@?????K???????o??????@???????@?@??????_?_?????W???????@????????C????????G?G??????W????????C????????@?@???????G?????????_????????@?????????@??????????O?????????C??????????_@????????E??????????C??????????C??????????A?C?????????_??????????C?G?????????o??????????@_??????????@_???????????o???????????K????????????_???????????A????????????C?G??????????K????????????B?????????????O????????????A?G???????????G?????????????O?????????????O?????????????G?_???????????A?G????????????o?????????????@??????????????A??????????????A?G????????????@?C?????????????W??????????????B???????????????K???????????????C???????????????C@??????????????A?_?????????????@_???????????????A@???????????????GC???????????????O????????????????WG???????????????AW,u|eMID@WH?e@C@E?`?GW@@_CB?GB?G@?C?o@?E?G?O?_@o@??_@??w?_?C?G?@_@??E?C??K?G??K?G??E?C??@_@???M?G???O?_??@o@????_@????w?_???E?G????o@????B?C????E?G????E?G????B?C?????w@?????A?G?????[?_?????O@??????w@??????M@_?????@_g??????K@???????{C???????[w,0,0
104,~?@gsP@H?OC?O`?@??_?G?B??G??OG?O??G??E???_??A?_?K???G???C?_?@????G????_C??B????A????@?????O????A?????G?????O?????W?????G?????A?G????O?????@??????A??????E??????B???????_??????C?G?????o??????@_??????@????????_?_?????G?G?????@????????C?C??????W????????W????????G????????A?@???????O????????@?????????A?????????A?????????@??????????O?????????@??????????C?C????????G??????????G?G????????C??????????@???????????K???????????o??????????@_??????????@_???????????o???????????K???????????@_???????????A????????????C?G??????????E????????????B?????????????_????????????C?G???????????O?_???????????_?????????????_?????????????O?_???????????C??????????????_@????????????A?C????????????C??????????????C?G????????????A?C?????????????_??????????????B???????????????K???????????????K???????????????A???????????????@?_??????????????K???????????????@_???????????????A????????????????EG???????????????B?????????????????s,u|eMID`GH_b@A@B?__GK@?oC@?GB?G@_C?W@?B?G?K?_?O@??o@??W?_?C?G?@_@??E?C??K?G??G?G??K?C??B?@???W?G??@o?_??@_@???@?@???@o?_???K?G???@?@????M?C????K?G????K?G????E?C????@_@?????K?G?????w?_?????oB??????_@??????{?_?????A?W??????{@???????ok??????@uG,4,5
104,~?@gsP@@?OC?O`?@?@_?O?A@?W??_??_??O??C??@_??C???G???G???C???@????G@??@_???B????B????@?????O????A?????W?????o?????_?????O?_???K??????_?????A??????C??????C??????A??????@_??????K???????_??????@???????@????????_?_?????G???????@?@??????C?C??????W????????W????????K????????B?????????O????????@??_??????A?????????A?????????B??????????o?????????A??????????G?C????????G??????????G??????????C??????????@?@?????????G???????????_??????????@_??????????@_???????????_???????????G?G?????????@????????????C?C??????????K????????????K????????????E?????????????o????????????E?????????????O?????????????_@????????????_@????????????O?????????????E??????????????O?????????????@?C????????????A??????????????A??????????????@?C?????????????O@?????????????A???????????????E???????????????G???????????????K@??????????????B????????????????o???????????????@_???????????????E????????????????D????????????????@_????????????????[,u|eMID@WH?e@C@E?`_GG@@_CB?GA?GB?C?_@?M?G?O?_@o@??_@??o?_?K?G?@_@??C?C??W?G??W?G??K?C??A?@???o?G??B??_??F?@???B_@????_?_???W?G???B_@????E?C????G?G????[?G????E?C????@_@?????K?G?????o?_????@w@??????OF??????W?_?????F_G??????GB??????@wC???????rW,0,0
104,~?@gsP@@?OC?O`?@?@_?O?A@?W??_??_??O??C??@_??C???G@??G???C???@????G???@_???B????B????@?????O????A?????K?????O?????O@????W?????E??????_?????A??????C??????C??????A??????@_??????K???????_??????@?@?????@????????_???????G???????@?@??????C????????W????????W????????K????????B?????????O????????@?????????A?????????A?????????@_?????????W?????????B??????????E??????????G??????????G?G????????C??????????@?@?????????G???????????_??????????B???????????B???????????@_???????????W???????????@????????????C????????????G?G??????????G????????????E?????????????o????????????E?????????????O?????????????_@????????????_?????????????O?_???????????E??????????????o?????????????@_?????????????A??????????????A?G????????????@?C?????????????O@?????????????A???????????????K???????????????K???????????????C???????????????A?_??????????????_???????????????@`???????????????C????????????????GG???????????????KG???????????????BO,u|eMID@WH?e@C@E?`_GG@@_CB?GB?G@?C?w@?A?G?W?_?o@??_@??o?_?K?G?@_@??C?C??W?G??W?G??K?C??B?@???O?G??B_?_??A?B???F?@???@_?_???W?G???B_@????E?C????G?G????W?G????K?C????B?@?????[?G?????g?_?????w@??????W@??????N?_??????_W??????M@???????]C???????Mw,4,5
104,~?@gsP@@?OC?O`?@?@_?O?A@?W??_??_??O??C??@_??C???G@??G???C???@????G???@_???B????B????@?????O????A?????K?????O?????O@????W?????E??????_?????A??????C??????C??????A??????@_??????K???????_??????@?@?????@????????_???????G?G?????@????????C?C??????W????????W????????K????????B?????????O????????@??_??????A?????????A?????????@_?????????O?????????A?@????????K??????????G??????????G??????????C??????????@?@?????????G???????????_??????????@_??????????@_???????????o???????????C????????????_???????????A?C??????????C?G??????????K????????????E?????????????o????????????E?????????????O?????????????_@????????????_@????????????W?????????????C??????????????_@????????????@??????????????A?G????????????A??????????????@?C?????????????O??????????????A???????????????E???????????????C???????????????E???????????????@_???????????????K???????????????@_???????????????F????????????????CO???????????????CG???????????????BC,u|eMID@WH?e@C@E?`_GG@@_CB?GB?G@?C?w@?A?G?W?_?o@??_@??o?_?K?G?@_@??C?C??W?G??W?G??K?C??B?@???O?G??B_?_??B?@???B_@????_?_???W?G???B_@????E?C????G?G????[?G????E?C????@o@?????C?G?????w?_?????w@??????W@??????M?_?????@_W??????G`??????@{C???????]o,4,5
104,~?@gsP@@?OC?O`?@?@_?O?A@?W??_??_??O??C??@_??C???G@??G???C???@????G???@_???B????B????@?????O????A?????K?????O?????O@????W?????E??????_?????A?C????C??????C??????A??????@_??????K???????_??????@?@?????@????????_???????G???????@????????C????????K????????K????????E????????@?????????G?G???????_????????@?????????@_?????????_?????????G?G???????B??????????K??????????W??????????O??????????G?C????????A?@?????????O??????????@???????????B???????????B???????????@_???????????G???????????@????????????C?C??????????G????????????G?G??????????C?????????????o????????????E?????????????O?????????????_@????????????_@????????????W?????????????C??????????????_@????????????B??????????????B??????????????B???????????????_??????????????G???????????????o??????????????@???????????????A???????????????A@??????????????@?_??????????????W???????????????B????????????????M????????????????GO???????????????GG???????????????BC,u|eMID@WH?e@C@E?`_GG@@_CB?GB?G@?C?w@?A?G?W?_?o@??o@??W?_?E?G??_@??E?C??K?G??K?G??E?C??@?@???[?G???_?_??B?@???B?@???@_?_???[?G???@_@????C?C????[?G????K?G????F?C?????_@?????M?G?????W?_?????w@??????[@??????E?_?????@CG??????^@???????MW???????NG,4,5
104,~?@gsP@@?PC?O`?@?@_?O?A??G??O??O??G??E???_??A???C???K???C???@?G??W???@_???B????A????@?????O????E?????W?????_?????_?????O?????C??????_?????A??????C??????C?G????E??????@_??????G???????_??????@?@?????@???????@_???????W???????B????????K????????W????????W????????C????????@?????????G?????????_????????B?????????@_?????????_?????????G?????????@?@????????C??????????G??????????G??????????C??????????@?@?????????W??????????@_??????????B???????????A???????????@??_?????????O?G?????????A?@??????????W????????????W????????????W????????????K????????????B?????????????G?????????????_????????????@?????????????@?@????????????_?????????????A?G????????????O?????????????@?C????????????A??????????????A?G????????????@_??????????????W??????????????B???????????????E???????????????E???????????????B????????????????o???????????????C????????????????`???????????????AC???????????????CG???????????????CG???????????????BC,u|eMID@WH_a@E@B?__GK@?oC@?GB?G@?C?o@?E?G?W?_?_@?@_@??o?_?K?G?@_@??E?C??K?G??G?G??M?C??@?@???W?G??@_?_??B_@???@?@???@_?_???W?G???B?@????K?C????W?G????W?G????K?C????B_@?????K?G?????{?_?????OB??????w@??????M?_?????@_G??????M@???????\C???????Fw,4,4
104,~?@gsP@@?PC?O`?@?@_?O?A??G??O??O??GC?E???_??A?_?C???K???C???@?G??W???@????A?G??A????@?????O????B?????G?????O?????O?????G?????A??????O?????@??????A?G????E??????B???????_??????C?G?????O??????@_??????@_???????o???????K???????@_???????C????????G?G??????G????????C????????@?@???????G?????????o????????@?????????@??????????_?????????G?????????@??????????C??????????G??????????K??????????E???????????o??????????E???????????G???????????o???????????o???????????W???????????E????????????o???????????B????????????C????????????C?G??????????A?????????????_@???????????E?????????????O?????????????_@????????????_?????????????O?_???????????C??????????????_@????????????A??????????????C?G????????????E??????????????@_??????????????G??????????????@_??????????????B???????????????B???????????????@????????????????__??????????????KG??????????????@????????????????CC???????????????GG???????????????GG???????????????Cc,u|eMID@WH_a@E@A?`_GK@?oC@_G@?G@_C?W@?B?G?G?_?o@??o@??O?_?K?G?@_@??E?C??K?G??K?G??C?C??B?@???W?G??@o?_??@?@???B?@???@_?_???W?G???A?@????[?C????[?G????M?G????A?C????@_@?????K?G?????w?_?????_B?????@o@??????[?_?????AGG??????}@???????\G???????Fg,0,0
104,~?@gsP@@?OE?O?_@_?_?GGB??G??O??O??W??C???_G?A???C???C???A?_?@_???K????_???@????@?????o????G????@?G???K?????G?????G?????C?????@??????W?????@_?????A??????A?G????@???????O??????A?G?????G?_?????o???????o???????W???????C????????_???????A????????C????????E????????A?????????_@???????A?????????G?????????O?????????O?????????G?????????E??????????o?????????B??????????C??????????C?G????????A???????????o??????????E???????????W???????????o???????????o???????????O???????????C?G??????????_???????????A????????????C?G??????????E????????????B?????????????O????????????A?????????????G?????????????O@????????????O?????????????K?????????????B??????????????G??????????????_C????????????@_?????????????@_??????????????o??????????????E???????????????_??????????????A?_?????????????C@??????????????C@??????????????B????????????????O???????????????A@???????????????GC???????????????OG???????????????CG???????????????BC,u|fIID`GH_a@E@A?`_GK@?oC@?GB_G?_C?[@?@?G?K?_?W@??O@??W?_?E?G??o@??B?C??C?G??M?G??B_C???O@???E?G???W?_???o@????_@????o?_???K?G???@_@????E?C????K?G????H?G????N?C?????oA?????E?G?????[?_?????O@??????w@??????K?_?????B_G??????L@???????NC???????Fw,0,0
104,~?@gsP@@?OC?O`?@?@_?O?A@?W??_??_??O??C??@_??C???G@??G???C???@????G@??@_???A????A?G??B?????_????C?????O?????o?????_?????O?_???K??????_?????A??????C??????C??????A?C?????_??????K???????o??????@???????@?@??????_???????G???????@?@??????C?C??????W????????W????????G????????A?@???????W????????@?????????A?????????A?????????@??????????W?????????A??????????G?C????????G??????????G??????????C??????????@?@?????????G???????????_?_????????@?@?????????B???????????@_???????????W???????????B????????????C????????????K????????????K????????????E?????????????_????????????C?G???????????G?????????????O?????????????O@????????????G?????????????B??????????????W??????????????_?????????????@??????????????@?G?????????????o??????????????K???????????????o??????????????B???????????????B???????????????B????????????????o???????????????C????????????????`???????????????B????????????????A????????????????BG????????????????w,u|eMID@WH?e@C@E?`?GW@@?CE?GE?GB?C?_@?M?G?O?_@o@??_@??o?_?K?G?@?@??M?C??G?G??W?G??K?C??B?@???W?G??@??_??F?@???B_@????_?_???W?G???B_@????C?C????[?G????K?G????E?C????@_@?????M?G?????Q?_????@w@??????WA??????M?_?????@oG??????F@???????Mc???????Bw,4,4
104,~?@gsP@@?OC?O`?@?@_?O?A@?W??_??_??O??C??@_??C???G@??G???C???@????G@??@_???A????A?G??B?????_????C?????O?????o?????_?????O?_???K??????_?????A??????C??????C??????A?C?????_??????K???????o??????@???????@?@??????_???????G???????@?@??????C?C??????W????????W????????G????????A?@???????W????????@?????????A?????????A?????????@??????????W?????????A??????????G?C????????G??????????G??????????C??????????@?@?????????G???????????_?_????????@?@?????????B???????????@_???????????W???????????B????????????C????????????K????????????K????????????E?????????????_????????????C?G???????????G?????????????O?????????????O@????????????G?????????????B??????????????W??????????????_?????????????@??????????????@?G?????????????o??????????????K???????????????o??????????????B???????????????B???????????????B????????????????_???????????????GG??????????????@@???????????????CC???????????????K????????????????E?????????????????[,u|eMID@WH?e@C@E?`?GW@@?CE?GE?GB?C?_@?M?G?O?_@o@??_@??o?_?K?G?@?@??M?C??G?G??W?G??K?C??B?@???W?G??@??_??F?@???B_@????_?_???W?G???B_@????C?C????[?G????K?G????E?C????@_@?????M?G?????Q?_????@w@??????WA??????M?_?????@?W??????[@???????wK???????yg,0,0
104,~?@gsP@@?OC?O`?@@@_?O?A@?W??_??_??O??C???_??A???C???C???A????_G??K????_???@?G??B????@?????O@???E?????W?????_?????_@????o?????C??????_?????A??????C??????C??????A???????_??????C???????O?_?????_???????_???????O?_?????C?G?????@_???????E????????G????????G?G??????K????????B?????????O????????@??_??????E?????????B?????????@??????????O?G???????@??????????C??????????G??????????G?G????????C??????????@?@?????????G???????????_??????????@???????????@?@??????????_?_?????????G???????????@_???????????E????????????K????????????C????????????A?C???????????o????????????E?????????????O?????????????_@????????????W?????????????G?????????????A?G????????????O?????????????@??????????????A?G????????????A??????????????@?C?????????????O@?????????????A???????????????K???????????????G@??????????????K???????????????E????????????????o???????????????@_???????????????D????????????????AG???????????????AG???????????????@c,u|eMID@WH?e@C@E?`?GW@@?CF?GA?GB?C?_@?M?G?O?_@o@??_@??o?_?K?G?@?@??K?C??W?G??O?G??[?C??A?@???w?G??@??_??F?@???B_@????_?_???W?G???B_@????C?C????[?G????K?G????C?C????B_@?????M?G?????O?_????@w@??????OB??????W?_?????F?G??????]@???????O{??????@yG,3,2
104,~?@gsP@@?OC?O`?@@@_?O?A@?W??_??_??O??C???_??A???C???C???A????_G??K????_???@?G??B????@?????O@???E?????W?????_?????_@????o?????C??????_?????A??????C??????C??????A???????_??????C???????O?_?????_???????_???????O?_?????C?G?????@_???????E????????G????????G?G??????K????????B?????????O????????@??_??????E?????????B?????????@??????????O?G???????@??????????C??????????G??????????G?G????????C??????????@?@?????????G???????????_??????????@???????????@????????????_?_?????????G???????????@_???????????E????????????K????????????C????????????A?C???????????o????????????E?????????????W?????????????o?????????????W?????????????K?????????????@??????????????G??????????????_C????????????@??????????????@?G?????????????_C?????????????G??????????????@???????????????C?_?????????????K???????????????K???????????????B????????????????K???????????????@_???????????????B????????????????A????????????????BG????????????????w,u|eMID@WH?e@C@E?`?GW@@?CF?GA?GB?C?_@?M?G?O?_@o@??_@??o?_?K?G?@?@??K?C??W?G??O?G??[?C??A?@???w?G??@??_??F?@???B_@????_?_???W?G???B_@????C?C????[?G????K?G????C?C????B_@?????G?W????@o?_????@G@?????Bo@??????W@??????F?G??????]@???????S[???????\G,4,5
104,~?@gsP@@?OC?O`?@@@_?O?A@?W??_??_??O??C???_??A???C???C???A????_G??K????_???@?G??B????@?????O@???E?????W?????_?????_@????o?????C??????_?????A??????C??????C??????A???????_??????C???????O?_?????_???????_???????O?_?????C?G?????@_???????E????????G????????G?G??????K????????B?????????W????????@_????????@_????????@??????????_?_???????C??????????_?????????A??????????C?G????????C??????????A?C?????????_??????????C???????????O???????????_@??????????_???????????W???????????E????????????o???????????@????????????A?G??????????B????????????@_????????????W????????????@_????????????C?????????????G@????????????G?????????????C?????????????@?G????????????G??????????????_C????????????@??????????????@???????????????_C?????????????G@?????????????@_??????????????E???????????????E???????????????B???????????????@_???????????????C????????????????`???????????????AC???????????????CG???????????????CG???????????????BC,u|eMID@WH?e@C@E?`?GW@@?CF?GA?GB?C?_@?M?G?O?_@o@??_@??o?_?K?G?@?@??K?C??W?G??O?G??[?C??A?B???w?G??@??_??F?@???B_@????_?_???W?G???B_@????C?C????[?G????K?G????D?C?????w@?????A?G?????]?_?????GB??????W@??????M?_?????@oG??????E@???????\C???????Fw,0,0
104,~?@gsP@@?OC?O`?@@@_?O?A??W??_??_??O??C???_??A???C@??K???C???@????G@??@_???A????A?G??B?????_????C?G???o?????_?????_?????O?????K??????_?????A??????C??????C??????A???????_??????C???????O?_?????_@?????@_???????o???????G???????@?@??????C?C??????W????????W????????G????????A?@???????o????????B?????????C?????????C?@???????@??????????O?G???????A??????????G??????????G??????????G??????????C??????????@?@?????????G???????????_?_????????@???????????@????????????o???????????E????????????o???????????B????????????E????????????E????????????@?????????????O@???????????B?????????????K?????????????O?????????????O@????????????G?_???????????A??????????????O@????????????@??????????????A??????????????A?G????????????@???????????????O@?????????????A?G?????????????G???????????????K???????????????E???????????????B????????????????W????????????????o???????????????B????????????????AG???????????????AG???????????????@c,u|eMID@WH?e@C@E?`?GW@@?CF?GA?GB?C?o@?E?G?O?_@o@??_@??o?_?K?G?@?@??K?C??W?G??O?G??[?C??B?@???W?G??@_?_??B?@???B_@????_?_???W?G???B_@????C?C????[?G????K?G????C?C????B_@?????M?G?????W?_?????w@??????OB??????W?_?????F?G??????]@???????O{??????@yG,4,4
104,~?@gsP@@?OC?O`?@?@_?O?A??W??_??_??O??C@?@_??C???G???G@??K???A????O???@?C??E????C????A?C???_????C?????O?_??@_?????_?????O?????C?????@_?????A??????C??????C??????A???????_@?????K???????O???????_???????_@??????o???????K???????@????????C?C??????G?G??????W????????K????????A?????????O?G??????@?????????A?????????A?@???????B??????????O?????????A?@????????G??????????O??????????G??????????C??????????@???????????G?G?????????o??????????@_???????????_???????????O???????????C?G??????????o???????????B????????????E????????????E????????????B?????????????O????????????A?G???????????G?????????????O@????????????o?????????????G?????????????A?G????????????O?????????????@?C????????????A??????????????A??????????????@?C?????????????W??????????????@???????????????E???????????????E???????????????B???????????????@_???????????????K????????????????`???????????????E????????????????CG???????????????CG???????????????Ac,u|eMID@WH?e@C@E?`?GW@@_CB?GA?GB?C?o@?E?G?O?_@o@??_@??o?_?K?G?@?@??K?C??W?G??[?G??C?C??B?@???W?G??@_?_??B?@???B_@????_?_???W?G???B_@????C?C????[?G????M?G????A?C????@_@?????M?G?????W?_?????w@??????OB??????W?_?????F?G??????]@???????O{??????@yG,4,5
104,~?@gsP@@?OC?O`?@?@_?O?A@?W??_??_??O??C@?@_??C???G???G???C???@????G@??@_???A????A?G??@?????O????A?????W?????o?????_?????O?_???K??????_?????A??????C??????C??????A?C????@_??????K???????_??????@???????@?@??????_???????G???????@????????C?C??????W????????W????????G????????A?@???????O????????@?????????A?@???????A?????????B??????????W?????????A??????????G?C????????o??????????O??????????G??????????A?@?????????O??????????@_??????????B???????????@_???????????_???????????G?G?????????@?@??????????C????????????G????????????K????????????E?????????????o????????????C?????????????O?_???????????_?????????????_@????????????O?????????????B??????????????W?????????????@_?????????????@??????????????@?G?????????????_??????????????K???????????????o??????????????B???????????????A???????????????B????????????????o???????????????K????????????????`???????????????B????????????????E????????????????AG????????????????s,u|eMID@WH?e@C@E?`?GW@@_CB?GA?GB?C?_@?M?G?O?_@o@??_@??o?_?K?G?@?@??K?C??W?G??W?G??K?C??A?@???w?G??@??_??F?@???A?@???B_?_???O?W???F?@????K?C????O?G????w?G????M?C????@_@?????M?G?????O?_????@o@??????gB??????M?_?????@_G??????N@???????MK???????Jg,0,0
104,~?@gsP@@?OC?O`?@?@_?O?A@?W??_??_??O??C@?@_??C???G???G???C???@????G@??@_???A????A?G??@?????O????A?????W?????o?????_?????O?_???K??????_?????A??????C??????C??????A?C????@_??????K???????_??????@???????@?@??????_???????G???????@?@??????C?C??????W????????W????????G????????A?@???????O????????@?????????A?????????A?????????B??????????W?????????A??????????G?C????????G??????????G??????????C??????????@?@?????????K???????????o??????????@_??????????@_???????????_???????????G?G?????????@?@??????????C????????????K????????????K????????????E?????????????_????????????C?G???????????O?????????????_?????????????_@????????????O?????????????B??????????????W??????????????_?????????????@??????????????@?G?????????????o??????????????K???????????????o??????????????B???????????????B???????????????B????????????????o???????????????C????????????????`???????????????B????????????????A????????????????BG????????????????w,u|eMID@WH?e@C@E?`?GW@@_CB?GA?GB?C?_@?M?G?O?_@o@??_@??o?_?K?G?@?@??K?C??W?G??W?G??K?C??A?@???w?G??@??_??F?@???B_@????_?_???W?G???B_@????C?C????[?G????K?G????E?C????@_@?????M?G?????Q?_????@w@??????WA??????M?_?????@oG??????F@???????Mc???????Bw,4,5
104,~?@gsP@@?OC?O`?@?@_?O?A@?W??_??_??O??C@?@_??C???G???G???C???@????G@??@_???A????A?G??@?????O????A?????W?????o?????_?????O?_???K??????_?????A??????C??????C??????A?C????@_??????K???????_??????@???????@?@??????_???????G???????@?@??????C?C??????W????????W????????G????????A?@???????O????????@?????????A?@???????A?????????B??????????W?????????A??????????G?C????????G??????????G??????????C??????????@?@?????????G???????????_?_????????B???????????@_???????????_???????????G???????????@?@??????????C????????????K????????????K????????????E?????????????_????????????C?G???????????O?????????????_@????????????_@????????????O?_???????????K??????????????o?????????????B??????????????A??????????????A??????????????@?C?????????????O??????????????A?G?????????????A?_?????????????C???????????????C@??????????????B????????????????o???????????????B????????????????B????????????????B????????????????@G????????????????s,u|eMID@WH?e@C@E?`?GW@@_CB?GA?GB?C?_@?M?G?O?_@o@??_@??o?_?K?G?@?@??K?C??W?G??W?G??K?C??A?@???w?G??@??_??F?@???B_@????_?_???W?G???B_@????C?C????W?G????W?G????M?C????@_@?????G?G????@o?_????@G@?????Bo@??????W@??????F?G??????W`??????@{C???????\o,4,4
104,~?@gsP@@?OE?O?_@_?_?GGB??G??O??O??W??C???_??A???C???C???A?_?@_???K????_???@????@????@_????W????A?????G?_???o?????O?????G?????A??????O?????B??????E??????C??????A???????_@?????C???????O???????_???????_@??????o???????K???????@_???????C????????G????????G?G??????C????????B?????????K?????????o????????@_?????????_?????????O?????????C??????????_@????????A??????????K??????????E??????????A???????????_??????????C?G?????????O???????????_???????????_@??????????o???????????K????????????o???????????A????????????C????????????C?G??????????A????????????@_????????????E?????????????W?????????????O?????????????O?????????????G?????????????A?G????????????O@????????????B??????????????B??????????????A??????????????@?C?????????????O@?????????????B???????????????K???????????????W???????????????C???????????????B????????????????O???????????????@_???????????????A????????????????EG???????????????F????????????????@o,u|fIID`GH_a@E@A?`_GK@?_CB?GA?GB_C?O@?F?G?G?_?o@??o@??O?_?K?G?@_@??E?C??G?G??[?G??C?C??B_@???G?W??@o?_??@?@???B?@???@o?_???G?G???B?@????M?C????K?G????G?G????M?C????@O@?????F?G?????G@_?????o@??????w@??????K?_?????B_G??????KB???????yC???????NW,4,5
104,~?@gsP@@?OE?O?_@_?_?GGB??G??O??O??W??C???_??A???C???C???A?_?@_???K????_???@????@????@_????W????A?????G?_???o?????O?????G?????A??????O?????B??????E??????C??????A???????_??????C???????O???????_@??????_@??????o???????K???????@_???????C????????G????????G?G??????C????????B?????????W????????@_????????A?????????A?@????????_?????????G?????????@??????????C?C????????G??????????W??????????E??????????@???????????G???????????_?_????????@???????????@?@??????????o???????????K???????????@_???????????B????????????C????????????C????????????A?C???????????_????????????K?????????????W?????????????O?????????????O@????????????G?????????????A??????????????O@????????????@?C????????????E??????????????B??????????????@???????????????O@?????????????A?G?????????????G?_?????????????W???????????????W???????????????A????????????????o???????????????A????????????????AC???????????????CG???????????????EG???????????????B_,u|fIID`GH_a@E@A?`_GK@?_CB?GA?GB_C?O@?F?G?G?_?o@??o@??O?_?K?G?@_@??E?C??G?G??W?G??K?C??A?@???w?G??@o?_??@?@???B?@???@o?_???G?G???B?@????M?C????K?G????G?G????M?C????@_@?????N?G?????G@_?????o@??????w@??????K?_?????B_G??????KB???????yC???????NW,4,5
104,~?@gsP@@?OE?O?_@_?_?G?B??G??O??O??W??C???_??A???K???G???C???@?G??W???@_???A????A????@?????o????E?????O?????_@????_?????o?????C??????_?????A??????C??????K??????E??????@???????G?G?????_??????@???????@_???????_???????G?G?????@?@??????K????????W????????W????????G????????A?????????O?G??????@?????????B?????????B?????????@??????????O?G???????A??????????C??????????G??????????G??????????C?C????????@???????????W???????????o??????????@???????????@?@??????????_?_?????????G???????????@_???????????E????????????K????????????K????????????B?????????????_????????????C?????????????O?_???????????_?????????????W?????????????G?????????????A?G????????????O@????????????@??????????????A??????????????A?G????????????@?C?????????????o??????????????B???????????????K???????????????G???????????????E???????????????B????????????????G???????????????@_???????????????B????????????????E????????????????BG???????????????@o,u|fIID`GH_a@E@A?`_GK@?_CB?GA?GB?C?o@?C?G?w?_?_@?@_@??o?_?G?G?B?@??K?C??W?G??W?G??K?C??A?@???w?G??@_?_??B_@???@?@???@_?_???[?G???@?@????K?C????[?G????K?G????F?C?????_@?????M?G?????[?_?????OF??????o@??????[?_?????B?G??????[@???????wK???????fg,4,5
104,~?@gsP@@?OE?O?_@_?_?GGB??G??O??O??W??C???_??A???C???C???A?_?@_???K????_???@????@????@_????W????A?????G?_???o?????O?????G?????A??????O?????B??????E??????C??????A?C?????_??????C???????O???????_???????_@??????o???????K???????@_???????C????????G????????G?G??????C????????@_????????K?????????_????????@?@???????B??????????_?????????G?????????@?@????????C??????????G??????????W??????????E??????????@???????????G?G?????????_??????????@???????????@????????????o???????????K????????????o???????????B????????????C????????????C????????????A?C???????????_????????????E?????????????W?????????????o?????????????o?????????????G?????????????A?G????????????O?????????????@?C????????????E??????????????B??????????????@_??????????????G??????????????@???????????????E???????????????E???????????????A???????????????@_???????????????K???????????????@_???????????????E????????????????CG???????????????Cg???????????????F?,u|fIID`GH_a@E@A?`_GK@?_CB?GA?GB_C?O@?F?G?G?_?o@??o@??O?_?K?G?@_@??E?C??K?G??K?G??C?C??B_@???G?G??@o?_??@?B???B_@????o?_???G?G???B?@????M?C????K?G????K?G????E?C????@?@?????[?G?????g@_?????w@??????W@??????K?_?????B_G??????MB???????Ws???????mG,4,5
104,~?@gsP@@?OE?O?_@_?_?GGB??G??O??O??W??C???_??A???C???C???A???@_???K????_???@????@????@_????W????A?????G?_???o?????o?????O?????C??????_?????A??????K??????K??????C??????@?@?????G???????_??????@???????@?@??????_???????G?G?????B????????K????????W????????O????????G????????A?@???????O????????@_????????B?????????A?????????@??_???????W?????????@??????????C??????????G??????????G?G????????C??????????B???????????K???????????_??????????@?@?????????@????????????_???????????G???????????@?@??????????C?C??????????W????????????W????????????E????????????@?????????????G?????????????_?_??????????@?????????????@_?????????????o?????????????K??????????????O?????????????@?C????????????A??????????????A?G????????????@?C?????????????o??????????????B???????????????K???????????????G???????????????K???????????????B????????????????G???????????????@_???????????????B????????????????E????????????????BG???????????????@o,u|fIID`GH_a@E@A?`_GK@?_CB?GA?GB_C?O@?E?G?W?_?_@?@_@??o?_?G?G?B?@??K?C??W?G??W?G??K?C??A?@???w?G??@_?_??B_@???@?@???@_?_???[?G???@?@????K?C????[?G????K?G????E?C????@_@?????G?G????@o?_????@oB??????oD??????[?_?????B?G??????[@???????wK???????rg,0,0
104,~?@gsP@@?PC?O`?@?@_?O?A??G??O??O??G??E???_??A???C@??K???C???@?G??W???@????A?G??E????A?????_????C?????o?????_?????_?????O?????C??????_?????A?C????C??????C??????A?C????@_??????K???????_??????@?@?????@?@?????@_???????W???????B????????K????????G????????G?G??????K????????@?????????G?????????_????????@??????????_?????????O?????????C??????????_?????????A??????????C?G????????C??????????A???????????_@?????????K???????????o??????????@_??????????@_???????????o???????????K???????????@_???????????E????????????C????????????C?G??????????E?????????????_????????????C?????????????O?_???????????_?????????????_@????????????O?????????????C?G????????????_?????????????B??????????????A??????????????A?G????????????@?C?????????????o??????????????B???????????????E???????????????E???????????????E???????????????@?_??????????????G???????????????@@???????????????CC???????????????GG???????????????GG???????????????BC,u|eMID@WH_a@E@A?`_GG@@_CB?GA?GB?C?o@?E?G?W?_?_@?@o@??O?_?K?G?@_@??E?C??K?G??K?G??E?C??@_@???K?G???w?_???_@???@o@????O@_???K?G???@_@????E?C????K?G????K?G????E?C????@_@?????K?G?????w?_?????g@??????[@??????E?_?????@oG??????F@???????NC???????Fw,0,0
104,~?@gsP@@?OE?O?_@_?_?G?B??G??O??O??W??C???_G?A???K???G???C???@?G??W???@_???A????A?G??@?????W????A?????G?????O?????o?????G?????A??????O?????@??????B??????A??????@?C?????O??????E???????W???????_???????_???????O?_?????K???????@_???????E????????G????????G?G??????C????????@_????????G?????????_????????@?????????@?@???????@_?????????G?????????@??????????C??????????G??????????G??????????E??????????@_??????????C???????????o??????????@_???????????_???????????W???????????E????????????o???????????B????????????E????????????C????????????A?C???????????o????????????C?????????????O?????????????_@????????????_@????????????o?????????????C??????????????_@????????????A??????????????C??????????????C?G????????????B???????????????O@?????????????E???????????????C???????????????K???????????????E???????????????B????????????????S????????????????o???????????????B????????????????AG???????????????AG???????????????@c,u|fIID`GH_a@E@A?`_GK@?oC@?GB?G@_C?O@?F?G?G?_?o@??o@??O?_?M?G??o@??B?C??C?G??K?G??E?C??@_@???G?G??@o?_??@?B???B?@???@_?_???W?G???A?@????[?C????[?G????G?G????K?C????B?@?????[?G?????g?_?????w@??????W@??????K?_?????BoG??????EB???????]C???????NW,3,3
104,~?@gsP@@?OC?O`?@?@_?O?A??W??_??_??O??C@?@_??C???G???G@??K???A????O???@?C??E????C????A?C???_????C?????O????@_?????_?????O?????C?????@_?????A??????C??????C??????A???????_@?????K???????o??????@???????@?@??????_?_?????W???????B????????G????????O????????O?G??????W????????E?????????o????????@?????????A?@???????A?????????@??????????G?????????@??????????C??????????G?G????????W??????????C??????????@???????????G???????????_??????????@?@?????????@_???????????o???????????K???????????@_???????????E????????????C????????????E????????????B?????????????o????????????E?????????????G?????????????O@????????????O?????????????G?_???????????A??????????????O@????????????@?C????????????E??????????????A??????????????@?C?????????????O??????????????A?G?????????????K???????????????K???????????????A???????????????@_???????????????K????????????????_???????????????AC???????????????EG???????????????E????????????????@c,u|eMID@WH?e@C@E?`?GW@@_CB?GA?GB?C?o@?E?G?O?_@o@??_@??o?_?K?G?@_@??E?C??K?G??K?G??E?C??@_@???K?G???o?_??@?@???B_@????_@_???W?G???B?@????K?C????[?G????K?G????E?C????@_@?????K?G?????w?_?????g@??????[@??????E?_?????@oG??????F@???????NC???????Fw,4,4
104,~?@gsP@@?OE?O?_@_?_?G?B??G??O??O??W??C???_??A?_?K???G???C???@?G??W???@_???A????A????@?????o????A?????G?????O?????o?????G?????A??????O?????@?C????E??????E??????A???????_@?????C?G?????o??????@_??????@????????_???????G?G?????B????????K????????G????????G????????C????????@?????????C?????????O?????????_?????????_@????????o?????????C??????????_?????????A??????????C?G????????K??????????E??????????@_??????????K???????????o??????????@_???????????_???????????W???????????E????????????o???????????@????????????A????????????A????????????@?????????????O@???????????A?????????????G?????????????O@????????????o?????????????G?????????????A?G????????????O@????????????B??????????????E??????????????E??????????????@_??????????????W??????????????@???????????????E???????????????A???????????????A@??????????????@????????????????OG??????????????A@???????????????GC???????????????OG???????????????w????????????????EG,u|fIID`GH_a@E@A?`_GK@?_CB?GB?G@_C?O@?F?G?G?_?o@??o@??W?_?E?G??o@??B?C??E?G??E?G??B?C???_@???M?G???O@_??@_@???@_@????o?_???K?G???@_@????E?C????K?G????K?G????F?C?????g@?????B_G?????E?_?????K@??????K@??????F?_??????oG??????F@???????NC???????Fw,4,5
104,~?@gsP@@?OE?O?_@_?_?G?B??G??O??O??W??C???_??A?_?K???G???C???@?G??W???@_???A????A????@?????o????A?????G?????O?????o?????G?????A??????O?????@?C????E??????E??????A???????_@?????C?G?????o??????@_??????@????????_???????G?G?????B????????K????????G????????G????????C????????@?????????C?????????O?????????_?????????_@????????o?????????C??????????_?????????A??????????C?G????????K??????????E??????????@_??????????K???????????o??????????@_???????????_???????????W???????????E????????????o???????????@????????????A????????????A?G??????????@?????????????O@???????????A?????????????G?????????????O@????????????o?????????????G?????????????A??????????????O@????????????B??????????????B??????????????@_??????????????o??????????????C???????????????o??????????????B???????????????A???????????????A@??????????????@?_??????????????OG??????????????B????????????????K????????????????GG???????????????GG???????????????@c,u|fIID`GH_a@E@A?`_GK@?_CB?GB?G@_C?O@?F?G?G?_?o@??o@??W?_?E?G??o@??B?C??E?G??E?G??B?C???_@???M?G???O@_??@_@???@_@????o?_???K?G???@_@????E?C????K?G????K?G????F?C?????g@?????B?G?????K?_?????W@??????[@??????F?_??????oG??????F@???????MK???????Ng,0,0
104,~?@gsP@@?OC?O`?@@@_?O?A??W??_??_??O??C???_??A???C@??K???C???@????G@??@_???A????A?G??B?????_????C?G???o?????_?????_?????O?????K??????_?????A??????C??????C??????A???????_@?????C???????O???????_@?????@_???????o???????G???????@????????C?C??????W????????W????????K????????B?????????G?????????_?_??????B?????????@??????????_?_???????G?????????@?@????????K??????????G??????????G??????????C??????????@???????????G???????????_?_????????@???????????@????????????_?_?????????K????????????_???????????B????????????E????????????E????????????B?????????????o????????????B?????????????K?????????????G?????????????G@????????????C?_???????????B??????????????G??????????????_C????????????@??????????????@???????????????_C?????????????G??????????????@?G?????????????A???????????????E???????????????B???????????????@_???????????????K????????????????o???????????????B????????????????AG???????????????AG???????????????@c,u|eMID@WH?e@C@E?`?GW@@?CF?GA?GB?C?o@?E?G?O?_@o@??_@??o?_?K?G?@_@??E?C??M?G??C?G??E?C??@_@???K?G???o?_??@?@???B_@????_@_???W?G???B?@????K?C????W?G????[?G????C?K????B?@?????[?G?????w?_?????g@??????[@??????E?_?????@gG??????B@???????NC???????Fw,0,0
104,~?@gsP@@?OE?O?_@_?_?GGB??G??O??O??W??C???_G?A???C???C???A?_?@_???K????_???@????@?????o????G????@?G???K?????G?????G?????C?????@??????W?????@_?????A??????A?G????@?C?????O??????A???????G?_?????o???????o???????W???????C????????_???????A????????C????????A????????@?C???????o????????A?????????G?????????O?????????O?????????G?????????E??????????o?????????B??????????E??????????A??????????@_??????????W??????????B???????????K???????????W???????????O???????????G?_?????????A????????????O???????????@????????????A?G??????????E????????????@?????????????O????????????A?????????????G?_???????????O?????????????W?????????????K?????????????B??????????????G??????????????o?????????????@_?????????????@_??????????????W??????????????C???????????????_G?????????????A?_?????????????E???????????????E???????????????@????????????????OG??????????????A@???????????????GC???????????????K????????????????E?????????????????[,u|fIID`GH_a@E@A?`_GK@?oC@?GB_G?_C?[@?@?G?K?_?W@??O@??W?_?E?G??o@??B?C??F?G??A?G??B_C???OB???E?G???W?_???o@????_@????o?_???K?G???@_@????E?C????M?G????D?G????@_C?????W@?????B_G?????C?_?????[@??????K@??????E?_?????@oG??????EB???????]C???????NW,0,0
104,~?@gsP@@?OC?O`?@?@_?O?A@?W??_??_??O??C??@_??C???G???G???C???@????G@??@_???B????B????@?????O????A?????W?????o?????_?????O?_???K??????_?????A??????C??????C??????A??????@_??????K???????_??????@???????@?@??????_???????G???????@????????C?C??????W????????W????????K????????B?????????O????????@??_??????A?????????A?????????B??????????W?????????A??????????G?C????????o??????????O??????????G??????????A???????????O??????????@??_????????A???????????B???????????@_???????????O???????????A?@??????????G?C??????????O?G??????????O????????????K????????????B?????????????W????????????@_????????????@_????????????@??????????????_?_???????????G?G???????????@??????????????@?C????????????A?G????????????E??????????????@???????????????O??????????????A?G?????????????G?_?????????????O???????????????K???????????????@????????????????W???????????????B????????????????B????????????????F????????????????B?????????????????s,u|eMID@WH?e@C@E?`_GG@@_CB?GA?GB?C?_@?M?G?O?_@o@??_@??o?_?K?G?@_@??C?C??W?G??W?G??K?C??A?@???w?G??@??_??F?@???A?@???B_?_???O?W???E?@????W?C????w?G????O?G????[?C????B?@?????W?G????@o?_????@o@??????g@??????K?_?????BoG??????CF???????{C???????]W,4,4
104,~?@gsP@@?OC?O`?@?@_?O?A@?W??_??_??O??C??@_??C???G@??G???C???@????G???@_???B????B????@?????O????A?????K?????O?????O@????W?????E??????_?????A??????C??????C??????A??????@_??????K???????_??????@?@?????@????????_???????G???????@????????C?C??????W????????W????????K????????B?????????O????????@??_??????A?????????A?????????@_?????????O?????????A?@????????W??????????o??????????O??????????G??????????A???????????O??????????@??_????????A???????????B???????????@_???????????W???????????@????????????C????????????G????????????G?G??????????C?C??????????B?????????????W????????????@_????????????@_????????????@??????????????_?_???????????G?G???????????@_?????????????E??????????????K??????????????A??????????????@?C?????????????O??????????????A?G?????????????G?_?????????????O???????????????K???????????????A????????????????o???????????????B????????????????B????????????????F????????????????B?????????????????s,u|eMID@WH?e@C@E?`_GG@@_CB?GB?G@?C?w@?A?G?W?_?o@??_@??o?_?K?G?@_@??C?C??W?G??W?G??K?C??B?@???O?G??B_?_??A?@???E?@???B_?_???O?G???E?@????W?C????w?G????O?G????[?C????B?@?????[?G?????_?_????B_@?????@?B?????@w?_?????E?W??????{@???????ak??????BwG,4,5
104,~?@gsP@@?OC?O`?@?@_?O?A@?W??_??_??O??C??@_??C???G@??G???C???@????G@??@_???A????A?G??B?????_????C?????O?????o?????_?????O?_???K??????_?????A??????C?G????C??????A???????_??????K???????o??????@???????@?@??????_???????G???????@????????C?C??????W????????G????????C?C??????B?????????W????????@?????????A?@???????A?????????@??????????W?????????A??????????G?C????????o??????????O??????????G?C????????A?@?????????O??????????@???????????A?@?????????A???????????@_???????????W???????????B????????????C????????????G????????????G????????????C?C???????????_????????????C?G???????????o?????????????o?????????????_?????????????O?_???????????C?G????????????o?????????????B??????????????E??????????????B???????????????_??????????????G@?????????????@?G?????????????C???????????????E???????????????A???????????????@????????????????OG??????????????A@???????????????E????????????????M????????????????E?????????????????s,u|eMID@WH?e@C@E?`?GW@@?CE?GE?GB?C?_@?M?G?O?_@o@??_@??w?_?C?G?@_@??E?C??G?G??W?G??K?C??B?@???W?G??@??_??F?@???A?@???B_?_???[?G???@?@????K?C????[?G????G?G????M?C????@_@?????M?G?????O?_????@o@??????_B??????{?_?????A?W??????{@???????ak??????BwG,4,5
104,~?@gsP@@?OC?O`?@?@_?O?A@?W??_??_??O??C??@_??C???G@??G???C???@????G@??@_???B????B????@?????O????A?????K?????O?????O@????W?????A??????O?????@??????A??????A??????B???????o??????C???????O?_?????_???????_???????O???????C?G?????@_???????E????????K????????K????????C????????@?@???????G?????????_????????@_????????@??????????_?_???????W?????????@??????????C??????????G??????????G??????????C?C????????@???????????K???????????o??????????@???????????@?@??????????_???????????G???????????@_???????????E????????????K????????????K????????????B?????????????_????????????C?G???????????O?_???????????_?????????????o?????????????W?????????????E??????????????O?????????????@??????????????A?G????????????A?G????????????@???????????????K??????????????@_??????????????A???????????????E???????????????E????????????????o???????????????K????????????????o???????????????B????????????????B????????????????@_????????????????[,u|eMID@WH?e@C@E?`_GG@@_CB?GB?G@?C?w@?A?G?[?_?O@??o@??W?_?E?G??_@??E?C??K?G??K?G??E?C??@?@???[?G???_?_??B_@???@?B???@_?_???W?G???B_@????C?C????[?G????K?G????E?C????@_@?????G?G????@o?_????@OB??????o@??????]?_?????@?W??????]@???????[K???????Ug,4,5
104,~?@gsP@@?OC?O`?@?@_?O?A@?W??_??_??O??C??@_??C???G@??G???C???@????G@??@_???B????B????@?????O????A?????K?????O?????O@????W?????A??????O?????@??????A??????A??????B???????o??????C???????O?_?????_???????_???????O???????C?G?????@_???????E????????K????????K????????C????????@?????????G?????????_????????@_????????@??????????_?_???????W?????????@??????????C??????????G??????????G??????????C?C????????@???????????W??????????@_??????????B???????????B????????????_???????????G???????????@_???????????E????????????K????????????K????????????B?????????????_????????????C?G???????????O?????????????_@????????????o?????????????W?????????????E??????????????O?????????????@??????????????A?G????????????A?G????????????@???????????????W??????????????@_??????????????A???????????????E???????????????E????????????????o???????????????G???????????????@@???????????????EC???????????????K????????????????E????????????????@K,u|eMID@WH?e@C@E?`_GG@@_CB?GB?G@?C?w@?A?G?[?_?O@??o@??W?_?E?G??_@??E?C??K?G??K?G??E?C??@?@???[?G???_?_??B_@???@?B???@_?_???W?G???B_@????C?C????W?G????W?G????K?C????B_@?????G?G????@o?_????@OB??????o@??????]?_?????@?W??????[@???????{C???????Uw,4,5
104,~?@gsP@@?OC?O`?@@@_?O?A@?W??_??_??O??C???_??A???C???C???A????_G??K????_???@?G??B????@?????O@???E?????W?????_?????_@????o?????C??????_?????A??????C??????C??????A???????_??????C???????O???????_???????_???????O???????C?G?????@_???????E????????G????????G?G??????K????????B?????????W????????@_????????B?????????B?????????@_?????????W?????????@??????????C??????????G??????????G?G????????C??????????@?@?????????G???????????_??????????@???????????@????????????_?_?????????G???????????@_???????????E????????????K????????????C????????????A?C???????????o????????????E?????????????W?????????????o?????????????W?????????????K?????????????@??????????????G??????????????_C????????????@??????????????@?G?????????????_C?????????????G??????????????@???????????????C?_?????????????K???????????????K???????????????B????????????????K???????????????@_???????????????B????????????????A????????????????BG????????????????w,u|eMID@WH?e@C@E?`?GW@@?CF?GA?GB?C?_@?M?G?O?_@o@??_@??o?_?K?G?@?@??K?C??W?G??O?G??[?C??A?B???o?G??B??_??C?@???M?@???A?@_??@o?G???C?B????o?C???@o?G????_?G????w?C????E?@?????g?G????@_?_????B_@?????@S@??????E?_?????@oG??????F`???????E[???????NG,4,5
104,~?@gsP@@?OC?O`?@@@_?O?A@?W??_??_??O??C???_??A???C???C???A????_G??K????_???@?G??B????@?????O@???E?????W?????_?????_@????o?????C??????_?????A??????C??????C??????A???????_??????C???????O?_?????_???????_???????O???????C?G?????@_???????E????????G????????G?G??????K????????B?????????O????????@??_??????E?????????B?????????@_?????????W?????????@??????????C??????????G??????????G?G????????C??????????@?@?????????G???????????_??????????@???????????@????????????_?_?????????G???????????@_???????????E????????????K????????????C????????????A?C???????????o????????????E?????????????W?????????????o?????????????W?????????????K?????????????@??????????????G??????????????_C????????????@??????????????@?G?????????????_C?????????????G??????????????@???????????????C?_?????????????K???????????????K???????????????B????????????????K???????????????@_???????????????B????????????????A????????????????BG????????????????w,u|eMID@WH?e@C@E?`?GW@@?CF?GA?GB?C?_@?M?G?O?_@o@??_@??o?_?K?G?@?@??K?C??W?G??O?G??[?C??A?@???w?G??@??_??F?@???A?B???B_?_???O?W???E?@????[?C????O?G????w?G????K?C????A?@?????w?G????@?@_????F?@?????Ag@??????K?_?????B_G??????N@???????I[???????NG,4,5
104,~?@gsP@@?OC?O`?@?@_?O?A@?W??_??_??O??C@?@_??C???G???G???C???@????G@??@_???A????A?G??@?????O????A?????W?????o?????_?????O?_???K??????_?????A??????C??????C??????A?C????@_??????K???????_??????@???????@?@??????_???????G???????@????????C?C??????W????????W????????K????????@?????????G?????????_????????@?@???????B??????????o?????????K?????????@_?????????A??????????C??????????C??????????A???????????_@?????????K???????????o???????????_???????????_???????????O?_?????????C????????????o???????????B????????????E????????????E????????????@?????????????O@???????????A?????????????G?_???????????o?????????????W?????????????K?????????????@??????????????G??????????????_?????????????@?G????????????@_??????????????O??????????????C???????????????_G?????????????B???????????????E???????????????E???????????????@????????????????WG??????????????B????????????????E????????????????CG???????????????E?????????????????k,u|eMID@WH?e@C@E?`?GW@@_CB?GA?GB?C?_@?M?G?O?_@o@??_@??o?_?K?G?@_@??E?C??K?G??K?G??C?C??B_@???G?G??@o?_??@?B???B_@????_@_???W?G???B?@????K?C????W?G????W?G????M?C????@?@?????[?G?????i?_?????K@??????K@??????E?_?????@oG??????F@???????G{???????}G,4,5
104,~?@gsP@@?OC?O`?@@@_?O?A??W??_??_??O??C???_??A???C@??K???C???@????G@??@_???A????A?G??B?????_????C?G???o?????_?????_?????O?????K??????_?????A??????C??????C??????A???????_??????C???????O?_?????_@?????@_???????o???????G???????@????????C?C??????W????????W????????G????????A?@???????o????????B?????????C?????????C?@???????@??????????O?G???????A??????????G?C????????o??????????O??????????G??????????A???????????O?G????????@???????????A?@?????????A???????????@????????????W???????????@_???????????A????????????E????????????E????????????B?????????????O????????????A?G???????????K?????????????W?????????????O?????????????G?_???????????A?G????????????O@????????????B??????????????A??????????????A??????????????@?C?????????????O??????????????A?G?????????????G?_?????????????O???????????????C@??????????????B????????????????o???????????????B????????????????B????????????????B????????????????@G????????????????s,u|eMID@WH?e@C@E?`?GW@@?CF?GA?GB?C?o@?E?G?O?_@o@??_@??o?_?K?G?@?@??K?C??W?G??O?G??[?C??B?@???W?G??@_?_??B?@???A?@???B_?_???O?W???E?@????[?C????O?G????w?G????K?C????A?@?????w?G????@o?_????@o@??????g@??????K?_?????B_G??????N@???????G{???????}G,4,5
104,~?@gsP@@?OC?O`?@?@_?O?A@?W??_??_??O??C@?@_??C???G???G???C???@????G@??@_???A????A?G??@?????O????A?????W?????o?????_?????O?_???K??????_?????A??????C??????C??????A?C????@_??????K???????_??????@???????@????????_???????G???????@????????C?C??????W????????W????????G????????A?@???????O????????@?????????A?@???????A?????????B??????????o?????????E??????????W??????????o??????????O??????????G??????????A???????????O?G????????@_??????????B???????????@_???????????_???????????G?G?????????@????????????C?C??????????G????????????K????????????E????????????@_????????????C?????????????O?_???????????_?????????????_@????????????O?????????????E??????????????W?????????????@_?????????????@??????????????@???????????????_C?????????????K???????????????o??????????????A???????????????C@??????????????C@??????????????B????????????????o???????????????B????????????????CC???????????????G????????????????EG???????????????@W,u|eMID@WH?e@C@E?`?GW@@_CB?GA?GB?C?_@?M?G?O?_@o@??_@??o?_?K?G?@?@??K?C??W?G??W?G??K?C??A?@???o?G??B??_??C?@???M?@???A?@_??@o?G???C?B????o?C???@o?G????_?G????w?C????F?@?????W?G????@_?_????B_@?????@S@??????E?_?????@oG??????F`???????E[???????NG,4,5
104,~?@gsP@@?OC?O`?@?@_?O?A??W??_??_??O??C@?@_??C???G???G@??K???A????O???@?C??E????C????A?C???_????C?????O?_??@_?????_?????O?????C?????@_?????A??????C??????C??????A???????_@?????K???????O???????_???????_@??????o???????K???????@????????C????????G?G??????W????????K????????A?????????O?G??????@?????????A?????????A?@???????B??????????O?????????A?@????????G??????????O?G????????o??????????G??????????A???????????O??????????@??_????????B???????????B????????????_???????????G???????????@?@??????????E????????????C????????????E????????????B?????????????o????????????A?????????????G?_???????????O?????????????O@????????????W?????????????A??????????????O@????????????@?C????????????E??????????????A??????????????@???????????????O@?????????????B???????????????C???????????????K???????????????A???????????????@_???????????????W???????????????@_???????????????AC???????????????M????????????????E????????????????@S,u|eMID@WH?e@C@E?`?GW@@_CB?GA?GB?C?o@?E?G?O?_@o@??_@??o?_?K?G?@?@??K?C??W?G??[?G??C?C??B?@???W?G??@_?_??B?@???A?@???B_?_???O?W???E?@????[?C????O?G????w?G????M?C????@?@?????W?G????@o?_????@o@??????g@??????K?_?????B_G??????N@???????G{???????}G,4,4
104,~?@gsP@@?OC?O`?@?@_?O?A@?W??_??_??O??C@?@_??C???G???G???C???@????G@??@_???A????A?G??@?????O????A?????W?????o?????_?????O?_???K??????_?????A??????C??????C??????A?C????@_??????K???????_??????@???????@?@??????_???????G???????@????????C?C??????W????????W????????G????????A?@???????O????????@?????????A?@???????A?????????B??????????W?????????B??????????K??????????G??????????G??????????C??????????@?@?????????K???????????o???????????o???????????_???????????O???????????C?G??????????_???????????A????????????C?G??????????K????????????E?????????????_????????????C?G???????????O?????????????_@????????????_?????????????o?????????????E??????????????o?????????????@??????????????A??????????????A??????????????@?C?????????????W??????????????@_??????????????C???????????????K???????????????E???????????????B????????????????o???????????????B????????????????CC???????????????H????????????????[????????????????@W,u|eMID@WH?e@C@E?`?GW@@_CB?GA?GB?C?_@?M?G?O?_@o@??_@??o?_?K?G?@?@??K?C??W?G??W?G??K?C??A?@???w?G??@??_??F?@???A?B???B_?_???O?G???E?@????[?C????O?G????w?G????M?C????@_@?????G?G????@o?_????@OB??????w@??????GD_?????E?G??????w@??????@wC???????pw,4,5
104,~?@gsP@@?OC?O`?@?@_?O?A@?W??_??_??O??C@?@_??C???G???G???C???@????G@??@_???A????A?G??@?????O????A?????W?????o?????_?????O?_???K??????_?????A??????C??????C??????A?C????@_??????K???????_??????@???????@?@??????_???????G???????@????????C?C??????W????????W????????G????????A?@???????O????????@?????????A?????????A?????????B??????????W?????????B??????????K??????????G??????????G??????????C??????????@?@?????????K???????????o??????????@_??????????@_???????????_???????????G?G?????????@?@??????????C????????????K????????????K????????????E?????????????_????????????C?G???????????O?????????????_?????????????_@????????????O?????????????B??????????????W??????????????_?????????????@??????????????@?G?????????????o??????????????K???????????????o??????????????B???????????????B???????????????B????????????????o???????????????C????????????????`???????????????B????????????????A????????????????BG????????????????w,u|eMID@WH?e@C@E?`?GW@@_CB?GA?GB?C?_@?M?G?O?_@o@??_@??o?_?K?G?@?@??K?C??W?G??W?G??K?C??A?@???w?G??@??_??F?@???A?B???B_?_???O?W???E?@????[?C????O?G????w?G????K?C????B?@?????W?G????@o?_????@S@??????K@??????F?_??????wG??????B`???????Fc???????Bw,4,5
104,~?@gsP@@?OC?O`?@?@_?O?A@?W??_??_??O??C@?@_??C???G???G???C???@????G@??@_???A????A?G??@?????O????A?????W?????o?????_?????O?_???K??????_?????A??????C??????C??????A?C????@_??????K???????_??????@???????@?@??????_???????G???????@????????C?C??????W????????W????????G????????A?@???????O????????@?????????A?@???????A?????????B??????????W?????????B??????????K??????????G??????????G??????????C??????????@?@?????????G???????????_?_????????B???????????@_???????????_???????????G???????????@?@??????????C????????????K????????????K????????????E?????????????_????????????C?G???????????O?????????????_@????????????_@????????????O?_???????????K??????????????o?????????????B??????????????A??????????????A??????????????@?C?????????????O??????????????A?G?????????????A?_?????????????C???????????????C@??????????????B????????????????o???????????????B????????????????B????????????????B????????????????@G????????????????s,u|eMID@WH?e@C@E?`?GW@@_CB?GA?GB?C?_@?M?G?O?_@o@??_@??o?_?K?G?@?@??K?C??W?G??W?G??K?C??A?@???w?G??@??_??F?@???A?B???B_?_???O?W???E?@????[?C????O?G????o?G????W?C????F?@?????W?G????@??_????F?@?????Ag@??????K?_?????B_G??????KP???????}C???????No,4,5
104,~?@gsP@@?OE?O?_@_?_?GGB??G??O??O??W??C???_??A???C???C???A?_?@_???K????_???@????@????@_????W????A?????G?_???o?????O?????G?????A??????O?????B??????E??????C??????A???????_@?????C???????O???????_???????_@??????o???????K???????@_???????C????????G?G??????G????????C????????B?????????K?????????o????????@_?????????_?????????O?????????C??????????_@????????A??????????E??????????E??????????A???????????_??????????C?G?????????O???????????_???????????_@??????????o???????????K????????????o???????????A????????????C?G??????????C?G??????????A????????????@_????????????E?????????????W?????????????O?????????????O?????????????G?????????????A?G????????????O??????????????o?????????????@??????????????@?G?????????????_C?????????????K??????????????@_??????????????E???????????????E???????????????E???????????????@????????????????K????????????????_???????????????AC???????????????CG???????????????EG???????????????B_,u|fIID`GH_a@E@A?`_GK@?_CB?GA?GB_C?O@?F?G?G?_?o@??o@??O?_?K?G?@_@??E?C??G?G??[?G??C?C??B_@???G?W??@o?_??@?@???B?@???@o?_???G?G???B_@????E?C????K?G????G?G????M?C????@O@?????F?G?????G@_?????o@??????w@??????G?_?????F_G??????KB???????yC???????NW,4,5
104,~?@gsP@@?OE?O?_@_?_?GGB??G??O??O??W??C???_??A???C???C???A?_?@_???K????_???@????@????@_????W????A?????G?_???o?????O?????G?????A??????O?????B??????E??????C??????A???????_@?????C???????O???????_???????_@??????o???????K???????@_???????C????????G?G??????G????????C????????B?????????K?????????o????????@_?????????_?????????O?????????C??????????_@????????A??????????E??????????E??????????A???????????_??????????C?G?????????O???????????_???????????_@??????????o???????????K????????????o???????????A????????????C?G??????????C????????????A????????????@_????????????E?????????????W?????????????O?????????????O?????????????G?????????????A?G????????????O@????????????@_?????????????B??????????????A??????????????@_??????????????G??????????????@?G?????????????K???????????????W???????????????C???????????????A?_??????????????_G??????????????C_???????????????w????????????????G????????????????KG???????????????@g,u|fIID`GH_a@E@A?`_GK@?_CB?GA?GB_C?O@?F?G?G?_?o@??o@??O?_?K?G?@_@??E?C??G?G??[?G??C?C??B_@???G?W??@o?_??@?@???B?@???@o?_???G?G???B_@????E?C????K?G????G?G????M?C????@OB?????F?G?????G?_?????o@??????w@??????M?_?????@_G??????KP???????mC???????No,0,0
104,~?@gsP@@?OE?O?_@_?_?GGB??G??O??O??W??C???_??A???C???C???A???@_???K????_???@????@????@_????W????A?????G?_???o?????o?????O?????C??????_?????A??????K??????K??????C??????@???????G?G?????_??????@???????@????????_???????G?G?????B????????K????????W????????O????????G?C??????A?????????O????????B?????????B?????????B?????????@_?????????W?????????@??????????C??????????G??????????G?G????????C??????????@_??????????K???????????_??????????@?@?????????@?@??????????_???????????G???????????@?@??????????C?C??????????W????????????W????????????E????????????@?????????????G?G???????????_????????????@??????????????o?????????????W?????????????@??????????????G??????????????_?????????????@?G????????????@?G?????????????o??????????????K??????????????@_??????????????B???????????????E???????????????E????????????????_???????????????GG??????????????@@???????????????E????????????????C????????????????EG????????????????w,u|fIID`GH_a@E@A?`_GK@?_CB?GA?GB_C?O@?E?G?W?_?_@?@_@??o?_?G?G?B?@??K?C??W?G??O?G??[?C??A?@???w?G??@?@_??E?@???F?@???@??_???o?G???F?@????G?C????w?G????W?G????K?C????B_@?????I?G?????]?_?????GB??????W@??????M?_?????@oG??????E@???????\C???????Fw,4,4
104,~?@gsP@@?OE?O?_@_?_?GGB??G??O??O??W??C???_??A???C???C???A???@_???K????_???@????@????@_????W????A?????G?_???o?????o?????O?????C??????_?????A??????K??????K??????C??????@?@?????G???????_??????@???????@????????_???????G?G?????B????????K????????W????????O????????G????????A?@???????O????????@_????????B?????????B?????????@_?????????W?????????@??????????C??????????G??????????G?G????????C??????????B???????????K???????????_??????????@?@?????????@????????????_???????????G???????????@?@??????????C?C??????????W????????????W????????????E????????????@?????????????G?????????????_?_??????????@?????????????@_?????????????o?????????????K??????????????O?????????????@?C????????????A??????????????A?G????????????@?C?????????????o??????????????B???????????????K???????????????G???????????????K???????????????B????????????????G???????????????@_???????????????B????????????????E????????????????BG???????????????@o,u|fIID`GH_a@E@A?`_GK@?_CB?GA?GB_C?O@?E?G?W?_?_@?@_@??o?_?G?G?B?@??K?C??W?G??W?G??K?C??A?@???w?G??@?@_??E?@???F?@???@??_???o?G???F?@????G?C????o?G????w?G????K?C????B?@?????W?G????@O?_????@w@??????WB??????M?_?????@_G??????M@???????[K???????Zg,4,4
104,~?@gsP@@?OE?O?_@_?_?GGB??G??O??O??W??C???_G?A???C???C???A???@_???K????_???@????@?????o????G????@?G???K?????W?????O?????G?_???A??????O?????B??????E??????C??????A?C?????_??????C???????O?_?????_???????_???????W???????E????????_???????A????????C????????C????????B?????????_????????C?G???????W?????????o?????????_?????????O?_???????C??????????_?????????E??????????K??????????K??????????E???????????_??????????C???????????O?_?????????_???????????_???????????W???????????E????????????_???????????A?C??????????C????????????C????????????B?????????????o????????????B?????????????K?????????????O?????????????O@????????????G?_???????????A??????????????W?????????????@_?????????????B??????????????@???????????????_C?????????????G??????????????@?G?????????????B???????????????C???????????????C@??????????????A?_??????????????o???????????????B????????????????E????????????????CG???????????????B?????????????????k,u|fIID`GH_a@E@A?`_GK@?oC@?GB_G?_C?W@?B?G?K?_?W@??O@??W?_?E?G??o@??B?C??C?G??M?G??B?C???o@???E?G???W?_???o@????_@????o?_???K?G???@_@????F?C????C?G????M?G????B?K?????o@?????E?G?????[?_?????O@??????w@??????K?_?????B_G??????J@???????NC???????Fw,4,2
104,~?@gsP@@?OC?O`?@@@_?O?A??W??_??_??O??C???_??A???C@??K???C???@?G??G???@_???A????A?G??B?????_????C?G???o?????_?????_?????O?????E??????_?????A??????C?G????C??????A???????_??????C???????O?_?????_@?????@_???????o???????G???????@?@??????C?C??????W????????G????????C?C??????B?????????W????????@?????????A?@???????@??????????_?????????G?????????@??????????A??????????C??????????C?G????????A???????????_@?????????C???????????O???????????o???????????o???????????W???????????E????????????o???????????B????????????A????????????A?G??????????@_????????????W????????????A?????????????G?_???????????O@????????????O?????????????G?????????????A?G????????????O?????????????@?C????????????A??????????????A?G????????????@???????????????O@?????????????@_??????????????E???????????????E???????????????A???????????????@?_??????????????W???????????????@_???????????????A????????????????EG???????????????B?????????????????s,u|eMID@WH?e@C@E?`?GW@@?CF?GA?GB?C?o@?E?G?W?_?o@??_@??w?_?C?G?@_@??E?C??G?G??[?G??E?C??@_@???K?G???o?_??@o@????_@????w?_???C?G???@o@????B?C????C?G????M?G????B?C?????o@?????E?G?????[?_?????OB??????w@??????G@_?????F?G??????WB??????@wC???????tW,3,2
104,~?@gsP@@?OC?O`?@?@_?O?A??W??_??_??O??C@?@_??C???G@??G???K???A????O@??@????E????C????A?C???_????C?????O?????o?????_?????O?_???C??????o?????A??????C??????C??????A???????_@?????K???????o??????@???????@?@??????_???????K???????@????????C?C??????G?G??????W????????K????????A?????????O?G??????@?????????A?????????A?????????@??????????W?????????A??????????G?C????????O??????????G??????????C??????????@?@?????????G???????????o??????????@_??????????@_???????????o???????????K????????????_???????????B????????????E????????????E????????????@_????????????O????????????A?G???????????G?????????????O?????????????O@????????????K?????????????A??????????????O@????????????@??????????????A?G????????????A?G????????????@???????????????W??????????????B???????????????E???????????????C???????????????E????????????????o???????????????G???????????????@@???????????????CC???????????????KG???????????????H????????????????EC,u|eMID@WH?e@C@E?`?GW@@_CB?GB?G@?C?o@?E?G?W?_?o@??_@??o?_?K?G?@?@??K?C??W?G??W?G??K?C??B?@???O?G??B_?_??B?@???B_@????_?_???[?G???@_@????C?C????[?G????K?G????E?C????@o@?????C?G?????w?_?????w@??????[@??????E?_?????@AG??????[@???????{K???????^_,3,2
104,~?@gsP@@?OC?O`?@?@_?O?A??W??_??_??O??C??@_??C???G@??G???K???A????O@??@????E????C????A?C??@_????G?????_?_??@?????@_?????_?????G?G???@??????E??????G??????G??????C?C????@???????G???????_??????@_??????@????????_?_?????G???????@_???????C????????G?G??????G?G??????K????????@?????????G?G??????@_????????B?????????A?????????@??_???????O?G???????B??????????G??????????O?G????????O??????????C??????????@???????????G?G?????????_??????????@?@?????????@????????????_???????????C????????????_@??????????A????????????E????????????E????????????B?????????????O????????????A?G???????????K?????????????W?????????????W?????????????E?????????????@??????????????G@?????????????_C????????????@??????????????@?G?????????????_??????????????G@?????????????@???????????????C?_?????????????G@??????????????G???????????????B????????????????O???????????????A@???????????????K????????????????E????????????????F?????????????????w,u|eMID@WH?e@C@E?`?GW@@?CE?GE?GB?C?_@?K?G?o?_@_@?@_@??_?_?[?G?@?@??K?C??W?G??O?G??[?C??B?@???W?G??@??_??F?@???B?@???@o?_???G?G???B_@????C?C????[?G????K?G????C?C????Bo@?????E?W?????O?_????@o@??????w@??????GB_?????F?G??????OR??????B_C??????BWW,4,5
104,~?@gsP@@?OC?O`?@?@_?O?A??W??_??_??O??C@?@_??C???G@??G???K???A????O@??@????E????C????A?C???_????C?????O?????o?????_?????O?_???C??????o?????A??????C??????C?G????A???????_@?????K???????o??????@???????@?@??????_???????K???????@????????C?C??????G?G??????W????????C????????@?@???????G?????????_????????@?????????@??????????o?????????G?????????@?@????????C??????????C??????????C??????????A?C?????????o??????????E???????????W???????????o???????????_???????????O?_?????????C????????????o???????????B????????????E????????????A????????????@?C???????????O????????????A?????????????G?_???????????O?????????????W?????????????G?????????????A?G????????????O@????????????@??????????????A?G????????????B??????????????@_??????????????K??????????????@_??????????????A???????????????B???????????????@????????????????__??????????????GG??????????????@@???????????????E????????????????K????????????????CG????????????????s,u|eMID@WH?e@C@E?`?GW@@_CB?GB?G@?C?o@?E?G?W?_?o@??_@??w?_?C?G?@_@??E?C??K?G??K?G??E?C??@?@???[?G???o?_??@o@????_@????w?_???C?G???@o@????B?C????E?G????E?G????B?C?????_@?????M?G?????[?_?????OF??????w@??????G?_?????F?G??????[B???????wS???????fG,3,2
104,~?@gsP@@?OC?O`?@?@_?O?A??W??_??_??O??C@?@_??C???G@??G???K???A????O@??@????E????C????A?C???_????C?????O?????o?????_?????O?_???C??????o?????A??????C??????C?G????A???????_@?????K???????o??????@???????@?@??????_???????K???????@????????C?C??????G?G??????W????????C????????@?@???????G?????????_????????@?????????@??????????o?????????G?????????@?@????????C??????????C??????????C??????????A?C?????????o??????????E???????????W???????????o???????????o???????????G???????????B????????????W???????????@_???????????@????????????@?G???????????_????????????G????????????@?????????????E?????????????G?????????????G@????????????C?????????????@??????????????G@?????????????o?????????????@_?????????????@_??????????????o??????????????C???????????????o??????????????B???????????????A???????????????A@??????????????@?_??????????????O???????????????B@???????????????K????????????????K????????????????B?????????????????[,u|eMID@WH?e@C@E?`?GW@@_CB?GB?G@?C?o@?E?G?W?_?o@??_@??w?_?C?G?@_@??E?C??K?G??K?G??E?C??@?@???[?G???o?_??@o@????_@????w?_???C?G???@o@????B?C????E?G????F?G????@?C?????w@?????B_G?????C?_?????[@??????GB??????M?_?????@_W??????M@???????Qk??????@wG,2,2
104,~?@gsP@@?OC?O`?@?@_?O?A@?W??_??_??O??C@?@_??C???G@??G???C???@????G???@_???A????A?G??@?????O????A?????K?????O?????O@????W?????E??????_?????A??????C?G????C??????A?C????@_??????K???????_??????@?@?????@????????_???????G???????@????????C?C??????W????????G????????C?C??????@?????????G?????????_????????@?@???????@_?????????_?????????G?G???????B??????????K??????????G??????????G??????????C?C????????@???????????G?G????????@_??????????B???????????@????????????_?_?????????G?G?????????@????????????C????????????G?G??????????G?G??????????K????????????@?????????????G?G???????????_????????????@?????????????@??????????????_?_???????????C??????????????_@????????????E??????????????A??????????????B???????????????o??????????????K??????????????@_??????????????B???????????????A???????????????B???????????????@_???????????????GG??????????????@????????????????CC???????????????KG???????????????K????????????????@c,u|eMID@WH?e@C@E?`?GW@@_CB?GB?G@?C?w@?A?G?W?_?o@??_@??w?_?C?G?@_@??E?C??K?G??K?G??E?C??@?@???[?G???_?_??B?@???B_@????_?_???[?G???@?B????K?C????W?G????W?G????M?C????@_@?????M?G?????O?_????@w@??????SB??????F?_??????oG??????F@???????MC???????Jw,4,5
104,~?@gsP@@?OC?O`?@?@_?O?A@?W??_??_??O??C@?@_??C???G@??G???C???@????G???@_???A????A?G??@?????O????A?????K?????O?????O@????W?????E??????_?????A??????C?G????C??????A?C????@_??????K???????_??????@?@?????@????????_???????G???????@????????C?C??????W????????G????????C?C??????@?????????G?????????_?_??????@?????????@_?????????o?????????K?????????@_?????????A??????????C??????????C?G????????A???????????_@?????????K???????????W???????????_???????????_@??????????O???????????C????????????_???????????A?C??????????K????????????C????????????A?C???????????_????????????C?????????????O?_???????????_?????????????o?????????????W?????????????E??????????????O?????????????@_?????????????@??????????????@?G????????????@_??????????????K??????????????@_??????????????A???????????????E???????????????E???????????????@?_??????????????O???????????????B????????????????E????????????????K????????????????BG???????????????@o,u|eMID@WH?e@C@E?`?GW@@_CB?GB?G@?C?w@?A?G?W?_?o@??_@??w?_?C?G?@_@??E?C??K?G??K?G??E?C??@?@???[?G???_@_??B?@???B_@????_?_???[?G???@?B????K?C????W?G????[?G????E?C????@_@?????I?G?????W?_?????w@??????SB??????E?_?????@_G??????M@???????[K???????Zg,3,2
104,~?@gsP@@?OC?O`?@?@_?O?A@?W??_??_??O??C??@_??C???G@??G???C???@????G???@_???A????A?G??B?????_????C?????O?????o?????_?????O?_???K?????@_?????C??????G??????G?G????C??????@?@?????G??????@_??????B???????A???????@??_?????O???????A????????G????????O????????O?G??????W????????A?????????O?G??????@_????????A?????????A?????????@??_???????O?????????B??????????K??????????W??????????W??????????C??????????@???????????G?G?????????_??????????@?@?????????@???????????@_???????????K???????????@????????????C?C??????????G????????????G????????????C?C??????????@?@???????????W?????????????o?????????????o?????????????_?????????????O?????????????C?G????????????_?????????????B??????????????E??????????????@???????????????_??????????????G@?????????????@?G?????????????C?_?????????????W???????????????K???????????????E????????????????o???????????????E????????????????AC???????????????E????????????????B?????????????????[,u|eMID@WH?e@C@E?`?GW@@?CE?GE?GB?C?_@?M?G?O?_@_@?@_@??_?_?[?G?@?@??M?C??G?G??W?G??K?C??B?@???W?G??@??_??F?@???A?B???B??_???w?G???A?@????[?C????[?G????G?G????K?C????B_@?????K?G?????o?_????@O@??????{@??????C@_?????BoG??????EB???????[C???????\W,4,5
104,~?@gsP@@?OC?O`?@?@_?O?A@?W??_??_??O??C@?@_??C???G???G???C???@????G???@_???A????A?G??@?????O????A?????W?????o?????_?????O?_???K?????@_?????C??????G??????G?G????C??????@?@?????W??????@_??????A???????A?@?????@????????O???????A????????G????????O????????O?G??????W????????A?????????O?G??????@?????????A?????????A?@???????@??????????W?????????B??????????K??????????W??????????W??????????C??????????@???????????G?G?????????_??????????@?@?????????B????????????o???????????G???????????@?@??????????C????????????G????????????G????????????C?C??????????@?@???????????W?????????????_????????????@?@???????????@??????????????_?????????????G?G???????????@?@????????????E??????????????K??????????????K??????????????@???????????????W??????????????@_??????????????E???????????????A???????????????A@??????????????@?_??????????????W???????????????B????????????????CC???????????????K????????????????B?????????????????[,u|eMID@WH?e@C@E?`?GW@@_CB?GA?GB?C?_@?M?G?O?_@_@?@_@??_?_?[?G?@?@??K?C??W?G??W?G??K?C??B?@???W?G??@??_??F?@???A?B???B??_???w?G???A?@????[?C????O?W????o?G????W?C????F?@?????W?G????@_?_????B?@?????A_@??????{?_?????A_W??????M@???????]C???????Mw,4,5
104,~?@gsP@@?OC?O`?@@@_?O?A@?W??_??_??O??C???_??A???C???C???A????_???K????o???@_???@?????_C???W????B?????G?????O@????o?????W?????C??????_?????A??????C??????C?G????A???????_??????C???????O???????_???????_???????O???????C?G?????@_???????E????????K????????C????????A?C??????@_????????K?????????o????????@_????????@_?????????o?????????C??????????_?????????A??????????C??????????C?G????????A???????????_@?????????C???????????O???????????_???????????_???????????O?_?????????C?G?????????@_???????????E????????????K????????????C????????????A?C???????????o????????????E?????????????W?????????????o?????????????G?????????????C?????????????@?G????????????G??????????????_C????????????@??????????????@?G?????????????_??????????????G@?????????????@_??????????????E???????????????E???????????????A???????????????@?_??????????????W???????????????@_???????????????A????????????????EG???????????????B?????????????????s,u|eMID@WH?e@C@E?`_GG@@oC@?GB?G@?C?w@?A?G?W?_?o@??_@??o?_?K?G?@_@??F?C??C?G??K?G??E?C??@?@???[?G???_@_??B?@???B_@????_?_???W?G???B?@????K?C????[?G????K?G????E?C????@_@?????I?G?????]?_?????GB??????[@??????E?_?????@oG??????E@???????\C???????Fw,4,5
104,~?@gsP@@?OC?O`?@?@_?O?A??W??_??_??O??C@?@_??C???G@??G???K???A????O???@????E????C????A?C???_????C?????O?????o?????_?????O?_???C?????@_?????E??????G??????G??????C?C????@???????G?G????@_??????B???????A???????@??_?????O???????B????????G????????O????????O????????G?C??????E?????????O????????@??_??????A?????????A?????????@??_???????O?????????B??????????G??????????O?G????????O?G????????W??????????E???????????O??????????@???????????A?@?????????A???????????@??_?????????o???????????B????????????G????????????O?G??????????O?G??????????C????????????@?????????????G?G???????????_?_??????????B?????????????@??????????????_?_???????????G?????????????@??????????????C?C????????????G??????????????E??????????????B???????????????G??????????????@_??????????????B???????????????E???????????????B???????????????@_???????????????K???????????????@_???????????????AC???????????????E????????????????B?????????????????[,u|eMID@WH?e@C@E?`?GW@@_CB?GB?G@?C?o@?E?G?O?_@_@?@_@??_?_?[?G?@?@??K?C??W?G??W?G??K?C??B?@???O?G??B_?_??B?@???A?@???B??_???w?G???A?@????[?C????O?W????o?G????W?C????F?@?????W?G????@_?_????Bo@??????_B??????{?_?????A_W??????M@???????[C???????Yw,4,5
104,~?@gsP@@?OC?O`?@?@_?O?A@?W??_??_G?O??C@?@_??C???G???G???C???@????G????_???@?G??@?????_????G????B?????K?????O?????O@????W?????E??????_?????A?C????C??????C?G????E??????@_??????G???????_??????@???????@?@??????_???????G???????@????????C????????G????????G?G??????C????????@?@???????G?????????_????????B?????????B??????????_?????????G?G???????B??????????K??????????W??????????O??????????G?C????????A???????????O?G????????@_??????????B???????????A???????????@????????????O?G?????????A?@??????????G????????????O????????????O????????????G?C??????????A?????????????O????????????@??_??????????A?????????????A?@???????????@??_???????????O?????????????E??????????????E??????????????K??????????????K??????????????B???????????????o??????????????B???????????????B???????????????C???????????????E???????????????@????????????????OG??????????????A@???????????????G????????????????WG???????????????Go???????????????M?,u|eMID@WH?e@E@A?`_GK@?oC@?GB?G@?C?w@?A?G?W?_?o@??o@??O?_?K?G?@_@??E?C??K?G??G?G??K?C??B?@???[?G???_?_??B?@???B?@???@_?_???W?G???A?@????W?C????w?G????W?G????K?C????A?@?????w?G????@o?_????@?F?????B?@?????@o?_?????M?G??????b@??????FoC???????fo,0,0
104,~?@gsP@@?PC?O`?@?@_?O?A??G??O??O??G??E???_??A???C@??K???C???@?G??W???@_???B????A????@?????O????E?????G?????O?????O?????G?????A??????O?????@??????A??????E??????B???????_??????C???????O?_????@_??????@_???????_???????G?G?????B????????K????????W????????W????????G????????A?@???????O????????@??_??????E?????????A?????????@??????????O?G???????A??????????G??????????O??????????O??????????G?C????????A???????????O??????????@_??????????@???????????@_???????????o???????????E????????????_???????????A?C??????????K????????????K????????????B?????????????o????????????C?????????????O?_???????????_@???????????@_?????????????O?????????????C?G????????????_@????????????A??????????????C?G????????????C??????????????A?C?????????????_??????????????C?G?????????????G???????????????W???????????????C???????????????A?_??????????????o???????????????B????????????????E????????????????M????????????????AO???????????????@c,u|eMID@WH_a@E@B?__GK@?oC@?GB?G@_C?W@?B?G?G?_?o@??o@??W?_?C?G?@_@??E?C??K?G??G?G??K?C??B?@???W?G??@_?_??B?@???A?@???B??_???w?G???B?@????G?C????w?G????[?G????C?C????B_@?????M?G?????W?_?????o@??????o@??????[?_?????B?W??????]@???????Pk??????@{G,4,4
104,~?@gsP@H?OC?O`?@??_?G?B??G??O??O??G??E???_??A?_?K???G???C?_?@????W???@_???B????A????@?????O????A?????G?????O?????W?????G?????A??????O?????@??????A??????E??????B???????_??????C?G?????o??????@_??????@????????_?_?????G???????B????????K????????W????????W????????G????????A?@???????O????????@??_??????A?????????A?@???????@??????????O?G???????B??????????G??????????O??????????O??????????G?C????????A???????????O??????????@_??????????@???????????@?@??????????o???????????C????????????_@??????????A????????????K????????????K????????????B?????????????o????????????C?????????????O?_???????????_@????????????_?????????????O?_???????????C?G????????????o?????????????A??????????????C?G????????????C??????????????A?C?????????????_??????????????C?G?????????????G???????????????O@??????????????K???????????????A????????????????o???????????????B????????????????E????????????????F????????????????AO???????????????@c,u|eMID`GH_a@E@B?__GK@?oC@?GB?G@_C?W@?B?G?G?_?o@??o@??W?_?C?G?@_@??E?C??K?G??G?G??K?C??B?@???W?G??@_?_??B?@???A?@???B??_???w?G???B?@????G?C????w?G????[?G????C?C????B_@?????M?G?????W?_?????o@??????o@??????[?_?????B?W??????]@???????Pk??????@{G,0,0
104,~?@gsP@H?OC?O`?@??_?G?B??G??O??O??GC?E???_??A?_?K???G???C?_?@????W???@????A?G??A????@?????O????A?????G?????O?????W?????G?????A?G????O?????@??????A?G????E??????B???????o??????E???????W???????_???????_@??????O???????E????????_???????A?C??????C????????C????????A?????????_????????C?????????O?????????_?????????o?????????O?????????C?G????????_?????????B??????????E??????????E??????????B???????????o??????????E???????????W???????????_???????????_@??????????O?_?????????E????????????_???????????A?C??????????C????????????C????????????A?C???????????_????????????C?????????????O?_???????????_?????????????O?????????????G?_???????????A??????????????W?????????????@_?????????????@_?????????????@_??????????????W??????????????E???????????????W??????????????@???????????????A@??????????????A@??????????????@?_??????????????O???????????????A@???????????????GC???????????????OG???????????????OG???????????????BC,u|eMID`GH_a@E@A?`_GK@?oC@?GB?G@_C?W@?B?G?K?_?W@??O@??W?_?E?G??o@??B?C??E?G??E?G??B?C???o@???E?G???W?_???o@????_@????w?_???E?G????o@????B?C????E?G????E?G????B?C?????w@?????B?G?????K?_?????O@??????w@??????M@_?????@_g??????M@???????[C???????[w,4,4
104,~?@gsP@H?OC?O`?@??_?G?B??G??O??O??GC?E???_??A?_?K???G???C???@????W???@????A?G??A????@?????O????A?????G?????O@????o?????W?????C??????_?????A?C????C??????C?G????E??????@_??????G???????_?_????B???????@????????_???????G???????@?@??????K????????G????????G?G??????C????????@?@???????G?????????_?_??????@?????????@??????????_?_???????W?????????B??????????C??????????G??????????G?G????????C??????????@?@?????????K???????????O???????????_@?????????@_???????????O???????????C?G??????????_???????????A?C??????????K????????????C????????????A?C???????????_????????????C?G???????????O?_???????????_?????????????_?????????????O?_???????????E??????????????O?????????????@??????????????A?G????????????A??????????????@?C?????????????K??????????????@_??????????????A???????????????E@??????????????E???????????????@????????????????OG??????????????B????????????????C????????????????GG???????????????EG???????????????@o,u|eMID`GH_a@E@A?`_GK@?oC@?GB?G@_C?O@?E?G?W?_?_@?@o@??O?_?K?G?@_@??E?C??K?G??G?G??K?C??B_@???G?G??@_?_??B_@???@?@???@o?_???G?G???B?@????M?C????M?G????C?G????E?C????@o@?????E?G?????[?_?????OB??????w@??????G@_?????E?G??????{@???????o[??????@tG,4,4
104,~?@gsP@H?OC?O`?@??_?G?B??G??O??O??G??E???_??A?_?K???G???C???@????W???@_???B????A????@?????O????A?????G?????O@????o?????W?????C??????_@????A??????C??????C??????E??????@_??????K???????o???????_???????_???????O???????C????????o???????B????????E????????C????????A?????????_????????C?????????O?????????_@???????@_?????????o?????????K?????????@??????????C?C????????G?G????????G??????????C?C????????B???????????W??????????@_??????????B???????????@????????????_?_?????????G???????????@????????????C????????????E????????????A????????????@?????????????O????????????A?G???????????G?????????????O@????????????W?????????????K?????????????B??????????????W??????????????_C????????????B??????????????B???????????????o??????????????C???????????????_G?????????????A?_?????????????C???????????????A@??????????????@????????????????OG??????????????A@???????????????GC???????????????K????????????????E?????????????????[,u|eMID`GH_a@E@B?__GK@?oC@?GB?G@_C?O@?E?G?W?_?o@??o@??W?_?C?G?@_@??E?C??K?G??K?G??F?C???_@???K?G???o?_??@_@???@o@????W?_???E?G????o@????B?C????E?G????F?G????@_C?????W@?????B?G?????M?_?????K@??????K@??????F?_??????wG??????B`???????FC???????Fw,4,4
104,~?@gsP@H?OC?O`?@??_?G?B??G??O??O??GC?E???_??A?_?K???G???C???@????W???@????A?G??A????@?????O????A?????G?????O@????o?????W?????C??????_?????A??????C??????C?G????E??????@_??????K???????o???????_???????_???????O???????C?G?????@_???????E????????G????????G?G??????C????????@?????????G?????????_????????@?????????@?@???????@_?????????W?????????@??????????C??????????G?G????????G??????????E??????????@_??????????K???????????o??????????@_???????????_???????????O?_?????????C????????????_@??????????E????????????E????????????C????????????A?C???????????_????????????C?????????????O?_???????????_?????????????_@????????????W?????????????A??????????????O@????????????@?C????????????A??????????????B??????????????@_??????????????K???????????????_??????????????A?_?????????????C@??????????????B???????????????@????????????????OG??????????????A@???????????????GC???????????????OG???????????????K????????????????AK,u|eMID`GH_a@E@A?`_GK@?oC@?GB?G@_C?O@?E?G?W?_?_@?@_@??o?_?G?G?B?@??K?C??W?G??W?G??K?C??B_@???G?G??@_?_??B_@???@?@???@o?_???K?G???@?@????M?C????K?G????K?G????E?C????@o@?????E?G?????[?_?????[@??????K@??????C?_?????B_G??????MB???????[S???????^G,4,5
104,~?@gsP@H?OC?O`?@??_?G?B??G??O??O??GC?E???_??A?_?K???G???C???@????W???@????A?G??A????@?????O????A?????G?????O?????o?????W?????C??????_?????A?C????C??????C?G????E??????@_??????K???????o??????@_??????@????????_???????G???????@?@??????K????????G????????G?G??????C????????@?????????G?????????_????????@?????????@?@????????_?????????W?????????B??????????C??????????G??????????G?G????????E??????????@_??????????K???????????o??????????@_???????????o???????????O???????????C?G??????????_???????????A?C??????????K????????????C????????????A?C???????????_????????????C?????????????O?????????????_@????????????_@????????????O?????????????E??????????????O?????????????@??????????????A?G????????????B??????????????@_??????????????W???????????????o??????????????A???????????????E@??????????????E???????????????@????????????????OG??????????????A@???????????????K????????????????G????????????????EG????????????????w,u|eMID`GH_a@E@A?`_GK@?oC@?GB?G@_C?O@?E?G?W?_?_@?@o@??O?_?K?G?@_@??E?C??K?G??K?G??E?C??@_@???G?G??@_?_??B_@???@?@???@o?_???G?G???B_@????E?C????K?G????K?G????F?C?????o@?????E?G?????[?_?????OB??????w@??????G@_?????F?G??????WB??????@wC???????tW,4,5
104,~?@gsP@@?OC?O`?@?@_?O?A??W??_??_??O??C@?@_??C???G@??G???K???A????O???@????E????C????A?C???_????C?????O?????o?????_?????O?????C?G???@_?????E??????G??????G??????C?C????@???????G?G????@_??????B???????A???????@??_?????O?G?????E????????G????????O????????O????????G?C??????E?????????O????????@??_??????A?????????A?????????@??????????O?G???????@??????????C??????????G?G????????W??????????K??????????@???????????G???????????_?_????????@_??????????@_???????????o???????????E????????????o???????????@????????????A?G??????????A????????????@?C???????????o????????????A?????????????G?_???????????O?????????????O?????????????G?_???????????A??????????????O@????????????@_?????????????@??????????????@???????????????_C?????????????K??????????????@_??????????????B???????????????A???????????????B@??????????????@_???????????????G???????????????@@???????????????CC???????????????GG???????????????GG???????????????BC,u|eMID@WH?e@C@E?`?GW@@_CB?GB?G@?C?o@?E?G?O?_@_@?@_@??_?_?[?G?@?@??K?C??W?G??W?G??K?C??B?@???W?G??@o?_??@?@???B?@???@o?_???G?G???B_@????C?C????[?G????K?G????F?C?????o@?????F?G?????K?_?????[@??????GB??????M?_?????@?W??????[@???????wK???????yg,4,5
104,~?@gsP@H?OC?O`?@??_?G?B??G??O??O??GC?E???_??A?_?K???G???C???@????W???@????A?G??A????@?????O????A?????G?_???O?????o?????W?????C??????_@????A??????C??????C?G????E??????@_??????G???????_?_????@_??????@????????_???????G?G?????@????????E????????G????????G?G??????C????????@?@???????G?????????_????????@?????????@?@????????_?_???????W?????????@_?????????C??????????G?G????????G??????????C??????????@?@?????????K???????????o??????????@???????????@?@??????????O???????????C????????????_@??????????A????????????E????????????C????????????A?C???????????_????????????C?G???????????O?????????????_?????????????o?????????????W?????????????B??????????????O?????????????@?C????????????A?G????????????B???????????????o??????????????K??????????????@_??????????????A???????????????C@??????????????C@??????????????@????????????????OG??????????????A@???????????????GC???????????????W????????????????E?????????????????[,u|eMID`GH_a@E@A?`_GK@?oC@?GB?G@_C?O@?E?G?W?_?o@??o@??O?_?K?G?@_@??E?C??K?G??G?G??M?C??@_@???G?G??@o?_??@_@???@_@????o?_???G?G???B?@????M?C????K?G????K?G????C?C????Bo@?????C?W?????w?_?????o@??????w@??????G?_?????F_G??????KB???????sS???????^G,4,4
104,~?@gsP@H?OC?O`?@??_?G?B??G??O??O??G??E???_??A?_?K???G???C???@????W???@????A?G??E????A?????_????C?????O?????_@????_?????o?????K?????@??????C??????G?G????G??????C?C????@???????W??????@_??????A???????A?@?????@_???????O???????A????????G?C??????O????????o????????G????????A?@???????W????????@?????????A?@???????A?????????@??????????O?????????A?@????????G?C????????o??????????W??????????G??????????A???????????O?G????????@???????????A?@?????????A???????????@_???????????W???????????A????????????G?C??????????G????????????G????????????C?C??????????@?@???????????W?????????????_????????????@?@???????????@_?????????????_?????????????G?G???????????@?@????????????C??????????????K??????????????K??????????????@???????????????W??????????????@???????????????C?_?????????????G@??????????????E???????????????B????????????????W???????????????B????????????????CC???????????????E????????????????B?????????????????[,u|eMID`GH_a@E@A?`_GG@@_CB?GA?GB?C?o@?C?G?o?_@_@?@?@?@o?_?G?G?B_@??C?C??W?G??W?G??K?C??A?@???w?G??@_?_??A?@???F?@???@_?_???O?G???F?@????G?K????w?G????O?G????[?C????B?@?????W?G????@??_????F_@?????@?B?????@w?_?????D?W??????[@???????{C???????Yw,4,5
104,~?@gsP@H?OC?O`?@??_?G?B??G??OG?O??G??E???_??A?_?K???G???C???@????G????_C??B????A????@?????O????A?????G?_???O?????o?????W?????C??????_@????A??????C??????C??????E??????@_??????G???????_?_????@_??????@????????_???????G???????@?@??????E????????K????????K????????C????????@?@???????G?????????_????????@?????????@?@????????_?_???????W?????????B??????????C??????????G?G????????G??????????C??????????@???????????K???????????o??????????@???????????@?@??????????O???????????C????????????_???????????A?C??????????E????????????E????????????B?????????????_????????????C?G???????????O?_???????????_?????????????o?????????????W?????????????E??????????????O?????????????@?C????????????A??????????????A??????????????@?C?????????????K??????????????@_??????????????A???????????????E???????????????B???????????????@_???????????????K????????????????o???????????????B????????????????AG???????????????AG???????????????@c,u|eMID`GH_b@A@B?__GK@?oC@?GB?G@_C?O@?E?G?W?_?o@??o@??W?_?C?G?@_@??E?C??K?G??G?G??M?C??@_@???G?G??@_?_??B_@???@_@????o?_???K?G???@?@????M?C????K?G????K?G????C?C????Bo@?????C?W?????o?_????@o@??????oB??????W?_?????E?G??????{@???????sK???????Zg,4,4
104,~?@gsP@@?OC?O`?@?@_?O?A??W??_??_??O??C??@_??C???G@??G???K???A????O@??@????E????E????B?????_????C?????O?????o?????_?????O?_???C??????o?????A??????C?G????C??????A???????_??????K???????o??????@???????@?@??????_???????K???????@????????C?C??????G????????K????????E????????@_????????G?????????_????????@?@???????@??????????o?????????G?????????@?@????????C??????????K??????????G??????????C?C????????@?@?????????G???????????_??????????B???????????@_???????????_???????????G?G?????????@????????????E????????????G????????????G?G??????????C?????????????o????????????E?????????????O?????????????_?????????????_@????????????O?????????????E??????????????o?????????????@??????????????B??????????????B???????????????_C?????????????G??????????????B???????????????E???????????????K???????????????E???????????????A????????????????_G??????????????B@???????????????GO???????????????W????????????????K?????????????????[,u|eMID@WH?e@C@E?`_GG@@_CB?GB?G@?C?o@?E?G?W?_?o@??o@??W?_?E?G??_@??E?C??K?G??K?G??E?C??@?@???[?G???o?_??@_@???@_@????w?_???E?G????_@????E?C????M?G????E?G????B?C?????_@?????M?G?????W@_?????o@??????{@??????C@_?????B?G??????[@???????wK???????lg,4,5
104,~?@gsP@@?OC?O`?@?@_?O?A??W??_??_??O??C@?@_??C???G@??G???K???A????O@??@????E????C????A?C???_????C?????O?????o?????_?????O?????C??????o?????A??????C??????C?G????A???????_@?????K???????o??????@???????@?@??????_???????W???????B????????G????????O?G??????O?G??????W????????A?????????O?G??????@?????????A?????????A?????????@??????????W?????????A??????????G?C????????O??????????O??????????C??????????@???????????G?G?????????o??????????@_??????????@_???????????o???????????K????????????_???????????B????????????E????????????E????????????B?????????????O????????????A?G???????????G?????????????O?????????????O@????????????K?????????????A??????????????O@????????????@??????????????A?G????????????A??????????????@?C?????????????W??????????????B???????????????E???????????????C???????????????E???????????????@_???????????????K????????????????_???????????????BC???????????????E????????????????AG???????????????@c,u|eMID@WH?e@C@E?`?GW@@_CB?GB?G@?C?o@?E?G?W?_?o@??_@??w?_?C?G?@_@??E?C??K?G??K?G??E?C??@?@???W?G??@_?_??B?@???B_@????_?_???[?G???@?@????M?C????K?G????K?G????F?C?????_@?????M?G?????W?_?????w@??????OB??????[?_?????B_G??????N@???????G{???????yG,4,5
104,~?@gsP@@?OC?O`?@@@_?O?A??W??_??_??O??C???_??A???C@??K???C???@?G??G???@_???A????A?G??B?????_????C?G???o?????_?????_?????O?????E??????_?????A??????C?G????C??????A???????_??????C???????O?_?????_@?????@_???????o???????G???????@?@??????C?C??????W????????G????????C?C??????B?????????W????????@?????????A?@???????@??????????_?????????G?????????@??????????A??????????C??????????C?G????????A???????????_@?????????C???????????O???????????o???????????o???????????W???????????E????????????o???????????B????????????A????????????A?G??????????@_????????????W????????????A?????????????G?_???????????O@????????????O?????????????G?????????????A?G????????????O?????????????@?C????????????A??????????????A?G????????????@???????????????O@?????????????@_??????????????E???????????????E???????????????B????????????????o???????????????E????????????????O???????????????@C???????????????AG???????????????AG???????????????@c,u|eMID@WH?e@C@E?`?GW@@?CF?GA?GB?C?o@?E?G?W?_?o@??_@??w?_?C?G?@_@??E?C??G?G??[?G??E?C??@_@???K?G???o?_??@o@????_@????w?_???C?G???@o@????B?C????C?G????M?G????B?C?????o@?????E?G?????[?_?????OB??????w@??????M?_?????@_G??????N@???????LK???????Fg,4,5
104,~?@gsP@@?OC?O`?@?@_?O?A??W??_??_??O??C@?@_??C???G@??G???K???A????O@??@????E????C????A?C???_????C?????O?????o?????_?????O?_???C??????o?????A??????C??????C?G????A???????_@?????K???????o??????@???????@?@??????_???????K???????@????????C?C??????G????????W????????C????????@?@???????G?????????_????????@?????????@??????????o?????????G?????????@?@????????C??????????K??????????G??????????C?C????????@?@?????????G???????????_?_????????B???????????B???????????@_???????????W???????????@????????????E????????????G????????????G?G??????????C?????????????o????????????A?????????????G?????????????O?????????????O@????????????K?????????????A??????????????O@????????????@?C????????????B??????????????B???????????????_C?????????????W??????????????B???????????????E???????????????C???????????????A???????????????@?_??????????????GG??????????????@@???????????????C????????????????KG???????????????K?????????????????s,u|eMID@WH?e@C@E?`?GW@@_CB?GB?G@?C?o@?E?G?W?_?o@??_@??w?_?C?G?@_@??E?C??K?G??K?G??E?C??@?@???[?G???o?_??@_@???@_@????w?_???E?G????o@????B?C????E?G????F?G????@?C?????w@?????B?G?????K?_?????[@??????K@??????E?_?????@wG??????AB???????]C???????NW,4,5
104,~?@gsP@@?OC?O`?@?@_?O?A??W??_??_??O??C??@_??C???G@??G???K???A????O@??@????E????C????A?C??@_????G?????_?_??@?????@_?????_?????G?G???@??????E??????G??????G??????C?C????@???????G???????_??????@_??????@????????_?_?????G???????@_???????C????????G?G??????G?G??????K????????@?????????G?G??????@_????????B?????????A?????????@??_???????O?G???????B??????????G??????????O?G????????O??????????C??????????@???????????G?G?????????_??????????@?@?????????@????????????_???????????C????????????_@??????????A????????????E????????????E????????????B?????????????O????????????A?G???????????K?????????????W?????????????W?????????????E?????????????@??????????????G@?????????????_C????????????@??????????????@?G?????????????_??????????????G@?????????????@???????????????C?_?????????????G@??????????????G???????????????B????????????????W???????????????@_???????????????@_???????????????B????????????????@G????????????????s,u|eMID@WH?e@C@E?`?GW@@?CE?GE?GB?C?_@?K?G?o?_@_@?@_@??_?_?[?G?@?@??K?C??W?G??O?G??[?C??B?@???W?G??@??_??F?@???B?@???@o?_???G?G???B_@????C?C????[?G????K?G????C?C????Bo@?????E?W?????O?_????@o@??????w@??????GB_?????F?G??????[@???????uC???????Hw,4,5
104,~?@gsP@@?OC?O`?@?@_?O?A??W??_??_??O??C@?@_??C???G@??G???K???A????O@??@????E????C????A?C???_????C?????O?????o?????_?????O?_???C??????o?????A??????C??????C?G????A???????_@?????K???????o??????@???????@?@??????_???????K???????@????????C?C??????G?G??????W????????C????????@?@???????G?????????_????????@?????????@??????????o?????????G?????????@?@????????C??????????C??????????C??????????A?C?????????o??????????E???????????W???????????o???????????o???????????G???????????B????????????W???????????@_???????????@????????????@?G???????????_????????????G????????????@?????????????E?????????????G?????????????G@????????????C?????????????@??????????????G@?????????????o?????????????@_?????????????@_??????????????o??????????????C???????????????o??????????????B???????????????B???????????????@????????????????_???????????????KG??????????????@_???????????????A????????????????EG???????????????E?????????????????s,u|eMID@WH?e@C@E?`?GW@@_CB?GB?G@?C?o@?E?G?W?_?o@??_@??w?_?C?G?@_@??E?C??K?G??K?G??E?C??@?@???[?G???o?_??@o@????_@????w?_???C?G???@o@????B?C????E?G????F?G????@?C?????w@?????B_G?????C?_?????[@??????M@??????B?_??????wG??????AR???????]C???????NO,4,5
104,~?@gsP@@?OC?O`?@?@_?O?A??W??_??_??O??C@?@_??C???G???G???K???A????O@??@????E????C????A?C???_????C?????O?_??@_????@_?????_?????G?G???@??????E??????G??????G??????C?C????@???????G?G????@_??????@???????@????????_???????G???????@_???????C????????G?G??????G?G??????K????????@?????????G?G???????_????????@?????????@?@???????@_?????????W?????????B??????????G??????????O?G????????O??????????C??????????@???????????G?G?????????_??????????@?@?????????B????????????_???????????G???????????@????????????C?C??????????G????????????K????????????E????????????@_????????????E?????????????G?????????????W?????????????W?????????????K?????????????@_?????????????G??????????????_C????????????@?G????????????@???????????????_C?????????????G@?????????????B???????????????C???????????????G@??????????????G@??????????????C????????????????o???????????????@????????????????E????????????????B????????????????B_????????????????w,u|eMID@WH?e@C@E?`?GW@@_CB?GA?GB?C?_@?K?G?o?_@_@?@_@??_?_?[?G?@?@??K?C??W?G??[?G??C?C??B?@???W?G??@??_??F?@???B?@???@o?_???G?G???B_@????E?C????K?G????M?G????A?K????@_@?????M?G?????O?_????@o@??????w@??????GB_?????F?G??????Y@???????]C???????Hw,4,5
104,~?@gsP@@?OC?O`?@@@_?O?A??W??_??_??O??C???_??A???C@??K???C???@?G??G???@_???A????A?G??B?????_????C?G???o?????_?????_?????O?????E??????_?????A??????C?G????C??????A???????_??????C???????O?_?????_@?????@_???????o???????G???????@?@??????C?C??????W????????G????????C?C??????B?????????W????????@?????????A?@???????@??????????_?????????G?????????@??????????A??????????C??????????C?G????????A???????????_??????????C???????????O???????????o???????????o???????????W???????????E????????????o???????????B????????????B????????????B????????????@_????????????W????????????A?????????????G?_???????????O@????????????O?????????????G?????????????A?G????????????O?????????????@?C????????????A??????????????A?G????????????@???????????????O@?????????????@_??????????????E???????????????E???????????????B????????????????o???????????????E????????????????O???????????????@C???????????????AG???????????????AG???????????????@c,u|eMID@WH?e@C@E?`?GW@@?CF?GA?GB?C?o@?E?G?W?_?o@??_@??w?_?C?G?@_@??E?C??G?G??[?G??E?C??@_@???K?G???o?_??@o@????_@????w?_???E?G????o@????B?C????C?G????M?G????B?C?????o@?????E?G?????[?_?????OB??????w@??????M?_?????@_G??????N@???????LK???????Fg,4,5
104,~?@gsP@@?OC?O`?@?@_?O?A??W??_??_??O??C??@_??C???G@??G???K???A????O@??@????E????C????A?C??@_????G?????_?_??@?????@_?????_?????G?G???@??????E??????G??????G??????C?C????@???????G???????_??????@_??????@????????_?_?????G???????@_???????C????????G?G??????G?G??????K????????@?????????G?G??????@_????????B?????????A?????????@??_???????O?G???????B??????????G??????????O?G????????O??????????C??????????@???????????G?G?????????_??????????@???????????@????????????_???????????C????????????_@??????????A????????????E????????????E????????????B?????????????W????????????B?????????????K?????????????W?????????????W?????????????E?????????????@??????????????G@?????????????_C????????????@??????????????@?G?????????????_??????????????G@?????????????@???????????????C?_?????????????G@??????????????G???????????????B????????????????W???????????????@_???????????????@_???????????????B????????????????@G????????????????s,u|eMID@WH?e@C@E?`?GW@@?CE?GE?GB?C?_@?K?G?o?_@_@?@_@??_?_?[?G?@?@??K?C??W?G??O?G??[?C??B?@???W?G??@??_??F?@???B?@???@o?_???G?G???B_@????E?C????K?G????K?G????C?C????Bo@?????E?W?????O?_????@o@??????w@??????GB_?????F?G??????[@???????uC???????Hw,4,5
104,~?@gsP@@?PC?O`?@?@_?O?A??G??O??O??G??E???_??A?_?C???K???C???@?G??W???@????A?G??E????A?????_????C?????W?????_?????_?????O?????C??????_?????A?C????C??????C??????A?C????@_??????K???????_??????@?@?????@???????@_???????W???????B????????K????????G????????G?G??????K????????@?????????G?????????_????????@?@???????@_?????????_?????????G?????????@?@????????C??????????G??????????G?G????????C??????????@???????????G?G????????@_??????????B???????????@????????????_?_?????????G???????????B????????????E????????????K????????????E????????????B?????????????O????????????A?G???????????G?????????????O@????????????W?????????????G?????????????A?G????????????O@????????????@??????????????A?G????????????A??????????????@?C?????????????W??????????????@???????????????C?_?????????????G???????????????E???????????????@_???????????????G???????????????@`???????????????B????????????????E????????????????AG???????????????@S,u|eMID@WH_a@E@A?`_GG@@_CB?GB?G@?C?o@?E?G?W?_?_@?@o@??O?_?K?G?@_@??E?C??K?G??K?G??E?C??@?@???W?G??@_?_??B_@???@?@???@o?_???K?G???@_@????E?C????K?G????M?G????B?C?????_@?????K?G?????{?_?????OF??????w@??????K?_?????B_G??????M@???????W[???????fG,4,4
104,~?@gsP@@?PC?O`?@?@_?O?A??G??O??O??G??E???_??A?_?C???K???C???@?G??W???@????A?G??E????A?????_????C?????W?????_?????_?????O?_???C??????_?????A?C????C??????C??????A??????@_??????K???????_??????@?@?????@???????@_???????G???????@?@??????K????????G????????G?G??????K????????B?????????O????????@??_??????A?????????A?@???????@_?????????O?????????A??????????G?C????????O??????????O??????????G?C????????A???????????O??????????@??_????????A???????????B????????????_???????????G?G?????????@????????????K????????????K????????????K????????????A?????????????_@???????????K?????????????W?????????????_?????????????_@????????????O?_???????????E??????????????_?????????????A?C????????????C?G????????????E??????????????@???????????????O??????????????A?G?????????????G?_?????????????G???????????????G@??????????????C????????????????o???????????????AB???????????????W????????????????K????????????????E?????????????????[,u|eMID@WH_a@E@A?`_GG@@_CB?GB?G@?C?o@?E?G?W?_?_@?@o@??O?_?K?G?@_@??C?C??W?G??W?G??K?C??B?@???O?G??B??_??F?@???B?@???@??_???w?G???A?B????W?C????w?G????O?G????[?C????B_@?????K?G?????_?_????B?@?????Bo@??????SB_?????B@G??????[@???????{C???????Ww,4,5
104,~?@gsP@@?PC?O`?@?@_?O?A??G??O??O??G??E???_??A?_?C???K???C???@?G??W???@????A?G??E????A?????_????C?????W?????_?????_?????O?????C??????_?????A?C????C??????C??????A??????@_??????K???????_??????@?@?????@???????@_???????W???????B????????K????????G????????G?G??????K????????B?????????O????????@??_??????A?????????A?@???????@_?????????O?????????A??????????G?C????????O??????????O??????????G?C????????A???????????O??????????@??_????????A???????????B????????????_???????????G?G?????????@????????????K????????????K????????????K????????????B?????????????o????????????B?????????????G?????????????O@????????????O@????????????K?????????????A??????????????O@????????????@?C????????????A??????????????A?G????????????@???????????????O@?????????????A???????????????C?_?????????????G@??????????????G???????????????B????????????????W???????????????@_???????????????@_???????????????B????????????????@G????????????????s,u|eMID@WH_a@E@A?`_GG@@_CB?GB?G@?C?o@?E?G?W?_?_@?@o@??O?_?K?G?@_@??C?C??W?G??W?G??K?C??B?@???O?G??B??_??E?@???F?@???@??_???w?G???B?@????M?C????G?G????[?G????F?C?????o@?????C?G?????o?_????@w@??????OF??????[?_?????B_G??????H`??????@wC???????Ro,4,4
104,~?@gsP@@?PC?O`?@?@_?O?A??G??O??O??G??E???_??A?_?C???K???C???@?G??W???@????A?G??E????A?????_????C?????W?????_?????_?????O?_???C??????_?????A?C????C??????C??????A??????@_??????K???????_??????@?@?????@???????@_???????G???????@?@??????K????????G????????G?G??????K????????B?????????O????????@??_??????A?????????A?@???????@_?????????O?????????A??????????G?C????????O??????????O??????????G?C????????A???????????O??????????@??_????????A???????????B????????????_???????????G?G?????????@????????????K????????????K????????????K????????????A?????????????_@???????????K?????????????W?????????????_?????????????_@????????????O?_???????????E??????????????_?????????????A?C????????????C?G????????????E??????????????@???????????????O??????????????A?G?????????????G???????????????G@??????????????G@??????????????C????????????????o???????????????AB???????????????W????????????????W????????????????E?????????????????[,u|eMID@WH_a@E@A?`_GG@@_CB?GB?G@?C?o@?E?G?W?_?_@?@o@??O?_?K?G?@_@??C?C??W?G??W?G??K?C??B?@???O?G??B??_??F?@???B?@???@??_???w?G???A?B????W?C????w?G????O?G????[?C????B_@?????K?G?????_?_????B?@?????Bo@??????SB_?????B@G??????[@???????eK??????BoG,4,5
104,~?@gsP@@?OC?O`?@?@_?O?A@?W??_??_??O??C??@_??C???G???G???C???@????G???@_???B????B????@?????O@???A?????W?????o?????_?????O?_???K?????@_?????C??????G??????G??????C??????@???????K???????_??????@?@?????@????????_?_?????G???????@????????C?C??????G????????W????????K????????B?????????W????????@?????????A?@???????A?????????@_?????????G?????????@?@????????K??????????K??????????G??????????C?C????????@???????????G???????????_?_????????@???????????@_???????????_???????????G?G?????????@?@??????????C????????????G?G??????????G?G??????????C????????????@_????????????K?????????????W?????????????_?????????????_@????????????O?????????????A??????????????O@?????????????o?????????????@??????????????@?G?????????????_??????????????G@?????????????@?G?????????????E???????????????K???????????????E???????????????@????????????????W????????????????_???????????????AC???????????????CG???????????????EG???????????????B_,u|eMID@WH?e@C@E?`_GG@@_CB?GA?GB?C?_@?M?G?O?_@_@?@_@??_?_?W?G?B?@??K?C??O?G??w?G??K?C??B?@???W?G??@o?_??@?@???B_@????o?_???K?G???@_@????F?C????C?G????M?G????B?C?????o@?????F?G?????M?_?????K@??????K@??????F?_??????wG??????B@???????NC???????Fw,0,0
104,~?@gsP@@?OC?O`?@?@_?O?A@?W??_??_??O??C??@_??C???G???G???C???@????G???@_???B????B????@?????O@???A?????W?????o?????_?????O?_???K?????@_?????C??????G??????G??????C??????@???????K???????_??????@?@?????@????????_?_?????G???????@????????C?C??????G????????W????????K????????B?????????W????????@?????????A?@???????A?????????@_?????????G?????????@?@????????K??????????K??????????G??????????C??????????@???????????G???????????_?_????????@???????????@_???????????_???????????G?G?????????@?@??????????C????????????G?G??????????G?G??????????C????????????B?????????????W????????????@_????????????@_????????????@??????????????_?_???????????G??????????????_?????????????A?C????????????B??????????????A??????????????@?C?????????????O??????????????A?G?????????????G?_?????????????O@??????????????W???????????????K???????????????@_???????????????C????????????????W????????????????CG???????????????Cg???????????????B_,u|eMID@WH?e@C@E?`_GG@@_CB?GA?GB?C?_@?M?G?O?_@_@?@_@??_?_?W?G?B?@??K?C??O?G??w?G??K?C??B?@???W?G??@o?_??@?@???B_@????o?_???G?G???B?@????K?C????[?G????G?G????M?C????@_@?????K?G?????w?_?????w@??????W@??????K?_?????BoG??????FB???????Ks???????]G,4,5
104,~?@gsP@@?OC?O`?@?@_?O?A@?W??_??_??O??C??@_??C???G???G???C???@????G???@_???B????B????@?????O@???A?????W?????o?????_?????O?_???K?????@_?????C??????G??????G??????C??????@???????K???????_??????@???????@????????_?_?????G???????@????????C?C??????G????????W????????K????????B?????????W????????@?????????A?@???????A?@???????B??????????o?????????A??????????G?C????????o??????????W??????????G??????????A?@?????????O??????????@???????????A???????????A?@??????????_???????????G???????????@????????????C?C??????????G????????????G?G??????????C?C??????????@?????????????K?????????????o????????????@_?????????????o?????????????W?????????????E??????????????O?????????????@?C????????????@_?????????????@???????????????_C?????????????G@?????????????@???????????????C?_?????????????G???????????????K???????????????B????????????????O???????????????@_???????????????B????????????????E????????????????BG???????????????@o,u|eMID@WH?e@C@E?`_GG@@_CB?GA?GB?C?_@?M?G?O?_@_@?@_@??_?_?W?G?B?@??K?C??O?G??w?G??K?C??A?@???o?G??B??_??F?@???A?@???B_?_???W?G???B?@????K?C????W?G????W?G????N?C?????_B?????K?G?????o?_????@o@??????w@??????K?_?????B_G??????L@???????K[???????^G,4,5
104,~?@gsP@@?OC?O`?@?@_?O?A@?W??_??_??O??C??@_??C???G???G???C???@????G???@_???B????B????@?????O????A?G???W?????o?????_?????O?_???K?????@_?????C??????G??????G??????C??????@???????W???????_??????@???????@?@??????_???????G???????@????????C?C??????G????????W????????K????????B?????????W????????@?????????A?????????A?@???????B??????????W?????????A??????????G?C????????o??????????W??????????G??????????A?@?????????O??????????@???????????A?@?????????A???????????B????????????O???????????A?@??????????G?C??????????O????????????O????????????G?C??????????A?@???????????O????????????@_????????????B?????????????@_?????????????_?????????????G?????????????@?@????????????B??????????????C??????????????C?G????????????@_??????????????O??????????????A?G?????????????G?_?????????????O@??????????????O@??????????????W???????????????B????????????????G@???????????????o????????????????a????????????????A_????????????????[,u|eMID@WH?e@C@E?`_GG@@_CB?GA?GB?C?_@?M?G?O?_@_@?@_@??_?_?W?G?B?@??K?C??O?G??o?G??[?C??A?@???w?G??@??_??F?@???A?@???B_?_???W?G???B?@????K?C????[?G????G?G????K?C????B_@?????M?G?????O?_????@o@??????w@??????K?_?????BoG??????EB???????]C???????NW,4,5
104,~?@gsP@@?OC?O`?@?@_?O?A@?W??_??_??O??C??@_??C???G???G???C???@????G???@_???B????B????@?????O????A?G???W?????o?????_?????O?_???K?????@_?????C??????G??????G??????C??????@?@?????W???????_??????@???????@????????_?_?????G???????@????????C?C??????G????????W????????K????????B?????????G?????????_????????@?@???????B?????????@_?????????G?????????@?@????????K??????????K??????????G??????????C?C????????@???????????G???????????_?_????????B???????????@????????????_?_?????????G???????????@?@??????????C????????????G?G??????????G?G??????????C????????????@_????????????K?????????????O?????????????_?????????????_@????????????W?????????????A??????????????O@?????????????o?????????????@??????????????@?G?????????????_C?????????????G@?????????????B???????????????C???????????????G@??????????????G@??????????????E????????????????_???????????????@@???????????????CC???????????????GG???????????????CG???????????????BC,u|eMID@WH?e@C@E?`_GG@@_CB?GA?GB?C?_@?M?G?O?_@_@?@_@??_?_?W?G?B?@??K?C??W?G??[?G??C?C??B?@???W?G??@o?_??@?@???B_@????o?_???K?G???@_@????E?C????K?G????M?G????B?C?????o@?????F?G?????M?_?????K@??????M@??????B?_??????wG??????B@???????NC???????Fw,4,4
104,~?@gsP@@?OC?O`?@?@_?O?A@?W??_??_??O??C??@_??C???G@??G???C???@????G???@_???B????B????@?????O????A?????K?????O?????O@????W?????E??????_?????A??????C??????C??????A??????@_??????K???????_??????@?@?????@?@??????_???????G???????@?@??????C????????W????????W????????K????????B?????????O????????@?????????A?????????A??????????_?????????G?G???????B??????????E??????????G??????????G?G????????C??????????@???????????G?G?????????_??????????B???????????B???????????@_???????????W???????????@????????????C????????????G?G??????????G????????????E????????????@_????????????E?????????????O?????????????_?????????????_?????????????O?_???????????E??????????????o?????????????@_?????????????A??????????????A?G????????????@?C?????????????O@?????????????A?G?????????????W???????????????o???????????????W???????????????C???????????????@?G??????????????G_???????????????A????????????????CG???????????????EG???????????????@o,u|eMID@WH?e@C@E?`_GG@@_CB?GB?G@?C?w@?A?G?W?_?o@??_@??o?_?K?G?@_@??C?C??W?G??W?G??K?C??B?@???[?G???_?_??B_@???@_@????o?_???K?G???@o@????A?C????K?G????K?G????E?C????@_@?????M?G?????O@_????@o@??????o@??????]?_?????@_W??????K@???????yC???????Mw,4,5
104,~?@gsP@@?OC?O`?@?@_?O?A@?W??_??_??O??C??@_??C???G@??G???C???@????G???@_???B????B????@?????O????A?????K?????O?????O@????W?????E??????_?????A??????C??????C??????A??????@_??????K???????_??????@?@?????@?@??????_???????G???????@?@??????C????????W????????W????????K????????B?????????O????????@?????????A?@???????A??????????_?????????G?G???????B??????????E??????????G??????????G??????????C??????????@???????????G?G?????????_??????????B???????????@_???????????o???????????C????????????_@??????????A?C??????????C????????????K????????????E????????????@_????????????E?????????????O?????????????_?????????????_@????????????O?????????????C?G????????????W?????????????@??????????????A?G????????????A??????????????@?C?????????????O@?????????????A?G?????????????W???????????????W???????????????K???????????????A????????????????o????????????????`???????????????A????????????????CG???????????????EG???????????????Ao,u|eMID@WH?e@C@E?`_GG@@_CB?GB?G@?C?w@?A?G?W?_?o@??_@??o?_?K?G?@_@??C?C??W?G??W?G??K?C??B?@???[?G???_?_??B_@???@_@????_?_???W?G???B?@????M?C????G?G????W?G????M?C????@_@?????M?G?????[?_?????W@??????W@??????N?_??????oW??????F@???????NC???????Ew,0,0
104,~?@gsP@@?PC?O`?@?@_?O?A??G??O??O??G??E???_??A?_?C???K???C???@?G??W???@????A?G??E????A?????_????C?????W?????_?????_?????O?_???C??????_?????A??????C??????C??????A?C????@_??????K???????_??????@?@?????@???????@_???????G???????@?@??????K????????W????????O????????G?C??????E?????????O????????@?????????A?????????A?@???????@_?????????O?????????A??????????G?C????????O??????????O?G????????G??????????A?@?????????O??????????@??_????????A?@?????????E???????????B????????????O???????????A?@??????????G?C??????????o????????????O????????????G?C??????????B?????????????G?????????????_?_???????????_?????????????_@????????????O?????????????C?G????????????O?????????????@??????????????A?G????????????A??????????????@?C?????????????O@?????????????B???????????????E???????????????E???????????????E???????????????@_???????????????C????????????????`???????????????AC???????????????CG???????????????CG???????????????BC,u|eMID@WH_a@E@A?`_GG@@_CB?GB?G@?C?o@?E?G?W?_?_@?@_@??o?_?G?G?B?@??K?C??W?G??W?G??K?C??B?@???O?G??B??_??F?@???B?@???@_?_???[?G???@?@????M?C????K?G????K?G????F?C?????o@?????E?G?????[?_?????W@??????[@??????C?_?????BoG??????FB???????KS???????^G,4,4
104,~?@gsP@@?PC?O`?@?@_?O?A??G??O??O??G??E???_??A?_?C???K???C???@?G??W???@????A?G??E????A?????_????C?????W?????_?????_?????O?_???C??????_?????A??????C??????C??????A?C????@_??????K???????_??????@?@?????@???????@_???????G???????@?@??????K????????W????????O????????G?C??????E?????????O????????@?????????A?@???????A?????????@_?????????O?????????A?@????????G?C????????O??????????O?G????????G??????????A???????????O??????????@??_????????A?@?????????E???????????@_???????????O???????????A?@??????????G????????????G????????????G?G??????????E????????????@_????????????G?????????????_?_???????????_?????????????_@????????????O?_???????????C??????????????o?????????????B??????????????A??????????????A?G????????????@???????????????O@?????????????B???????????????B???????????????C???????????????C@??????????????B????????????????W???????????????@????????????????EC???????????????CO???????????????E????????????????@K,u|eMID@WH_a@E@A?`_GG@@_CB?GB?G@?C?o@?E?G?W?_?_@?@_@??o?_?G?G?B?@??K?C??W?G??W?G??K?C??B?@???O?G??B??_??F?@???B?@???@_?_???W?G???B?@????G?C????w?G????W?G????M?C????@_@?????K?G?????_?_????Bo@??????oB??????WA_?????F?G??????P`??????BwC???????Xo,0,0
104,~?@gsP@@?OC?O`?@?@_?O?A@?W??_??_??O??C??@_??C???G@??G???C???@????G???@_???B????B????@?????O@???A?????K?????O?????O@????W?????E??????_?????A??????C??????C??????A???????o??????C???????O?_?????_???????_???????O???????C?G??????_???????E????????K????????K????????E????????@?????????G?G???????_????????@_????????@??????????_?_???????W?????????@_?????????C??????????G?G????????G??????????C??????????@???????????G?G?????????o??????????@???????????@?@??????????_???????????G???????????@?@??????????C?C??????????G????????????K????????????E????????????@_????????????C?????????????O?_???????????_@????????????o?????????????O?????????????C?G????????????W?????????????@??????????????A?G????????????A?G????????????@???????????????O@?????????????@???????????????C?_?????????????G???????????????K???????????????A????????????????W???????????????@_???????????????B????????????????F????????????????B?????????????????s,u|eMID@WH?e@C@E?`_GG@@_CB?GB?G@?C?w@?A?G?W?_?o@??_@??o?_?K?G?@_@??C?C??[?G??K?G??E?C??@?@???[?G???_?_??B_@???@_@????o?_???K?G???@_@????E?C????M?G????E?G????B?C?????_@?????M?G?????[?_?????W@??????[@??????E?_?????@wG??????BB???????Hs???????{G,4,5
104,~?@gsP@@?OC?O`?@?@_?O?A??W??_??_??O??C??@_??C???G???G???K???A????O@??@????E????E????B?????_????C?G???O????@_????@_?????_?????G?????@??????E??????G??????G??????C??????@???????G???????o??????@???????@?@??????_???????G?G?????B????????K????????O????????O?G??????G?C??????E?????????o????????B?????????E?????????C?????????A??_???????_?????????E??????????G??????????O??????????O??????????G?C????????@???????????G???????????_??????????@???????????@?@??????????_???????????K???????????@????????????C?C??????????G?G??????????W????????????K????????????@_????????????K?????????????o????????????@_?????????????o?????????????W?????????????A??????????????G??????????????_?????????????@?G????????????@?G?????????????_??????????????G??????????????@?G?????????????C?_?????????????K???????????????K???????????????E????????????????W???????????????B????????????????B????????????????A????????????????BG????????????????w,u|eMID@WH?e@C@E?`_GG@@_CB?GA?GB?C?_@?K?G?o?_@_@?@_@??_?_?W?G?B?@??K?C??O?G??w?G??K?C??B?@???W?G??@_?_??B?@???B?@???@o?_???G?G???B?@????K?C????[?G????G?G????M?C????@_B?????K?G?????o?_????@_@?????@w@??????GB_?????E?G??????{@???????kK???????Xg,4,4
104,~?@gsP@@?OC?O`?@@@_?O?A@?W??_??_??O??C???_??A???C???C???A????_???K????o???@_???@?????_C???W????B?????G?????O@????o?????W?????C??????_?????A??????C??????C??????A???????_??????C?G?????O???????_???????_???????O???????C?G?????@_???????E????????K????????K????????C????????@?@???????W?????????o????????@?????????@?@???????@_?????????W?????????@??????????C??????????G??????????G??????????C?C????????@???????????G???????????_??????????@?@?????????@?@??????????_???????????G???????????@?@??????????C?C??????????W????????????W????????????K????????????@_????????????G?????????????_?_??????????B??????????????_?????????????O?_???????????K??????????????O?????????????@??????????????A??????????????A?G????????????@?C?????????????O@?????????????A???????????????K???????????????G???????????????K@??????????????E???????????????@_???????????????@@???????????????CC???????????????W????????????????GG???????????????AS,u|eMID@WH?e@C@E?`_GG@@oC@?GB?G@?C?w@?A?G?W?_?o@??_@??o?_?K?G?@_@??C?C??[?G??G?G??M?C??@?@???[?G???_?_??B?@???B_@????_?_???W?G???B?@????M?C????G?G????[?G????C?C????B_@?????M?G?????O?_????@w@??????OB??????W?_?????F_G??????MB???????Os??????@yG,4,4
104,~?@gsP@@?OC?O`?@?@_?O?A??W??_??_??O??C??@_??C???G@??G???K???A????O@??@????E????E????B?????_????C?????O?????o?????_?????O?????C??????o?????A??????C??????C??????A???????_??????K???????o??????@???????@?@??????_?_?????W???????B????????G????????O?G??????O?G??????W????????E?????????o????????B?????????C?????????C?????????A??_???????_?????????A??????????G??????????O??????????O?G????????C??????????@???????????G???????????_??????????@?@?????????@???????????@_???????????K???????????@_???????????E????????????K????????????E????????????B?????????????o????????????E?????????????K?????????????O?????????????O?????????????G?_???????????A??????????????O?????????????@?C????????????A?G????????????A??????????????@???????????????O@?????????????A?G?????????????G?_?????????????o???????????????W???????????????K????????????????o???????????????E????????????????AC???????????????E????????????????B?????????????????[,u|eMID@WH?e@C@E?`_GG@@_CB?GB?G@?C?o@?E?G?W?_?o@??_@??o?_?K?G?@_@??C?C??W?G??W?G??K?C??B?@???W?G??@_?_??B?@???B_@????_?_???W?G???B?@????M?C????G?G????W?G????M?C????@_@?????K?G?????o?_????@w@??????OF??????W?_?????F_G??????KB???????wC???????rW,4,4
104,~?@gsP@@?OC?O`?@?@_?O?A??W??_??_G?O??C??@_??C???G???G???K???A????O@??@????A????A?G??B?????_????C?????O????@_????@_?????_?????G?????@??????E??????G??????G?G????C??????@???????G?G????@_??????B???????A???????@????????O???????A?@??????W????????o????????_????????O?C??????C?@???????_????????A??_??????K?????????C?????????A??????????_?G???????C??????????o?????????@_??????????_??????????O??????????C???????????_?G????????@???????????A?@?????????A???????????@??_?????????O?G?????????E????????????K????????????O????????????O????????????G?C??????????A?@???????????o????????????B?????????????B?????????????@??????????????_?_???????????C??????????????_@????????????A?C????????????C??????????????K??????????????@???????????????O@?????????????A???????????????G?_?????????????O@??????????????W???????????????B????????????????_???????????????E@???????????????K????????????????C????????????????EG???????????????@W,u|eMID@WH?e@E@A?`_GG@@_CB?GA?GB?C?_@?K?G?o?_@_@?@_@??o?_?G?G?B?@??K?C??W?G??W?G??K?C??A?@???o?G??B??_??E?@???E?@???B??_???w?G???B?@????G?C????w?G????W?G????M?C????@_@?????G?G????@o?_????@_@?????@_@??????{?_?????B?W??????P`??????BwC???????]o,0,0
104,~?@gsP@@?OC?O`?@?@_?O?A??W??_??_??O??C??@_??C???G@??G???K???A????O@??@????E????E????B?????_????C?G???O?????o?????_?????O?????C??????o?????A??????C??????C??????A???????_??????E???????O???????_@??????_???????o???????K???????@????????C?C??????G?G??????W????????K????????B?????????W????????@?????????A?@???????A?????????@_?????????O?????????A??????????G??????????O?G????????G??????????C??????????@???????????G???????????_?_????????@???????????@_???????????o???????????C???????????@_???????????E????????????E????????????E????????????B?????????????o????????????B?????????????G?????????????O@????????????W?????????????G?????????????A??????????????O@????????????@?C????????????A??????????????A??????????????@?C?????????????O@?????????????A???????????????K???????????????G???????????????W???????????????B????????????????o???????????????@_???????????????F????????????????C????????????????EG???????????????@g,u|eMID@WH?e@C@E?`_GG@@_CB?GB?G@?C?o@?E?G?W?_?o@??_@??o?_?K?G?@_@??C?C??[?G??K?G??E?C??@?@???W?G??@_?_??B?@???B_@????_?_???W?G???B?@????M?C????G?G????[?G????F?C?????_@?????K?G?????o?_????@w@??????OF??????W?_?????F_G??????HB??????@wC???????rO,3,3
104,~?@gsP@@?OC?O`?@?@_?O?A??W??_??_G?O??C??@_??C???G???G???K???A????O@??@????A????A?G??B?????_????C?????O????@_????@_?????_?????G?????@??????E??????G??????G?G????C??????@???????G?G????@_??????B???????A???????@????????O?G?????A????????W????????o????????_????????O?C??????C?@???????_????????A??_??????K?????????C?????????A??????????_?G???????C??????????o??????????o??????????_??????????O?C????????C???????????_?G????????@???????????A?@?????????A???????????@??_?????????O?G?????????E????????????K????????????O????????????O?G??????????G?C??????????A?????????????W?????????????o?????????????_?????????????_@????????????G?????????????A??????????????O@????????????@??????????????@_?????????????@???????????????_C?????????????G@?????????????@?G?????????????E???????????????K???????????????E???????????????B????????????????O????????????????`???????????????AC???????????????E????????????????B?????????????????[,u|eMID@WH?e@E@A?`_GG@@_CB?GA?GB?C?_@?K?G?o?_@_@?@_@??o?_?G?G?B?@??K?C??W?G??W?G??K?C??A?@???w?G??@??_??E?@???E?@???B??_???w?G???B?@????G?C????w?G????W?G????M?C????@_@?????M?G?????O?_????@o@??????{@??????EB_?????@@G??????[@???????wC???????ww,4,5
104,~?@gsP@@?OC?O`?@?@_?O?A??W??_??_G?O??C??@_??C???G@??G???K???A????O???@????A????A?G??B?????_????C?????O?????o?????_?????O?????C?G???@_?????E??????G??????G?G????C??????@???????G?G????@_??????B???????A???????@??_?????O?G?????E????????G????????O????????O????????G?C??????A?????????O?G??????B?????????A?????????A?????????@??_???????O?????????@??????????C??????????G?G????????W??????????K??????????@???????????G?G?????????_??????????@?@?????????@?@?????????@_???????????K???????????@_???????????E????????????C????????????C????????????A?C???????????_@???????????C?????????????O?_???????????O?????????????O?????????????G?_???????????A??????????????O?????????????@?C????????????E??????????????@???????????????_C?????????????K??????????????@_??????????????B???????????????E???????????????A???????????????@__??????????????G???????????????@@???????????????E????????????????C????????????????DG????????????????w,u|eMID@WH?e@E@A?`_GG@@_CB?GB?G@?C?o@?E?G?O?_@_@?@_@??o?_?G?G?B?@??K?C??W?G??W?G??K?C??B?@???W?G??@o?_??@?@???B?@???@o?_???K?G???@?@????M?C????K?G????M?G????B?C?????o@?????F?G?????G?_?????{@??????KB??????C?_?????B_G??????M@???????W[???????zG,4,4
104,~?@gsP@@?OC?O`?@?@_?O?A??W??_??_G?O??C??@_??C???G???G???K???A????O@??@????A????A?G??B?????_????C?????O????@_????@_?????_?????G?????@??????E??????G??????G?G????C??????@???????G?G????@_??????B???????A???????@??_?????O???????A????????W????????o????????_????????O?C??????C?@???????_????????A??_??????K?????????C?????????A??????????_?G???????C??????????W??????????o??????????_??????????O??????????C???????????_?G????????@???????????A?@?????????A???????????@??_?????????O?G?????????E????????????K????????????O????????????O?G??????????G?C??????????A?????????????o????????????B?????????????B?????????????@??????????????_?_???????????C??????????????_?????????????A?C????????????C?G????????????B??????????????@???????????????O??????????????A?G?????????????G?_?????????????O@??????????????W???????????????K????????????????o???????????????A????????????????W????????????????CG???????????????Cg???????????????B_,u|eMID@WH?e@E@A?`_GG@@_CB?GA?GB?C?_@?K?G?o?_@_@?@_@??o?_?G?G?B?@??K?C??W?G??W?G??K?C??B?@???W?G??@??_??E?@???E?@???B??_???w?G???B?@????G?C????w?G????W?G????M?C????@_@?????M?G?????O?_????@_@?????@_@??????{?_?????B?w??????OX??????BaC??????BwG,0,0
104,~?@gsP@@?OC?O`?@?@_?O?A??W??_??_??O??C??@_??C???G@??G???K???A????O@??@????E????E????B?????_????C?G???O?????o?????_?????O?????C??????o?????A??????C??????C??????A???????_??????E???????O???????_@??????_@??????o???????K???????@????????C?C??????G?G??????W????????K????????B?????????W????????@?????????A?@???????A??????????_?????????G?????????@??????????C??????????C??????????C??????????A???????????_??????????C?G?????????O???????????o???????????o???????????W???????????E????????????o???????????B????????????E????????????E????????????B?????????????W????????????A?????????????G?_???????????O?????????????O?????????????G?_???????????A??????????????O@????????????@??????????????A?G????????????A??????????????@?C?????????????O@?????????????B???????????????K???????????????K???????????????E???????????????@_???????????????C????????????????`???????????????AC???????????????CG???????????????CG???????????????BC,u|eMID@WH?e@C@E?`_GG@@_CB?GB?G@?C?o@?E?G?W?_?o@??_@??o?_?K?G?@_@??C?C??[?G??K?G??E?C??@_@???K?G???o?_??@o@????_@????o?_???K?G???@o@????A?C????M?G????E?G????B?C?????o@?????E?G?????[?_?????OB??????w@??????M?_?????@oG??????E@???????\C???????Fw,4,4
104,~?@gsP@@?OC?O`?@?@_?O?A??W??_??_G?O??C??@_??C???G???G???K???A????O@??@????A????A?G??B?????_????C?????O????@_????@_?????_?????G?????@??????E??????G??????G?G????C??????@???????G?G????@_??????B???????A???????@??_?????O???????A?@??????W????????o????????_????????O?C??????C?@???????_????????A??_??????K?????????C?????????A??????????_?G???????C??????????W??????????O??????????O??????????G??????????A???????????G???????????_?_????????@???????????@????????????_?_?????????W???????????@_???????????C????????????G?G??????????G?G??????????K????????????B?????????????W????????????@_????????????@_????????????@_?????????????O?????????????C?G????????????_@????????????A??????????????A?G????????????A??????????????@?C?????????????O??????????????A?G?????????????G?_?????????????O???????????????O@??????????????E????????????????o???????????????B????????????????B????????????????B????????????????@G????????????????s,u|eMID@WH?e@E@A?`_GG@@_CB?GA?GB?C?_@?K?G?o?_@_@?@_@??o?_?G?G?B?@??K?C??W?G??W?G??K?C??B?@???W?G??@_?_??B?@???B?@???@o?_???K?G???@_@????E?C????K?G????M?G????B?C?????o@?????E?G?????W?_?????o@??????w@??????K@_?????B?G??????]@???????[K???????\g,4,5
104,~?@gsP@@?OC?O`?@?@_?O?A??W??_??_G?O??C??@_??C???G@??G???K???A????O@??@????A????A?G??B?????_????C?????O?????o?????_?????O?????C??????o?????A??????C?G????C??????A???????_@?????K???????o??????@???????@?@??????_???????W???????B????????G????????O?G??????O?G??????G????????A?@???????o????????@?????????A?????????A?@???????@??????????W?????????A??????????G??????????O??????????O??????????C??????????@?@?????????G???????????_??????????@?@?????????B????????????o???????????K????????????_???????????E????????????K????????????K????????????E?????????????o????????????E?????????????G?????????????O?????????????O@????????????K?????????????A??????????????O?????????????@?C????????????A??????????????A?G????????????@?C?????????????O??????????????A?G?????????????W???????????????W???????????????G???????????????K???????????????@_???????????????B????????????????C_???????????????M????????????????AO???????????????@c,u|eMID@WH?e@E@A?`_GG@@_CB?GB?G@?C?o@?E?G?W?_?o@??o@??O?_?K?G?@_@??E?C??K?G??K?G??E?C??@?@???W?G??@_?_??B?@???B_@????o?_???K?G???@_@????E?C????M?G????F?G????@?C?????o@?????E?G?????W?_?????w@??????WB??????K?_?????BGG??????]@???????WW???????zG,4,5
104,~?@gsP@@?OC?O`?@?@_?O?A??W??_??_G?O??C??@_??C???G@??G???K???A????O@??@????A????A?G??B?????_????C?????O?????o?????_?????O?????C??????o?????A??????C?G????C??????A???????_@?????K???????o??????@???????@?@??????_?_?????W???????B????????G????????O?G??????O????????G????????A?@???????o????????@?????????A?????????A?@???????@??????????G?????????@??????????C??????????G??????????K??????????C??????????@?@?????????G???????????_??????????@?@?????????B????????????o???????????K???????????@_???????????E????????????K????????????K????????????A?????????????o????????????E?????????????G?????????????O@????????????O@????????????G?????????????A??????????????O?????????????@?C????????????B??????????????A??????????????@?C?????????????O??????????????A?G?????????????E???????????????K???????????????K???????????????B????????????????OG??????????????B????????????????E????????????????CG???????????????D?????????????????k,u|eMID@WH?e@E@A?`_GG@@_CB?GB?G@?C?o@?E?G?W?_?o@??o@??O?_?K?G?@_@??E?C??K?G??K?G??E?C??@_@???K?G???o?_??@_@???@_@????o?_???K?G???@_@????E?C????M?G????E?G????B?C?????o@?????E?G?????[?_?????W@??????W@??????K?_?????BoG??????EB???????Ws???????}G,0,0
104,~?@gsP@@?OC?O`?@?@_?O?A??W??_??_??O??C??@_??C???G@??G???K???A????O@??@????E????E????B?????_????C?G???O?????o?????_?????O?????C??????o?????A??????C??????C??????A???????_??????E???????O???????_@??????_@??????o???????K???????@????????C?C??????G?G??????W????????K????????B?????????W????????@?????????A?@???????A??????????_?????????G?????????@??????????C?C????????C??????????C??????????A???????????_??????????C?G?????????O???????????o???????????o???????????W???????????E????????????W???????????@_???????????B????????????B?????????????o????????????G????????????@?G???????????C?????????????G?????????????G?????????????C?_???????????@??????????????G??????????????_?????????????@?G????????????@?G?????????????o??????????????K??????????????@_??????????????B???????????????E???????????????E????????????????_???????????????GG??????????????@@???????????????E????????????????C????????????????EG????????????????w,u|eMID@WH?e@C@E?`_GG@@_CB?GB?G@?C?o@?E?G?W?_?o@??_@??o?_?K?G?@_@??C?C??[?G??K?G??E?C??@_@???K?G???o?_??@o@????_@????o?_???K?G???@o@????A?C????M?G????E?G????B?C?????o@?????F_G?????C@_?????W@??????W@??????M?_?????@oG??????E@???????ZC???????Fw,4,5
104,~?@gsP@@?OC?O`?@?@_?O?A??W??_??_G?O??C??@_??C???G???G???K???A????O@??@????A????A?G??B?????_????C?????O????@_????@_?????_?????G?????@??????E??????G??????G?G????C??????@???????G?G????@_??????B???????A???????@??_?????O???????A?@??????W????????o????????_????????O?C??????C?@???????_????????A??_??????K?????????C?????????A??????????_?G???????C??????????W??????????O??????????O??????????G??????????A?@?????????G???????????_?_????????@???????????@????????????_?_?????????W???????????@_???????????C????????????G?G??????????G?G??????????K????????????B?????????????K?????????????O?????????????_@???????????@_?????????????O?????????????C?G????????????_@????????????A??????????????A?G????????????A??????????????@???????????????O@?????????????A?G?????????????G???????????????O@??????????????O@??????????????E????????????????o???????????????E????????????????CC???????????????GG???????????????E????????????????@K,u|eMID@WH?e@E@A?`_GG@@_CB?GA?GB?C?_@?K?G?o?_@_@?@_@??o?_?G?G?B?@??K?C??W?G??W?G??K?C??B?@???W?G??@_?_??B?@???B?@???@o?_???K?G???@?@????K?C????W?G????W?G????M?C????@_@?????K?G?????o?_????@_@?????@w@??????K@_?????A@g??????w@??????@wC???????ww,4,5
104,~?@gsP@@?OC?O`?@?@_?O?A??W??_??_G?O??C??@_??C???G@??G???K???A????O@??@????A????A?G??B?????_????C?????O?????o?????_?????O?????C??????o?????A??????C?G????C??????A???????_@?????K???????o??????@???????@?@??????_???????W???????B????????G????????O?G??????O?G??????G????????A?@???????o????????@?????????A?????????A?@???????@??????????W?????????A??????????G??????????O??????????O?G????????C??????????@?@?????????G???????????_??????????@?@?????????B????????????o???????????K????????????_???????????E????????????K????????????E????????????@?????????????O@???????????E?????????????G?????????????O?????????????O@????????????K?????????????A??????????????O?????????????@??????????????A?G????????????A?G????????????@???????????????O@?????????????A?G?????????????W???????????????W???????????????G???????????????K???????????????B????????????????C@???????????????OC???????????????Q????????????????[????????????????AW,u|eMID@WH?e@E@A?`_GG@@_CB?GB?G@?C?o@?E?G?W?_?o@??o@??O?_?K?G?@_@??E?C??K?G??K?G??E?C??@?@???W?G??@_?_??B?@???B_@????o?_???G?G???B?@????K?C????W?G????[?G????F?C?????_@?????K?G?????o?_????@w@??????WB??????GE_?????F?G??????X@??????@wC???????po,4,5
104,~?@gsP@@?OC?O`?@?@_?O?A??W??_??_G?O??C??@_??C???G???G???K???A????O@??@????A????A?G??B?????_????C?????O?_??@_????@_?????_?????G?????@??????E??????G??????G?G????C??????@???????G?G????@_??????@???????@????????_???????G?G?????B????????K????????O????????O?G??????G?C??????A?????????O?G??????B?????????A?????????A?????????@??_???????o?????????E??????????G??????????O??????????O??????????G?C????????@???????????G?G?????????_??????????@?@?????????@?@?????????@_???????????G???????????@????????????C????????????G?G??????????W????????????K????????????@_????????????C?????????????O?_???????????O?????????????W?????????????K?????????????B??????????????G??????????????_C????????????@??????????????@?G?????????????_C?????????????K??????????????@_??????????????A???????????????C@??????????????C@??????????????B????????????????G???????????????@@???????????????E????????????????A????????????????BG????????????????w,u|eMID@WH?e@E@A?`_GG@@_CB?GA?GB?C?_@?K?G?o?_@_@?@_@??o?_?G?G?B?@??K?C??W?G??[?G??C?C??B?@???W?G??@_?_??B?@???B?@???@o?_???K?G???@?@????M?C????K?G????M?G????A?K????@_@?????K?G?????o?_????@_@?????@w@??????K@_?????A?G??????y@???????[K???????\g,0,0
104,~?@gsP@@?OC?O`?@?@_?O?A??W??_??_??O??C??@_??C???G@??G???K???A????O@??@????E????E????B?????_????C?G???O?????o?????_?????O?????C??????o?????A??????C??????C??????A???????_??????E???????O???????_@??????_@??????o???????K???????@????????C?C??????G????????W????????K????????B?????????W????????@?????????A?@???????A??????????_?????????G?????????@??????????C?C????????K??????????G??????????C??????????@???????????G???????????_?_????????@???????????@_???????????o???????????K???????????@_???????????A????????????C?G??????????C?G??????????E????????????@_????????????K?????????????W?????????????_?????????????_@????????????O?????????????C??????????????_@????????????A?C????????????A??????????????A??????????????@???????????????O@?????????????A?G?????????????G?_?????????????W???????????????W???????????????B????????????????o???????????????E????????????????AC???????????????CG???????????????E????????????????@K,u|eMID@WH?e@C@E?`_GG@@_CB?GB?G@?C?o@?E?G?W?_?o@??_@??o?_?K?G?@_@??C?C??[?G??K?G??E?C??@_@???K?G???o?_??@_@???@_@????_?_???W?G???B?@????M?C????G?G????[?G????E?C????@_@?????K?G?????w?_?????w@??????O@??????W?_?????F_G??????MB???????Ws???????}G,4,5
104,~?@gsP@@?OC?O`?@?@_?O?A??W??_??_G?O??C??@_??C???G@??G???K???A????O@??@????A????A?G??B?????_????C?????O?????o?????_?????O?????C??????o?????A??????C?G????C??????A???????_@?????K???????o??????@???????@?@??????_???????W???????B????????G????????O?G??????O????????G????????A?@???????o????????@?????????A?????????A?@???????@??????????W?????????A??????????G??????????O??????????O?G????????K??????????A???????????O?G????????@???????????A?@?????????A?@?????????B????????????W???????????B????????????C????????????W????????????W????????????C????????????@?@???????????G?G???????????_????????????@?@????????????_?????????????O?????????????C?G????????????o?????????????A??????????????C??????????????C?G????????????A?C?????????????O??????????????A?G?????????????K???????????????W???????????????K???????????????A???????????????@_???????????????B????????????????C????????????????HG???????????????M????????????????@o,u|eMID@WH?e@E@A?`_GG@@_CB?GB?G@?C?o@?E?G?W?_?o@??o@??O?_?K?G?@_@??E?C??K?G??K?G??E?C??@?@???W?G??@_?_??B?@???B?@???@_?_???W?G???A?@????[?C????W?G????[?G????F?C?????_@?????K?G?????o?_????@o@??????w@??????K?_?????AEG??????x@??????@wC???????^_,4,5
104,~?@gsP@@?OC?O`?@?@_?O?A??W??_??_G?O??C??@_??C???G@??G???K???A????O@??@????A????A?G??B?????_????C?????O?????o?????_?????O?????C??????o?????A??????C?G????C??????A???????_@?????K???????o??????@???????@?@??????_?_?????W???????B????????G????????O?G??????O????????G????????A?@???????o????????@?????????A?????????A?????????@??????????G?????????@??????????C??????????G?G????????K??????????C??????????@?@?????????G???????????_?_????????@?@?????????B???????????@_???????????W???????????B????????????K????????????W????????????G????????????C?C??????????@?@???????????G?????????????_?_???????????_?????????????_@????????????O?????????????C?G????????????_?????????????A??????????????C?G????????????C?G????????????@???????????????O@?????????????B???????????????E???????????????E???????????????E????????????????o???????????????C????????????????`???????????????AC???????????????CG???????????????E????????????????@K,u|eMID@WH?e@E@A?`_GG@@_CB?GB?G@?C?o@?E?G?W?_?o@??o@??O?_?K?G?@_@??E?C??K?G??K?G??E?C??@_@???K?G???o?_??@_@???@_@????o?_???G?G???B_@????E?C????K?G????K?G????E?C????@_@?????K?G?????w?_?????w@??????W@??????G?_?????F_G??????MB???????Ws???????}G,3,3
104,~?@gsP@@?OC?O`?@?@_?O?A??W??_??_G?O??C??@_??C???G@??G???K???A????O@??@????A????A?G??B?????_????C?????O?????o?????_?????O?????C??????o?????A??????C?G????C??????A???????_@?????K???????o??????@???????@?@??????_?_?????W???????B????????G????????O?G??????O????????G????????A?@???????o????????@?????????A?????????A?????????@??????????G?????????@??????????C??????????G?G????????K??????????C??????????@?@?????????G???????????_?_????????@?@?????????B???????????@_???????????W???????????B????????????K????????????W????????????G????????????C?C??????????@?@???????????G?????????????_?_???????????_?????????????_@????????????O?????????????C?G????????????_?????????????A?C????????????C??????????????C?G????????????@???????????????O@?????????????B???????????????E???????????????E???????????????B????????????????o???????????????C????????????????`???????????????AC???????????????CG???????????????CG???????????????BC,u|eMID@WH?e@E@A?`_GG@@_CB?GB?G@?C?o@?E?G?W?_?o@??o@??O?_?K?G?@_@??E?C??K?G??K?G??E?C??@_@???K?G???o?_??@_@???@_@????o?_???G?G???B_@????E?C????K?G????K?G????E?C????@_@?????K?G?????w?_?????w@??????W@??????G?_?????F_G??????MB???????[S???????^G,4,5
104,~?@gsP@@?OC?O`?@?@_?O?A??W??_??_G?O??C??@_??C???G@??G???K???A????O@??@????A????A?G??B?????_????C?????O?????o?????_?????O?????C??????o?????A??????C?G????C??????A???????_@?????K???????o??????@???????@?@??????_?_?????W???????B????????G????????O?G??????O????????G????????A?@???????o????????@?????????A?????????A?@???????@??????????G?????????@??????????C??????????G?G????????K??????????C??????????@?@?????????G???????????_?_????????@?@?????????B????????????o???????????K???????????@_???????????E????????????C????????????C?G??????????A?C???????????_????????????C?G???????????G?????????????O?????????????O@????????????G?????????????A??????????????O?????????????@?C????????????@??????????????@?G?????????????o??????????????K???????????????o??????????????B???????????????E???????????????B????????????????_???????????????GG??????????????@_???????????????A????????????????CG???????????????EG???????????????@o,u|eMID@WH?e@E@A?`_GG@@_CB?GB?G@?C?o@?E?G?W?_?o@??o@??O?_?K?G?@_@??E?C??K?G??K?G??E?C??@_@???K?G???o?_??@_@???@_@????o?_???G?G???B_@????E?C????M?G????E?G????B?C?????o@?????F?G?????M?_?????K@??????G@??????M?_?????@oG??????EF???????Wc???????}G,4,5
104,~?@gsP@@?OC?O`?@?@_?O?A@?W??_??_G?O??C??@_??C???G???G???C???@????G????_???@?G??B????@?????O????A?????W?????o?????_?????O?_???K?????@_?????C??????G?G????G??????C??????@?@?????W??????@_??????A???????A???????@??_?????O???????A????????G????????O?G??????O????????G????????A?@???????o????????@?????????A?????????A?@???????@??????????o?????????B??????????K??????????W??????????K??????????C??????????@?@?????????G???????????_?_????????@?@?????????B????????????o???????????G???????????@????????????C?C??????????G????????????G????????????C?C??????????@?????????????G?????????????_?_???????????_?????????????_@????????????O?_???????????C?????????????@_?????????????B??????????????E??????????????B??????????????@???????????????O@?????????????B???????????????B???????????????C???????????????C???????????????A?_??????????????o???????????????A????????????????H????????????????WG???????????????K_???????????????B_,u|eMID@WH?e@E@A?`_GG@@_CB?GA?GB?C?_@?M?G?O?_@_@?@_@??o?_?G?G?B?@??K?C??W?G??W?G??K?C??A?@???w?G??@??_??F?@???A?B???B_?_???W?G???B?@????G?C????w?G????W?G????M?C????@_@?????G?G????@o?_????@O@??????w@??????K@_?????BAG??????P`??????BwC???????\_,4,4
104,~?@gsP@@?OC?O`?@?@_?O?A@?W??_??_G?O??C??@_??C???G???G???C???@????G????_???@?G??B????@?????O????A?????W?????o?????_?????O?_???K?????@_?????C??????G?G????G??????C??????@?@?????W??????@_??????A???????A?@?????@????????O?G?????A????????G????????O?G??????O????????G????????A?@???????o????????@?????????A?????????A?????????@??????????W?????????@??????????C?C????????W??????????K??????????C??????????@?@?????????G???????????_?_????????@?@?????????B???????????@_???????????W???????????A????????????G?C??????????O?G??????????O????????????G?C??????????A?@???????????O????????????@?????????????A?@???????????@??????????????_?_???????????G?????????????@??????????????C?C????????????C??????????????C?G????????????@_??????????????W??????????????@_??????????????B???????????????E???????????????B????????????????o???????????????C????????????????`???????????????AC???????????????CG???????????????CG???????????????BC,u|eMID@WH?e@E@A?`_GG@@_CB?GA?GB?C?_@?M?G?O?_@_@?@_@??o?_?G?G?B?@??K?C??W?G??W?G??K?C??B?@???W?G??@o?_??@?@???B_@????o?_???K?G???@?@????M?C????K?G????K?G????E?C????@_@?????K?G?????w?_?????w@??????[@??????C?_?????BoG??????EB???????[S???????^G,4,4
104,~?@gsP@H?OC?O`?@??_?G?B??G??OG?O??GC?E???_??A?_?K???G???C?_?@????G????_C??@????@?????_????G????@?????C?????K?????G?????C?_???@??????G@????@_?????B??????A??????@?C?????o??????E???????O???????_@??????_???????O???????C?G??????_???????A????????C????????C????????A?????????_????????C?G???????O?????????o?????????_?????????O?_???????C??????????_@????????E??????????K??????????K??????????E??????????@_??????????E???????????O???????????_@??????????_???????????O???????????C?G??????????_???????????A????????????C????????????C?G??????????A?????????????_????????????C?G???????????O?????????????o?????????????o?????????????K?????????????B??????????????W??????????????o?????????????@_??????????????o??????????????W??????????????A???????????????OG?????????????@???????????????A@??????????????A@??????????????@????????????????OG??????????????B????????????????E????????????????B????????????????@_????????????????[,u|eMID`GH_b@A@B?_oGE@?OC@_G@_G?oC?K@?@_G?C?_?W@??W@??K?_?B?G??O@??B?C??E?G??E?G??B?C???o@???E?G???O?_??@_@???@_@????o?_???K?G???@_@????E?C????M?G????E?G????B?C?????w@?????A?G?????[?_?????W@??????[@??????E?_?????@oG??????F`???????C[???????^G,3,2
104,~?@gsP@@?PC?O`?@@@_?O?A??G??O??O??G??A???O??@?_?E???C???A?_?@_???G????_C??B????A????@?C???o????A?????G?????O?????O?????G?????A?G????O?????@??????A??????A??????@?C?????O@?????E???????W???????_???????_@??????o???????C????????_@??????E????????K????????G????????C?C???????_????????C?????????O?????????_?????????_?????????O?????????C?G????????_?????????A??????????C??????????C??????????B???????????o??????????E???????????W???????????o???????????o???????????G???????????A?G??????????o???????????B????????????E????????????C????????????A?C???????????_@???????????C?????????????O?????????????_?????????????o?????????????G?????????????A?G????????????O?????????????@??????????????A?G????????????@_??????????????o??????????????K??????????????@_??????????????A?_?????????????E???????????????E???????????????@_???????????????G???????????????@@???????????????AC???????????????CG???????????????CG???????????????BC,u|eMID@WH_a@E@A?`_GG@@oC@?GB?G@_C?W@?B?G?G?_?w@??O@??W?_?E?G??_@??F?C??E?G??E?G??B?C???o@???E?G???O?_??@o@????_B????o?_???K?G???@_@????C?C????[?G????K?G????E?C????@_@?????M?G?????S?_?????[@??????K@??????E?_?????@wG??????BB???????MC???????NW,4,4
104,~?@gsP@@?OE?O?_@_?_?G?B??G??O??O??W??C???_G?A???K???G???C???@????W???@_???A????A?G??@?????W????A?????G?????O?????o?????W?????C??????_?????A??????C??????E??????A???????_@?????C?G?????o??????@_??????@????????_???????G???????@?@??????K????????W????????W????????G????????A?@???????O?????????_????????@?????????@??????????_?_???????W?????????B??????????C??????????G??????????G?G????????C??????????@???????????K???????????o??????????@_??????????@_???????????O???????????C????????????_@??????????A?C??????????K????????????E????????????B?????????????_????????????C?G???????????O?????????????_?????????????_@????????????O?_???????????K??????????????O?????????????@??????????????A?G????????????A?G????????????@???????????????W??????????????B???????????????A???????????????E???????????????E????????????????o???????????????K????????????????o???????????????B????????????????B????????????????@_????????????????[,u|fIID`GH_a@E@A?`_GK@?oC@?GB?G@_C?O@?E?G?W?_?_@?@_@??o?_?G?G?B_@??E?C??K?G??K?G??E?C??@_@???G?G??@_?_??B_@???@?@???@o?_???K?G???@?@????M?C????K?G????K?G????E?C????@o@?????C?G?????{?_?????OB??????{@??????C@_?????B_G??????KB???????{C???????TW,4,4
104,~?@gsP@@?OE?O?_@_?_?G?B??G??O??O??W??C???_G?A???K???G???C???@????W???@_???A????A?G??@?????W????A?????G?????O?????o?????W?????C??????_?????A??????C??????E??????A???????_@?????C?G?????o??????@_??????@????????_???????G???????@?@??????K????????W????????W????????G????????A?@???????O?????????_????????@?????????@??????????_?_???????W?????????B??????????C??????????G??????????G??????????C??????????@???????????K???????????o??????????@_??????????@_???????????O???????????C????????????_@??????????A?C??????????K????????????K????????????E????????????@_????????????K?????????????O?????????????_?????????????_@????????????O?_???????????K??????????????O?????????????@??????????????A?G????????????A??????????????@?C?????????????W??????????????B???????????????A???????????????E???????????????E???????????????@_???????????????K????????????????o???????????????B????????????????AG???????????????AG???????????????@c,u|fIID`GH_a@E@A?`_GK@?oC@?GB?G@_C?O@?E?G?W?_?_@?@_@??o?_?G?G?B_@??E?C??K?G??K?G??E?C??@_@???G?G??@_?_??B_@???@?@???@_?_???W?G???B?@????G?C????w?G????W?W????K?C????B?@?????[?G?????_?_????Bo@??????_B??????w?_?????F?G??????U@???????]C???????Jw,4,5
104,~?@gsP@@?PC?O`?@?@_?O?A??G??O??O??GC?E???_??A?_?C???K???C???@?G??W???@????A?G??A????@?????O????B?????G?????O@????O?????G?????A??????O@????@??????A?G????E??????B???????_??????C?G?????O???????o???????_???????O?_?????K????????_???????A?C??????C????????C????????A?????????_????????E?????????O?????????_@????????_?????????O?????????C??????????_@????????A??????????C?G????????K??????????E??????????@_??????????K???????????O???????????o???????????_???????????O?_?????????K????????????_???????????A?C??????????C????????????C????????????A?????????????_@???????????E?????????????O?????????????_@????????????_?????????????O?????????????E??????????????W?????????????@_?????????????B??????????????@_??????????????O??????????????E???????????????o??????????????B???????????????A@??????????????A???????????????@????????????????WG??????????????B????????????????C????????????????EG???????????????E?????????????????s,u|eMID@WH_a@E@A?`_GK@?oC@_G@?G@_C?W@?B?G?G?_?w@??O@??W?_?E?G??o@??B?C??E?G??C?G??F?C???o@???E?G???O?_??@o@????_B????o?_???K?G???@_@????E?C????M?G????C?G????F?C?????o@?????E?G?????S?_?????[@??????K@??????F__??????OW??????F@???????MK???????Mg,4,5
104,~?@gsP@@?PC?O`?@?@_?O?A??G??O??O??G??E???_??A?_?C???K???C???@?G??W???@????A?G??E????A?????_@???C?????W?????_?????_@????O?????C??????_?????A??????C??????C??????A???????o??????C???????O?_?????_???????o???????O???????C?G?????@_???????E????????G????????G?G??????K????????B?????????O????????@??_??????A?????????B?????????@??????????O?G???????A??????????G??????????O?G????????O??????????G?C????????A???????????O?G????????@???????????A???????????B???????????@_???????????G???????????@_???????????C????????????G?G??????????K????????????A?????????????_@???????????E?????????????W?????????????o?????????????W?????????????G?????????????A?G????????????O@????????????@??????????????A?G????????????A?G????????????@???????????????O@?????????????A???????????????K???????????????G???????????????C???????????????A?_??????????????OG??????????????A@???????????????K????????????????[????????????????K?????????????????s,u|eMID@WH_a@E@A?`_GG@@_CB?GB?G@?C?o@?E?G?W?_?_@?@_@??o?_?G?G?B?@??K?C??O?G??w?G??K?C??B?@???O?G??B_?_??B?@???B?@???@_?_???[?G???@?@????M?C????K?G????G?G????M?C????@oB?????C?g?????w?_?????o@??????o@??????[?_?????A?W??????w@??????@cK???????]g,0,0
104,~?@gsP@@?OC?O`?@?@_?O?A??W??_??_G?O??C??@_??C???G@??G???K???A????O???@????A????A?G??B?????_????C?G???O?????o?????_?????O?_???C?????@_?????E??????G??????G?G????C??????@???????G???????o??????@???????@?@??????_???????K???????@????????C????????G?G??????G????????E????????@_????????K?????????_????????@?@???????@??????????o?????????G?????????@?@????????C??????????W??????????K??????????C??????????@?@?????????G???????????_??????????@???????????@_???????????o???????????C????????????o???????????A????????????C????????????C?G??????????A?C???????????o????????????E?????????????W?????????????o?????????????W?????????????G?????????????A?G????????????O?????????????B??????????????@??????????????@?G?????????????_??????????????G??????????????@_??????????????A???????????????E???????????????C???????????????B?_??????????????W???????????????B????????????????M????????????????K????????????????D?????????????????k,u|eMID@WH?e@E@A?`_GG@@_CB?GB?G@?C?o@?E?G?O?_@_@?@_@??o?_?K?G?@_@??C?C??[?G??K?G??E?C??@?@???[?G???o?_??@?@???B_@????o?_???K?G???@_@????E?C????G?G????[?G????F?K?????_D?????M?G?????W?_?????_@?????@w@??????K@_?????B?G??????X@???????MC???????Lw,3,3
104,~?@gsP@@?OE?O?_@_?_?G?B??G??O??O??W??C???_G?A???K???G???C???@????W???@_???A????A????@?????W????A?????G?????O@????o?????W?????C??????_?????A??????C??????K??????E??????@???????G?G?????_?_????B???????@????????_???????G???????@?@??????K????????W????????W????????G????????A?@???????O????????@?????????@?????????@??????????_?_???????W?????????B??????????C??????????G??????????G?G????????C??????????@???????????K???????????o??????????@_??????????@_???????????O???????????C????????????_???????????A?C??????????K????????????E????????????B?????????????_????????????C?G???????????O?_???????????_?????????????o?????????????W?????????????E??????????????O?????????????@??????????????A?G????????????A?G????????????@???????????????K??????????????@_??????????????A???????????????E???????????????E????????????????o???????????????K????????????????o???????????????B????????????????B????????????????@_????????????????[,u|fIID`GH_a@E@A?`_GK@?oC@?GB?G@_C?O@?E?G?W?_?_@?@_@??o?_?G?G?B?@??K?C??W?G??W?G??K?C??B_@???G?G??@_?_??B_@???@?@???@o?_???K?G???@?@????M?C????K?G????K?G????E?C????@o@?????C?W?????o?_????@o@??????_B??????{?_?????A?W??????{@???????sK???????Yg,4,5
104,~?@gsP@@?OE?O?_@_?_?G?B??G??O??O??W??C???_G?A???K???G???C???@????W???@_???A????A?G??@?????W????A?????G?????O@????o?????W?????C??????_?????A??????C??????E??????A???????_@?????C?G?????o???????_???????_???????O???????C???????@_???????E????????K????????G????????C?C??????@?????????C?????????O?????????_@???????@_?????????o?????????K?????????@??????????C??????????G?G????????G??????????C??????????@_??????????K???????????o???????????_???????????_@??????????O???????????C?G??????????_???????????E????????????E????????????E????????????B?????????????O????????????A?????????????G?_???????????W?????????????K?????????????C?????????????@??????????????G@?????????????_?????????????@_?????????????@_??????????????O??????????????C@??????????????_G?????????????A?_?????????????K???????????????E???????????????B????????????????O???????????????A@???????????????AC???????????????E????????????????B?????????????????[,u|fIID`GH_a@E@A?`_GK@?oC@?GB?G@_C?O@?E?G?W?_?_@?@_@??o?_?G?G?B_@??E?C??K?G??K?G??F?C???_@???K?G???o?_??@_@???@?@???@o?_???K?G???@?@????M?C????K?W????K?G????F?C?????o@?????F?G?????K?_?????O@??????w@??????K@_?????AoG??????F@???????NC???????Dw,0,0
104,~?@gsP@@?PC?O`?@?@_?O?A??G??O??O??G??E???_??A?_?C???K???C???@?G??W???@????A?G??E????A?????_????C?????W?????_?????_@????O?????C??????_@????A??????C??????C??????A??????@_??????K???????_??????@?@?????@????????o???????G???????@?@??????E????????G????????G?G??????K????????B?????????O????????@??_??????A?????????A?????????@_?????????O?????????A?@????????G??????????O??????????O?G????????G?C????????A???????????O?G????????@???????????A???????????B???????????@_???????????W???????????@????????????E????????????G????????????G?G??????????A?????????????_@???????????E?????????????W?????????????_?????????????_@????????????O?_???????????E??????????????_?????????????A?C????????????C??????????????E??????????????@???????????????O@?????????????A?G?????????????G???????????????K???????????????C???????????????B????????????????o???????????????A@???????????????E????????????????M????????????????E?????????????????s,u|eMID@WH_a@E@A?`_GG@@_CB?GB?G@?C?o@?E?G?W?_?o@??o@??O?_?K?G?@_@??C?C??W?G??W?G??K?C??B?@???O?G??B_?_??B?@???B?@???@o?_???G?G???B_@????E?C????G?G????[?G????E?C????@o@?????C?G?????w?_?????o@??????w@??????G@_?????F_G??????Gb??????@{C???????\O,4,5
104,~?@gsP@@?OC?O`?@?@_?O?A??W??_??_??O??C??@_??C???G@??G???K???A????O@??@????E????E????B?????_????C?????O?????o?????_?????O?????C??????o?????A??????C??????C??????A???????_??????K???????o??????@???????@?@??????_???????W???????B????????G????????O?G??????O?G??????W????????E?????????o????????B?????????C?????????C?@???????A??????????_?????????E??????????O??????????_?G????????_??????????O??????????A???????????O??????????@??_????????A???????????A?@?????????@????????????W???????????B????????????K????????????G????????????K????????????E????????????@_????????????K?????????????W?????????????W?????????????O?????????????G?_???????????A?G????????????W?????????????@??????????????A?G????????????A??????????????@?C?????????????O??????????????A?G?????????????G?_?????????????O???????????????K???????????????A????????????????o???????????????B????????????????B????????????????F????????????????B?????????????????s,u|eMID@WH?e@C@E?`_GG@@_CB?GB?G@?C?o@?E?G?W?_?o@??_@??o?_?K?G?@_@??C?C??W?G??W?G??K?C??B?@???O?G??B??_??E?@???E?@???B_?_???O?G???F?@????M?C????G?G????[?G????E?C????@o@?????C?G?????w?_?????o@??????w@??????G@_?????F_G??????Gb??????@{C???????\O,4,4
104,~?@gsP@@?OE?O?_@_?_?G?B??G??O??O??W??C???_G?A???K???G???C???@????W???@_???A????A?G??@?????W????A?????G?????O@????o?????W?????C??????_?????A??????C??????E??????A???????_@?????C???????o???????_???????_???????O???????C?G?????@_???????E????????K????????G????????C?C??????@?????????K?????????_????????@?????????@?@???????@_?????????W?????????@??????????C??????????G?G????????G??????????C??????????@_??????????G???????????_?_????????@?@?????????B????????????_???????????G???????????@?@??????????C?C??????????W????????????K????????????E????????????@_????????????C?????????????G?????????????O?????????????O@????????????W?????????????@??????????????G??????????????_C????????????@??????????????@_??????????????o??????????????K???????????????_??????????????B???????????????E???????????????B???????????????@_???????????????GG??????????????@_???????????????E????????????????CG???????????????CG???????????????@c,u|fIID`GH_a@E@A?`_GK@?oC@?GB?G@_C?O@?E?G?W?_?_@?@_@??o?_?G?G?B_@??E?C??K?G??G?G??K?C??B_@???G?G??@_?_??B_@???@?@???@o?_???K?G???@?@????M?C????K?W????K?G????E?C????@o@?????C?G?????{?_?????OB??????w@??????K?_?????AoG??????EB???????[C???????VW,4,5
104,~?@gsP@@?OE?O?_@_?_?G?B??G??O??O??W??C???_??A???K???G???C?_?@????W???@_???A????A????@?????o????E?????O?????_?????_?????W?????C??????_?????A??????C??????K??????E??????@???????G???????_?_????@???????B???????@_???????O???????A?@??????G?C??????o????????o????????W????????C?????????_?G??????A?????????C?????????K?????????B??????????_?????????C??????????O??????????_?G????????O??????????G??????????A?@?????????O??????????@???????????B???????????B???????????@????????????O?G?????????A?@??????????G?C??????????o????????????o????????????K????????????B?????????????K?????????????o????????????@?????????????@?@????????????_?_???????????G??????????????O@????????????@??????????????A??????????????A?G????????????@???????????????O@?????????????A???????????????G?_?????????????K???????????????E???????????????B????????????????W???????????????@_???????????????B????????????????AG???????????????B?????????????????k,u|fIID`GH_a@E@A?`_GK@?_CB?GA?GB?C?o@?E?G?W?_?_@?@_@??o?_?G?G?B?@??K?C??W?G??O?G??[?C??A?@???o?G??B??_??E?@???F?@???@??_???w?G???B?@????G?C????w?G????W?G????K?C????B_@?????K?G?????o?_????@w@??????OB??????[?_?????B?G??????]@???????[K???????Zg,0,0
104,~?@gsP@@?OE?O?_@_?_?G?B??G??O??O??W??C???_G?A???K???G???C???@????W???@_???A????A????@?????W????A?????G?????O@????o?????W?????C??????_?????A??????C??????K??????E??????@???????G?G?????_?_????B???????@????????_???????G???????@?@??????K????????W????????W????????G????????A?@???????O????????@?????????@?????????@??????????_?_???????W?????????B??????????C??????????G??????????G?G????????C??????????@???????????K???????????o??????????@_??????????@_???????????O???????????C????????????_@??????????A?C??????????K????????????E????????????B?????????????_????????????C?G???????????O?_???????????_?????????????_?????????????O?_???????????K??????????????O?????????????@??????????????A?G????????????A??????????????@?C?????????????K??????????????@_??????????????A???????????????E???????????????E???????????????@_???????????????K????????????????o???????????????B????????????????AG???????????????AG???????????????@c,u|fIID`GH_a@E@A?`_GK@?oC@?GB?G@_C?O@?E?G?W?_?_@?@_@??o?_?G?G?B?@??K?C??W?G??W?G??K?C??B_@???G?G??@_?_??B_@???@?@???@o?_???K?G???@?@????M?C????K?G????K?G????E?C????@o@?????C?G?????{?_?????OB??????w@??????K?_?????BoG??????EB???????[C???????VW,4,4
104,~?@gsP@@?OC?O`?@@@_?O?A??W??_??_??O??C???_??A???C???K???C???@????G@??@_???A????A?G??B?????_????C?G???o????@_????@??????_?_???G?????B??????C??????G??????G??????C??????@?@?????G???????_??????@???????@?@??????_???????K???????@????????C????????G?G??????W????????K????????A?????????O?G??????@_????????B?????????B??????????o?????????G?????????@?@????????C?C????????W??????????G??????????C??????????@???????????G?G?????????_??????????@?@?????????@????????????_???????????G?G?????????@????????????A????????????E????????????E????????????B?????????????O????????????A?G???????????K?????????????W?????????????K?????????????E?????????????@_?????????????C??????????????O??????????????_G?????????????_??????????????OC?????????????C???????????????_G?????????????A???????????????E???????????????E???????????????@_???????????????K????????????????o???????????????B????????????????AG???????????????AG???????????????@c,u|eMID@WH?e@C@E?`?GW@@?CF?GA?GB?C?_@?K?G?o?_@?@?B_@??_?_?W?G?B?@??G?C??w?G??O?G??[?C??A?B???w?G??@??_??F?@???B?@???@??_???w?G???A?B????W?C????w?G????O?G????[?C????A_@?????M?G?????O?_????@w@??????SB??????E?_?????@oG??????F@???????MC???????Jw,4,4
104,~?@gsP@@?OE?O?_@_?_?G?B??G??O??O??W??C???_??A?_?K???G???C???@?G??W???@_???A????A????@?C???o????A?????G?????O?????o?????G?????A??????O?????@??????E??????A??????@???????O@?????E???????W???????_???????_???????O?_?????K???????@_???????E????????G????????G????????C?C??????B?????????G?????????_????????@?????????@?@???????@_?????????G?????????@??????????C??????????G?G????????G??????????K??????????@???????????G?G?????????_?_????????B???????????B????????????_???????????K???????????@_???????????E????????????E????????????C????????????A?????????????_@???????????A?????????????G?_???????????O?????????????O@????????????W?????????????A??????????????O?????????????@?C????????????A?G????????????E??????????????@_??????????????K???????????????_??????????????B???????????????E???????????????@????????????????_???????????????GG??????????????@@???????????????CC???????????????W????????????????KG???????????????EO,u|fIID`GH_a@E@A?`_GK@?_CB?GB?G@_C?O@?F?G?G?_?o@??o@??O?_?K?G?@o@??A?C??K?G??K?G??E?C??@_@???G?G??@o?_??@?B???B?@???@o?_???G?G???B?@????M?C????K?G????K?G????E?C????@o@?????D?G?????K?_?????[@??????K@??????F?_??????wG??????B`???????Fc???????Bw,4,5
104,~?@gsP@@?OE?O?_@_?_?G?B??G??O??O??W??C???_??A???K???G???C???@?G??W???@_???A????A?G??@?????o????E?????O?????_@????_?????o?????C??????_?????A??????C??????E??????A???????_??????C???????O???????o???????_???????O???????C?G?????@_???????E????????K????????G????????C?C??????@?@???????W????????@_????????B?????????A?????????@??_???????O?G???????E??????????G??????????O??????????O??????????G??????????A?@?????????G???????????_??????????@???????????@?@??????????_???????????C????????????o???????????B????????????E????????????E????????????@_????????????W????????????B?????????????E?????????????K?????????????K?????????????A??????????????_?????????????C??????????????OC?????????????_??????????????_??????????????OC?????????????C???????????????o??????????????B???????????????E???????????????B???????????????@_???????????????K???????????????@_???????????????AC???????????????E????????????????B?????????????????[,u|fIID`GH_a@E@A?`_GK@?_CB?GA?GB?C?o@?C?G?w?_?_@?@_@??o?_?G?G?B_@??E?C??G?G??W?G??K?C??A?@???w?G??@_?_??A?@???F?@???@?@_???o?G???E?@????W?C????{?G????G?W????K?C????B_@?????G?G????@w?_?????gB??????W@??????K?_?????BOG??????EB???????[C???????VW,4,5
104,~?@gsP@@?OE?O?_@_?_?G?B??G??O??O??W??C???_??A???K???G???C???@?G??W???@_???A????A?G??@?????o????E?????O?????_@????_?????o?????C??????_?????A??????C??????E??????A???????_@?????C???????O???????o???????_???????O???????C?G?????@_???????E????????K????????G????????C?C??????@?????????K?????????o????????@?????????@?@????????_?_???????W?????????@??????????C??????????G??????????G?G????????C??????????@_??????????G???????????_?_????????@?@?????????@????????????O???????????C????????????_@??????????E????????????K????????????E????????????A?????????????_@???????????C?????????????K?????????????W?????????????W?????????????C?????????????@?G????????????G??????????????_C????????????@??????????????@_??????????????o??????????????C???????????????_??????????????A?_?????????????E???????????????B???????????????@????????????????OG??????????????B@???????????????K????????????????G????????????????KG???????????????AW,u|fIID`GH_a@E@A?`_GK@?_CB?GA?GB?C?o@?C?G?w?_?_@?@_@??o?_?G?G?B_@??E?C??K?G??K?G??C?C??B_@???K?G???_?_??B_@???@?@???@_?_???[?G???@?@????M?C????K?G????M?G????A?C????@w@?????A?W?????[?_?????W@??????[@??????C@_?????B_G??????M@???????S[???????\G,4,4
104,~?@gsP@@?OE?O?_@_?_?G?B??G??O??O??W??C???_??A???K???G???C???@?G??W???@_???A????A?G??@?????o????E?????O?????_@????_?????o?????C??????_?????A??????C??????E??????A???????_@?????C???????O???????o???????_???????O???????C?G?????@_???????E????????K????????G????????C?C??????@?????????K?????????o????????@?????????@?@????????_?_???????W?????????@??????????C??????????G??????????G?G????????C??????????@_??????????G???????????_?_????????@???????????@????????????O???????????E????????????o???????????B????????????B????????????A????????????@?C???????????O????????????B?????????????K?????????????W?????????????W?????????????C?????????????@??????????????G@?????????????_?????????????@_?????????????@_??????????????O??????????????C???????????????o??????????????B???????????????B???????????????B????????????????o???????????????K???????????????@_???????????????AC???????????????CG???????????????E????????????????@K,u|fIID`GH_a@E@A?`_GK@?_CB?GA?GB?C?o@?C?G?w?_?_@?@_@??o?_?G?G?B_@??E?C??K?G??K?G??C?C??B_@???K?G???_?_??B_@???@?B???@_?_???[?G???@?@????M?C????K?G????K?G????E?C????@?@?????]?G?????S@_?????W@??????[@??????C?_?????B_G??????MB???????WS???????nG,4,5
104,~?@gsP@@?OC?O`?@@@_?O?A??W??_??_??O??C???_??A???C???K???C???@????G@??@_???A????A?G??B?????_????C?G???o????@_????@??????_?_???G?????B??????C??????G??????G??????C??????@???????G???????_??????@???????@?@??????_???????K???????@????????C????????G?G??????W????????K????????B?????????W????????@_????????B?????????B??????????o?????????G?????????@?@????????C?C????????W??????????G??????????C??????????@???????????G???????????_??????????@?@?????????@????????????_???????????G?G?????????@????????????A????????????E????????????E????????????B?????????????o????????????E?????????????K?????????????W?????????????K?????????????E?????????????@_?????????????C??????????????O??????????????_G?????????????_??????????????OC?????????????C???????????????_G?????????????A???????????????E???????????????E???????????????@_???????????????K????????????????o???????????????B????????????????AG???????????????AG???????????????@c,u|eMID@WH?e@C@E?`?GW@@?CF?GA?GB?C?_@?K?G?o?_@?@?B_@??_?_?W?G?B?@??K?C??W?G??O?G??[?C??A?B???w?G??@??_??F?@???B?@???@??_???w?G???A?B????W?C????o?G????o?G????[?C????A_@?????M?G?????O?_????@w@??????SB??????E?_?????@oG??????F@???????MC???????Jw,4,4
104,~?@gsP@@?OE?O?_@_?_?G?B??G??O??O??W??C???_??A???K???G???C???@?G??W???@_???A????A????@?????o????E?????O?????_@????_?????o?????C??????_?????A??????C?G????K??????E??????@???????G?G?????_??????@???????@_???????_???????G???????@?@??????K????????W????????G????????C????????@?????????G?????????o????????@_????????@??????????_?_???????G?G???????B??????????C??????????G??????????G??????????C?C????????B???????????W??????????@_??????????A???????????A?@?????????@??_?????????O???????????@????????????E????????????K????????????K????????????A?????????????_????????????C?G???????????O?????????????_?????????????W?????????????K?????????????B??????????????G??????????????o?????????????@_??????????????o??????????????W??????????????E???????????????O??????????????@_??????????????B???????????????@????????????????__??????????????G???????????????@`???????????????E????????????????E????????????????B?????????????????[,u|fIID`GH_a@E@A?`_GK@?_CB?GA?GB?C?o@?C?G?w?_?_@?@_@??o?_?K?G?@_@??E?C??K?G??K?G??C?C??B_@???K?G???_?_??B_@???@?B???@_?_???W?G???B?@????K?C????W?G????W?G????M?C????@?@?????]?G?????S@_?????W@??????[@??????F?_??????oG??????F@???????JK???????Fg,4,5
104,~?@gsP@@?OE?O?_@_?_?G?B??G??O??O??W??C???_??A???K???G???C???@?G??W???@_???A????A????@?????o????E?????O?????_?????_?????o?????C??????_?????A??????C?G????K??????E??????@???????G?G?????_??????@???????B???????@_???????O???????A????????G?C??????o????????o????????G????????A?????????O?G??????@?????????B?????????B?????????@??????????O?G???????A??????????G?C????????o??????????O??????????G??????????A???????????O?G????????B???????????B???????????A???????????@??_?????????O?G?????????A????????????K????????????G????????????K????????????E????????????@_????????????C?????????????O?????????????_@????????????_?????????????K?????????????A??????????????O@????????????@?C????????????E??????????????A??????????????@_??????????????W??????????????@_??????????????E???????????????C@??????????????A???????????????@_???????????????W???????????????@????????????????CC???????????????EG???????????????E????????????????@c,u|fIID`GH_a@E@A?`_GK@?_CB?GA?GB?C?o@?C?G?w?_?_@?@_@??o?_?K?G?@_@??E?C??K?G??K?G??C?C??B?@???W?G??@_?_??A?@???F?@???@?@_???o?G???E?@????W?C????w?G????W?G????M?C????@?@?????[?G?????w?_?????g@??????W@??????M?_?????@oG??????F@???????NC???????Fw,4,4
104,~?@gsP@@?OE?O?_@_?_?G?B??G??O??O??W??C???_??A???K???G???C???@????W???@_???A????A????@?????o????E?????O?????_@????_?????o?????K?????@??????C??????G??????G?G????K??????B???????O??????@??_????A???????A???????@_???????O???????A????????G????????O?G??????o????????W????????A?????????O????????@??_??????A?????????B?????????@_?????????O?????????A?@????????G?C????????o??????????o??????????G??????????A???????????O??????????@??_????????E???????????B???????????@????????????O?G?????????A?@??????????G????????????G????????????G????????????C?C??????????@?@???????????W????????????@_????????????@?????????????@??????????????_?_???????????G??????????????o?????????????B??????????????E??????????????@???????????????_C?????????????K??????????????@_??????????????B???????????????E???????????????A???????????????@_???????????????K????????????????_???????????????AC???????????????EG???????????????E????????????????@c,u|fIID`GH_a@E@A?`_GK@?_CB?GA?GB?C?o@?C?G?o?_@_@?@?@?@_?_?W?G?B?@??K?C??W?G??W?G??K?C??A?@???w?G??@_?_??A?@???E?@???B_?_???O?G???E?@????W?C????o?G????w?G????K?C????B_@?????G?G????@w?_?????_B?????@w@??????K@_?????B_G??????M@???????[C???????Tw,4,4
104,~?@gsP@@?OE?O?_@_?_?G?B??G??O??O??W??C???_??A???K???G???C???@?G??W???@_???A????A????@?????o????E?????O?????_@????_?????o?????C??????_?????A??????C?G????K??????E??????@???????G?G?????_??????@???????@_???????_???????G???????@?@??????K????????W????????G????????C????????@?@???????G?????????o????????@_????????@??????????_?_???????G?G???????B??????????C??????????G??????????G??????????C?C????????B???????????K???????????_??????????@?@?????????@????????????_???????????C????????????o???????????B????????????E????????????A????????????@?????????????O@???????????A?????????????K?????????????W?????????????W?????????????K?????????????@??????????????K??????????????o??????????????o??????????????_??????????????OC?????????????C@??????????????_??????????????B???????????????E???????????????A???????????????@?_??????????????OG??????????????@_???????????????E????????????????E????????????????@_????????????????[,u|fIID`GH_a@E@A?`_GK@?_CB?GA?GB?C?o@?C?G?w?_?_@?@_@??o?_?K?G?@_@??E?C??K?G??K?G??C?C??B_@???K?G???_?_??B_@???@?B???@_?_???W?G???B?@????M?C????K?G????K?G????E?C????@?@?????]?G?????S@_?????W@??????[@??????F?_??????oG??????F@???????JC???????Fw,4,4
104,~?@gsP@@?OC?O`?@?@_?O?A??W??_??_??O??C??@_??C???G???G???K???A????O???@?C??E????E????B?????_????C?????O????@_????@_?????_?????G?G???@??????K??????G??????G??????C??????@???????G?G????@_??????B???????A???????@??_?????O???????A????????K????????O????????O????????G?C??????E?????????o????????B?????????A?????????A?????????@??_???????O?????????B??????????K??????????O??????????O?G????????G?C????????E???????????O??????????@???????????A???????????A?@?????????@??_?????????o???????????B????????????G????????????O?G??????????O?G??????????G????????????@?????????????K?????????????o????????????@_?????????????O?????????????G?????????????A?G????????????O??????????????o?????????????@_?????????????@_??????????????O??????????????E???????????????o??????????????@_??????????????B???????????????@????????????????o???????????????K????????????????_???????????????AC???????????????EG???????????????E????????????????@c,u|eMID@WH?e@C@E?`_GG@@_CB?GA?GB?C?_@?K?G?o?_@?@?B_@??_?_?W?G?B?@??K?C??W?G??W?G??K?C??B?@???W?G??@??_??F?@???B?@???@??_???w?G???A?B????W?C????w?G????W?G????M?C????@_@?????M?G?????O?_????@w@??????SB??????E?_?????@oG??????F@???????MC???????Jw,4,5
104,~?@gsP@@?OC?O`?@?@_?O?A??W??_??_??O??C@?@_??C???G@??G???K???A????O???@????E????C????A?C???_????C?????O?????o?????_?????O?_???C?????@_?????E??????G??????G?G????C??????@???????G?G????@_??????B???????A???????@??_?????O???????B????????G????????O?G??????O????????G????????B?????????O????????@??_??????A?????????A?????????@??_???????O?????????B??????????G??????????O?G????????O??????????K??????????B???????????O??????????@??_????????A?@?????????B???????????@_???????????K???????????@????????????C?C??????????G?G??????????K????????????C????????????@?@???????????G?G???????????_?????????????_?????????????_@????????????O?????????????C?G????????????_?????????????@??????????????A?G????????????A???????????????o??????????????K???????????????o??????????????@_??????????????B???????????????@_???????????????o???????????????C????????????????`???????????????AC???????????????CG???????????????CG???????????????BC,u|eMID@WH?e@C@E?`?GW@@_CB?GB?G@?C?o@?E?G?O?_@_@?@_@??o?_?K?G?@?@??K?C??W?G??W?G??K?C??B?@???O?G??B_?_??B?@???B?@???@_?_???W?G???B_@????C?C????[?G????M?G????B?C?????o@?????F?G?????K?_?????[@??????M@??????A?_?????@wG??????BB???????MS???????NG,4,5
104,~?@gsP@@?OE?O?_@_?_?G?B??G??O??O??W??C???_G?A???K???G???C???@?G??W???@_???A????A????@?????W????A?????G?????O@????o?????G?????A??????O?????@??????E??????E??????A???????_@?????C???????o???????_???????_???????O?_?????K???????@_???????E????????G????????G????????C?C??????@?????????K?????????_????????@?????????@?@???????@_?????????G?????????@??????????C??????????G?G????????G??????????K??????????@_??????????G???????????_?_????????@?@?????????B????????????_???????????G?G?????????@?@??????????K????????????W????????????K????????????C????????????@?@???????????G?G???????????_?????????????_?????????????_?????????????O?_???????????A??????????????O@????????????@??????????????A?G????????????A???????????????o??????????????K??????????????@_??????????????B???????????????B???????????????@_???????????????o???????????????CG???????????????_???????????????AC???????????????CG???????????????CG???????????????@c,u|fIID`GH_a@E@A?`_GK@?oC@?GB?G@_C?O@?F?G?G?_?o@??o@??O?_?K?G?@_@??E?C??K?G??G?G??K?C??B_@???G?G??@o?_??@?@???B?@???@o?_???G?G???B?@????M?C????K?G????K?G????E?C????@o@?????F?G?????K?_?????[@??????G@??????N?_??????oW??????ED???????]C???????MW,0,0
104,~?@gsP@H?OC?O`?@??_?G?B??G??O??O??G??E???_??A?_?K???G???C???@????W???@????A?G??E????A?????_????C?????O?????_?????_?????o?????K?????@??????C??????G?G????G??????C?C????@???????W??????@_??????B???????B???????@_???????O???????A?@??????G????????O?G??????o????????G????????A?@???????W????????@?????????A?????????A?@???????@??????????O?????????A??????????G??????????W??????????G??????????C??????????@?@?????????G???????????_?_????????@???????????B????????????o???????????K???????????@_???????????E????????????G????????????G?G??????????C?C??????????B?????????????G?????????????_?_??????????@_????????????@??????????????_?????????????G?G???????????@?@????????????C??????????????G?G????????????G??????????????A???????????????o??????????????B???????????????C???????????????W???????????????E???????????????@_???????????????W???????????????B????????????????EC???????????????G_???????????????K????????????????AK,u|eMID`GH_a@E@A?`_GG@@_CB?GA?GB?C?o@?C?G?o?_@_@?@?@?@o?_?G?G?B_@??C?C??W?G??W?G??K?C??B?@???W?G??@_?_??B?@???B_@????_?_???[?G???@?B????M?C????G?W????W?G????M?C????@_@?????K?G?????o?_????@_@?????@o@??????T?_??????oG??????F`???????FK???????Fg,4,4
104,~?@gsP@H?OC?O`?@??_?G?B??G??O??O??G??E???_??A?_?K???G???C???@????W???@????A?G??E????A?????_????C?????O?????_@????_?????o?????K?????@??????C??????G?G????G??????C?C????@???????W??????@_??????A???????A?@?????@_???????O???????A????????G????????O?G??????o????????G????????A?@???????W????????@?????????A?@???????A?????????@??????????O?????????A?@????????G?C????????o??????????o??????????G??????????A???????????O?G????????@???????????A?@?????????A???????????@_???????????W???????????B????????????A????????????C????????????C????????????A?C??????????@_????????????C?????????????O?_???????????o?????????????_?????????????O?_???????????C??????????????o?????????????B??????????????E??????????????A??????????????@_??????????????K???????????????_??????????????B???????????????E???????????????A@??????????????@????????????????OG??????????????E????????????????KC???????????????O_???????????????OG???????????????EC,u|eMID`GH_a@E@A?`_GG@@_CB?GA?GB?C?o@?C?G?o?_@_@?@?@?@o?_?G?G?B_@??C?C??W?G??W?G??K?C??A?@???w?G??@_?_??A?@???E?@???B_?_???O?G???F?@????G?K????w?G????O?W????[?C????B?@?????W?G????@w?_?????_B?????@_@??????w?_?????DOG??????F@???????Lc???????Bw,0,0
104,~?@gsP@@?PC?O`?@?@_?O?A??G??O??O??G??E???_??A?_?C???K???C???@?G??W???@_???B????A????@?????O????B?????G?????O?????O?????G?????A??????O?????@??????A??????E??????B???????_??????C?G?????O??????@_??????@_???????_???????G?G?????B????????K????????W????????W????????G????????A?????????O?G??????@?????????B?????????A?????????@??????????O?G???????A??????????G??????????O??????????O?G????????G??????????A???????????O??????????B???????????B???????????B????????????_???????????W???????????@_???????????E????????????K????????????E????????????B?????????????o????????????C?????????????O?_???????????_@????????????o?????????????O?????????????C?G????????????_@????????????A??????????????C??????????????C?G????????????A???????????????_@?????????????C???????????????K???????????????G???????????????E???????????????B????????????????W???????????????@_???????????????F????????????????E????????????????B?????????????????k,u|eMID@WH_a@E@B?__GK@?oC@_G@?G@_C?W@?B?G?G?_?o@??o@??W?_?C?G?@_@??E?C??K?G??K?G??C?C??B?@???W?G??@_?_??B?@???A?@???B_?_???W?G???B?@????G?C????o?G????w?G????M?C????@?@?????W?G????@o?_????@o@??????_@??????w?_?????F?W??????PD??????BwC???????}O,0,0
104,~?@gsP@@?OC?O`?@?@_?O?A@?W??_??_??O??C??@_??C???G???G???C???@????G???@_???A????A?G??B?????_????C?????O????@_????@_?????_?????G?G???B??????K??????O??????O??????G?C????A???????O?G????@???????E???????E???????A????????_???????C?@??????O????????_????????_?G??????O????????C?@??????@_????????A?????????C?@???????E?????????A??????????_?????????C?@????????O?????????@_??????????o??????????O??????????C?@?????????o??????????@???????????A???????????A?@?????????@????????????O?G?????????A????????????W????????????W????????????O????????????G?C??????????A?@???????????O?G??????????@?????????????A?@???????????A?@???????????B??????????????O?????????????A?@????????????K??????????????O??????????????O?G????????????G?C????????????A???????????????C?G?????????????O?_?????????????O???????????????W???????????????E????????????????_???????????????B????????????????B????????????????E????????????????BG???????????????@o,u|eMID@WH?e@C@E?`?GW@@?CE?GE?GA?C@_@?G?G@o?_@?@?B?@?@_?_?O?G?F?@??G?C??w?G??O?G??W?C??E?@???o?G??A??_??M?@???C?@???F??_???o?G???F?@????G?C????w?G????O?W????[?C????A?B?????o?G????B_?_????B?@?????B_@??????w?_?????F?G??????T@???????NC???????Fw,4,5
104,~?@gsP@@?OC?O`?@?@_?O?A@?W??_??_??O??C??@_??C???G@??G???C???@????G???@_???A????A?G??B?????_????C?????O?????o?????_?????O?_???K?????@_?????C??????G?G????G??????C??????@?@?????G??????@_??????B???????A???????@??_?????O???????A????????G????????O?G??????O????????K????????A?????????O?G??????@_????????A?????????A?????????@??_???????O?????????B??????????G??????????O?G????????o??????????K??????????A???????????O?G????????@???????????A???????????A?@?????????@????????????o???????????B????????????K????????????G????????????G????????????C????????????@?@???????????G?G???????????o????????????@?????????????@?@????????????o?????????????G?????????????@?@????????????C?C????????????K??????????????K??????????????E???????????????O??????????????A?G?????????????G?_?????????????W???????????????G???????????????B????????????????O???????????????B????????????????A????????????????EG???????????????F????????????????@o,u|eMID@WH?e@C@E?`?GW@@?CE?GE?GB?C?_@?M?G?O?_@_@?@_@??o?_?K?G?@?@??M?C??G?G??W?G??K?C??B?@???W?G??@??_??F?@???A?@???B_?_???W?G???B?@????K?C????O?G????w?G????G?K????E?@?????w?G????@o?_????@?@?????B_@??????_@_?????]?G??????wB??????@PS??????@{G,4,4
104,~?@gsP@@?OC?O`?@?@_?O?A@?W??_??_??O??C??@_??C???G@??G???C???@????G???@_???A????A?G??B?????_????C?????O?????o?????_?????O?_???K?????@_?????C??????G??????G?G????C??????@?@?????G??????@_??????B???????A???????@??_?????O???????A????????G?C??????O????????O?G??????W????????A?????????O?G??????@_????????A?????????A?????????@??????????O?????????B??????????G??????????O?G????????W??????????C??????????@???????????G?G?????????_??????????@?@?????????@???????????@_???????????W???????????B????????????K????????????G????????????G????????????C?C??????????@?@???????????W?????????????_????????????@?@???????????@_?????????????_?????????????G?G???????????@??????????????C?C????????????K??????????????G??????????????C?C?????????????_??????????????E???????????????K???????????????G???????????????K???????????????B????????????????OG??????????????B????????????????K????????????????KG???????????????G_???????????????DC,u|eMID@WH?e@C@E?`?GW@@?CE?GE?GB?C?_@?M?G?O?_@_@?@_@??_?_?[?G?@?@??M?C??G?G??W?G??K?C??B?@???W?G??@??_??F?@???B?@???@o?_???G?G???B_@????C?K????[?G????G?W????K?C????B?@?????W?G????@o?_????@?@?????B_@??????w?_?????DOG??????F@???????NC???????Fw,4,5
104,~?@gsP@@?OE?O?_@_?_?G?B??G??O??O??W??C???_G?A???K???G???C???@?G??W???@_???A????A????@?????W????A?????G?_???O?????o?????G?????A??????O?????@?C????E??????E??????A???????_@?????C???????W???????_???????_???????O?_?????K???????@_???????A????????C????????C????????A?????????o????????C?????????O?_???????_@???????@_?????????O?????????C??????????_?????????A?C????????K??????????K??????????E??????????@???????????G?G?????????_???????????_???????????o???????????W???????????E????????????O???????????@????????????A?G??????????A????????????@?????????????W????????????B?????????????K?????????????G?????????????G?????????????C?_???????????B??????????????K??????????????o?????????????@??????????????@?G?????????????_C?????????????K??????????????@_??????????????A???????????????C@??????????????C@??????????????A?_??????????????_???????????????B????????????????C????????????????GG???????????????BG???????????????@o,u|fIID`GH_a@E@A?`_GK@?oC@?GB?G@_C?O@?F?G?G?_?o@??o@??W?_?E?G??o@??B?C??C?G??M?G??B?C???_@???M?G???O@_??@_@???@_@????o?_???K?G???@_@????E?C????K?G????G?G????N?C?????gB?????B?G?????K?_?????W@??????[@??????E?_?????@_G??????L`???????EK???????Ng,0,0
104,~?@gsP@@?OC?O`?@?@_?O?A??W??_??_??O??C??@_??C???G@??G???K???A????O???@?C??E????E????B?????_????C?G???O?????o?????_?????O?_???C?????@_?????A??????C??????C??????A???????_??????E???????O???????_@??????_???????W???????C????????_???????A?C??????K????????K????????E????????@_????????G?????????_?_??????@?????????@_?????????_?????????G?G???????@??????????K??????????G??????????G??????????C?C????????@???????????G???????????_?_????????@_??????????@????????????_?_?????????G???????????@_???????????C????????????K????????????K????????????B?????????????o????????????A?????????????G?_???????????O?????????????W?????????????K?????????????@??????????????W??????????????_?????????????@?G????????????@???????????????_C?????????????K??????????????@_??????????????B???????????????C???????????????E???????????????@_???????????????G???????????????@@???????????????E????????????????CW???????????????K????????????????BC,u|eMID@WH?e@C@E?`_GG@@_CB?GB?G@?C?o@?E?G?O?_@o@??_@??o?_?K?G?@_@??C?C??[?G??K?G??E?C??@?@???[?G???o?_??@?@???B_@????_@_???[?G???@_@????E?C????M?G????E?G????B?C?????_@?????M?G?????W@_?????g@??????[@??????E?_?????@oG??????F@???????JC???????Fw,0,0
104,~?@gsP@@?OE?O?_@_?_?G?B??G??O??O??W??C???_G?A???K???G???C???@????W???@_???A????A?G??@?????W????A?????G?_???O?????o?????W?????C??????_?????A??????C??????E??????A???????_@?????C???????W???????_???????_???????O?_?????C???????@_???????E????????K????????G????????C?C??????@?????????K?????????_????????@?@???????@?@???????@_?????????K?????????@??????????C??????????G??????????G??????????C?C????????@_??????????G???????????_?_????????@????????????_???????????O???????????C?G??????????_@??????????E????????????K????????????K????????????A?????????????_@???????????C?????????????W?????????????o?????????????o?????????????C?????????????@??????????????G@?????????????_?????????????@?G????????????@_??????????????o??????????????C???????????????o??????????????B???????????????B???????????????@????????????????__??????????????K???????????????@_???????????????A????????????????EG???????????????B?????????????????s,u|fIID`GH_a@E@A?`_GK@?oC@?GB?G@_C?O@?E?G?W?_?_@?@_@??o?_?G?G?B_@??E?C??K?G??G?G??M?C??@_@???G?G??@o?_??@_@???@?@???@_?_???W?G???B?@????M?C????K?G????K?G????C?C????Bo@?????C?W?????{?_?????OB??????w@??????K?_?????B_G??????M@???????TC???????Fw,4,5
104,~?@gsP@@?OE?O?_@_?_?G?B??G??O??O??W??C???_G?A???K???G???C???@?G??W???@_???A????A????@?????W????A?????G?_???O?????o?????G?????A??????O?????@??????E??????E??????A???????_@?????C???????W???????_???????_???????O?_?????K???????@_???????E????????G????????G????????C?C??????@?????????K?????????_????????@?@???????@?????????@_?????????G?????????@??????????C??????????G??????????G?G????????K??????????@_??????????G???????????_?_????????@???????????@_???????????_???????????K???????????@_???????????E????????????K????????????C????????????A?????????????_@???????????C?G???????????W?????????????o?????????????O?????????????W?????????????A??????????????O@????????????@??????????????A?G????????????E???????????????_??????????????G@?????????????@_??????????????C???????????????K???????????????E???????????????@????????????????W???????????????@_???????????????AC???????????????K????????????????EG???????????????BO,u|fIID`GH_a@E@A?`_GK@?oC@?GB?G@_C?O@?F?G?G?_?o@??o@??O?_?K?G?@_@??E?C??K?G??G?G??M?C??@_@???G?G??@o?_??@?B???B?@???@_?_???W?G???B?@????M?C????K?G????K?G????C?C????B_@?????K?W?????g?_?????w@??????W@??????K?_?????BoG??????EB???????UC???????NW,4,4
104,~?@gsP@@?OE?O?_@_?_?G?B??G??O??O??W??C???_G?A???K???G???C???@?G??W???@_???A????A????@?????W????A?????G?_???O?????o?????G?????A??????O?????@?C????E??????E??????A???????_@?????C???????W???????_???????_???????O?_?????K???????@_???????A????????C????????C????????A?????????o????????C?????????O?_???????_@???????@_?????????O?????????C??????????_?????????A?C????????K??????????K??????????E??????????@???????????G?G?????????_???????????_???????????o???????????W???????????E????????????O???????????@????????????A????????????A????????????@?C???????????W????????????B?????????????K?????????????G?????????????K?????????????E?????????????@_?????????????K??????????????O??????????????_G?????????????_??????????????W??????????????E???????????????O??????????????@???????????????A@??????????????A@??????????????@_???????????????W???????????????@_???????????????E????????????????B????????????????@_????????????????[,u|fIID`GH_a@E@A?`_GK@?oC@?GB?G@_C?O@?F?G?G?_?o@??o@??W?_?E?G??o@??B?C??C?G??M?G??B?C???_@???M?G???O@_??@_@???@_@????o?_???K?G???@_@????E?C????K?G????G?G????N?C?????gB?????B?G?????M?_?????K@??????K@??????F?_??????oG??????D`???????FC???????Fw,4,5
104,~?@gsP@@?OE?O?_@_?_?G?B??G??O??O??W??C???_G?A???K???G???C???@?G??W???@_???A????A????@?????W????A?????G?_???O?????o?????G?????A??????O?????@??????E??????E??????A???????_@?????C???????W???????_???????_???????O?_?????K???????@_???????E????????G????????G?G??????C????????@?????????K?????????_????????@?@???????@?@???????@_?????????G?????????@??????????C??????????G??????????G??????????E??????????@_??????????G???????????_?_????????@????????????_???????????W???????????E????????????o???????????B????????????E????????????C????????????A?C???????????_????????????C?G???????????W?????????????o?????????????o?????????????G?????????????A?G????????????O?????????????@?C????????????A??????????????B???????????????_??????????????G@?????????????@???????????????E???????????????E???????????????B???????????????@_???????????????GG??????????????@_???????????????E????????????????CG???????????????CG???????????????@c,u|fIID`GH_a@E@A?`_GK@?oC@?GB?G@_C?O@?F?G?G?_?o@??o@??O?_?K?G?@_@??E?C??K?G??G?G??M?C??@_@???G?G??@o?_??@?B???B?@???@_?_???W?G???A?@????[?C????W?G????W?G????K?C????A?@?????{?G?????g@_?????w@??????[@??????C?_?????B_G??????MB???????WS???????nG,4,4
104,~?@gsP@@?OE?O?_@_?_?G?B??G??O??O??W??C???_G?A???K???G???C???@?G??W???@_???A????A?G??@?????W????A?????G?_???O?????o?????G?????A??????O?????@??????B??????A??????@?C?????O??????B???????G???????O???????O@??????W???????E????????o???????A????????C?G??????C????????B?????????_????????C?G???????O?_??????@_?????????_?????????O?????????C??????????_?????????A??????????E??????????C??????????A?C?????????_??????????A???????????G???????????O@??????????o???????????W???????????E????????????o???????????A????????????C?G??????????C?G??????????B?????????????o????????????E?????????????G?????????????O?????????????O@????????????G?????????????A??????????????O@?????????????_?????????????@?G????????????@???????????????o??????????????K???????????????o??????????????B???????????????B???????????????@_???????????????o???????????????C????????????????`???????????????AC???????????????CG???????????????CG???????????????BC,u|fIID`GH_a@E@A?`_GK@?oC@?GB?G@_C?O@?F?G?G?_?o@??o@??O?_?M?G??o@??B?C??C?G??M?G??B?C???_@???M?G???O?_??@_@???@_@????o?_???G?G???B_@????E?C????K?G????G?G????N?C?????_B?????M?G?????O@_????@o@??????o@??????W?_?????F_G??????KB???????iC???????NW,4,5
104,~?@gsP@@?OE?O?_@_?_?G?B??G??O??O??W??C???_G?A???K???G???C???@?G??W???@_???A????A?G??@?????W????A?????G?_???O?????o?????G?????A??????O?????@??????B??????A??????@?C?????O??????B???????G???????O???????O@??????W???????E????????o???????A????????C?G??????C????????B?????????_????????C?G???????O????????@_?????????_?????????O?????????C??????????_?????????A??????????E??????????C??????????A?C?????????_??????????E???????????O???????????o???????????o???????????W???????????E????????????o???????????A????????????C?G??????????C????????????B?????????????o????????????A?????????????W?????????????O?????????????O@????????????G?????????????A??????????????O@????????????@_?????????????B??????????????@_??????????????_??????????????K???????????????o??????????????B???????????????A???????????????A@??????????????@_???????????????G???????????????B????????????????CC???????????????GG???????????????HG???????????????F?,u|fIID`GH_a@E@A?`_GK@?oC@?GB?G@_C?O@?F?G?G?_?o@??o@??O?_?M?G??o@??B?C??C?G??M?G??B?C???_@???M?G???O@_??@_@???@_@????o?_???G?G???B_@????E?C????K?G????G?G????M?C????@_B?????I?G?????[?_?????W@??????W@??????M?_?????@oG??????D`???????Fc???????Bw,4,5
104,~?@gsP@@?OE?O?_@_?_?G?B??G??O??O??W??C???_G?A???K???G???C???@?G??W???@_???A????A?G??@?????W????A?????G?_???O?????o?????G?????A??????O?????@??????B??????A??????@?C?????O??????B???????G???????O???????O@??????W???????E????????o???????A????????C?G??????C????????B?????????_????????C?G???????O????????@_?????????_?????????O?????????C??????????_?????????A??????????E??????????C??????????A?C?????????_??????????E???????????O???????????o???????????o???????????W???????????E????????????o???????????A????????????C?G??????????C?G??????????B?????????????_????????????C?G???????????O?_??????????@_?????????????_?????????????O?_???????????C??????????????_?????????????A?C????????????A??????????????A?G????????????@???????????????G??????????????@_??????????????B???????????????E???????????????B????????????????o???????????????K???????????????@_???????????????AC???????????????C????????????????EG???????????????@W,u|fIID`GH_a@E@A?`_GK@?oC@?GB?G@_C?O@?F?G?G?_?o@??o@??O?_?M?G??o@??B?C??C?G??M?G??B?C???_@???M?G???O@_??@_@???@_@????o?_???G?G???B_@????E?C????K?G????G?G????M?C????@_@?????I?G?????[?_?????W@??????W@??????N?_??????oW??????CL???????{C???????[W,4,5
104,~?@gsP@@?OC?O`?@@@_?O?A??W??_??_??O??C???_??A???C???K???C???@????G@??@_???A????A?G??B?????_????C?G???o????@_????@??????_?_???G?????B??????C??????G??????G??????C??????@???????G?G?????_??????@???????@?@??????_???????K???????@????????C????????G?G??????W????????K????????B?????????W?????????_????????@?@???????B??????????o?????????G?????????@?@????????C?C????????W??????????G??????????C??????????@???????????G???????????_??????????@?@?????????@????????????_???????????G?G?????????@????????????A????????????E????????????E????????????B?????????????o????????????E?????????????K?????????????W?????????????K?????????????E?????????????@_?????????????C??????????????OC?????????????_??????????????_??????????????OC?????????????C???????????????_G?????????????A???????????????E???????????????B???????????????@_???????????????K????????????????o???????????????B????????????????AG???????????????AG???????????????@c,u|eMID@WH?e@C@E?`?GW@@?CF?GA?GB?C?_@?K?G?o?_@?@?B_@??_?_?W?G?B?@??K?C??W?G??[?G??C?C??B_@???G?G??@o?_??@_@???@?@???@o?_???G?W???B?@????K?C????W?G????W?G????M?C????@?B?????[?G?????_?_????Bo@??????gB??????M?_?????@_G??????L@???????MC???????Jw,4,4
104,~?@gsP@@?OC?O`?@?@_?O?A??W??_??_??O??C??@_??C???G???G???K???A????O???@?C??E????E????B?????_????C?????O?_??@_????@_?????_?????G?G???@??????K??????G??????G??????C??????@???????G?G????@_??????@???????@????????_???????G???????@_???????C????????G????????G?G??????K????????B?????????W?????????_????????@?????????@?@???????@_?????????W?????????B??????????G??????????O?G????????O?G????????W??????????A???????????O??????????@??_????????A???????????A?@?????????B????????????O???????????A?@??????????G????????????O?G??????????O????????????C????????????@_????????????K?????????????W?????????????O?????????????O?????????????G?_???????????B??????????????K??????????????o?????????????@_??????????????_??????????????OC?????????????C@?????????????@_??????????????A???????????????C@??????????????C@??????????????A????????????????o???????????????@????????????????CC???????????????GG???????????????EG???????????????B_,u|eMID@WH?e@C@E?`_GG@@_CB?GA?GB?C?_@?K?G?o?_@?@?B_@??_?_?W?G?B?@??K?C??W?G??[?G??C?C??B?@???W?G??@??_??F?@???B?@???@??_???w?G???A?B????[?C????W?G????W?G????M?C????@_@?????M?G?????O?_????@w@??????SB??????F?_??????oG??????F@???????MC???????Jw,4,5
104,~?@gsP@@?OE?O?_@_?_?G?B??G??O??O??W??C???_??A???K???G???C???@?G??W???@_???A????A????@?????o????E?????O?????_@????_?????o?????C??????_?????A??????C?G????K??????E??????@???????G???????_??????@???????@_???????_???????G???????@?@??????K????????W????????G????????C????????@?@???????G????????@_????????B?????????B?????????@??????????O?G???????A?@????????W??????????O??????????O??????????G??????????A?@?????????o??????????@_??????????A???????????A?@?????????@????????????O?G?????????A????????????C????????????K????????????K????????????E?????????????_????????????C?????????????O?_???????????_?????????????o?????????????K?????????????B??????????????W??????????????_?????????????@?G????????????@?G????????????@_??????????????K??????????????@???????????????C?_?????????????G@??????????????G???????????????E????????????????O???????????????B????????????????C????????????????EG???????????????F????????????????@o,u|fIID`GH_a@E@A?`_GK@?_CB?GA?GB?C?o@?C?G?w?_?_@?@_@??o?_?K?G?@_@??E?C??G?G??W?G??K?C??A?@???w?G??@_?_??A?@???F?@???@?@_???o?G???E?@????W?C????w?G????W?G????K?C????B_@?????G?G????@w?_?????gB??????[@??????E?_?????@oG??????EB???????[C???????VW,4,5
104,~?@gsP@@?OE?O?_@_?_?G?B??G??O??O??W??C???_??A?_?K???G???C???@?G??W???@_???A????A????@?????o????A?????G?????O?????o?????G?????A??????O?????@??????E??????E??????A???????_??????C?G?????o??????@_??????@????????_???????G?G?????B????????K????????W????????O????????G????????A?????????O?G??????B?????????A?????????A?????????@??_???????O?????????E??????????G??????????O??????????O??????????G?C????????A???????????o??????????B???????????A???????????B???????????@_???????????K???????????@????????????E????????????K????????????K????????????B?????????????_????????????C?????????????O?????????????_@???????????@_?????????????O?????????????C?G????????????_?????????????E??????????????C??????????????C?G????????????A?C?????????????_@?????????????K???????????????o???????????????_???????????????o@??????????????K???????????????A????????????????W????????????????GK???????????????O_???????????????OG???????????????IC,u|fIID`GH_a@E@A?`_GK@?_CB?GB?G@_C?O@?F?G?G?_?o@??o@??O?_?K?G?@_@??E?C??G?G??W?G??K?C??B?@???W?G??@??_??F?@???A?B???B??_???w?G???A?@????W?C????o?G????w?G????G?C????F?@?????[?G?????o?_????@O@??????{@??????E@_?????@_G??????M@???????]C???????Lw,4,5
104,~?@gsP@@?OE?O?_@_?_?G?B??G??O??O??W??C???_G?A???K???G???C???@?G??W???@_???A????A????@?????W????A?????G?????O?????o?????G?????A??????O?????@??????E??????E??????A???????_@?????C?G?????o??????@_??????@????????_???????G?G?????B????????K????????W????????O????????G????????A?@???????O?????????_????????@?????????@??????????_?_???????W?????????@??????????C??????????G??????????G??????????C?C????????B???????????K???????????o??????????@_??????????@_???????????O???????????E????????????o???????????B????????????E????????????A????????????@?????????????O@???????????A?????????????G?_???????????O?????????????O@????????????W?????????????A??????????????O@????????????@??????????????A?G????????????E??????????????@_??????????????K???????????????_??????????????B???????????????B???????????????@????????????????_???????????????GG??????????????@@???????????????CC???????????????W????????????????KG???????????????EO,u|fIID`GH_a@E@A?`_GK@?oC@?GB?G@_C?O@?F?G?G?_?o@??o@??O?_?K?G?@_@??E?C??K?G??K?G??E?C??@_@???G?G??@o?_??@?B???B?@???@_?_???W?G???B?@????M?C????K?G????K?G????E?C????@o@?????D?G?????M?_?????K@??????K@??????F?_??????wG??????B`???????Fc???????Bw,4,5
104,~?@gsP@@?OE?O?_@_?_?G?B??G??O??O??W??C???_G?A???K???G???C?_?@????W???@_???A????A????@?????W????A?????G?_???O?????W?????G?????A??????O?????@??????E??????E??????A???????_@?????C???????W???????_???????_@??????O???????K???????@_???????E????????G????????G????????C????????@?@???????K?????????_????????@?@???????@??????????o?????????G?????????@??????????C??????????G?G????????G??????????K??????????B???????????G???????????_?_????????@???????????@_???????????_???????????G?G?????????@?@??????????K????????????W????????????K????????????C????????????@?????????????G?????????????_?_??????????@_????????????@??????????????_?_???????????G?G????????????_?????????????A??????????????C?G????????????C?G????????????A?C????????????@_??????????????K???????????????W???????????????O???????????????K???????????????E????????????????GG??????????????@????????????????CC???????????????KG???????????????K????????????????@c,u|fIID`GH_a@E@A?`_GK@?oC@?GB?G@_C?W@?B?G?G?_?o@??o@??O?_?K?G?@_@??E?C??K?G??G?G??M?C??@_@???K?G???o?_??@?@???B?@???@o?_???G?G???B?@????K?C????[?G????K?G????C?C????B_@?????K?G?????w?_?????_@?????@w@??????K@_?????B?G??????]@???????P[??????@{G,4,4
104,~?@gsP@@?OE?O?_@_?_?G?B??G??O??O??W??C???_G?A???K???G???C???@?G??W???@_???A????A????@?????W????A?????G?????O?????o?????G?????A??????O?????@??????E??????E??????A???????_@?????C?G?????o??????@_??????@????????_???????G?G?????B????????K????????W????????O????????G????????A?????????O?G???????_????????@?????????@??????????_?_???????W?????????@??????????C??????????G??????????G?G????????C??????????B???????????W???????????o??????????@_??????????@_???????????O???????????C????????????_@??????????E????????????K????????????E????????????A?????????????_????????????C?????????????O?_???????????_@????????????_?????????????O?_???????????K??????????????_?????????????A??????????????C?G????????????C?G????????????A?C????????????@_??????????????K???????????????K???????????????G???????????????K???????????????E????????????????GG??????????????@????????????????E????????????????CW???????????????K????????????????@c,u|fIID`GH_a@E@A?`_GK@?oC@?GB?G@_C?O@?F?G?G?_?o@??o@??O?_?K?G?@_@??E?C??K?G??K?G??E?C??@_@???G?G??@o?_??@?@???B?@???@o?_???G?G???B?@????K?C????[?G????K?G????E?C????@o@?????C?G?????w?_?????_B?????@w@??????K@_?????B?G??????]@???????[K???????Tg,4,4
104,~?@gsP@@?OE?O?_@_?_?G?B??G??O??O??W??C???_G?A???K???G???C???@?G??W???@_???A????A????@?????W????A?????G?????O?????o?????G?????A??????O?????@??????E??????E??????A???????_@?????C?G?????o??????@_??????@????????_???????G?G?????B????????K????????W????????O????????G????????A?????????O?G???????_????????@?????????@??????????_?????????W?????????@??????????C??????????G??????????G?G????????C??????????B???????????W???????????o??????????@_??????????@_???????????o???????????G???????????@_???????????E????????????K????????????E????????????A?????????????_????????????C?????????????O?_???????????_@????????????_?????????????O?????????????C?G???????????@_?????????????A??????????????C?G????????????C?G????????????A??????????????@_??????????????K???????????????K???????????????W???????????????G???????????????E????????????????W???????????????AC???????????????G????????????????WG???????????????Go???????????????F?,u|fIID`GH_a@E@A?`_GK@?oC@?GB?G@_C?O@?F?G?G?_?o@??o@??O?_?K?G?@_@??E?C??K?G??K?G??E?C??@_@???G?G??@o?_??@?B???B?@???@o?_???G?G???B?@????K?C????[?G????K?G????E?C????@_@?????K?G?????g?_?????{@??????GB??????K?_?????B?G??????]@???????W[???????zG,4,5
104,~?@gsP@@?OC?O`?@@@_?O?A??W??_??_??O??C???_??A???C???K???C???@????G@??@_???A????A?G??B?????_????C?G???o????@_????@??????_?_???G?????B??????C??????G??????G??????C??????@???????G???????_??????@???????@?@??????_???????K???????@????????C????????G?G??????W????????K????????A?????????O?G??????B?????????E?????????E?????????B??????????W?????????A??????????G?C????????O?G????????o??????????G??????????A???????????O??????????@??_????????A???????????A???????????@??_?????????O???????????A????????????G?C??????????O????????????G????????????E????????????@_????????????K?????????????O?????????????_@???????????@_?????????????W?????????????E??????????????W?????????????@_?????????????B??????????????@???????????????_C?????????????G@?????????????@???????????????C???????????????G@??????????????G@??????????????C?_?????????????@????????????????K????????????????K????????????????W????????????????BG???????????????@o,u|eMID@WH?e@C@E?`?GW@@?CF?GA?GB?C?_@?K?G?o?_@?@?B_@??_?_?W?G?B?@??G?C??o?G??o?G??O?C??M?@???_?W??F??_??C?@???M?@???B??_???_?G???M?@????O?K???@_?G???@o?G????O?C????K?@????@o?G????A_?_????B_@?????@?@?????@w?_?????D?W??????]@???????Wk???????}G,4,5
104,~?@gsP@@?OE?O?_@_?_?G?B??G??O??O??W??C???_??A???K???G???C???@?G??W???@_???A????A????@?????o????E?????O?????_@????_?????o?????C??????_?????A??????C??????K??????E??????@???????G?G?????_??????@???????@_???????_???????G???????@?@??????K????????W????????W????????G????????A?????????O?G??????@?????????B?????????B?????????@??????????O?G???????A?@????????W??????????O??????????O??????????G??????????A?@?????????O??????????B???????????B???????????A???????????@??_?????????O???????????A????????????C????????????K????????????K????????????E?????????????o????????????C?????????????O?????????????_@????????????_@????????????W?????????????E??????????????o?????????????B??????????????A??????????????A?G????????????@?C?????????????O??????????????E???????????????C???????????????G@??????????????G@??????????????C???????????????@_???????????????B????????????????G????????????????WG???????????????EO???????????????B_,u|fIID`GH_a@E@A?`_GK@?_CB?GA?GB?C?o@?C?G?w?_?_@?@_@??o?_?G?G?B?@??K?C??W?G??W?G??K?C??A?@???w?G??@_?_??A?@???F?@???@?@_???o?G???F?@????G?C????o?G????w?G????K?C????B?@?????W?G????@??_????F_@?????@OB??????]?_?????@@W??????W@??????@wC???????ww,0,0
104,~?@gsP@@?OE?O?_@_?_?G?B??G??O??O??W??C???_??A???K???G???C???@?G??W???@_???A????A????@?????o????E?????O?????_@????_?????o?????C??????_?????A??????C??????K??????E??????@???????G?G?????_??????@???????@_???????_???????G???????@?@??????K????????W????????W????????G????????A?????????O?G??????@?????????B?????????B?????????@??????????O?G???????A??????????W??????????O??????????O??????????G??????????A?@?????????O??????????B???????????B???????????A???????????@??_?????????O?G?????????A????????????K????????????O????????????W????????????K????????????B?????????????K?????????????_????????????@?????????????@?@????????????_?????????????E??????????????o?????????????@??????????????E??????????????A??????????????@?C?????????????O@?????????????A?G?????????????W???????????????W???????????????W???????????????E???????????????@????????????????K????????????????CK???????????????G_???????????????GG???????????????EC,u|fIID`GH_a@E@A?`_GK@?_CB?GA?GB?C?o@?C?G?w?_?_@?@_@??o?_?G?G?B?@??K?C??W?G??W?G??K?C??A?@???w?G??@_?_??A?@???F?@???@?@_???o?G???F?@????G?C????o?G????w?G????K?C????B_@?????G?G????@o?_????@_B?????@O@??????]?_?????@_W??????M@???????[C???????Uw,4,5
104,~?@gsP@@?OE?O?_@_?_?G?B??G??O??O??W??C???_??A???K???G???C???@?G??W???@_???A????A????@?????o????E?????O?????_@????_?????o?????C??????_?????A??????C??????K??????E??????@???????G?G?????_??????@???????@_???????_???????G???????@?@??????K????????W????????W????????G????????A?????????O?G??????@?????????B?????????B?????????@??????????O?G???????A??????????W??????????O??????????O??????????G??????????A?@?????????O??????????B???????????B???????????A???????????@??_?????????O?G?????????A????????????K????????????O????????????W????????????K????????????B?????????????K?????????????_????????????@?????????????@?@????????????_?_???????????E??????????????_?????????????A?C????????????C?G????????????K??????????????A???????????????_@?????????????C?G?????????????O??????????????@_???????????????W???????????????C????????????????_???????????????E????????????????E????????????????H_???????????????M????????????????@o,u|fIID`GH_a@E@A?`_GK@?_CB?GA?GB?C?o@?C?G?w?_?_@?@_@??o?_?G?G?B?@??K?C??W?G??W?G??K?C??A?@???w?G??@_?_??A?@???F?@???@?@_???o?G???F?@????G?C????o?G????w?G????K?C????B_@?????G?G????@o?_????@_@?????@O@??????]?_?????@?W??????W`??????@{C???????]o,4,5
104,~?@gsP@@?PC?O`?@?@_?O?A??G??O??O??G??E???_??A?_?C???K???C???@?G??W???@????A?G??E????A?????_????C?????W?????_?????_@????O?????C??????_?????A??????C??????C??????A?C????@_??????K???????_??????@?@?????@????????o???????K???????@_???????E????????G????????G?G??????K????????@?????????G?????????_????????@?@???????@_?????????_?????????G?G???????@??????????C??????????G??????????G?G????????C??????????@?@?????????G?G????????@_??????????B???????????@????????????_?_?????????G???????????@_???????????E????????????K????????????C????????????A?C???????????O????????????A?????????????G?????????????O@????????????W?????????????G?????????????A?G????????????O?????????????@?C????????????A?G????????????B??????????????@_??????????????W??????????????@_??????????????A???????????????E???????????????@????????????????__??????????????G???????????????@@???????????????EC???????????????G????????????????KG???????????????BG,u|eMID@WH_a@E@A?`_GG@@_CB?GB?G@?C?o@?E?G?W?_?_@?@_@??o?_?G?G?B?@??K?C??W?G??W?G??K?C??B?@???O?G??B_?_??B_@???@?@???@_?_???[?G???@?@????M?C????K?G????K?G????F?C?????o@?????C?G?????{?_?????OB??????{@??????C@_?????B_G??????K@???????{C???????Tw,4,5
104,~?@gsP@@?PC?O`?@?@_?O?A??G??O??O??G??E???_??A?_?C???K???C???@?G??W???@????A?G??E????A?????_????C?????W?????_?????_@????O?????C??????_?????A??????C??????C??????A?C????@_??????K???????_??????@?@?????@????????o???????G???????@?@??????K????????W????????O????????G?C??????E?????????O????????@?????????A?????????A?@???????@_?????????O?????????A?@????????G??????????O??????????O??????????G??????????A?@?????????O??????????@??_????????A?@?????????E???????????B????????????O???????????A?@??????????G?C??????????W????????????W????????????K????????????B?????????????G?????????????_?_???????????_?????????????_@????????????O?????????????C?G????????????O?????????????@?C????????????A??????????????A??????????????@?C?????????????O@?????????????B???????????????E???????????????E???????????????B???????????????@_???????????????C????????????????`???????????????AC???????????????CG???????????????CG???????????????BC,u|eMID@WH_a@E@A?`_GG@@_CB?GB?G@?C?o@?E?G?W?_?_@?@_@??o?_?G?G?B?@??K?C??W?G??W?G??K?C??B?@???O?G??B_?_??B?@???B?@???@??_???o?G???F?@????G?C????w?G????W?G????K?C????B_@?????K?G?????w?_?????w@??????O@??????]?_?????@?W??????]@???????[K???????]g,0,0
104,~?@gsP@@?PC?O`?@?@_?O?A??G??O??O??G??E???_??A?_?C???K???C???@?G??W???@????A?G??E????A?????_????C?????W?????_?????_?????O?????C??????_?????A??????C??????C??????A?C????@_??????K???????_??????@?@?????@???????@_???????W???????B????????K????????W????????O????????G?C??????E?????????O????????@?????????A?????????A?@???????@_?????????O?????????A??????????G?C????????O??????????O??????????G??????????A?@?????????O??????????@??_????????A?@?????????E???????????B????????????O???????????A?@??????????G?C??????????o????????????W????????????K????????????B?????????????G?????????????_?_???????????_?????????????_@????????????O?????????????C?G????????????O?????????????@??????????????A?G????????????A?G????????????@???????????????O@?????????????B???????????????E???????????????E???????????????E????????????????o???????????????C????????????????`???????????????AC???????????????CG???????????????E????????????????@K,u|eMID@WH_a@E@A?`_GG@@_CB?GB?G@?C?o@?E?G?W?_?_@?@_@??o?_?G?G?B?@??K?C??W?G??W?G??K?C??B?@???O?G??B??_??E?@???F?@???@??_???o?G???F?@????G?C????w?G????W?G????K?C????B_@?????K?G?????o?_????@w@??????WB??????M?_?????@?G??????]@???????[K???????Zg,4,5
104,~?@gsP@@?OE?O?_@_?_?G?B??G??O??O??W??C???_G?A???K???G???C???@????W???@_???A????A????@?????W????A?????G?_???O?????o?????W?????C??????_?????A??????C??????K??????E??????@???????G?G?????_??????@_??????@????????_???????G???????@?@??????K????????W????????W????????G????????A?@???????O????????@??_??????B?????????A?????????@??_???????O?G???????E??????????W??????????O??????????O??????????G?C????????A???????????O??????????@_??????????@???????????@?@??????????_???????????C????????????_???????????A?C??????????C?G??????????K????????????B?????????????o????????????C?????????????O?_???????????_@????????????o?????????????W?????????????E??????????????G??????????????_?????????????@?G????????????@???????????????_??????????????C@??????????????_G?????????????A???????????????E???????????????E???????????????@_???????????????W????????????????o???????????????B????????????????AG???????????????AG???????????????@c,u|fIID`GH_a@E@A?`_GK@?oC@?GB?G@_C?O@?E?G?W?_?_@?@_@??o?_?G?G?B?@??K?C??W?G??W?G??G?C??F?@???W?G??@??_??E?@???F?@???@??_???w?G???B?@????G?C????w?G????[?G????E?C????@?@?????]?G?????O@_????@w@??????OB??????[?_?????B?G??????R@??????BoC???????jo,4,5
104,~?@gsP@@?OE?O?_@_?_?G?B??G??O??O??W??C???_G?A???K???G???C???@????W???@_???A????A????@?????W????A?????G?_???O?????o?????W?????C??????_?????A??????C?G????K??????E??????@???????G?G?????_??????@_??????@????????_???????G???????@?@??????K????????W????????G????????C????????@?????????G?G???????o????????@?????????@?@????????_?????????W?????????B??????????C??????????G??????????G?G????????C?C????????B???????????W???????????_??????????@?@?????????@????????????o???????????G???????????@????????????C?C??????????G?G??????????W????????????A?????????????_????????????C?????????????O?_???????????o?????????????_?????????????O?_???????????C?G???????????@_?????????????@??????????????B??????????????B??????????????@_??????????????K???????????????_??????????????@???????????????B???????????????B????????????????_???????????????G???????????????@`???????????????E????????????????K????????????????EG???????????????BO,u|fIID`GH_a@E@A?`_GK@?oC@?GB?G@_C?O@?E?G?W?_?_@?@_@??o?_?K?G?@_@??E?C??K?G??G?G??M?C??@_@???G?G??@_?_??B_@???@?@???@o?_???K?G???@_@????F?C????E?G????C?G????F?C?????o@?????C?G?????{?_?????OB??????w@??????K?_?????BoG??????CB???????{C???????VW,4,5
104,~?@gsP@@?OE?O?_@_?_?G?B??G??O??O??W??C???_??A???K???G???C???@????W???@_???A????A????@?????o????E?????O?????_?????_@????o?????K?????@??????C??????G??????G?G????K??????B???????O??????@???????A?@?????A???????B????????O???????A????????G?C??????O????????o????????W????????A?????????O????????@?????????A?@???????E?????????@_?????????O?????????A?@????????G?C????????o??????????W??????????G??????????A???????????O?G????????@??_????????E???????????E???????????@????????????O???????????A?@??????????G????????????G????????????G????????????C?C??????????@?????????????W?????????????O?????????????_@????????????_?????????????O?_???????????K??????????????o?????????????B??????????????E??????????????B??????????????@???????????????W??????????????@_??????????????A???????????????E???????????????A???????????????@_???????????????G???????????????B????????????????CC???????????????Gg???????????????[????????????????F?,u|fIID`GH_a@E@A?`_GK@?_CB?GA?GB?C?o@?C?G?o?_@_@?@?@?@_?_?W?G?B?@??K?C??W?G??O?G??[?C??A?@???o?G??B_?_??A?@???F?@???@_?_???O?G???F?@????K?C????W?G????[?G????C?C????B_@?????G?W????@w?_?????_B?????@o@??????W@_?????C?G?????@w@??????@oK??????@Tg,3,3
104,~?@gsP@@?OE?O?_@_?_?G?B??G??O??O??W??C???_G?A???K???G???C???@????W???@_???A????A????@?????W????A?????G?????O@????o?????W?????C??????_?????A?C????C??????K??????E??????@???????G?G?????_??????B???????@????????_???????G???????@?@??????K????????K????????G????????C????????@?????????G?G???????o????????@?????????@??????????_?_???????W?????????B??????????C??????????G??????????G?G????????C??????????B???????????W???????????_??????????@?@?????????@?@?????????@_???????????G???????????@????????????C????????????G?G??????????W????????????E????????????@?????????????G?G???????????_????????????@?@????????????_?????????????W?????????????E??????????????o?????????????@??????????????B??????????????@???????????????o??????????????E???????????????o??????????????@???????????????A@??????????????A@??????????????B_???????????????O???????????????A@???????????????GC???????????????W????????????????D?????????????????[,u|fIID`GH_a@E@A?`_GK@?oC@?GB?G@_C?O@?E?G?W?_?_@?@o@??O?_?K?G?@_@??E?C??K?G??G?G??K?C??B_@???G?G??@_?_??B_@???@?@???@o?_???G?W???B?@????K?C????[?G????K?G????E?C????@o@?????C?W?????o?_????@o@??????g@??????M?_?????@oG??????E`???????Fc???????Bw,4,5
104,~?@gsP@@?OE?O?_@_?_?G?B??G??O??O??W??C???_G?A???K???G???C???@????W???@_???A????A????@?????W????A?????G?????O@????o?????W?????C??????_?????A??????C?G????K??????E??????@???????G?G?????_??????B???????@????????_???????G?G?????@????????K????????W????????G????????C????????@?????????G?G???????o????????@?????????@??????????_?_???????W?????????@_?????????C??????????G??????????G?G????????C?C????????B???????????W???????????_??????????@?@?????????@???????????@_???????????G???????????@????????????C?C??????????G????????????W????????????A?????????????_????????????C?????????????O?_???????????o?????????????_?????????????W?????????????E??????????????W?????????????@??????????????B??????????????B??????????????@_??????????????K???????????????_??????????????E???????????????E???????????????A???????????????B????????????????O???????????????A@???????????????KC???????????????Q????????????????[????????????????BG,u|fIID`GH_a@E@A?`_GK@?oC@?GB?G@_C?O@?E?G?W?_?_@?@_@??o?_?K?G?@_@??E?C??K?G??G?G??K?C??B_@???G?G??@o?_??@_@???@?@???@o?_???K?G???@_@????F?C????E?G????C?G????E?C????@o@?????C?W?????w?_?????oB??????_@??????w?_?????E?G??????{@???????_{??????BUG,4,5
104,~?@gsP@H?OC?O`?@??_?G?B??G??O??O??G??E???_??A?_?K???G???C???@????W???@????A?G??E????A?????_????C?G???O?????_?????_?????o?????K?????@??????C?C????G??????G??????C??????@?@?????W???????_??????@?@?????B???????@_???????O???????A????????G?C??????O????????W????????G????????A?@???????o????????@?????????A?????????A?@???????@??????????O?G???????A??????????G??????????o??????????W??????????G??????????A?@?????????O?G????????@???????????A???????????A?@?????????B????????????O???????????A?@??????????K????????????W????????????O????????????G????????????A?@???????????O?G???????????_????????????@?@???????????B??????????????_?????????????K??????????????_?????????????A?C????????????C?G????????????C??????????????E???????????????W??????????????@???????????????C?_?????????????G@??????????????W???????????????C?_??????????????o???????????????C????????????????W????????????????OW???????????????G_???????????????BC,u|eMID`GH_a@E@A?`_GG@@_CB?GA?GB?C?o@?C?G?o?_@_@?@_@??o?_?G?G?B?@??K?C??W?G??[?G??C?C??B?@???W?G??@_?_??A?@???F?@???@_?_???[?G???@?@????K?C????W?G????W?G????M?C????@?B?????[?G?????o?_????@_@?????@C@?????@{?_?????B_O??????L@???????NC???????Ew,4,5
104,~?@gsP@H?OC?O`?@??_?G?B??G??O??O??G??E???_??A?_?K???G???C???@????W???@????A?G??E????A?????_????C?G???O?????_@????_?????o?????K?????@??????C?C????G??????G??????C??????@???????W???????_??????@?@?????@_???????_???????G???????@?@??????C????????K????????G????????C?C??????B?????????W????????@?????????A?@???????A?@???????@??????????O?G???????A??????????W??????????W??????????O??????????G?C????????A?@?????????O??????????@???????????A???????????A????????????_???????????G?G?????????@_???????????C????????????G????????????G?G??????????C?C???????????_????????????C?G???????????o????????????@_????????????@_?????????????o?????????????C??????????????_@????????????A??????????????K??????????????B???????????????_??????????????G@?????????????@???????????????C?_?????????????K???????????????E???????????????A????????????????o???????????????AB???????????????K????????????????K????????????????CG???????????????AS,u|eMID`GH_a@E@A?`_GG@@_CB?GA?GB?C?o@?C?G?o?_@_@?@_@??o?_?G?G?B?@??K?C??O?G??o?G??[?C??A?@???w?G??@_?_??A?@???F?@???@_?_???[?G???@?@????K?C????W?G????W?G????G?C????F_@?????G?W????@o?_????@_@?????@C@?????@{?_?????B_O??????M@???????VC???????Ew,4,5
104,~?@gsP@H?OC?O`?@??_?G?B??G??O??O??G??E???_??A?_?K???G???C???@????W???@????A?G??E????A?????_????C?G???O?????_@????_?????o?????K?????@??????C?C????G??????G??????C??????@?@?????W???????_??????@?@?????@_???????_???????G???????@?@??????C????????K????????G????????C?C??????B?????????G?????????_????????@?@???????@??????????_?_???????G?????????B??????????E??????????G??????????G?G????????C??????????@???????????G???????????_?_????????B???????????@????????????_?_?????????K???????????@????????????C????????????G?G??????????G?G??????????E????????????@_????????????K?????????????O?????????????_?????????????_@????????????W?????????????A??????????????o??????????????_?????????????@?G????????????@???????????????o??????????????K???????????????_??????????????B?_?????????????C???????????????E???????????????@_???????????????W???????????????@????????????????DC???????????????E????????????????AG???????????????@c,u|eMID`GH_a@E@A?`_GG@@_CB?GA?GB?C?o@?C?G?o?_@_@?@_@??o?_?G?G?B?@??K?C??W?G??[?G??C?C??B_@???K?G???_?_??B_@???@_@????o?_???K?G???@_@????E?C????K?G????M?G????A?C????@o@?????E?W?????O?_????@w@??????WB??????K?_?????B_G??????M@???????UC???????Jw,0,0
104,~?@gsP@H?OC?O`?@??_?G?B??G??OG?O??G??E???_??A?_?K???G???C?_?@????G????_C??B????A????@?????O????A?????G?????O?????W?????G?????A?G????O?????@?C????A??????E??????B???????_??????C?G?????o??????@_??????@????????_?_?????G???????@????????C?C??????K????????G????????C????????@?@???????G?????????_????????@?????????@??????????_?_???????K?????????@??????????C?C????????G??????????G?G????????C??????????B???????????K???????????o??????????@_??????????@_???????????O???????????C?G??????????_???????????A????????????C?G??????????E????????????A?????????????_@???????????C?G???????????O?????????????_?????????????_?????????????O?_???????????E??????????????o?????????????@??????????????A?G????????????A???????????????o??????????????K??????????????@_??????????????B???????????????A???????????????A@??????????????@_???????????????W???????????????@@???????????????C????????????????KG???????????????E?????????????????s,u|eMID`GH_b@A@B?__GK@?oC@?GB?G@_C?W@?B?G?K?_?O@??w@??G?_?E?G??o@??B?C??C?G??K?G??E?C??@_@???K?G???o?_??@_@???@?@???@o?_???G?G???B?@????M?C????K?G????K?G????E?C????@o@?????E?G?????[?_?????O@??????w@??????G@_?????F_G??????KB???????pS??????@{G,4,5
104,~?@gsP@@?PC?O`?@?@_?O?A??G??O??O??G??E???_??A?_?C???K???C???@?G??W???@????A?G??E????A?????_????C?????W?????_?????_?????O?????C??????_?????A?C????C??????C?G????A??????@_??????K???????_??????@?@?????@???????@_???????W???????A????????G?C??????o????????O????????G?C??????B?????????O????????@?????????A?@???????A?????????@_?????????O?????????A??????????G?C????????O??????????O??????????G??????????A?@?????????O??????????@??_????????A???????????E???????????@_???????????W???????????@????????????K????????????K????????????K????????????E?????????????_????????????C?G???????????W?????????????_?????????????_@????????????O?_???????????E??????????????_?????????????A?C????????????C?G????????????C??????????????B???????????????O??????????????A?G?????????????G???????????????K???????????????C???????????????@_???????????????W???????????????@@???????????????E????????????????M????????????????E?????????????????s,u|eMID@WH_a@E@A?`_GG@@_CB?GB?G@?C?o@?E?G?W?_?_@?@o@??O?_?M?G??_@??E?C??K?G??K?G??E?C??@?@???W?G??@_?_??B?@???B?@???@??_???w?G???A?B????[?C????O?G????o?G????[?C????B_@?????G?G????@_?_????B_@?????@o@??????S?_?????B_G??????Gb??????@{C???????^O,4,4
104,~?@gsP@@?PC?O`?@?@_?O?A??G??O??O??G??E???_??A?_?C???K???C???@?G??W???@????A?G??E????A?????_????C?????W?????_?????_?????O?????C??????_@????A??????C??????C??????A?C????@_??????K???????_??????@?@?????@???????@_???????W???????A????????G?C??????W????????O????????G?C??????E?????????O????????@?????????A?@???????A?????????@_?????????O?????????A??????????G??????????O??????????O??????????G?C????????A?@?????????O??????????@???????????A?@?????????E???????????@_???????????W???????????@????????????K????????????W????????????W????????????K?????????????_????????????C?G???????????o?????????????_?????????????_@????????????O?_???????????E??????????????_?????????????A?C????????????C??????????????C?G????????????B???????????????O??????????????A???????????????G?_?????????????K???????????????C???????????????B????????????????W???????????????@@???????????????K????????????????M????????????????CO???????????????Ac,u|eMID@WH_a@E@A?`_GG@@_CB?GB?G@?C?o@?E?G?W?_?o@??o@??O?_?K?G?@_@??E?C??K?G??K?G??E?C??@?@???W?G??@_?_??B?@???B?@???@o?_???G?G???B?@????K?C????W?G????[?G????F?C?????_@?????K?G?????o?_????@_@?????@w@??????GB_?????E?G??????p@??????BwC???????xo,4,5
104,~?@gsP@@?PC?O`?@?@_?O?A??G??O??O??G??E???_??A?_?C???K???C???@?G??W???@????A?G??E????A?????_????C?????W?????_?????_?????O?????C??????_@????A??????C??????C??????A?C????@_??????K???????_??????@?@?????@???????@_???????W???????A????????G?C??????W????????O????????G?C??????E?????????O????????@?????????A?@???????A?????????@_?????????O?????????A??????????G?C????????O??????????O??????????G?C????????A???????????O??????????@???????????A?@?????????E???????????@_???????????W???????????@????????????K????????????K????????????K????????????B?????????????_????????????C?G???????????o?????????????_?????????????_@????????????O?_???????????E??????????????_?????????????A??????????????C?G????????????C??????????????A?C?????????????_@?????????????C???????????????O?_?????????????_@??????????????W???????????????C???????????????B????????????????K????????????????G????????????????PG???????????????M????????????????@o,u|eMID@WH_a@E@A?`_GG@@_CB?GB?G@?C?o@?E?G?W?_?o@??o@??O?_?K?G?@_@??E?C??K?G??K?G??E?C??@?@???W?G??@_?_??B?@???B?@???@_?_???W?G???A?@????W?C????o?G????o?G????[?C????B_@?????G?G????@_?_????B_@?????@o@??????[?_?????ABG??????w`??????@{C???????N_,4,5
104,~?@gsP@@?PC?O`?@?@_?O?A??G??O??O??G??E???_??A?_?C???K???C???@?G??W???@????A?G??E????A?????_????C?????W?????_?????_?????O?????C??????_@????A??????C??????C??????A?C????@_??????K???????_??????@?@?????@???????@_???????W???????A????????G?C??????W????????O????????G?C??????E?????????O????????@?????????A?@???????A?????????@_?????????O?????????A??????????G?C????????O??????????O??????????G?C????????A?@?????????O??????????@???????????A?@?????????E???????????@_???????????O???????????A?@??????????G????????????o????????????W????????????K?????????????_????????????C?G???????????o?????????????_?????????????_@????????????O?_???????????C??????????????o?????????????A??????????????C?G????????????C?G????????????B???????????????O??????????????A???????????????G?_?????????????K???????????????K???????????????A????????????????W???????????????@B???????????????K????????????????K????????????????E?????????????????[,u|eMID@WH_a@E@A?`_GG@@_CB?GB?G@?C?o@?E?G?W?_?o@??o@??O?_?K?G?@_@??E?C??K?G??K?G??E?C??@?@???W?G??@_?_??B?@???B?@???@o?_???G?G???B?@????K?C????W?G????[?G????E?C????@_@?????G?G????@_?_????B_@?????@w@??????GF_?????EAG??????o@??????BoC??????@ow,4,2
104,~?@gsP@H?OC?O`?@??_?G?B??G??O??O??G??E???_??A?_?K???G???C???@????W???@????A?G??E????A?????_????C?G???O?????_@????_?????o?????K?????@??????C?C????G??????G??????C??????@?@?????W???????_??????@?@?????@_???????_???????G???????@????????C????????K????????G????????C?C??????B?????????G?????????_????????@?@???????@??????????_?_???????G?????????B??????????K??????????W??????????O??????????G?C????????A?@?????????O??????????@???????????A?@?????????E???????????@????????????O?G?????????B????????????G????????????O????????????O?G??????????G????????????A?@???????????G?????????????_?_??????????B?????????????@??????????????_?_???????????G?G???????????@_?????????????A??????????????K??????????????E??????????????@_??????????????G??????????????@?G?????????????C?_?????????????C???????????????E@??????????????A????????????????_G??????????????C@???????????????OC???????????????_G???????????????W????????????????AK,u|eMID`GH_a@E@A?`_GG@@_CB?GA?GB?C?o@?C?G?o?_@_@?@_@??o?_?G?G?B?@??K?C??W?G??[?G??C?C??B_@???K?G???_?_??B?@???B?@???@_?_???[?G???@?@????K?C????W?G????W?G????M?C????@?@?????[?G?????o@_????@?@?????B_@??????{?_?????A?w??????w@??????@wC???????kw,0,0
104,~?@gsP@@?PC?O`?@?@_?O?A??G??O??O??G??E???_??A?_?C???K???C???@?G??W???@????A?G??E????A?????_????C?????W?????_?????_?????O?????C??????_@????A??????C??????C??????A?C????@_??????K???????_??????@?@?????@???????@_???????W???????A????????G?C??????W????????O????????G?C??????E?????????O????????@?????????A?????????A?????????@_?????????O?????????A??????????G?C????????O??????????O??????????G?C????????A?@?????????O??????????@???????????A?@?????????E???????????B????????????o???????????E????????????G????????????o????????????W????????????K?????????????_????????????C?G???????????o?????????????_?????????????_@????????????O?????????????C?G????????????o?????????????A??????????????C??????????????C?G????????????B???????????????O??????????????A?G?????????????G?_?????????????W???????????????K???????????????A?_?????????????@_???????????????E????????????????GC???????????????G????????????????IG???????????????@W,u|eMID@WH_a@E@A?`_GG@@_CB?GB?G@?C?o@?E?G?W?_?o@??o@??O?_?K?G?@_@??E?C??K?G??K?G??E?C??@?@???W?G??@_?_??B?@???B?@???@o?_???G?G???B?@????K?C????W?G????W?G????K?C????B_@?????G?G????@_?_????B_@?????@w@??????GB_?????F?G??????[@???????{C???????Xw,4,5
104,~?@gsP@@?OC?O`?@?@_?O?A??W??_??_??O??C??@_??C???G???G@??K???A????O@??@????E????C????A?C??@_????G?????_?_??@?????B??????_?????G?????@??????E??????G??????G?G????C??????@???????G?G?????_??????@_??????@????????_?_?????G?G?????B????????K????????O????????O?G??????G????????B?????????O????????@??_??????B?????????A?????????@??_???????O?????????@??????????C??????????G??????????G?G????????E??????????@???????????G?G?????????_?_????????@???????????@?@??????????_???????????K???????????@_???????????E????????????K????????????C????????????A?C???????????_????????????A?????????????G?_???????????W?????????????O?????????????G?_???????????A??????????????O@????????????@??????????????A?G????????????B??????????????@_??????????????K???????????????_??????????????B???????????????B???????????????@????????????????__??????????????G???????????????@`???????????????C????????????????GG???????????????KG???????????????BO,u|eMID@WH?e@C@E?`?GW@@?CE?GE?GA?C@_@?K?G?o?_@_@?@_@??o?_?K?G?@?@??M?C??G?G??[?G??E?C??@_@???K?G???o?_??@_@???@_@????o?_???M?G????_@????F?C????C?W????M?G????B?C?????o@?????E?G?????[?_?????W@??????[@??????D?_??????wG??????B`???????FC???????Fw,0,0
104,~?@gsP@@?OE?O?_@_?_?GGB??G??O??O??W??C???_??A???C???C???A???@_???K????_???@?G??@????@_????W????A?????G?_???o?????o?????O?????C??????_@????A??????E??????C??????A???????_??????C?G?????O???????_???????_???????O?_?????K????????o???????A????????C?G??????C????????E????????@_????????C?????????O?_??????@_????????@_?????????O?????????C??????????_@????????A??????????E??????????C??????????A???????????_@?????????C?G?????????O???????????_???????????_???????????O?_?????????K????????????o???????????A????????????C?G??????????C????????????E?????????????O????????????A?G???????????W?????????????o?????????????O?????????????G?????????????A?G????????????O@????????????@_?????????????A??????????????B?G?????????????_??????????????G??????????????@?G?????????????C?_?????????????W???????????????C???????????????A?_??????????????g???????????????B????????????????A????????????????EG???????????????B?????????????????s,u|fIID`GH_a@E@A?`_GK@?_CB?GA?GB_C?O@?E?G?W?_?_@?@o@??O?_?M?G??o@??A?C??K?G??K?G??F?C???_@???K?G???w?_???_@???@o@????O?_???M?G????o@????A?C????M?G????F?G????@?C?????o@?????F?G?????G?_?????w@??????[@??????E?_?????@wG??????AB???????]C???????NW,0,0
104,~?@gsP@@?PC?O`?@?@_?O?A??G??O??O??G??E???_??A???C@??K???C???@?G??W???@????A?G??E????A?????_????C?????o?????_?????_?????O?????C??????_@????A??????C??????C?G????A??????@_??????K???????_??????@?@?????@?@?????@_???????W???????A????????G?C??????W????????O????????G?C??????B?????????O????????@?????????A?????????A??????????_?????????G?????????@??????????C??????????G??????????G?G????????C?C????????@???????????G?G?????????_?_????????B???????????B???????????@_???????????W???????????B????????????K????????????W????????????W????????????A?????????????_@???????????A?????????????G?????????????O?????????????O@????????????G?????????????A?G????????????O?????????????@??????????????B??????????????@_??????????????o??????????????K???????????????o??????????????@_??????????????B???????????????B????????????????__??????????????G???????????????@@???????????????CC???????????????GG???????????????GG???????????????BC,u|eMID@WH_a@E@A?`_GG@@_CB?GA?GB?C?o@?E?G?W?_?o@??o@??O?_?M?G??_@??E?C??K?G??K?G??E?C??@_@???K?G???o?_??@_@???@o@????O?_???M?G????o@????B?C????E?G????E?G????B?C?????o@?????E?G?????]?_?????GB??????[@??????E?_?????@oG??????F@???????LC???????Fw,4,4
104,~?@gsP@@?OC?O`?@?@_?O?A??W??_??_G?O??C??@_??C???G???G@??K???A????O@??@????A????A?G??B?????_????C?????O????@_?????_?????O?????C??????o?????A??????C?G????C??????A?C?????_??????K???????o??????@???????@?@??????_?_?????W???????B????????G????????O?G??????O?G??????G????????A?@???????W????????@?????????A?????????A?????????@??????????G?????????@??????????C??????????G??????????C??????????A?C?????????_??????????C?G?????????O?_????????@_??????????@_???????????o???????????K???????????@_???????????E????????????K????????????K????????????A?????????????_@???????????A?????????????G?????????????O?????????????O@????????????G?????????????A?G????????????O?????????????@??????????????B??????????????@_??????????????o??????????????K???????????????o??????????????@_??????????????B???????????????B????????????????__??????????????G???????????????@@???????????????CC???????????????GG???????????????GG???????????????BC,u|eMID@WH?e@E@A?`_GG@@_CB?GA?GB?C?o@?E?G?W?_?o@??o@??O?_?M?G??_@??E?C??K?G??K?G??E?C??@_@???K?G???o?_??@o@????o@????O?_???M?G????o@????B?C????E?G????E?G????B?C?????o@?????E?G?????]?_?????GB??????[@??????E?_?????@oG??????F@???????LC???????Fw,4,4
104,~?@gsP@@?OC?O`?@?@_?O?A??W??_??_G?O??C??@_??C???G???G@??K???A????O@??@????A????A?G??B?????_????C?????O????@_?????_?????O?????C??????o?????A??????C?G????C??????A?C?????_??????K???????o??????@???????@?@??????_?_?????W???????B????????G????????O?G??????O????????G????????A?@???????W????????@?????????A?????????A?????????@??????????G?????????@??????????C??????????G??????????K??????????E???????????_??????????C?G?????????O?_????????@_??????????@_???????????o???????????K???????????@_???????????E????????????K????????????K????????????A?????????????_@???????????A?????????????G?????????????O?????????????O@????????????G?????????????A?G????????????O?????????????@??????????????B??????????????@_??????????????o??????????????K???????????????o??????????????@_??????????????B???????????????B????????????????__??????????????G???????????????@@???????????????CC???????????????GG???????????????GG???????????????BC,u|eMID@WH?e@E@A?`_GG@@_CB?GA?GB?C?o@?E?G?W?_?o@??o@??O?_?M?G??_@??E?C??K?G??K?G??E?C??@_@???K?G???o?_??@_@???@o@????O?_???M?G????o@????B?C????E?G????E?G????B?C?????o@?????E?G?????]?_?????GB??????[@??????E?_?????@oG??????F@???????LC???????Fw,0,0
104,~?@gsP@@?OC?O`?@@@_?O?A??W??_??_G?O??C???_??A???C@??K???C???@????G????_???@?G??B????@?????O@???E?????G?????O?????O@????W?????E??????_?????A?C????C??????C??????A???????_??????C?G?????O?_????@_???????_???????O???????C????????_???????A????????C?G??????K????????E????????@?????????G?G???????O?????????_?????????_@????????o?????????K?????????@_?????????C??????????G?G????????G??????????C??????????@???????????G???????????o??????????@_???????????_???????????O???????????C?G??????????_???????????A?C??????????E????????????E????????????B?????????????o????????????E?????????????G?????????????O@????????????o?????????????K?????????????@??????????????G@?????????????_?????????????@??????????????@?G?????????????o??????????????C???????????????_??????????????A?_?????????????C@??????????????E???????????????B????????????????W???????????????@@???????????????K????????????????CG???????????????CG???????????????Ac,u|eMID@WH?e@E@A?`_GG@@oC@?GB?G@_C?W@?A?G?W?_?o@??o@??O?_?K?G?@_@??C?C??[?G??K?G??E?C??@o@???C?G???o?_??@_@???@_@????o?_???K?G???@_@????E?C????G?G????[?G????E?K????@o@?????C?G?????w?_?????w@??????W@??????K?_?????B_G??????J`???????C{???????]G,4,4
104,~?@gsP@@?OC?O`?@?@_?O?A@?W??_??_??O??C??@_??C???G@??G???C???@????G@??@_???A????A?G??B?????_????C?????O?????o?????_?????O?_???K??????_?????A??????C??????C??????A???????_@?????K???????o??????@???????@?@??????_???????G???????@????????C?C??????W????????W????????K????????B?????????G?????????_????????@?????????@?@????????o?????????G?????????@?@????????K??????????G??????????G??????????C?C????????@???????????G???????????_?_????????B???????????B????????????_???????????G?G?????????@????????????C????????????K????????????K????????????B?????????????o????????????A?????????????G?????????????O@????????????O@????????????K?????????????B??????????????W??????????????_?????????????@?G????????????@???????????????_C?????????????W???????????????_??????????????A?_?????????????C???????????????E???????????????@_???????????????G???????????????@`???????????????B????????????????E????????????????AG???????????????@S,u|eMID@WH?e@C@E?`?GW@@?CE?GE?GB?C?_@?M?G?O?_@o@??_@??o?_?K?G?@_@??E?C??K?G??K?G??E?C??@_@???G?G??@o?_??@?@???B_@????_@_???[?G???@_@????E?C????K?G????K?G????F?C?????o@?????C?G?????w?_?????gB??????[@??????E?_?????@_G??????N@???????K[???????VG,4,4
104,~?@gsP@@?PC?O`?@?@_?O?A??G??O??O??G??E???_??A???C@??K???C???@?G??W???@????A?G??E????A?????_????C?????o?????_?????_?????O?_???C??????_?????A??????C??????C?G????A??????@_??????K???????_??????@?@?????@?@?????@_???????G???????@?@??????K????????W????????O????????G?C??????B?????????O????????@?????????A?@???????A??????????_?????????G?????????@?@????????C??????????G??????????G??????????C??????????@???????????G?G?????????_??????????B???????????@_???????????o???????????K????????????_???????????A?C??????????K????????????K????????????E????????????@_????????????E?????????????O?????????????_@????????????_@????????????O?????????????E??????????????O?????????????@?C????????????A??????????????A?G????????????@???????????????O@?????????????A???????????????E???????????????K???????????????C@??????????????B????????????????W???????????????@_???????????????E????????????????AG???????????????AG???????????????@c,u|eMID@WH_a@E@A?`_GG@@_CB?GA?GB?C?o@?E?G?W?_?_@?@_@??o?_?G?G?B_@??C?C??W?G??W?G??K?C??B?@???W?G??@o?_??@_@???@?@???@_?_???W?G???B?@????M?C????G?G????W?G????M?C????@_@?????K?G?????w?_?????oB??????o@??????[?_?????B_G??????GF??????@wC???????uW,4,5
104,~?@gsP@@?OC?O`?@?@_?O?A??W??_??_??O??C@?@_??C???G???G???K???A????O???@?C??E????C????A?C???_????C?????O?_??@_????@_?????_?????G?G???@??????K??????G??????G??????C??????@???????G?G????@_??????@???????@????????_???????G???????@_???????C????????G?G??????G?G??????K????????B?????????W?????????_????????@?????????@?@???????@_?????????W?????????B??????????G??????????O?G????????O??????????C??????????@???????????G?G?????????_??????????@?@?????????B????????????_???????????G???????????@?@??????????C????????????G????????????K????????????E????????????@_????????????E?????????????G?????????????O@????????????O@????????????W?????????????B??????????????W?????????????@_?????????????@??????????????@???????????????_C?????????????G@??????????????_??????????????A???????????????C@??????????????C@??????????????B????????????????o???????????????@_???????????????E????????????????B????????????????@_????????????????[,u|eMID@WH?e@C@E?`?GW@@_CB?GA?GB?C?_@?K?G?o?_@?@?B_@??_?_?W?G?B?@??K?C??W?G??[?G??C?C??B?@???W?G??@??_??F?@???B?@???@o?_???G?G???B_@????E?C????K?G????M?G????A?C????@o@?????E?G?????O?_????@o@??????wB??????GA_?????F?G??????]@???????O[??????@xG,4,4
104,~?@gsP@@?OC?O`?@?@_?O?A@?W??_??_??O??C@?@_??C???G???G???C???@????G@??@_???A????A?G??@?????O????A?????W?????o?????_?????O?_???K??????_?????A??????C??????C??????A?C????@_??????K???????_??????@?@?????@????????_???????G???????@????????C?C??????W????????W????????G????????A?@???????O????????@?????????A?@???????A?????????@_?????????W?????????A??????????G?C????????o??????????O??????????G??????????A?@?????????O??????????@???????????A?@?????????E???????????@_???????????O???????????A?@??????????G?C??????????O????????????O????????????K????????????B?????????????K?????????????o?????????????_?????????????_@????????????O?_???????????C??????????????W?????????????@_?????????????B??????????????@???????????????_C?????????????G??????????????@?G?????????????B???????????????E???????????????A???????????????@_???????????????K????????????????o???????????????@_???????????????B????????????????@G????????????????s,u|eMID@WH?e@C@E?`?GW@@_CB?GA?GB?C?_@?M?G?O?_@o@??_@??o?_?K?G?@?@??K?C??W?G??W?G??K?C??B?@???W?G??@??_??F?@???A?@???B_?_???O?W???F?@????K?C????W?G????W?G????M?C????@_@?????M?G?????O?_????@o@??????gB??????M?_?????@_G??????N@???????MK???????Jg,4,5
104,~?@gsP@@?OC?O`?@?@_?O?A@?W??_??_??O??C@?@_??C???G???G???C???@????G@??@_???A????A?G??@?????O????A?????W?????o?????_?????O?_???K??????_?????A??????C??????C??????A?C????@_??????K???????_??????@???????@????????_???????G???????@????????C?C??????W????????W????????G????????A?@???????O????????@?????????A?@???????A?????????B??????????o?????????E??????????W??????????o??????????O??????????G??????????A?@?????????O??????????@???????????A?@?????????E???????????@_???????????O???????????A?@??????????G????????????O?G??????????O????????????K????????????B?????????????K?????????????o?????????????_?????????????_@????????????O?_???????????C??????????????o?????????????@_?????????????B??????????????@???????????????_C?????????????G??????????????@?G?????????????B???????????????C???????????????C@??????????????A?_??????????????o???????????????B????????????????E????????????????CG???????????????B?????????????????k,u|eMID@WH?e@C@E?`?GW@@_CB?GA?GB?C?_@?M?G?O?_@o@??_@??o?_?K?G?@?@??K?C??W?G??W?G??K?C??A?@???o?G??B??_??C?@???M?@???A?@_??@o?G???C?B????w?C????o?G????o?G????W?C????F?@?????W?G????@_?_????B_@?????@S@??????F?_??????oG??????F`???????EK???????Ng,4,5
104,~?@gsP@@?OC?O`?@?@_?O?A??W??_??_??O??C@?@_??C???G???G@??K???A????O@??@????E????C????A?C???_????C?????O?_??@_?????_?????O?????C??????o?????A??????C??????C??????A???????_@?????K???????O???????_???????_@??????o???????K???????@????????C?C??????G????????W????????K????????B?????????G?????????_????????@?@???????B??????????_?????????G?????????@?@????????C??????????K??????????G??????????C??????????@?@?????????G???????????_?_????????B???????????@????????????_???????????G?G?????????B????????????E????????????G????????????G?G??????????C?C??????????B?????????????K?????????????O?????????????_@????????????_@????????????o?????????????C??????????????_?????????????A?C????????????C?G????????????A??????????????@???????????????O@?????????????A?G?????????????C???????????????G@??????????????G@??????????????K????????????????o???????????????E????????????????E????????????????A????????????????BG????????????????w,u|eMID@WH?e@C@E?`?GW@@_CB?GA?GB?C?o@?E?G?W?_?o@??_@??o?_?K?G?@_@??E?C??M?G??C?G??E?C??@_@???K?G???o?_??@_@???@_@????_?_???[?G???@_@????E?C????M?G????C?G????E?C????@_@?????M?G?????W?_?????w@??????O@??????[?_?????BoG??????EF???????Wc???????}G,4,4
104,~?@gsP@@?OC?O`?@?@_?O?A??W??_??_??O??C@?@_??C???G???G???K???A????O???@?C??E????C????A?C???_????C?????O?_??@_????@_?????_?????G?????@??????K??????G??????G??????C??????@???????G?G????@_??????@???????@????????_?_?????G???????B????????K????????O????????O????????G?C??????E?????????o????????B?????????A?????????A?????????@??_???????o?????????B??????????G??????????O?G????????O??????????G?C????????E???????????O??????????@???????????A?@?????????A???????????@??_?????????o???????????A????????????G????????????O?G??????????O????????????K????????????@?????????????K?????????????o?????????????o?????????????O?????????????G?_???????????A?G????????????o?????????????@_?????????????A??????????????A?G????????????@?C?????????????o??????????????A???????????????G?_?????????????O@??????????????G???????????????E????????????????_???????????????A@???????????????K????????????????E????????????????F?????????????????w,u|eMID@WH?e@C@E?`?GW@@_CB?GA?GB?C?_@?K?G?o?_@?@?B_@??_?_?W?G?B?@??K?C??W?G??[?G??C?C??B_@???G?G??@_?_??B?@???B?@???@??_???w?G???A?B????[?C????W?G????W?G????M?C????@?@?????[?G?????_@_????B_@?????@o@??????S?_?????B_G??????N@???????I[???????NG,4,5
104,~?@gsP@@?PC?O`?@?@_?O?A??G??O??O??GC?E???_??A?_?C???K???C???@?G??W???@????A?G??A????@?????O????B?????G?????O?????O?????G?????A??????O?????@??????A?G????E??????B???????_??????C?G?????O?_????@_??????@_???????_???????G?G?????B????????K????????W????????G????????C????????@?????????G?????????O?????????_?????????_?????????O?????????C??????????_?????????A?C????????C??????????C?G????????E??????????@_??????????K???????????o??????????@_??????????@_???????????o???????????K???????????@_???????????B????????????A????????????A?G??????????@?????????????O????????????A?????????????G?_???????????O?????????????O@????????????G?????????????A??????????????O@????????????@?C????????????B??????????????B??????????????@_??????????????K???????????????o??????????????B???????????????@???????????????@@???????????????__??????????????G???????????????@@???????????????CC???????????????K????????????????B?????????????????[,u|eMID@WH_a@E@A?`_GK@?oC@_G@?G@_C?W@?B?G?G?_?o@??o@??W?_?E?G??o@??B?C??E?G??E?G??B?C???o@???E?G???O?_??@o@????o@????W?_???E?G????o@????B?C????E?G????E?G????B?C?????w@?????A?G?????[?_?????[@??????K@??????E?_?????@oG??????F`???????C[???????^G,4,5
104,~?@gsP@@?OC?O`?@?@_?O?A??W??_??_??O??C@?@_??C???G???G@??K???A????O???@?C??E????C????A?C???_????C?????O????@_?????_?????O?????C?????@_?????A??????C??????C??????A???????_@?????K???????o??????@???????@????????_?_?????W???????B????????G????????O????????O?G??????W????????E?????????o????????@?????????A?????????A?????????@??_???????o?????????A??????????G?C????????O??????????O?G????????W??????????A???????????O??????????@??_????????A???????????A?@?????????B????????????o???????????A????????????G????????????O?G??????????W????????????C????????????@_????????????K?????????????W?????????????O?????????????O@????????????G?????????????A?G????????????o?????????????@??????????????A?G????????????A?G????????????B???????????????O??????????????A?G?????????????G?_?????????????W???????????????G???????????????E????????????????O???????????????B????????????????A????????????????EG???????????????F????????????????@o,u|eMID@WH?e@C@E?`?GW@@_CB?GA?GB?C?o@?E?G?O?_@o@??_@??o?_?K?G?@_@??E?C??K?G??K?G??C?C??B?@???W?G??@_?_??B?@???A?@???B_?_???O?W???F?@????K?C????W?G????W?G????M?C????@?@?????W?G????@o?_????@o@??????g@??????M?_?????@oG??????F@???????G{???????}G,0,0
104,~?@gsP@@?OC?O`?@?@_?O?A??W??_??_??O??C@?@_??C???G???G@??K???A????O???@?C??E????C????A?C???_????C?????O?_??@_?????_?????O?????C?????@_?????A??????C??????C??????A???????_@?????K???????O???????_???????_@??????o???????K???????@????????C????????G?G??????W????????K????????B?????????G?????????_????????@?@???????B??????????_?????????G?G???????@??????????C?C????????W??????????G??????????C??????????@???????????G???????????_?_????????B???????????@????????????_???????????G?G?????????@_???????????A????????????E????????????E????????????B?????????????o????????????A?????????????G?_???????????O@????????????o?????????????G?????????????A?G????????????O@????????????B??????????????A??????????????A??????????????@?C?????????????O@?????????????@???????????????C???????????????G@??????????????C@??????????????B????????????????o???????????????@_???????????????E????????????????B????????????????@_????????????????[,u|eMID@WH?e@C@E?`?GW@@_CB?GA?GB?C?o@?E?G?O?_@o@??_@??o?_?K?G?@_@??E?C??M?G??C?G??E?C??@_@???K?G???o?_??@?@???B_@????_@_???W?G???B?@????K?C????W?G????[?G????C?C????B?@?????[?G?????w?_?????g@??????W@??????M?_?????@wG??????AF???????Xc???????{G,4,5
104,~?@gsP@@?OC?O`?@?@_?O?A@?W??_??_??O??C@?@_??C???G???G???C???@????G@??@_???A????A?G??@?????O????A?????W?????o?????_?????O?_???K??????_?????A??????C??????C??????A?C????@_??????K???????_??????@???????@?@??????_???????G???????@????????C?C??????W????????W????????K????????@?????????G?????????_?_??????@?????????B??????????o?????????G?????????@?@????????K??????????G??????????G??????????C??????????@???????????G?G????????@_??????????@_??????????@????????????_???????????G?G?????????@????????????C????????????K????????????K????????????E????????????@_????????????C?????????????O?_???????????_@????????????_?????????????o?????????????E??????????????o?????????????B??????????????A??????????????A??????????????@?C?????????????O@?????????????@_??????????????C???????????????K???????????????C???????????????B????????????????o???????????????@_???????????????A????????????????M????????????????EO???????????????@o,u|eMID@WH?e@C@E?`?GW@@_CB?GA?GB?C?_@?M?G?O?_@o@??_@??o?_?K?G?@_@??E?C??K?G??K?G??C?C??B_@???G?G??@o?_??@?@???B_@????_@_???W?G???B?@????K?C????W?G????[?G????E?C????@?@?????[?G?????_@_????B_@?????@OB??????W?_?????F?G??????]@???????W[???????jG,4,5
104,~?@gsP@@?OC?O`?@?@_?O?A??W??_??_??O??C@?@_??C???G???G@??K???A????O???@?C??E????C????A?C???_????C?????O?_??@_?????_?????O?????C?????@_?????A??????C??????C??????A???????_@?????K???????O???????_???????_@??????o???????K???????@????????C????????G?G??????W????????K????????B?????????G?????????_????????@?@???????B??????????_?????????G?G???????@??????????C?C????????W??????????G??????????C??????????@???????????G???????????_?_????????B???????????@????????????_???????????G?G?????????@_???????????A????????????E????????????E????????????B?????????????o????????????A?????????????G?_???????????O@????????????o?????????????G?????????????A?G????????????O@????????????B??????????????A??????????????A?G????????????@???????????????O@?????????????@???????????????C?_?????????????G@??????????????C???????????????B????????????????W???????????????@_???????????????@_???????????????B????????????????@G????????????????s,u|eMID@WH?e@C@E?`?GW@@_CB?GA?GB?C?o@?E?G?O?_@o@??_@??o?_?K?G?@_@??E?C??M?G??C?G??E?C??@_@???K?G???o?_??@?@???B_@????_@_???W?G???B?@????K?C????W?G????[?G????C?C????B?@?????[?G?????w?_?????g@??????[@??????E?_?????@wG??????BB???????NC???????FW,4,4
104,~?@gsP@@?OC?O`?@?@_?O?A@?W??_??_??O??C@?@_??C???G???G???C???@????G@??@_???A????A?G??@?????O????A?????W?????o?????_?????O?_???K??????_?????A??????C??????C??????A?C????@_??????K???????_??????@???????@?@??????_???????G???????@????????C?C??????W????????W????????G????????A?@???????O????????@?????????A?@???????A?????????B??????????W?????????B??????????K??????????G??????????G?G????????C??????????@?@?????????G???????????_?_????????B???????????@_???????????_???????????G???????????@?@??????????C????????????G????????????G?G??????????E?????????????_????????????C?G???????????O?????????????_@????????????_@????????????O?_???????????K??????????????o?????????????B??????????????A??????????????A?G????????????@?C?????????????O??????????????A?G?????????????A?_?????????????C???????????????C@??????????????A????????????????_G??????????????A@???????????????GC???????????????K????????????????E?????????????????[,u|eMID@WH?e@C@E?`?GW@@_CB?GA?GB?C?_@?M?G?O?_@o@??_@??o?_?K?G?@?@??K?C??W?G??W?G??K?C??A?@???w?G??@??_??F?@???A?B???B_?_???W?G???B_@????C?C????W?G????W?G????M?C????@_@?????G?G????@o?_????@O@??????w@??????M?_?????@?w??????W`??????@{C???????[o,4,4
104,~?@gsP@@?OC?O`?@?@_?O?A@?W??_??_??O??C@?@_??C???G???G???C???@????G@??@_???A????A?G??@?????O????A?????W?????o?????_?????O?_???K??????_?????A??????C??????C??????A?C????@_??????K???????_??????@???????@?@??????_???????G???????@????????C?C??????W????????W????????G????????A?@???????O????????@?????????A?@???????A?????????B??????????W?????????B??????????K??????????G??????????G??????????C??????????@???????????G???????????_?_????????B???????????@_???????????_???????????G???????????@?@??????????C????????????K????????????K????????????E????????????@_????????????K?????????????O?????????????_@????????????_@????????????O?_???????????K??????????????o?????????????B??????????????A??????????????A?G????????????@???????????????O??????????????A?G?????????????A?_?????????????C???????????????C@??????????????B????????????????W???????????????B????????????????B????????????????B????????????????@G????????????????s,u|eMID@WH?e@C@E?`?GW@@_CB?GA?GB?C?_@?M?G?O?_@o@??_@??o?_?K?G?@?@??K?C??W?G??W?G??K?C??A?@???w?G??@??_??F?@???A?B???B_?_???O?W???E?@????W?C????o?G????o?G????W?C????F?@?????W?G????@??_????F?@?????Ag@??????M?_?????@_G??????KP???????}C???????No,4,4
104,~?@gsP@@?OC?O`?@?@_?O?A@?W??_??_??O??C@?@_??C???G???G???C???@????G@??@_???A????A?G??@?????O????A?????W?????o?????_?????O?_???K??????_?????A??????C??????C??????A?C????@_??????K???????_??????@???????@?@??????_???????G???????@????????C?C??????W????????W????????K????????@?????????G?????????_?_??????@?????????B??????????o?????????G?????????@?@????????K??????????G??????????G??????????C??????????@???????????G?G????????@_??????????@_??????????@????????????_???????????G?G?????????@?@??????????C????????????K????????????K????????????E????????????@_????????????C?????????????O?_???????????_@????????????_?????????????o?????????????A??????????????O@????????????B??????????????A??????????????A?G????????????@???????????????O@?????????????@_??????????????C???????????????K@??????????????C???????????????B????????????????W???????????????@_???????????????A_???????????????B????????????????@G????????????????s,u|eMID@WH?e@C@E?`?GW@@_CB?GA?GB?C?_@?M?G?O?_@o@??_@??o?_?K?G?@_@??E?C??K?G??K?G??C?C??B_@???G?G??@o?_??@?@???B_@????_@_???W?G???B?@????K?C????W?G????[?G????E?C????@?@?????[?G?????w?_?????g@??????[@??????E?_?????@wG??????BB???????NC???????FW,0,0
104,~?@gsP@@?OC?O`?@?@_?O?A??W??_??_??O??C@?@_??C???G???G@??K???A????O???@?C??E????C????A?C???_????C?????O?_??@_?????_?????O?????C?????@_?????A??????C??????C??????A???????_@?????K???????O???????_???????_@??????o???????K???????@????????C????????G?G??????W????????K????????B?????????G?????????_????????@?@???????B??????????_?????????G?G???????@??????????C?C????????W??????????G??????????C??????????@?@?????????G???????????_?_????????B???????????@????????????_???????????G?G?????????@_???????????A????????????C????????????C?G??????????E?????????????o????????????A?????????????G?_???????????O@????????????o?????????????G?????????????A?G????????????O@????????????B??????????????A??????????????A??????????????@?C?????????????O@?????????????@???????????????C???????????????G@??????????????C@??????????????B????????????????o???????????????@_???????????????E????????????????B????????????????@_????????????????[,u|eMID@WH?e@C@E?`?GW@@_CB?GA?GB?C?o@?E?G?O?_@o@??_@??o?_?K?G?@_@??E?C??M?G??C?G??E?C??@_@???K?G???o?_??@?@???B_@????_?_???[?G???@_@????E?C????M?G????C?G????E?C????@o@?????F?G?????G?_?????w@??????OB??????[?_?????BoG??????CF???????qc??????@wG,4,5
104,~?@gsP@@?OC?O`?@?@_?O?A@?W??_??_??O??C@?@_??C???G???G???C???@????G@??@_???A????A?G??@?????O????A?????W?????o?????_?????O?_???K??????_?????A??????C??????C??????A?C????@_??????K???????_??????@???????@?@??????_???????G???????@????????C?C??????W????????W????????K????????@?????????G?????????_?_??????@?????????B??????????o?????????G?????????@?@????????K??????????G??????????G?G????????C??????????@???????????G?G????????@_??????????@_??????????@????????????_???????????G?G?????????@????????????C????????????G?G??????????G?G??????????E????????????@_????????????C?????????????O?_???????????_@????????????_?????????????o?????????????E??????????????_?????????????A?C????????????A??????????????A?G????????????@???????????????O@?????????????@_??????????????C???????????????K???????????????C???????????????B????????????????W???????????????@_???????????????AC???????????????M????????????????E????????????????@S,u|eMID@WH?e@C@E?`?GW@@_CB?GA?GB?C?_@?M?G?O?_@o@??_@??o?_?K?G?@_@??E?C??K?G??K?G??C?C??B_@???G?G??@o?_??@?@???B_@????o?_???K?G???@_@????E?C????M?G????E?G????A?C????@o@?????C?W?????w?_?????w@??????W@??????K?_?????BoG??????EB???????Ss???????]G,4,5
104,~?@gsP@@?PC?O`?@?@_?O?A??G??O??O??GC?E???_??A???C???K???C???@?G??W???@????A?G??A????@?????O????E?????W?????_?????_?????O?_???C??????_?????A?C????C??????C?G????E??????@_??????G???????_??????@???????@?@?????@_???????G???????@?@??????K????????G????????G?G??????C????????@?????????G?G???????_????????B?????????B??????????_?????????G?????????@?@????????C??????????G??????????G?G????????C??????????@?@?????????W???????????o??????????@???????????@????????????_???????????G?G?????????B????????????C????????????G?G??????????W????????????C????????????@?@???????????G?????????????_?_??????????@?@???????????@?@???????????@_?????????????W?????????????@??????????????C?C????????????G?G????????????G??????????????E???????????????_??????????????C?G?????????????C?_?????????????G???????????????G@??????????????C?_??????????????o???????????????E????????????????GC???????????????K????????????????B?????????????????[,u|eMID@WH_a@E@A?`_GK@?oC@?GB?G@?C?o@?E?G?W?_?_@?@o@??O?_?K?G?@_@??E?C??K?G??G?G??K?C??B?@???W?G??@o?_??@_@???@?@???@o?_???G?W???B?@????K?C????[?G????K?G????C?C????B?@?????W?G????@_?_????B_@?????@_@??????g?_?????EGG??????}@???????[W???????^G,4,5
104,~?@gsP@@?PC?O`?@?@_?O?A??G??O??O??GC?E???_??A???C???K???C???@?G??W???@????A?G??A????@?????O????E?????W?????_?????_?????O?????C??????_?????A?C????C??????C?G????E??????@_??????G???????_??????@?@?????@???????@_???????W???????B????????K????????G????????G?G??????C????????@?????????G?G???????_????????B?????????@_?????????_?????????G?G???????@??????????C??????????G??????????G?G????????C??????????@?@?????????W???????????o??????????@???????????@????????????_?_?????????G???????????@_???????????E????????????K????????????C????????????A?C???????????_????????????C?G???????????O?_???????????_????????????@_?????????????W?????????????C??????????????_@????????????A?C????????????C??????????????C?G????????????A???????????????_@?????????????B???????????????G???????????????W???????????????G???????????????B????????????????W???????????????@_???????????????AC???????????????M????????????????E????????????????@S,u|eMID@WH_a@E@A?`_GK@?oC@?GB?G@?C?o@?E?G?W?_?_@?@o@??O?_?K?G?@_@??E?C??K?G??G?G??M?C??@?@???W?G??@_?_??B_@???@?@???@o?_???G?G???B?@????K?C????[?G????K?G????C?C????B_@?????G?W????@o?_????@o@??????_F??????w?_?????E?G??????{@???????oK??????@Rg,0,0
104,~?@gsP@@?PC?O`?@?@_?O?A??G??O??O??GC?E???_??A???C???K???C???@?G??W???@????A?G??A????@?????O????E?????W?????_?????_?????O?????C??????_?????A?C????C??????C?G????E??????@_??????G???????_??????@?@?????@???????@_???????W???????B????????K????????G????????G?G??????C????????@?????????G?G???????_????????B?????????@_?????????_?????????G?G???????@??????????C??????????G??????????G?G????????C??????????@?@?????????W???????????o??????????@???????????@????????????_?_?????????G???????????@_???????????E????????????K????????????C????????????A?C???????????_????????????C?G???????????O?_???????????_@???????????@_?????????????W?????????????C??????????????_@????????????A?C????????????C??????????????C?G????????????A???????????????_@?????????????@?G?????????????C???????????????G@??????????????G???????????????B????????????????O???????????????A@???????????????E????????????????E????????????????F?????????????????w,u|eMID@WH_a@E@A?`_GK@?oC@?GB?G@?C?o@?E?G?W?_?_@?@o@??O?_?K?G?@_@??E?C??K?G??G?G??M?C??@?@???W?G??@_?_??B_@???@?@???@o?_???G?G???B?@????K?C????[?G????K?G????C?C????B_@?????G?G????@o?_????@o@??????_F??????w?_?????CAW?????@a@??????FoC??????@oo,4,4
104,~?@gsP@@?PC?O`?@?@_?O?A??G??O??O??GC?E???_??A???C???K???C???@?G??W???@????A?G??A????@?????O????E?????W?????_?????_?????O?????C??????_?????A?C????C??????C?G????E??????@_??????G???????_??????@?@?????@???????@_???????W???????B????????K????????G????????G?G??????C????????@?????????G?G???????_????????B?????????@_?????????_?????????G?G???????@??????????C??????????G??????????G?G????????C??????????@?@?????????W???????????o??????????@???????????@????????????_?_?????????G???????????@_???????????E????????????K????????????C????????????A?C???????????_????????????C?G???????????O?_???????????_????????????@_?????????????W?????????????C??????????????_@????????????A??????????????E??????????????A??????????????@?C?????????????K??????????????@???????????????E???????????????C???????????????E???????????????B????????????????OG??????????????B????????????????CC???????????????[????????????????K????????????????@S,u|eMID@WH_a@E@A?`_GK@?oC@?GB?G@?C?o@?E?G?W?_?_@?@o@??O?_?K?G?@_@??E?C??K?G??G?G??M?C??@?@???W?G??@_?_??B_@???@?@???@o?_???G?W???B?@????K?C????[?G????K?G????C?C????B_@?????G?W????@o?_????@o@??????g@??????K?_?????BoG??????EB???????Ss???????]G,0,0
104,~?@gsP@@?OC?O`?@?@_?O?A@?W??_??_G?O??C??@_??C???G@??G???C???@????G????_???@?G??B????@?????O????A?????K?????O?????O@????W?????E??????_?????A?C????C??????C?G????A??????@_??????K???????_??????@?@?????@????????_???????G???????@????????C????????G????????G?G??????E????????@?????????G?????????_????????@?@???????@_?????????_?????????G?G???????B??????????K??????????W??????????O??????????G?C????????A???????????O?G????????@???????????E???????????E???????????@????????????O?G?????????A?@??????????G????????????O????????????O?G??????????G????????????A?@???????????W?????????????o????????????@?????????????@??????????????_?_???????????G?G????????????_?????????????A?C????????????K??????????????E??????????????@???????????????O@?????????????A?G?????????????G?_?????????????o???????????????K???????????????A????????????????_G??????????????C@???????????????OC???????????????GG???????????????K????????????????AK,u|eMID@WH?e@E@A?`_GG@@_CB?GB?G@?C?w@?A?G?W?_?o@??o@??O?_?M?G??_@??E?C??K?G??K?G??E?C??@?@???[?G???_?_??B?@???B?@???@_?_???W?G???B_@????C?C????W?G????W?G????M?C????@_@?????M?G?????O?_????@o@??????w@??????M?_?????@_G??????N@???????MK???????Ng,4,4
104,~?@gsP@@?OC?O`?@@@_?O?A@?W??_??_??O??C???_??A???C???C???A????_G??K????_???@?G??B????@?????O@???E?????W?????_?????_@????o?????C??????_?????A??????C??????C?G????A???????_??????C???????O???????_???????_???????O???????C?G?????@_???????E????????G????????G?G??????E????????@?????????G?G??????@_????????B?????????B?????????@??????????O?G???????E??????????G??????????O??????????O?G????????G??????????A???????????O?G????????@??_????????A???????????A???????????@??_?????????O???????????A?@??????????G????????????W????????????W????????????E????????????@?????????????G?G???????????O?????????????_@???????????@_?????????????W?????????????A??????????????O@????????????B??????????????A??????????????A?G????????????@???????????????W??????????????@???????????????C?_?????????????G@??????????????G@??????????????C???????????????@_G??????????????E????????????????W????????????????OG???????????????CG???????????????Ac,u|eMID@WH?e@C@E?`?GW@@?CF?GA?GB?C?_@?M?G?O?_@o@??_@??o?_?K?G?@?@??M?C??G?G??[?G??C?C??B?@???W?G??@??_??F?@???A?@???B_?_???O?W???F?@????K?C????O?G????w?G????M?C????@?@?????[?G?????o?_????@o@??????g@??????M?_?????@_G??????N@???????MK???????Ng,0,0
104,~?@gsP@@?OC?O`?@?@_?O?A@?W??_??_??O??C??@_??C???G@??G???C???@????G???@_???A????A?G??B?????_????C?????O?????o?????_?????O?_???K?????@_?????C??????G??????G??????C??????@???????G?G????@_??????B???????A???????@??_?????O???????A????????G????????O?G??????O????????W????????E?????????o????????B?????????A?????????A?????????@??????????O?G???????B??????????K??????????W??????????K??????????C??????????@???????????G?G?????????_??????????@???????????@?@?????????@_???????????W???????????@????????????C?C??????????G????????????G????????????C?C??????????@?@???????????W?????????????o????????????@_?????????????_?????????????O?????????????C?G????????????_@????????????B??????????????E??????????????@???????????????_??????????????G@?????????????@_??????????????E???????????????A???????????????A@??????????????@_???????????????W???????????????@_???????????????B????????????????B????????????????@G????????????????s,u|eMID@WH?e@C@E?`?GW@@?CE?GE?GB?C?_@?M?G?O?_@_@?@_@??_?_?W?G?B?@??K?C??W?G??W?G??K?C??B?@???W?G??@??_??F?@???A?B???B_?_???W?G???A?@????[?C????W?G????W?G????K?C????B?@?????[?G?????o?_????@O@??????{@??????C@_?????B_G??????M@???????]C???????Lw,4,4
104,~?@gsP@@?OC?O`?@?@_?O?A@?W??_??_??O??C??@_??C???G@??G???C???@????G@??@_???A????A?G??B?????_????C?????O?????o?????_?????O?_???K??????_?????A??????C??????C??????A???????_@?????K???????o??????@???????@?@??????_???????G???????@????????C?C??????W????????W????????K????????B?????????G?????????_????????@?????????@?@????????o?????????G?????????@?@????????K??????????G??????????G??????????C?C????????@???????????G???????????_?_????????B???????????B????????????_???????????G?G?????????@????????????C????????????K????????????K????????????B?????????????o????????????A?????????????G?????????????O@????????????O@????????????K?????????????A??????????????O@????????????B??????????????A??????????????A?G????????????@???????????????O@?????????????E???????????????C???????????????G@??????????????G@??????????????C???????????????@_G??????????????E????????????????G????????????????WG???????????????CO???????????????Ac,u|eMID@WH?e@C@E?`?GW@@?CE?GE?GB?C?_@?M?G?O?_@o@??_@??o?_?K?G?@_@??E?C??K?G??K?G??E?C??@_@???G?G??@o?_??@?@???B_@????_@_???[?G???@_@????E?C????K?G????K?G????F?C?????o@?????C?G?????w?_?????g@??????[@??????E?_?????@_G??????N@???????K[???????^G,4,5
104,~?@gsP@@?OC?O`?@?@_?O?A??W??_??_??O??C@?@_??C???G???G???K???A????O???@?C??E????C????A?C???_????C?????O?_??@_????@_?????_?????G?????@?@????K??????G??????G??????C??????@???????G?G????@_??????@???????@????????_???????G???????B????????C????????G????????G?G??????K????????B?????????W?????????_????????@?????????@?@???????@_?????????W?????????B??????????G??????????O??????????O?G????????W??????????A???????????O??????????@??_????????A???????????A?@?????????B????????????O???????????A????????????G?C??????????O????????????O?G??????????W????????????A?????????????W????????????@_????????????@_?????????????_?????????????W?????????????E??????????????W??????????????_?????????????@_?????????????@_??????????????O??????????????C@??????????????_G?????????????E???????????????C???????????????C@??????????????A?_?????????????@_???????????????E????????????????C????????????????K????????????????AW???????????????@o,u|eMID@WH?e@C@E?`?GW@@_CB?GA?GB?C?_@?K?G?o?_@?@?B_@??_?_?W?G?B?@??K?C??W?G??[?G??C?C??B?@???W?G??@??_??E?@???F?@???@??_???w?G???A?B????[?C????W?G????W?G????M?C????@?B?????[?G?????o?_????@_@?????@o@??????S@_?????B_G??????L@???????MC???????Lw,0,0
104,~?@gsP@@?OC?O`?@?@_?O?A@?W??_??_??O??C@?@_??C???G???G???C???@????G???@_???A????A?G??@?????O????A?G???W?????o?????_?????O?_???K?????@_?????C??????G??????G??????C??????@?@?????W???????_??????@???????@????????_???????G???????@????????C?C??????G????????W????????K????????B?????????G?????????_????????@?@???????B?????????@_?????????W?????????B??????????K??????????K??????????G??????????C??????????@?@?????????G???????????_?_????????B???????????@????????????_???????????G?G?????????@????????????C????????????G????????????G?G??????????C?C??????????B?????????????K?????????????O?????????????o?????????????o?????????????K?????????????B??????????????W??????????????O??????????????_??????????????_G?????????????OC?????????????K???????????????_??????????????A?_?????????????C???????????????E???????????????B????????????????G???????????????@_???????????????B????????????????E????????????????BG???????????????@o,u|eMID@WH?e@C@E?`?GW@@_CB?GA?GB?C?_@?M?G?O?_@_@?@_@??_?_?W?G?B?@??K?C??W?G??[?G??C?C??B?@???W?G??@??_??F?@???A?B???B_?_???W?G???A?@????[?C????W?G????W?G????M?C????@?B?????[?G?????o?_????@O@??????{@??????C@_?????B_G??????L@???????MC???????Lw,4,4
104,~?@gsP@@?OC?O`?@?@_?O?A@?W??_??_??O??C@?@_??C???G???G???C???@????G@??@_???A????A?G??@?????O????A?G???W?????o?????_?????O?_???K??????_?????A??????C??????C??????A?C????@_??????C???????O???????_???????_???????O???????C????????_@??????E????????K????????G????????C?C??????@?????????G?????????_?_??????B?????????B?????????@_?????????O?????????A?@????????W??????????O??????????O??????????G?C????????A???????????O??????????@??_????????E???????????A???????????@????????????O?G?????????A????????????G?C??????????O????????????W????????????K????????????@_????????????K?????????????O?????????????o?????????????o?????????????K?????????????@??????????????G@????????????@_?????????????@??????????????@?G?????????????_??????????????G@?????????????B???????????????C???????????????G@??????????????G@??????????????C???????????????@_G??????????????E????????????????G????????????????WG???????????????CO???????????????Ac,u|eMID@WH?e@C@E?`?GW@@_CB?GA?GB?C?_@?M?G?O?_@o@??_@??o?_?K?G?@?@??K?C??W?G??[?G??C?C??B?@???W?G??@??_??F?@???A?@???B_?_???O?W???F?@????K?C????W?G????W?G????M?C????@?B?????[?G?????o?_????@o@??????g@??????M?_?????@_G??????L@???????MK???????Ng,0,0
104,~?@gsP@@?OC?O`?@?@_?O?A@?W??_??_??O??C@?@_??C???G???G???C???@????G@??@_???A????A?G??@?????O????A?G???W?????o?????_?????O?_???K??????_?????A??????C??????C??????A?C????@_??????C???????O???????_???????_???????O???????C????????_@??????E????????K????????K????????A?????????_????????C?G???????o????????@_????????@_?????????_?????????G?G???????B??????????C??????????G??????????G??????????C??????????@?@?????????W???????????_??????????@???????????@?@??????????_???????????G?G?????????@????????????E????????????K????????????K????????????E?????????????_????????????E?????????????W?????????????W?????????????G?????????????C?_???????????B??????????????G??????????????_?????????????@?G????????????@?G????????????@_??????????????G??????????????@?G?????????????C?_?????????????G???????????????K@??????????????E????????????????O???????????????B????????????????A????????????????CG???????????????BG???????????????@o,u|eMID@WH?e@C@E?`?GW@@_CB?GA?GB?C?_@?M?G?O?_@o@??_@??o?_?K?G?@_@??E?C??M?G??C?G??E?C??@_@???G?G??@o?_??@?@???B_@????_@_???W?G???B?@????K?C????W?G????[?G????C?K????B_@?????K?G?????w?_?????g@??????W@??????M?_?????@gG??????B`???????Fc???????Bw,4,4
104,~?@gsP@@?OC?O`?@?@_?O?A@?W??_??_??O??C@?@_??C???G???G???C???@????G@??@_???A????A?G??@?????O????A?G???W?????o?????_?????O?_???K??????_?????A??????C??????C??????A?C????@_??????C???????O???????_???????_???????O???????C????????_@??????E????????K????????K????????A?????????_????????C?G???????o????????@_????????@_?????????_?????????G?G???????B??????????C??????????G??????????G?G????????C??????????@?@?????????W???????????_??????????@???????????@?@??????????_???????????G???????????@????????????E????????????K????????????E????????????@?????????????O????????????A?G???????????W?????????????W?????????????W?????????????G?????????????A?G????????????o?????????????@??????????????A?G????????????A?G????????????B???????????????O??????????????A?G?????????????G?_?????????????O@??????????????O???????????????G???????????????B?G??????????????CA???????????????O????????????????_G???????????????KG???????????????Co,u|eMID@WH?e@C@E?`?GW@@_CB?GA?GB?C?_@?M?G?O?_@o@??_@??o?_?K?G?@_@??E?C??M?G??C?G??E?C??@_@???G?G??@o?_??@?@???B_@????_@_???[?G???@_@????E?C????M?G????C?G????F?C?????o@?????C?G?????w?_?????g@??????[@??????E?_?????@oG??????F`???????C[???????^G,4,4
104,~?@gsP@@?OC?O`?@?@_?O?A@?W??_??_??O??C??@_??C???G@??G???C???@????G@??@_???B????B????@?????O????A?????K?????O?????O@????W?????A??????O?????@??????A??????A??????B???????o??????C???????O?_?????_???????_???????O???????C?G?????@_???????E????????K????????K????????C????????@?????????G?????????_?_??????@_????????@_?????????o?????????C??????????_?????????A??????????C??????????C?G????????A??????????@_??????????K???????????O???????????_@??????????_???????????O???????????C?G?????????@_???????????E????????????K????????????E????????????A?????????????_@???????????C?????????????O?_???????????o?????????????o?????????????G?????????????A?G????????????O?????????????@?C????????????A?G????????????A??????????????@_??????????????G??????????????@?G?????????????C???????????????G@??????????????K???????????????@_???????????????O???????????????B@???????????????E????????????????C????????????????EG???????????????@W,u|eMID@WH?e@C@E?`_GG@@_CB?GB?G@?C?w@?A?G?[?_?O@??o@??W?_?E?G??_@??E?C??K?G??K?G??E?C??@?@???[?G???_@_??B_@???@?@???@_?_???W?G???B_@????C?C????W?G????W?G????M?C????@_@?????I?G?????[?_?????W@??????]@??????A@_?????@oG??????F@???????K[???????\G,4,5
104,~?@gsP@@?OC?O`?@?@_?O?A@?W??_??_??O??C@?@_??C???G@??G???C???@????G???@_???A????A?G??@?????O????A?????K?????O?????O@????W?????E??????_?????A??????C??????C??????A?C????@_??????K???????_??????@?@?????@????????_???????G???????@?@??????C????????W????????W????????G????????A?@???????O????????@?????????A?????????A?@???????@_?????????W?????????B??????????E??????????G??????????G??????????C?C????????@???????????G???????????_?_????????B???????????B????????????_???????????G?G?????????@????????????C????????????G?G??????????G?G??????????K????????????@_????????????K?????????????O?????????????_@????????????_?????????????O?_???????????E??????????????o??????????????_?????????????@??????????????@?G?????????????_??????????????G@?????????????@_??????????????A???????????????C@??????????????E???????????????B????????????????W???????????????@????????????????EC???????????????E????????????????B?????????????????k,u|eMID@WH?e@C@E?`?GW@@_CB?GB?G@?C?w@?A?G?W?_?o@??_@??o?_?K?G?@?@??K?C??W?G??W?G??K?C??B?@???O?G??B_?_??A?B???F?@???@_?_???O?G???F?@????K?C????W?G????W?G????K?C????B_@?????K?G?????g?_?????{@??????GB??????M?_?????@_W??????M@???????[C???????Yw,4,4
104,~?@gsP@@?OC?O`?@?@_?O?A@?W??_??_??O??C@?@_??C???G???G???C???@????G@??@_???A????A?G??@?????O????A?????W?????o?????_?????O?_???K??????_?????A??????C??????C??????A?C????@_??????K???????_??????@?@?????@????????_???????G???????@????????C?C??????W????????W????????G????????A?@???????O????????@?????????A?@???????A?????????@_?????????W?????????A??????????G?C????????o??????????O??????????G??????????A?@?????????O??????????@_??????????B???????????@_???????????_???????????G?G?????????@????????????C?C??????????G????????????K????????????E?????????????o????????????C?????????????O?_???????????_?????????????_@????????????O?????????????E??????????????O?????????????@?C????????????E??????????????A??????????????@?C?????????????O??????????????B???????????????E???????????????K???????????????C@??????????????A????????????????oG??????????????B????????????????K????????????????GG???????????????CG???????????????Ac,u|eMID@WH?e@C@E?`?GW@@_CB?GA?GB?C?_@?M?G?O?_@o@??_@??o?_?K?G?@?@??K?C??W?G??W?G??K?C??B?@???W?G??@??_??F?@???A?@???B_?_???O?W???F?@????K?C????O?G????w?G????M?C????@_@?????K?G?????o?_????@o@??????g@??????M?_?????@_G??????N@???????MK???????Ng,0,0
104,~?@gsP@@?OC?O`?@?@_?O?A??W??_??_??O??C@?@_??C???G@??G???K???A????O???@?C??E????C????A?C???_????C?????O?????o?????_?????O?????C?G???@_?????A??????C??????C??????A???????_@?????K???????o??????@???????@?@??????_???????W???????@????????C????????G?G??????W????????K????????B?????????G?????????_????????@?????????@?@????????o?????????G?????????@??????????C?C????????W??????????G??????????C??????????@???????????G???????????_?_????????B???????????B????????????_???????????G?G?????????@?@??????????K????????????G????????????K????????????E????????????@_????????????K?????????????O?????????????_@????????????_?????????????O?_???????????A??????????????W?????????????@_?????????????@??????????????@???????????????_C?????????????G@?????????????@_??????????????B???????????????E???????????????B???????????????@_???????????????C????????????????`???????????????AC???????????????E????????????????B?????????????????[,u|eMID@WH?e@C@E?`?GW@@_CB?GB?G@?C?o@?E?G?O?_@o@??_@??o?_?K?G?@_@??E?C??K?G??K?G??E?C??@?@???W?G??@o?_??@?@???B_@????_@_???W?G???B?@????K?C????W?G????W?G????M?C????@_@?????K?G?????w?_?????gB??????W@??????M?_?????@oG??????F@???????Lc???????Bw,0,0
104,~?@gsP@@?OC?O`?@?@_?O?A@?W??_??_??O??C@?@_??C???G@??G???C???@????G@??@_???A????A?G??@?????O????A?????K?????O?????O@????W?????A??????O?????@??????A??????A?G????B???????o??????C???????O?_?????_???????_???????O???????C?G?????@_???????E????????G????????G?G??????C????????@?????????G?????????_?_??????@_????????@??????????_?_???????W?????????@??????????C?C????????G??????????G?G????????C??????????@?@?????????W??????????@_??????????@???????????@?@??????????_?_?????????G???????????@????????????C?C??????????K????????????C????????????A?C???????????_????????????C?G???????????O?????????????_@????????????O?????????????G?_???????????E??????????????O?????????????@?C????????????A?G????????????A??????????????@?C?????????????W??????????????@_??????????????A???????????????C@??????????????C@??????????????@_???????????????G???????????????@@???????????????CC???????????????GG???????????????E????????????????@K,u|eMID@WH?e@C@E?`?GW@@_CB?GB?G@?C?w@?A?G?[?_?O@??o@??W?_?C?G?@_@??E?C??K?G??K?G??E?C??@?@???[?G???_?_??B_@???@_@????w?_???C?G???@_@????E?C????K?G????M?G????B?C?????w@?????A?G?????[?_?????[@??????K@??????F?_??????wG??????B`???????Fc???????Bw,4,4
104,~?@gsP@@?OC?O`?@?@_?O?A@?W??_??_??O??C@?@_??C???G@??G???C???@????G@??@_???A????A?G??@?????O????A?????K?????O?????O@????W?????A??????O?????@??????A??????A?G????B???????o??????C???????O?_?????_???????_???????O???????C?G?????@_???????E????????K????????C????????A?????????_????????C?G???????W?????????_?????????_@????????o?????????C??????????_?????????A??????????C??????????C?G????????E??????????@_??????????C???????????O?_?????????_???????????_???????????W???????????E????????????o???????????B????????????A????????????A????????????@?????????????O@???????????B?????????????G?????????????O@????????????o?????????????G?????????????A??????????????O@????????????@?C????????????E??????????????E??????????????@_??????????????G??????????????@???????????????E?_?????????????K???????????????A???????????????@????????????????OG??????????????B@???????????????G????????????????OG???????????????KG???????????????EO,u|eMID@WH?e@C@E?`?GW@@_CB?GB?G@?C?w@?A?G?[?_?O@??o@??W?_?E?G??o@??B?C??E?G??E?G??A?C??@o@???C?G???w?_???_B???@_@????o?_???K?G???@_@????E?C????M?G????E?G????A?C????@o@?????D?G?????K?_?????[@??????K@??????E?_?????@wG??????AF???????]C???????MW,4,4
104,~?@gsP@@?OC?O`?@?@_?O?A@?W??_??_??O??C??@_??C???G@??G???C???@????G@??@_???A????A?G??B?????_????C?????O?????o?????_?????O?_???K??????_?????A??????C??????C??????A???????_@?????K???????o??????@???????@?@??????_???????G???????@????????C?C??????W????????W????????K????????B?????????G?????????_????????@?????????@?@????????o?????????G?????????@?@????????K??????????G??????????G??????????C?C????????@???????????G???????????_?_????????B???????????B????????????_???????????G?G?????????@?@??????????C????????????G????????????G?G??????????K????????????@_????????????K?????????????O?????????????_?????????????_@????????????O?_???????????A??????????????O@????????????B??????????????A??????????????A?G????????????@?C?????????????O??????????????A?G?????????????W???????????????K???????????????C???????????????A?_??????????????_G??????????????B????????????????C????????????????K????????????????CW???????????????@o,u|eMID@WH?e@C@E?`?GW@@?CE?GE?GB?C?_@?M?G?O?_@o@??_@??o?_?K?G?@_@??E?C??K?G??K?G??E?C??@_@???G?G??@o?_??@?@???B_@????_?_???[?G???@_@????E?C????K?G????K?G????F?C?????o@?????F?G?????G?_?????w@??????[@??????E?_?????@_G??????N@???????MK???????Ng,4,4
104,~?@gsP@@?OC?O`?@?@_?O?A??W??_??_??O??C@?@_??C???G@??G???K???A????O???@?C??E????C????A?C???_????C?????O?????o?????_?????O?????C?G???@_?????A??????C??????C??????A???????_@?????K???????o??????@???????@?@??????_???????W???????@????????C????????G?G??????W????????K????????B?????????G?????????_????????@?????????@?@????????o?????????G?????????@??????????C?C????????W??????????G??????????C??????????@?@?????????G???????????_?_????????B???????????B????????????_???????????G?G?????????@?@??????????K????????????G????????????G????????????C?C??????????B?????????????K?????????????O?????????????_?????????????_?????????????O?_???????????A??????????????W?????????????@_?????????????@??????????????@?G?????????????_C?????????????G@?????????????B???????????????K???????????????K???????????????K???????????????A????????????????_G??????????????@@???????????????CC???????????????K????????????????E?????????????????[,u|eMID@WH?e@C@E?`?GW@@_CB?GB?G@?C?o@?E?G?O?_@o@??_@??o?_?K?G?@_@??E?C??K?G??K?G??E?C??@?@???W?G??@o?_??@?@???B_@????_?_???[?G???@_@????E?C????K?G????M?G????B?C?????o@?????F?G?????G@_?????w@??????[@??????E?_?????@_G??????M@???????YK???????Ng,4,4
104,~?@gsP@@?OC?O`?@?@_?O?A@?W??_??_??O??C@?@_??C???G@??G???C???@????G@??@_???A????A?G??@?????O????A?????K?????O?????O@????W?????A??????O?????@??????A??????A?G????B???????o??????C???????O?_?????_???????_???????O???????C?G?????@_???????E????????K????????C????????A?????????_????????C?G???????W?????????_?????????_@????????o?????????C??????????_?????????A?C????????C??????????C?G????????E??????????@_??????????C???????????O?_?????????_???????????_???????????O???????????C?G?????????@_???????????B????????????A????????????A????????????@?????????????O@???????????B?????????????G?????????????O@????????????o?????????????G?????????????A?G????????????O@????????????@?C????????????E??????????????E??????????????@???????????????O@?????????????A?G?????????????G???????????????O@??????????????O@??????????????A?_??????????????_???????????????E????????????????C????????????????GG???????????????BG???????????????@o,u|eMID@WH?e@C@E?`?GW@@_CB?GB?G@?C?w@?A?G?[?_?O@??o@??W?_?E?G??o@??B?C??E?G??E?G??A?C??@o@???C?G???w?_???_@???@o@????W?_???E?G????o@????B_C????B?G????A?G????B_C?????O@?????F?G?????M?_?????K@??????K@??????F?_??????oW??????F@???????NC???????Ew,0,0
104,~?@gsP@@?OC?O`?@?@_?O?A@?W??_??_??O??C??@_??C???G@??G???C???@????G???@_???A????A?G??B?????_????C?G???O?????o?????_?????O?_???K?????@_?????C??????G??????G??????C??????@???????G???????o??????@???????@?@??????_???????G???????@????????C????????G?G??????W????????K????????B?????????W????????@_????????A?????????A?@???????@??????????W?????????B??????????K??????????W??????????G??????????C??????????@?@?????????G???????????_??????????@???????????@?@??????????o???????????G???????????@?@??????????C????????????G????????????G?G??????????C?C??????????B?????????????K?????????????o????????????@_?????????????_?????????????O?_???????????C??????????????o?????????????B??????????????@??????????????@???????????????_C?????????????G??????????????@?G?????????????C?_?????????????K???????????????G???????????????C?_?????????????@_G??????????????K????????????????W????????????????K????????????????C_????????????????[,u|eMID@WH?e@C@E?`?GW@@?CE?GE?GB?C?_@?M?G?O?_@_@?@_@??_?_?W?G?B?@??K?C??W?G??O?G??[?C??B?@???W?G??@??_??F?@???A?B???B??_???w?G???A?@????[?C????W?G????W?G????K?C????B_@?????K?G?????o?_????@O@??????{@??????CB_?????B_G??????M@???????[C???????Xw,0,0
104,~?@gsP@@?OE?O?_@_?_?GGB??G??O??O??W??C???_??A???C???C???A?_?@_???K????_???@????@????@_????W????A?????G?_???o?????O?????G?????A?G????O?????B??????E??????C??????A???????_@?????C???????O???????_???????_@??????o???????E????????_???????A????????C????????C????????E?????????o????????C?????????O?_??????@_?????????_?????????O?????????C?G????????_?????????E??????????K??????????K??????????C??????????@?@?????????G?G?????????_??????????@???????????@_???????????o???????????E????????????_???????????A????????????C?G??????????C????????????A?????????????W????????????A?????????????G?_???????????o?????????????O?????????????G?_???????????A??????????????o?????????????@_?????????????B??????????????B???????????????_??????????????G??????????????@_G?????????????B???????????????C???????????????C@??????????????A?_??????????????_G??????????????E????????????????O????????????????gG???????????????GO???????????????@c,u|fIID`GH_a@E@A?`_GK@?_CB?GA?GB_C?O@?F?G?G?_?w@??O@??W?_?E?G??o@??A?C??M?G??C?G??F?C???_@???M?G???O@_??@o@????_@????o?_???K?G???@_@????E?C????M?G????C?G????F?C?????g@?????B_G?????C?_?????W@??????[@??????E?_?????@oG??????CP???????}C???????No,0,0
104,~?@gsP@@?OE?O?_@_?_?GGB??G??O??O??W??C???_??A???C???C???A???@_???K????_???@????@?G??@_????W????A?????G?_???o?????o?????O?????C??????_?????A??????K??????C??????A???????_??????C???????O???????_???????_???????O?_?????K???????@_???????E????????G????????G????????C?C??????B?????????W????????@_????????B?????????B?????????@_?????????G?????????@??????????C?C????????G??????????G??????????K??????????@???????????G?G?????????_??????????@???????????@????????????_???????????G?G?????????@?@??????????K????????????K????????????K????????????C????????????@?@???????????G?G???????????o????????????@_????????????@_?????????????o?????????????A??????????????O?????????????@?C????????????A?G????????????A???????????????_??????????????G@?????????????@?G?????????????C???????????????K???????????????K???????????????@_???????????????W????????????????o???????????????B????????????????B????????????????@_????????????????[,u|fIID`GH_a@E@A?`_GK@?_CB?GA?GB_C?O@?E?G?W?_?_@?@_@??o?_?G?G?B?@??M?C??G?G??W?G??K?C??A?@???w?G??@?@_??E?@???F?@???@??_???w?G???B?@????G?C????o?G????w?G????K?C????B?@?????W?G????@O?_????@w@??????OB??????]?_?????@?W??????]@???????[K???????Yg,4,4
104,~?@gsP@H?OC?O`?@??_?G?B??G??O??O??G??E???_??A?_?K???G???C?_?@????W???@????A?G??E????A?????_????C?????O?????_@????_?????W?????C??????_?????A??????C??????C??????A?C????@_??????K???????_??????@?@?????@_???????_???????G?G?????@?@??????K????????W????????O????????G?C??????E?????????O????????@?????????A?????????A?????????@??????????O?G???????A??????????C??????????G??????????G?G????????C??????????@???????????G?G?????????_?_????????B???????????B???????????@_???????????O???????????A?@??????????K????????????W????????????W????????????E????????????@?????????????G?G???????????O?????????????_@????????????_?????????????O?_???????????C??????????????o?????????????@??????????????A??????????????A?G????????????@???????????????W??????????????@_??????????????B???????????????C???????????????E@??????????????B????????????????W???????????????B????????????????CC???????????????GG???????????????I????????????????@K,u|eMID`GH_a@E@A?`_GG@@_CB?GA?GB?C?o@?E?G?W?_?_@?@_@??o?_?G?G?B?@??K?C??W?G??W?G??K?C??A?@???w?G??@_?_??B_@???@?@???@o?_???K?G???@?@????M?C????K?G????K?G????E?C????@_@?????G?G????@o?_????@oB??????_D??????w?_?????E?G??????{@???????wK???????rg,4,5
104,~?@gsP@@?OC?O`?@@@_?O?A@?W??_??_??O??C???_??A???C???C???A????_???K????_???@?G??B????@?????O@???E?????W?????_?????_@????o?????K?????@??????C??????G??????G??????C??????@?@?????G???????_??????@???????@????????_???????G???????@????????C?C??????W????????W????????G????????A?@???????o????????@?????????A?@???????E?????????B??????????o?????????E??????????W??????????o??????????O??????????G??????????A?@?????????O??????????@???????????A?@?????????A?@?????????@????????????O???????????A?@??????????G????????????O????????????O????????????G?C??????????A?@???????????o????????????@_????????????A?????????????A?@????????????o?????????????K??????????????o?????????????B??????????????E??????????????@???????????????_??????????????G@?????????????@?G?????????????E???????????????C???????????????C@??????????????A????????????????oG??????????????E????????????????C????????????????KG???????????????E?????????????????s,u|eMID@WH?e@C@E?`?GW@@?CF?GA?GB?C?_@?M?G?O?_@_@?@_@??_?_?W?G?B?@??G?C??o?G??o?G??[?C??A?@???o?G??B??_??C?@???M?@???A?@_??@_?G???M?@????O?C???@o?G????o?G????O?C????M?@?????w?G????@?B_????F?@?????B?@?????@O?_?????N?G??????OF??????BoC??????@MW,4,5
104,~?@gsP@H?OC?O`?@??_?G?B??G??O??O??G??E???_??A?_?K???G???C???@?G??W???@????A?G??E????A?????_????C?????O?????_@????_?????o?????C??????_?????A??????C??????C??????A?C????@_??????K???????_??????@?@?????@_???????_???????G?G?????@?@??????K????????W????????O????????G?C??????E?????????O????????@?????????A?????????A?????????@??????????O?G???????A??????????C??????????G??????????G?G????????C??????????@???????????G?G?????????_?_????????B???????????B???????????@_???????????O???????????A?@??????????K????????????W????????????W????????????E????????????@?????????????G?G???????????O?????????????_@????????????_?????????????O?_???????????C??????????????o?????????????@??????????????A??????????????A?G????????????@???????????????W??????????????@_??????????????B???????????????C???????????????E@??????????????B????????????????W???????????????B????????????????CC???????????????GG???????????????I????????????????@K,u|eMID`GH_a@E@A?`_GG@@_CB?GA?GB?C?o@?C?G?w?_?_@?@_@??o?_?G?G?B?@??K?C??W?G??W?G??K?C??A?@???w?G??@_?_??B_@???@?@???@o?_???K?G???@?@????M?C????K?G????K?G????E?C????@_@?????G?G????@o?_????@oB??????_D??????w?_?????E?G??????{@???????wK???????rg,4,5
104,~?@gsP@@?OC?O`?@?@_?O?A@?W??_??_??O??C??@_??C???G???G???C???@????G@??@_???B????B????@?????O????A?????W?????o?????_?????O?_???K??????_?????A??????C??????C??????A??????@_??????K???????_??????@?@?????@????????_?_?????G???????@????????C?C??????W????????W????????K????????B?????????O????????@??_??????A?????????A?????????@_?????????G?????????@?@????????K??????????G??????????G??????????C?C????????@???????????G???????????_??????????@_??????????@_???????????_???????????G?G?????????@?@??????????C????????????K????????????K????????????B?????????????o????????????E?????????????O?????????????_@????????????_@????????????O?????????????A??????????????O@????????????B??????????????A??????????????A?G????????????@???????????????O??????????????A?G?????????????E???????????????K???????????????C???????????????B????????????????W???????????????B????????????????E????????????????CG???????????????Cg???????????????F?,u|eMID@WH?e@C@E?`_GG@@_CB?GA?GB?C?_@?M?G?O?_@o@??_@??o?_?K?G?@_@??C?C??W?G??W?G??K?C??B?@???W?G??@o?_??@?@???B_@????_@_???[?G???@_@????E?C????G?G????[?G????E?C????@_@?????K?G?????w?_?????g@??????[@??????E@_?????@_G??????N@???????KK???????\g,4,5
104,~?@gsP@@?PC?O`?@?@_?O?A??G??O??O??G??E???_??A?_?C???K???C???@?G??W???@_???B????A????@?????O????B?????G?????O@????O?????G?????A??????O?????@??????A??????E??????B???????_??????C?G?????O???????o???????_???????O?_?????K???????@_???????E????????K????????G????????C?C??????@?????????G?????????o????????@?????????@?@????????_?????????G?????????@??????????C?C????????G??????????G??????????C??????????@_??????????K???????????_??????????@?@?????????@????????????o???????????K???????????@_???????????B????????????E????????????E????????????A?????????????_@???????????C?G???????????O?????????????o?????????????o?????????????G?????????????A??????????????O@????????????@??????????????A??????????????A?G?????????????o??????????????G??????????????@?G?????????????E???????????????K???????????????E???????????????B????????????????W???????????????@@???????????????E????????????????E????????????????A_????????????????[,u|eMID@WH_a@E@B?__GK@?oC@_G@?G@_C?W@?B?G?G?_?o@??o@??W?_?C?G?@_@??E?C??K?G??K?G??C?C??B_@???K?G???o?_??@?@???B_@????o?_???K?G???@?@????M?C????K?G????K?G????E?C????@?@?????[?G?????w@_?????_D?????@o@??????W@_?????E?G??????{@???????oK??????@dg,0,0
104,~?@gsP@@?OC?O`?@?@_?O?A@?W??_??_??O??C??@_??C???G???G???C???@????G@??@_???B????B????@?????O????A?G???W?????o?????_?????O?_???K??????_?????A??????C??????C??????A??????@_??????C???????O???????_???????_???????O???????C????????_@??????E????????K????????K????????E????????@?????????G?????????_?_??????B?????????B?????????@_?????????W?????????B??????????C??????????G??????????G??????????C?C????????@???????????G?G????????@_??????????@???????????@?@??????????_???????????G???????????@????????????E????????????K????????????K????????????B?????????????O????????????A?????????????G?_???????????W?????????????W?????????????K?????????????B??????????????G??????????????_?????????????@?G????????????@?G????????????@_??????????????G??????????????@?G?????????????C?_?????????????G???????????????K???????????????E????????????????O???????????????B????????????????B????????????????E????????????????BG???????????????@o,u|eMID@WH?e@C@E?`_GG@@_CB?GA?GB?C?_@?M?G?O?_@o@??_@??o?_?K?G?@_@??C?C??W?G??[?G??C?C??B?@???W?G??@??_??F?@???A?B???B_?_???O?W???E?@????[?C????W?G????W?G????M?C????@_@?????K?G?????o?_????@S@??????K@??????F?_??????oG??????F@???????MK???????Ng,4,4
104,~?@gsP@@?OC?O`?@?@_?O?A@?W??_??_??O??C??@_??C???G???G???C???@????G@??@_???A????A?G??B?????_????C?????O?_??@_????@_?????_?????G?G???B??????C??????G??????G??????C??????@???????G??????@_??????@???????@????????_???????G???????@????????C????????G?G??????W????????K????????B?????????W????????@_????????A?????????A?@???????@??_???????o?????????E??????????W??????????o??????????o??????????G??????????A???????????O?G????????@???????????A???????????A???????????@????????????G???????????@?@??????????C????????????G????????????G????????????E????????????@_????????????E?????????????W?????????????o?????????????o?????????????W?????????????B??????????????W?????????????@_?????????????B??????????????@???????????????_C?????????????G@?????????????@???????????????C???????????????G@??????????????G@??????????????C?_?????????????@????????????????K????????????????K????????????????W????????????????BG???????????????@o,u|eMID@WH?e@C@E?`?GW@@?CE?GE?GA?C@_@?G?G@o?_@?@?B_@??_?_?W?G?B?@??K?C??W?G??O?G??W?C??F?@???O?G??B??_??E?@???C?@???F??_???_?W???M?@????O?K???@o?G????o?G????W?C????E?@?????_?G????F_?_????B?B?????B?@?????@_?_?????T?G??????]@???????W[???????vG,0,0
104,~?@gsP@@?OC?O`?@?@_?O?A@?W??_??_??O??C??@_??C???G???G???C???@????G@??@_???A????A?G??B?????_????C?G???O????@_????@_?????_?????G?G???B??????C??????G??????G??????C??????@?@?????G???????o??????@???????@?@??????_???????G???????@????????C????????G?G??????W????????K????????A?????????O?G??????@_????????A?????????A?@???????@??????????W?????????B??????????K??????????W??????????G??????????C?C????????@???????????G?G?????????_??????????@?@?????????@????????????o???????????G???????????@?@??????????C????????????G????????????G????????????C?C??????????@_????????????C?????????????O?_???????????o?????????????o?????????????G?????????????B??????????????W?????????????@_?????????????@??????????????@?G?????????????_C?????????????G??????????????@?G?????????????E???????????????K???????????????C???????????????B????????????????G???????????????@@???????????????E????????????????E????????????????F?????????????????w,u|eMID@WH?e@C@E?`?GW@@?CE?GE?GA?C@_@?G?G@o?_@?@?B_@??_?_?W?G?B?@??G?C??w?G??O?G??[?C??B?@???W?G??@_?_??A?@???F?@???@?@_???w?G???B?@????M?C????G?G????[?G????C?C????B_@?????K?W?????o?_????@_@?????@O@??????[?_?????B_W??????GL??????@oC??????@[W,4,5
104,~?@gsP@@?OC?O`?@?@_?O?A??W??_??_??O??C??@_??C???G???G???K???A????O???@?C??E????C????A?C??@_????G?????_?_??@?????B?????@_?????O?????A??????G?C????o??????O??????G??????A???????O??????@??_????A???????B???????@????????O?G?????A????????G????????o????????O????????G????????A?@???????o????????B?????????C?????????C?@???????B??????????_?????????C?@????????O??????????o??????????o??????????O??????????C?@?????????_?G????????E???????????C???????????C?@?????????A????????????_?G?????????C????????????O?C??????????_????????????o????????????O????????????C?@???????????_?G??????????A?????????????A?????????????A?@???????????@??_???????????W?????????????@??????????????C?C????????????K??????????????K??????????????A???????????????W??????????????B???????????????A???????????????C@??????????????C@??????????????B????????????????W???????????????B????????????????E????????????????A????????????????BG????????????????w,u|eMID@WH?e@C@E?`?GW@@?CE?GE?GA?C@_@?G?G@_?_B?@?A?@?B_?_?O?G?E?@??W?C??_?G?@o?G??O?C??M?@???o?G??B??_??E?@???C?@???E??_??@o?G???C?@????w?C????o?G????w?G????G?C????F?@?????O?W????B_?_????B?B?????B_@??????_?_?????]?G??????wB??????@oS??????@VG,4,4
104,~?@gsP@@?PC?O`?@?@_?O?A??G??O??O??GC?E???_??A?_?C???K???C???@?G??W???@????A?G??A????@?????O????B?????G?????O?????O@????G?????A??????O?????@??????A?G????E??????B???????_??????C?G?????O??????@_???????_???????O?_?????K???????@_???????C????????G?G??????G????????C????????@?????????G?????????o????????@?????????@??????????_?_???????G?????????@??????????C?C????????G??????????K??????????E??????????@_??????????K???????????_??????????@?@?????????@?@?????????@_???????????G???????????@?@??????????K????????????K????????????G????????????C?C??????????@?????????????G?????????????_?_??????????@??????????????_?????????????W?????????????A??????????????O?????????????@?C????????????A?G????????????B??????????????@_??????????????K??????????????@_??????????????E???????????????C@??????????????K???????????????@????????????????OG??????????????A@???????????????GC???????????????S????????????????E?????????????????[,u|eMID@WH_a@E@A?`_GK@?oC@_G@?G@_C?W@?B?G?G?_?o@??o@??O?_?K?G?@_@??E?C??K?G??K?G??C?C??B?@???[?G???o?_??@?@???B_@????o?_???G?G???B_@????E?C????K?G????K?G????E?C????@_@?????M?G?????W@_?????_@?????@w@??????G@_?????F?G??????[B???????pS??????@kG,4,4
104,~?@gsP@@?OC?O`?@?@_?O?A@?W??_??_G?O??C@?@_??C???G???G???C???@????G????_???@?G??@?????_????G????B?????K?????O?????O@????W?????E??????_?????A?C????C??????C?G????E??????@_??????G???????_??????@???????@????????_???????G???????@????????C?C??????G????????G?G??????C????????@?@???????G?????????_?_??????B?????????B?????????@_?????????W?????????B??????????K??????????G??????????G?G????????C??????????@?@?????????K???????????O???????????_???????????_???????????O?_?????????C????????????_???????????A????????????C?G??????????C????????????A?C???????????_????????????C?G???????????O?_??????????@_????????????@_?????????????W?????????????E??????????????o?????????????@_?????????????@??????????????@?G?????????????O??????????????C@??????????????_??????????????A?_?????????????C@??????????????C???????????????A?_??????????????_G??????????????E????????????????K????????????????E????????????????@_????????????????[,u|eMID@WH?e@E@A?`_GK@?oC@?GB?G@?C?w@?A?G?W?_?o@??o@??O?_?K?G?@_@??E?C??K?G??G?G??K?C??B?@???O?G??B_?_??A?B???E?@???B_?_???W?G???A?@????W?C????w?G????[?G????C?C????B?@?????[?G?????g?_?????o@??????{@??????C@_?????B?G??????]@???????W[???????|G,4,5
104,~?@gsP@@?OC?O`?@?@_?O?A@?W??_??_??O??C@?@_??C???G???G???C???@????G@??@_???A????A?G??@?????O????A?????W?????o?????_?????O?_???K??????_?????A??????C??????C??????A?C????@_??????K???????_??????@?@?????@????????_???????G???????@?@??????C?C??????W????????W????????G????????A?@???????O????????@?????????A?????????A?????????@_?????????W?????????A??????????G?C????????G??????????G??????????C?C????????@???????????K???????????o??????????@_??????????@_???????????_???????????G?G?????????@?@??????????C????????????K????????????K????????????B?????????????_????????????C?G???????????O?????????????_?????????????_@????????????O?????????????B??????????????O?????????????@?C????????????A??????????????A?G????????????@?C?????????????W??????????????B???????????????E???????????????K???????????????C@??????????????B????????????????G???????????????@@???????????????CC???????????????GG???????????????CG???????????????BC,u|eMID@WH?e@C@E?`?GW@@_CB?GA?GB?C?_@?M?G?O?_@o@??_@??o?_?K?G?@?@??K?C??W?G??W?G??K?C??B?@???W?G??@??_??F?@???B_@????_?_???[?G???@_@????C?C????[?G????K?G????E?C????@_@?????M?G?????O?_????@w@??????OB??????]?_?????@?W??????[@???????wK???????yg,4,4
104,~?@gsP@@?OC?O`?@?@_?O?A@?W??_??_G?O??C??@_??C???G???G???C???@????G????_???@?G??B????@?????O????A?????W?????o?????_?????O?_???K?????@_?????C??????G?G????G??????C?C????@???????W??????@_??????A???????A?@?????@????????O???????A????????G????????O????????O?G??????G????????A?@???????W????????@?????????A?????????A?????????@??????????W?????????B??????????K??????????W??????????W??????????C??????????@?@?????????G???????????_?_????????@?@?????????B???????????@_???????????W???????????A????????????G?C??????????O?G??????????O????????????G????????????A?????????????O?G??????????@_?????????????_?????????????_?????????????O?????????????C?G????????????_?????????????@_?????????????B??????????????B???????????????_??????????????K@?????????????@_??????????????E???????????????E???????????????E???????????????@?_??????????????O???????????????A@???????????????CC???????????????GG???????????????GG???????????????BC,u|eMID@WH?e@E@A?`_GG@@_CB?GA?GB?C?_@?M?G?O?_@_@?@_@??o?_?G?G?B_@??C?C??W?G??W?G??K?C??B?@???W?G??@??_??F?@???A?B???B??_???w?G???B?@????M?C????K?G????K?G????E?C????@_@?????M?G?????S?_?????W@??????[@??????F?_??????oG??????F@???????NC???????Fw,4,5
104,~?@gsP@@?OC?O`?@?@_?O?A@?W??_??_??O??C??@_??C???G???G???C???@????G???@_???B????B????@?????O@???A?????W?????o?????_?????O?_???K?????@_?????C??????G?G????G??????C??????@???????K???????_??????@?@?????@????????_???????G???????@?@??????C????????G????????K????????E????????@_????????G?????????_?_??????@?????????@_?????????o?????????G?????????@?@????????E??????????K??????????G??????????C?C????????@???????????G?G?????????_??????????@_??????????@????????????_?_?????????G???????????@?@??????????C????????????G?G??????????G????????????C????????????@_????????????E?????????????W?????????????O?????????????W?????????????C?????????????@?G????????????K??????????????o?????????????@??????????????@?G?????????????_C?????????????K??????????????@???????????????C?_?????????????G@??????????????K???????????????A????????????????_G??????????????B????????????????C????????????????CG???????????????EG???????????????@o,u|eMID@WH?e@C@E?`_GG@@_CB?GA?GB?C?_@?M?G?O?_@_@?@_@??o?_?K?G?@_@??C?C??[?G??K?G??E?C??@_@???G?G??@o?_??@_@???@_@????o?_???K?G???@o@????A?C????M?G????E?W????B?C?????o@?????F?G?????K?_?????W@??????W@??????M?_?????@WG??????B@???????NC???????Fw,0,0
104,~?@gsP@@?OE?O?_@_?_?GGB??G??O??O??W??C???_??A???C???C???A???@_???K????_???@?G??@????@_????W????A?????G?_???o?????o?????O?????C??????_?????A??????E??????C??????A???????_??????C???????O???????_@??????_???????O???????K???????@_???????E????????G????????G?G??????C????????B?????????W????????@_????????A?????????A?@???????@_?????????W?????????A??????????G??????????O?G????????O??????????G?C????????B???????????O??????????@??_????????A???????????A?@?????????@????????????O???????????A?@??????????G?C??????????O????????????o????????????K????????????@?????????????G?G???????????_????????????@_?????????????o?????????????O?????????????C?G????????????W?????????????@??????????????A??????????????A?G????????????@?C?????????????W??????????????A???????????????G?_?????????????O@??????????????O@??????????????K???????????????@?G??????????????W????????????????W????????????????O????????????????DG????????????????w,u|fIID`GH_a@E@A?`_GK@?_CB?GA?GB_C?O@?E?G?W?_?_@?@_@??o?_?G?G?B_@??E?C??G?G??W?G??K?C??A?@???w?G??@_?_??B?@???B?@???@??_???w?G???B?@????M?C????K?G????K?G????F?C?????_@?????M?G?????[?_?????W@??????O@??????[?_?????B_G??????KF???????wc???????}G,4,5
104,~?@gsP@@?OC?O`?@?@_?O?A??W??_??_??O??C??@_??C???G???G???K???A????O???@?C??E????C????A?C??@_????G?????_?_??@?????B?????@_?????O?????A?@????G??????o??????O??????G??????A???????O??????@??_????A???????B???????@????????O???????A?@??????G????????W????????O????????G????????A?@???????o????????B?????????C?????????C?@???????B??????????_?????????C?@????????O?C???????@_??????????o??????????O??????????C?@?????????_?G????????E???????????C???????????C???????????A????????????_?G?????????C????????????O?C??????????_?G??????????O????????????G????????????A?@???????????O?????????????_????????????@_????????????@_?????????????o?????????????C??????????????_@????????????@_?????????????B??????????????@_??????????????o??????????????K???????????????_??????????????A?_?????????????C@??????????????E???????????????@????????????????OG??????????????A@???????????????K????????????????C????????????????EG????????????????w,u|eMID@WH?e@C@E?`?GW@@?CE?GE?GA?C@_@?G?G@_?_B?@?A?@?B_?_?O?G?E?@??W?C??_?G?@o?G??O?C??M?@???o?G??A??_??M?@???C?@???F??_???o?G???C?@????w?C????_?W???@_?G????w?C????C?@????@o?G????Bo?_????@?F?????B_@??????_?_?????]?G??????gB??????@wC???????fW,0,0
104,~?@gsP@@?OC?O`?@?@_?O?A??W??_??_??O??C??@_??C???G???G???K???A????O???@?C??E????C????A?C??@_????G?????_????@?@???B?????@_?????O?????A?@????G??????o??????O??????G??????A?@?????O??????@??_????A???????E???????@????????O???????A?@??????G????????W????????O????????G????????A?@???????o????????@?????????A?@???????B?????????@??????????O?????????A?@????????W??????????W??????????O??????????G?C????????A?@?????????o??????????@???????????A???????????A?@?????????@????????????O?G?????????A?@??????????W????????????O????????????O????????????G?C??????????A?????????????G?????????????o????????????@_?????????????_?????????????O?_???????????A??????????????W?????????????@_?????????????@_?????????????@_??????????????o??????????????C???????????????_G?????????????B???????????????E???????????????A???????????????@?_??????????????OG??????????????B????????????????E????????????????E????????????????@_????????????????[,u|eMID@WH?e@C@E?`?GW@@?CE?GE?GA?C@_@?G?G@_?_B?@?A?@?B_?_?O?G?F?@??G?C??w?G??O?G??W?C??F?@???O?G??B_?_??A?@???F?@???@_?_???O?G???F?@????G?K????w?G????O?G????[?C????B?@?????[?G?????_@_????B_@?????@?@?????@w?_?????D?W??????[@???????yC???????Mw,0,0
104,~?@gsP@@?OC?O`?@@@_?O?A??W??_??_??O??C???_??A???C???K???C???@????G???@_???A????A?G??B?????_????C?G???o????@_????@??????_?_???G?????B??????K??????O??????O??????G?C????A???????O?G????@???????A???????A???????@??_?????O???????B????????G????????O????????O????????G?C??????E?????????O????????@??_??????B?????????A?????????@??_???????o?????????B??????????G??????????O?G????????O?G????????W??????????E???????????O??????????@???????????A?@?????????A???????????@??_?????????O?G?????????A????????????G????????????O?G??????????O????????????C????????????@?????????????G?G???????????_?_??????????B?????????????@??????????????_?_???????????C??????????????_@????????????E??????????????E??????????????E??????????????B???????????????G??????????????@_??????????????B???????????????A???????????????A@??????????????@?_??????????????OG??????????????B????????????????K????????????????GG???????????????GG???????????????@c,u|eMID@WH?e@C@E?`?GW@@?CF?GA?GB?C?_@?K?G?o?_@?@?B?@?@_?_?O?G?F?@??G?C??w?G??O?G??[?C??A?@???w?G??@??_??F?@???B?@???@??_???o?G???F?@????G?C????w?G????O?W????[?C????B_@?????G?G????@o?_????@?@?????Bo@??????O@_?????N?G??????SB???????{C???????\W,4,5
104,~?@gsP@@?OC?O`?@@@_?O?A??W??_??_??O??C???_??A???C???K???C???@????G@??@_???A????A?G??B?????_????C?G???o????@_????@??????_?_???G?????B??????C??????G??????G?G????C??????@?@?????G???????_??????@???????@?@??????_???????K???????@????????C????????G?G??????W????????C????????@?@???????K?????????_????????@?@???????B??????????o?????????G?????????@?@????????C??????????W??????????G??????????C??????????@?@?????????G???????????_?_????????@?@?????????@????????????_???????????G?G?????????@????????????E????????????G????????????K????????????E?????????????_????????????C?G???????????G?????????????O@????????????o?????????????K?????????????A??????????????O@????????????@?C????????????E??????????????A??????????????@?C?????????????W??????????????@???????????????C?_?????????????G@??????????????G@??????????????A????????????????o???????????????A????????????????GC???????????????OG???????????????EG???????????????B_,u|eMID@WH?e@C@E?`?GW@@?CF?GA?GB?C?_@?K?G?o?_@?@?B_@??_?_?[?G?@?@??M?C??G?G??[?G??C?C??B_@???G?G??@o?_??@_@???@?@???@o?_???G?W???B_@????C?C????[?G????M?G????A?C????@o@?????C?G?????w?_?????o@??????g@??????M?_?????@?W??????]@???????[K???????]g,4,5
104,~?@gsP@@?OE?O?_@_?_?G?B??G??O??O??W??C???_??A???K???G???C???@????W???@_???A????A?G??@?????o????E?????O?????_?????_?????o?????K?????@??????C??????G?G????G??????E??????@???????G?G?????_??????@?@?????B???????@_???????O???????A????????G????????O?G??????o????????K????????A?????????O?G??????@?????????B?????????@??????????_?????????G?????????@?@????????K??????????W??????????G??????????C??????????@?@?????????G???????????o??????????@???????????@?@??????????_?_?????????W???????????B????????????C????????????G????????????G?G??????????C?C??????????B?????????????K?????????????_????????????@?@???????????@??????????????O?????????????C?G????????????_?????????????A?C????????????K??????????????A??????????????@_??????????????G??????????????@_??????????????E???????????????E???????????????A???????????????@_???????????????[???????????????@????????????????CC???????????????GG???????????????KG???????????????E_,u|fIID`GH_a@E@A?`_GK@?_CB?GA?GB?C?o@?C?G?o?_@_@?@?@?@o?_?G?G?B_@??E?C??K?G??K?G??E?C??@_@???K?G???_?_??B?@???B_@????_?_???[?G???@?B????M?C????K?G????K?G????E?C????@_@?????M?G?????O?_????@w@??????SB??????F?_??????oG??????F@???????MC???????Jw,4,5
104,~?@gsP@@?OE?O?_@_?_?G?B??G??O??O??W??C???_??A???K???G???C???@?G??W???@_???A????A????@?????o????E?????O?????_?????_?????o?????C??????_?????A?C????C??????K??????E??????@???????G?G?????_??????@?@?????B???????@_???????O???????A????????G?C??????o????????W????????G????????A?????????O?G??????@?????????B?????????@??????????_?????????G?????????@?@????????K??????????G??????????G??????????C?C????????@???????????W???????????o??????????@???????????@?@??????????_?_?????????W???????????B????????????C????????????K????????????K????????????B?????????????_????????????C?????????????O?_???????????_?????????????O?????????????G?_???????????A??????????????O@????????????B??????????????A??????????????A?G????????????@?C?????????????o??????????????B???????????????K???????????????K???????????????C???????????????B????????????????G???????????????@_???????????????A????????????????EG???????????????F????????????????@o,u|fIID`GH_a@E@A?`_GK@?_CB?GA?GB?C?o@?C?G?w?_?_@?@o@??O?_?K?G?@_@??E?C??K?G??K?G??E?C??@_@???K?G???_?_??B_@???@?B???@o?_???G?G???B?@????M?C????K?G????K?G????E?C????@_@?????M?G?????S?_?????[@??????K@??????F?_??????oW??????F@???????MC???????Mw,4,5
104,~?@gsP@@?OE?O?_@_?_?G?B??G??O??O??W??C???_??A???K???G???C???@?G??W???@_???A????A????@?C???o????E?????O?????_?????_?????o?????C??????_?????A?C????C??????K??????A???????_??????C???????O?_????@_??????@_???????_???????G???????@?@??????K????????K????????G????????C????????@?@???????W????????@_????????@?????????@??????????_?????????G?G???????B??????????C??????????G??????????G?G????????C??????????B???????????G???????????_??????????@???????????@?@?????????@_???????????W???????????@????????????E????????????K????????????E????????????A?????????????o????????????E?????????????W?????????????O?????????????O?????????????G?_???????????A?G????????????o?????????????@??????????????A?G????????????A?G????????????B???????????????O??????????????B???????????????K???????????????C???????????????E????????????????_???????????????K???????????????@_???????????????B????????????????F????????????????B?????????????????s,u|fIID`GH_a@E@A?`_GK@?_CB?GA?GB?C?o@?C?G?w?_?_@?@o@??O?_?K?G?@o@??A?C??K?G??K?G??E?C??@_@???K?G???_?_??B_@???@?B???@o?_???G?G???B?@????M?C????G?W????W?G????K?C????B?@?????W?G????@o?_????@O@??????w@??????L?_??????oG??????F@???????NC???????Fw,4,5
104,~?@gsP@@?OE?O?_@_?_?G?B??G??O??O??W??C???_??A???K???G???C???@?G??W???@_???A????A????@?C???o????E?????O?????_@????_?????o?????C??????_?????A?C????C??????K??????A???????_??????C???????O???????o???????_???????O?_?????C?G?????@_???????B????????C????????C????????A?C??????@_????????K?????????o????????@?????????@?@????????_?????????C??????????_?????????A?C????????C??????????K??????????A???????????_??????????C???????????O???????????_???????????o???????????W???????????E????????????W???????????@????????????B????????????B????????????@_????????????W????????????B?????????????K?????????????G?????????????G?????????????C?_???????????@?G????????????W??????????????_?????????????@??????????????@?G?????????????_??????????????K??????????????@_??????????????@???????????????B???????????????B????????????????o???????????????K????????????????o???????????????B????????????????AG???????????????AG???????????????@c,u|fIID`GH_a@E@A?`_GK@?_CB?GA?GB?C?o@?C?G?w?_?_@?@o@??O?_?K?G?@o@??A?C??K?G??K?G??C?C??B_@???K?G???w?_???_@???@o@????O?_???K?G???@o@????A?K????K?G????K?G????E?C????@?@?????[?G?????w@_?????_D?????@o@??????Y?_?????@_G??????M@???????XC???????Fw,4,5
104,~?@gsP@@?OC?O`?@?@_?O?A??W??_??_G?O??C??@_??C???G???G???K???A????O???@????A????A?G??B?????_????C?G???O????@_????@_?????_?????G?G???@??????K??????W??????O??????G?C????A???????O?G????@???????B???????A???????@????????O???????A????????K????????O????????O????????G?C??????A?????????O????????@??_??????B?????????A?????????@??_???????O?G???????E??????????W??????????o??????????_??????????O?C????????C?@????????@_??????????B???????????E???????????A???????????@??_?????????O???????????@????????????C????????????G????????????G?G??????????C?????????????_????????????C?????????????O?_???????????_?????????????_@????????????W?????????????E??????????????o?????????????B??????????????B??????????????B??????????????@_??????????????K???????????????o??????????????@???????????????A???????????????A@??????????????@?_??????????????OG??????????????A????????????????GC???????????????WG???????????????W????????????????@c,u|eMID@WH?e@E@A?`_GG@@_CB?GA?GB?C?_@?K?G?o?_@?@?B?@?@_?_?W?G?A?@??[?C??O?G??w?G??K?C??A?@???o?G??B??_??C?@???M?@???B??_???_?G???M?@????[?C????O?G????w?G????G?K????F_@?????G?W????@_?_????B_@?????@?@?????@w?_?????C?W?????@w@??????@SK???????]g,4,5
104,~?@gsP@@?OE?O?_@_?_?G?B??G??O??O??W??C???_??A???K???G???C???@????W???@_???A????A?G??@?????o????E?????O?????_@????_?????o?????K?????@??????C??????G?G????G??????E??????@???????G???????_??????@???????@_???????_???????G???????@????????C?C??????W????????K????????C????????@?@???????G?G??????@_????????B?????????B?????????@??????????O?G???????A?@????????W??????????o??????????O??????????G??????????A?@?????????O???????????_??????????@???????????@????????????_?_?????????G????????????_???????????A????????????C????????????C?G??????????E?????????????o????????????E?????????????W?????????????o?????????????W?????????????K?????????????B??????????????W??????????????_?????????????@_??????????????_??????????????O??????????????C???????????????_G?????????????A?_?????????????C???????????????C@??????????????A?_?????????????@o???????????????E????????????????W????????????????K????????????????A_????????????????[,u|fIID`GH_a@E@A?`_GK@?_CB?GA?GB?C?o@?C?G?o?_@_@?@?@?@o?_?G?G?B_@??E?C??G?G??W?G??K?C??A?@???w?G??@_?_??A?@???E?@???B_?_???O?G???F?@????G?K????{?G????G?W????K?C????B_@?????G?G????@w?_?????_B?????@_@??????w?_?????DOG??????E@???????\C???????Fw,4,4
104,~?@gsP@@?OE?O?_@_?_?G?B??G??O??O??W??C???_??A???K???G???C???@????W???@_???A????A?G??@?????o????E?????O?????_?????_@????o?????K?????@??????C??????G?G????G??????E??????@???????G???????_??????@???????B????????_???????G???????@?@??????C????????W????????K????????C????????@?@???????G?G??????@_????????B?????????B?????????@??????????O?????????A?@????????W??????????W??????????O??????????G??????????A?@?????????O???????????_??????????@???????????@????????????_?_?????????G???????????B????????????C????????????G????????????G?G??????????C????????????B?????????????K?????????????o????????????@_????????????@_?????????????W?????????????C??????????????o?????????????B??????????????B??????????????A??????????????@_??????????????G??????????????@???????????????C?_?????????????G@??????????????G@??????????????K???????????????@_???????????????C????????????????w????????????????o????????????????Cg???????????????B_,u|fIID`GH_a@E@A?`_GK@?_CB?GA?GB?C?o@?C?G?o?_@_@?@?@?@o?_?G?G?B_@??E?C??G?G??W?G??K?C??A?@???o?G??B_?_??A?@???F?@???@_?_???O?G???F?@????G?K????{?G????G?W????K?C????B_@?????G?G????@_?_????B_@?????@?B?????@o?_?????K?W?????@S@???????{C???????Yw,4,5
104,~?@gsP@@?OE?O?_@_?_?G?B??G??O??O??W??C???_??A???K???G???C???@????W???@_???A????A?G??@?????o????E?????O?????_@????_?????o?????K?????@??????C??????G?G????G??????E??????@???????G???????_??????@???????@_???????_???????G???????@????????C?C??????W????????K????????C????????@?@???????G?G??????@_????????B?????????B?????????@??????????O?G???????A?@????????W??????????o??????????O??????????G??????????A?@?????????O???????????_??????????@???????????@????????????_?_?????????G????????????_???????????A????????????C?G??????????C?G??????????E?????????????o????????????E?????????????W?????????????o?????????????W?????????????K?????????????B??????????????C??????????????O??????????????_G?????????????_??????????????O??????????????C@??????????????_G?????????????A???????????????E???????????????E???????????????@_???????????????W????????????????o???????????????B????????????????B????????????????@_????????????????[,u|fIID`GH_a@E@A?`_GK@?_CB?GA?GB?C?o@?C?G?o?_@_@?@?@?@o?_?G?G?B_@??E?C??G?G??W?G??K?C??A?@???w?G??@_?_??A?@???E?@???B_?_???O?G???F?@????G?C????{?G????G?W????K?C????B_@?????G?G????@w?_?????_B?????@w@??????G@_?????F?G??????SB???????{C???????TW,4,5
104,~?@gsP@@?OE?O?_@_?_?G?B??G??O??O??W??C???_??A???K???G???C???@????W???@_???A????A????@?C???o????E?????O?????_@????_?????o?????K?????@??????C??????G?G????G??????K??????@???????G???????_??????@???????@_???????_???????G???????@????????C?C??????W????????K????????C????????@?????????G?G??????@_????????B?????????B?????????@??????????O?G???????A?@????????W??????????o??????????O??????????G??????????A?@?????????O??????????B???????????A???????????A???????????@??_?????????O???????????A????????????C????????????G????????????G?G??????????C?C??????????B?????????????K?????????????_????????????@_????????????@_?????????????W?????????????E??????????????o?????????????B??????????????@??????????????@_??????????????O??????????????K???????????????_??????????????A?_?????????????C???????????????C@??????????????B????????????????w???????????????A????????????????K????????????????K????????????????E_????????????????w,u|fIID`GH_a@E@A?`_GK@?_CB?GA?GB?C?o@?C?G?o?_@_@?@?@?@o?_?G?G?B?@??M?C??G?G??W?G??K?C??A?@???w?G??@_?_??A?@???E?@???B_?_???O?G???F?@????G?K????o?G????w?G????G?K????F?@?????W?G????@??_????F_@?????@?B?????@w?_?????D?W??????Y@???????[C???????Yw,4,5
104,~?@gsP@@?OE?O?_@_?_?G?B??G??O??O??W??C???_??A???K???G???C???@?G??W???@_???A????A????@?C???o????E?????O?????_@????_?????o?????C??????_?????A?C????C??????K??????A???????_??????C???????O???????o???????_???????O???????C?G?????@_???????B????????C????????C????????A?C??????@_????????K?????????o????????@?????????@?@????????_?_???????W?????????@??????????C??????????G?G????????G??????????K??????????@???????????G???????????_?_????????@???????????@????????????O???????????C????????????_@??????????E????????????E????????????C????????????B?????????????o????????????B?????????????K?????????????W?????????????W?????????????C?????????????@??????????????G@?????????????_C????????????B??????????????@???????????????_C?????????????G??????????????@?G?????????????E???????????????K???????????????A???????????????@_???????????????K????????????????o???????????????@_???????????????B????????????????@G????????????????s,u|fIID`GH_a@E@A?`_GK@?_CB?GA?GB?C?o@?C?G?w?_?_@?@o@??O?_?K?G?@o@??A?C??K?G??K?G??C?C??B_@???K?G???_?_??B_@???@?@???@o?_???G?G???B?@????M?C????G?W????[?G????E?C????@?@?????]?G?????O@_????@o@??????_B??????w?_?????E_G??????M@???????Yc???????Bw,4,4
104,~?@gsP@@?OE?O?_@_?_?G?B??G??O??O??W??C???_??A???K???G???C???@?G??W???@_???A????A?G??@?????o????E?????O?????_?????_?????o?????C??????_?????A?C????C??????E??????A???????_@?????C???????O?_????@_??????@_???????_???????G???????@?@??????K????????K????????G????????C?C??????@?????????K?????????O?????????_?????????_?????????O?????????K??????????_?????????A??????????C?G????????C??????????B???????????_??????????C?G?????????O?_????????@_??????????@_???????????o???????????G???????????@_???????????E????????????E????????????C????????????A?C???????????_????????????A?????????????G?_???????????O?????????????O?????????????G?_???????????E??????????????O?????????????@?C????????????A??????????????B??????????????@_??????????????K??????????????@_??????????????A???????????????E???????????????B???????????????@????????????????OG??????????????A@???????????????GC???????????????OG???????????????QG???????????????[?,u|fIID`GH_a@E@A?`_GK@?_CB?GA?GB?C?o@?C?G?w?_?_@?@o@??O?_?M?G??o@??B?C??E?G??E?G??B?C???o@???C?G???w?_???_B???@o@????O?_???M?G????o@????B?C????E?G????E?G????B?C?????o@?????D?G?????M?_?????GB??????[@??????E?_?????@oG??????E@???????\C???????Fw,4,4
104,~?@gsP@@?PC?O`?@?@_?O?A??G??O??O??G??E???_??A???C???K???C???@?G??W???@????A?G??E????A?????_@???C?????o????@_????@??????_?_???G?????@??????C??????G?G????G??????C?C????@???????K???????_??????@???????@?@??????_???????K???????@????????C?C??????W????????G????????C?C??????@_????????G?????????_?_??????@?????????B??????????o?????????G?????????@?@????????C??????????G??????????G??????????C?C????????@???????????G?G?????????_??????????@_??????????@????????????_???????????G?G?????????@????????????E????????????G????????????G?G??????????K????????????@_????????????E?????????????O?????????????_@????????????_@????????????o?????????????E??????????????_?????????????A?C????????????C?G????????????C??????????????A?C?????????????_@?????????????C?G?????????????O???????????????O???????????????W???????????????C????????????????_???????????????C@???????????????EC???????????????K????????????????M????????????????BG,u|eMID@WH_a@E@A?`_GG@@_CB?GA?GB?C?_@?K?G?o?_@_@?@?@?@o?_?G?G?B_@??C?C??[?G??K?G??C?C??B_@???G?G??@o?_??@_@???@_@????_?_???[?G???@o@????A?C????M?G????E?G????A?C????@o@?????C?W?????w?_?????o@??????o@??????]?_?????@?W??????]@???????SK???????]g,4,5
104,~?@gsP@@?OE?O?_@_?_?G?B??G??O??O??W??C???_??A?_?K???G???C?_?@????W???@_???A????A?G??@?????o????A?????G?????O?????W?????G?????A??????O@????@??????B??????A??????@???????O@?????E???????W???????_???????_@??????O???????K????????o???????A????????C?G??????C????????E?????????_????????C?????????O?????????_?????????o?????????O?????????C?G????????_@????????A??????????E??????????C??????????A???????????_@?????????K???????????o??????????@_??????????@????????????_?_?????????G????????????o???????????A????????????C?G??????????C?G??????????E?????????????_????????????C?????????????O?_???????????_?????????????_?????????????W?????????????E??????????????O??????????????_?????????????@_?????????????@_??????????????W??????????????E???????????????o??????????????@_??????????????B???????????????B????????????????_???????????????GG??????????????@@???????????????E????????????????C????????????????EG????????????????w,u|fIID`GH_a@E@A?`_GK@?_CB?GB?G@_C?W@?B?G?G?_?w@??O@??[?_?B?G??O@??B?C??E?G??E?G??B?C???o@???E?G???[?_???O@????w@????K?_???A?G????o@????B?C????E?G????E?G????B?C?????o@?????F?G?????G?_?????{@??????GB??????M?_?????@oG??????E@???????]C???????Jw,4,5
104,~?@gsP@@?OE?O?_@_?_?G?B??G??O??O??W??C???_??A???K???G???C?_?@????W???@_???A????A?G??@?????o????E?????O?????_?????_?????W?????C??????_?????A?C????C??????E??????A???????_??????C?G?????O??????@_??????@_???????_???????G?G?????@????????K????????K????????G????????C?C??????@?????????W?????????o????????@?????????@??????????_?_???????G?????????@_?????????C??????????G?G????????G?G????????C??????????@_??????????G???????????_??????????@?@?????????@???????????@_???????????K???????????@????????????C?C??????????G????????????E????????????A?????????????_@???????????C?G???????????o?????????????o?????????????_?????????????O?????????????C?G????????????_?????????????B??????????????E??????????????A???????????????_??????????????K???????????????_??????????????E???????????????E???????????????E???????????????@_???????????????W???????????????B_???????????????CG???????????????K????????????????E?????????????????[,u|fIID`GH_a@E@A?`_GK@?_CB?GA?GB?C?o@?E?G?W?_?_@?@o@??O?_?M?G??o@??A?C??M?G??C?G??E?C??@_@???K?G???o?_??@_@???@o@????O?_???M?G????o@????A?C????M?G????C?W????E?C????@o@?????E?G?????W?_?????w@??????O@??????]?_?????@OW??????ED???????[C???????]W,4,5
104,~?@gsP@@?OE?O?_@_?_?G?B??G??O??O??W??C???_??A???K???G???C???@?G??W???@_???A????A?G??@?????o????E?????O?????_?????_?????o?????C??????_?????A??????C??????E??????A???????_??????C?G?????O??????@_??????@_???????_???????G???????@?@??????K????????W????????W????????G????????A?@???????O????????B?????????B?????????A?????????@??_???????O?????????A??????????W??????????O??????????O?G????????G??????????A?@?????????O??????????@_??????????A???????????A???????????@??_?????????O???????????B????????????K????????????O????????????O?G??????????G?C??????????B?????????????K?????????????o?????????????_????????????@_?????????????W?????????????C??????????????_@????????????A?C????????????C??????????????A??????????????@?C?????????????O@?????????????B???????????????G???????????????W???????????????G???????????????B????????????????o???????????????@_???????????????A????????????????M????????????????EO???????????????@o,u|fIID`GH_a@E@A?`_GK@?_CB?GA?GB?C?o@?C?G?w?_?_@?@_@??o?_?G?G?B_@??E?C??G?G??[?G??C?C??B?@???W?G??@_?_??A?@???F?@???@_?_???[?G???@?@????M?C????K?W????G?G????M?C????@?B?????[?G?????o?_????@_@?????@o@??????[?_?????AoG??????D@???????NC???????Fw,4,4
104,~?@gsP@@?OE?O?_@_?_?G?B??G??O??O??W??C???_??A???K???G???C???@?G??W???@_???A????A????@?????o????E?????O?????_?????_?????o?????C??????_?????A?C????C??????K??????E??????@???????G???????_?_????@???????B???????@_???????O???????A????????G?C??????o????????W????????G????????A?????????O?G??????@?????????E?????????B?????????@??????????O?G???????A??????????G??????????o??????????O??????????G?C????????A?@?????????O??????????B???????????B???????????A???????????@??_?????????O?G?????????A????????????K????????????W????????????O????????????G?C??????????A?@???????????K?????????????_????????????@?????????????@?@????????????_?????????????E??????????????_?????????????A?C????????????C?G????????????C??????????????@_??????????????G??????????????B???????????????E???????????????K???????????????C???????????????@_???????????????[???????????????@????????????????E????????????????E????????????????E_????????????????w,u|fIID`GH_a@E@A?`_GK@?_CB?GA?GB?C?o@?C?G?w?_?_@?@o@??O?_?K?G?@_@??E?C??G?G??[?G??C?C??B?@???W?G??@_?_??A?@???F?@???@o?_???G?G???B?@????M?C????K?G????M?G????A?C????@o@?????E?G?????W?_?????{@??????GB??????K?_?????B_G??????MB???????Os??????@yG,4,5
104,~?@gsP@@?OE?O?_@_?_?G?B??G??O??O??W??C???_??A???K???G???C???@?G??W???@_???A????A?G??@?????o????E?????O?????_?????_?????o?????C??????_?????A?C????C??????E??????A???????_??????C?G?????O??????@_??????@_???????_???????G???????@?@??????K????????K????????G????????C?C??????@?????????W?????????o????????@?????????@?@????????_?????????G?????????B??????????C??????????G?G????????G?G????????C??????????@_??????????G???????????_??????????@?@?????????@????????????o???????????K???????????@????????????C????????????G?G??????????E????????????A?????????????_@???????????C?????????????o?????????????o?????????????_?????????????O?_???????????C?G????????????_?????????????E??????????????E??????????????A??????????????@_??????????????O??????????????B???????????????C???????????????E???????????????C???????????????A?_??????????????oG??????????????E????????????????G????????????????w????????????????WO???????????????Co,u|fIID`GH_a@E@A?`_GK@?_CB?GA?GB?C?o@?C?G?w?_?_@?@o@??O?_?M?G??o@??A?C??M?G??C?G??E?C??@_@???K?G???_?_??B_@???@o@????O?_???M?G????o@????A?C????M?G????C?W????F?C?????o@?????E?G?????O?_????@w@??????OB??????[?_?????B?W??????S@???????{C???????Yw,4,2
104,~?@gsP@@?OE?O?_@_?_?G?B??G??O??O??W??C???_??A???K???G???C???@?G??W???@_???A????A?G??@?????o????E?????O?????_?????_?????o?????C??????_?????A?C????C??????E??????A???????_??????C?G?????O??????@_??????@_???????_???????G???????@?@??????K????????K????????G????????C?C??????@?????????W?????????o????????@?????????@?@????????_?????????G?????????B??????????C??????????G??????????G?G????????C??????????@_??????????G???????????_??????????@?@?????????@????????????o???????????K???????????@????????????C?C??????????G?G??????????W????????????E????????????@?????????????G?G???????????_????????????B?????????????@_?????????????_?????????????G?G???????????@?@????????????C??????????????C??????????????E??????????????@???????????????W??????????????A???????????????K???????????????G???????????????E???????????????B????????????????w???????????????B????????????????C????????????????[????????????????KO???????????????Ao,u|fIID`GH_a@E@A?`_GK@?_CB?GA?GB?C?o@?C?G?w?_?_@?@o@??O?_?M?G??o@??A?C??M?G??C?G??E?C??@_@???K?G???_?_??B_@???@?@???@o?_???G?W???B_@????E?C????G?G????[?G????C?K????B_@?????K?G?????o?_????@o@??????g@??????M?_?????@_W??????I@???????]C???????Mw,4,5
104,~?@gsP@@?OE?O?_@_?_?G?B??G??O??O??W??C???_??A???K???G???C???@?G??W???@_???A????A?G??@?????o????E?????O?????_?????_?????o?????C??????_?????A?C????C??????E??????A???????_??????C?G?????O??????@_??????@_???????_???????G???????@?@??????K????????K????????G????????C?C??????@?????????W?????????o????????@?????????@?@????????_?????????G?????????B??????????C??????????G??????????G?G????????C??????????@_??????????G???????????_??????????@?@?????????@????????????o???????????K???????????@????????????C?C??????????G?G??????????W????????????E????????????@?????????????G?G???????????_?_??????????B?????????????@_?????????????_?????????????G?G???????????@?@????????????C??????????????C??????????????C?G????????????A?C?????????????_??????????????A???????????????K???????????????G???????????????E???????????????B????????????????K???????????????@_???????????????F????????????????E????????????????B?????????????????k,u|fIID`GH_a@E@A?`_GK@?_CB?GA?GB?C?o@?C?G?w?_?_@?@o@??O?_?M?G??o@??A?C??M?G??C?G??E?C??@_@???K?G???_?_??B_@???@?@???@o?_???G?G???B_@????E?C????G?G????[?G????C?K????B_@?????K?G?????o?_????@o@??????w@??????G?_?????F_G??????IB???????]C???????NW,4,4
104,~?@gsP@@?OC?O`?@@@_?O?A??W??_??_G?O??C???_??A???C???K???C???@????G????_???@?G??B????@?????O@???E?????W?????_?????_?????O?????K?????@_?????C??????G?G????G??????C?C????@???????G???????_??????@?@?????@???????@_???????W???????A????????G????????O????????O?G??????G????????A?@???????W????????@_????????B?????????@_?????????_?????????G?????????@?@????????C??????????W??????????W??????????C??????????@?@?????????G???????????_?_????????@???????????@????????????_?_?????????G?G?????????B????????????E????????????G????????????G????????????C?C??????????@?@???????????G?????????????_?_??????????@_????????????@_?????????????G?????????????A??????????????O@????????????@?C????????????E??????????????@???????????????_C?????????????G??????????????@?G?????????????E???????????????K???????????????A???????????????@_???????????????G???????????????@@???????????????E????????????????E????????????????F?????????????????w,u|eMID@WH?e@E@A?`_GG@@oC@?GB?G@?C?o@?E?G?O?_@_@?@_@??o?_?G?G?B_@??C?C??[?G??G?W??M?C??@?@???W?G??@_?_??B?@???A?@???B??_???w?G???B?@????G?C????w?G????S?G????F?C?????o@?????F?G?????K?_?????O@??????{@??????E@_?????@?g??????[@???????wK???????{g,4,5
104,~?@gsP@@?OC?O`?@@@_?O?A@?W??_??_??O??C???_??A???C???C???A????_???K????_???@?G??B????@?????O@???E?????W?????_?????_@????o?????K?????@??????C??????G?G????G??????C?C????@???????G???????_??????@???????@????????_???????G?G?????@????????C????????W????????G????????C?C??????@_????????G?????????_?_??????B?????????B?????????@_?????????O?????????A?@????????K??????????W??????????O??????????G??????????A?@?????????O??????????@??_????????A?@?????????A???????????@????????????O?G?????????A????????????G?C??????????O????????????O?G??????????G????????????A?@???????????o????????????@?????????????A?@???????????@??????????????_?_???????????W?????????????@_?????????????A??????????????C?G????????????E??????????????@???????????????W??????????????@_??????????????A???????????????C@??????????????C@??????????????A?_??????????????o???????????????A@???????????????W????????????????OG???????????????OG???????????????Ac,u|eMID@WH?e@C@E?`?GW@@?CF?GA?GB?C?_@?M?G?O?_@_@?@_@??_?_?[?G?@?@??M?C??G?G??[?G??C?C??B?@???W?G??@??_??F?@???B?@???@_?_???W?G???A?@????[?C????O?W????w?G????M?C????@?@?????[?G?????o?_????@o@??????o@??????[?_?????A_G??????N@???????MK???????Ng,4,5
104,~?@gsP@@?OC?O`?@@@_?O?A@?W??_??_G?O??C???_??A???C???C???A????_???C????OC??@_???@?????_C???W????B?????G?????O@????o?????W?????C??????_@????A??????C?G????C??????A???????_??????C???????O???????_???????_@??????O???????C????????_???????A?C??????E????????C????????A?C??????@_????????K?????????o????????@?????????@?@????????o?????????K?????????@??????????C?C????????G??????????G?G????????C?C????????@???????????G???????????_?_????????@???????????@????????????_???????????G?G?????????@????????????C?C??????????G????????????G?G??????????A?????????????_@???????????K?????????????W?????????????o?????????????_?????????????O?_???????????E??????????????O?????????????@?C????????????B??????????????@???????????????_C?????????????G@?????????????@???????????????C?_?????????????K???????????????C@??????????????A????????????????_G??????????????C@???????????????K????????????????I????????????????AG????????????????s,u|eMID@WH?e@E@A?`_GG@@oC@?GB?G@?C?w@?A?G?W?_?o@??o@??O?_?M?G??_@??F?C??C?G??K?G??E?C??@?@???[?G???o?_??@_@???@_@????o?_???G?G???B_@????F?C????C?G????M?G????B?C?????_@?????M?G?????W?_?????w@??????W@??????G?_?????F_G??????MB???????Ws???????}G,0,0
104,~?@gsP@@?OC?O`?@@@_?O?A??W??_??_??O??C???_??A???C@??K???C???@????G@??@_???A????A?G??B?????_????C?G???o?????_?????_?????O?????K??????_?????A??????C??????C??????A???????_??????C???????O???????_@?????@_???????o???????G???????@????????C?C??????W????????W????????K????????B?????????W????????@?????????A?@???????E?????????@??????????O?????????A?@????????G??????????o??????????O??????????G??????????A?@?????????O??????????@???????????A???????????A?@?????????@????????????W???????????B????????????E????????????G????????????G?G??????????C?C??????????B?????????????K?????????????o????????????@_?????????????_?????????????O?_???????????K??????????????_?????????????A?C????????????C??????????????A??????????????@?C?????????????O@?????????????A???????????????G?_?????????????O@??????????????O???????????????K?_?????????????@_???????????????K????????????????K????????????????C????????????????DG????????????????w,u|eMID@WH?e@C@E?`?GW@@?CF?GA?GB?C?o@?E?G?O?_@o@??_@??o?_?K?G?@_@??E?C??G?G??[?G??C?C??B?@???W?G??@_?_??B?@???A?@???B_?_???O?G???F?@????K?C????W?G????W?G????M?C????@?@?????[?G?????w?_?????o@??????w@??????M?_?????@oG??????F@???????NC???????Fw,4,4
104,~?@gsP@@?OC?O`?@?@_?O?A??W??_??_??O??C@?@_??C???G@??G???K???A????O@??@????E????C????A?C???_????C?????O?????o?????_?????O?????C??????o?????A??????C??????C?G????A???????_@?????K???????o??????@???????@?@??????_???????W???????B????????G????????O?G??????O????????W????????A?????????O?G??????@?????????A?????????A?????????@??_???????W?????????A??????????G??????????O?G????????O??????????K??????????A???????????O?G????????@??_????????A???????????A?@?????????B????????????o???????????A????????????G?C??????????O?G??????????o????????????K????????????B?????????????G?????????????O?????????????_@????????????_?????????????O?_???????????C??????????????_@????????????@??????????????A??????????????A?G????????????@_??????????????W??????????????@???????????????C?_?????????????K???????????????E???????????????B????????????????W???????????????@_???????????????A????????????????EG???????????????AO???????????????@c,u|eMID@WH?e@C@E?`?GW@@_CB?GB?G@?C?o@?E?G?W?_?o@??_@??w?_?C?G?@_@??E?C??K?G??K?G??E?C??@?@???W?G??@_?_??B?@???B?@???@_?_???[?G???@?@????K?C????W?G????W?G????M?C????@_@?????K?G?????w?_?????w@??????[@??????E?_?????@oG??????F@???????K[???????^G,4,4
104,~?@gsP@@?OC?O`?@?@_?O?A??W??_??_??O??C??@_??C???G???G@??K???A????O@??@????E????C????A?C??@_????G?????_????@?@???B??????_?????G?????@??????E??????G??????G??????C?C????@???????G?G?????_??????B???????@????????_???????G?G?????B????????K????????O????????O?G??????G????????E?????????O????????@??_??????B?????????A?????????@??????????O?G???????E??????????G??????????O??????????O?G????????G??????????B???????????O??????????@??_????????A?@?????????A???????????@??_?????????O?G?????????E????????????G????????????O????????????O?G??????????W????????????B?????????????W?????????????_?????????????_?????????????_@????????????G?????????????B??????????????W??????????????_?????????????@??????????????@?G?????????????o??????????????K???????????????o??????????????B???????????????B???????????????B????????????????o???????????????C????????????????`???????????????B????????????????A????????????????BG????????????????w,u|eMID@WH?e@C@E?`?GW@@?CE?GE?GA?C@_@?K?G?o?_@_@?@_@??_?_?[?G?@?@??M?C??G?G??W?G??M?C??@?@???W?G??@_?_??B?@???B?@???@_?_???W?G???B_@????C?C????[?G????K?G????F?C?????_B?????K?G?????o?_????@o@??????w@??????M?_?????@?G??????\@???????MK???????Ng,3,2
104,~?@gsP@@?OC?O`?@?@_?O?A@?W??_??_??O??C??@_??C???G@??G???C???@????G???@_???A????A?G??B?????_????C?????O?????o?????_?????O?_???K?????@_?????C??????G??????G?G????C??????@?@?????G??????@_??????B???????A???????@??_?????O?G?????A????????G????????O????????O????????W????????A?????????O?G??????@_????????A?????????A?????????@??????????O?????????@??????????C?C????????W??????????W??????????K??????????A???????????O?G????????@??_????????A???????????A?@?????????@??_?????????o???????????E????????????W????????????o????????????O????????????G?C??????????A?????????????O?G??????????@?????????????@?????????????@?@????????????O?????????????C??????????????_@????????????A??????????????C?G????????????C?G????????????B???????????????W??????????????B???????????????E???????????????K???????????????E????????????????_???????????????GG??????????????@@???????????????E????????????????C????????????????EG????????????????w,u|eMID@WH?e@C@E?`?GW@@?CE?GE?GB?C?_@?M?G?O?_@_@?@_@??_?_?[?G?@?@??M?C??G?G??W?G??K?C??B?@???W?G??@o?_??@?@???B?@???@_?_???W?G???B_@????C?C????[?G????K?G????E?C????@_@?????K?G?????w?_?????o@??????w@??????M?_?????@oG??????F@???????NC???????Fw,0,0
104,~?@gsP@@?OC?O`?@@@_?O?A??W??_??_??O??C???_??A???C@??K???C???@????G@??@_???B????B????@?????O@???E?????G?????O?????O?????W?????A??????O?????@??????A??????A??????@???????O??????A?G?????W???????o???????_???????O???????C?G?????@_???????E????????K????????K????????C????????@?@???????W?????????_????????@?????????@??????????_?????????W?????????@??????????C??????????G?G????????G??????????C??????????@?@?????????G???????????o??????????@_??????????@_???????????o???????????G???????????@?@??????????C?C??????????W????????????K????????????E?????????????_????????????C?G???????????o?????????????_?????????????_?????????????O?_???????????C??????????????O?????????????@?C????????????A?G????????????A??????????????@?C?????????????O??????????????B?G?????????????K???????????????K???????????????K???????????????@_???????????????G???????????????@@???????????????AC???????????????CG???????????????E????????????????@K,u|eMID@WH?e@C@E?`_GG@@oC@?GB?G@_C?W@?A?G?[?_?O@??o@??W?_?E?G??_@??F?C??C?G??K?G??E?C??@_@???K?G???_?_??B_@???@?@???@o?_???K?G???@_@????F?C????C?G????M?G????B?C?????o@?????E?G?????[?_?????[@??????K@??????F?_??????wG??????B`???????Fc???????Bw,4,4
104,~?@gsP@@?OC?O`?@@@_?O?A??W??_??_??O??C???_??A???C???K???C???@????G@??@_???B????B????@?????O@???E?????W?????_?????_@????O?????K??????_?????A??????C??????C??????A???????_??????C???????O???????_???????o???????O???????C????????_@??????E????????K????????K????????E????????@?????????G?G??????@_????????B?????????B?????????@??????????O?G???????A?@????????W??????????O??????????O??????????G?C????????A???????????O??????????@??_????????A???????????A???????????@??_?????????O???????????A?@??????????C????????????G????????????G?G??????????K????????????@_????????????K?????????????O?????????????_@???????????@_?????????????W?????????????B??????????????W??????????????_?????????????@?G????????????@?G?????????????_??????????????G@?????????????@???????????????C?_?????????????G@??????????????G@??????????????C???????????????@?G??????????????E????????????????G????????????????OG???????????????EG???????????????@o,u|eMID@WH?e@C@E?`_GG@@oC@?GB?G@?C?o@?E?G?O?_@o@??_@??o?_?K?G?@_@??C?C??[?G??G?G??K?C??B?@???O?G??B_?_??B?@???A?@???B_?_???O?G???F?@????K?C????W?G????[?G????C?C????B_@?????K?G?????{?_?????OB??????w@??????M?_?????@_G??????M@???????\C???????Fw,4,4
104,~?@gsP@@?OC?O`?@@@_?O?A??W??_??_??O??C???_??A???C???K???C???@?G??G???@_???A????A?G??B?????_????C?G???o????@_????@??????_?_???G?????@_?????C??????G??????G?G????C??????@???????G?G?????_??????@???????@????????_???????K???????@????????C?C??????G????????W????????C????????@?@???????W?????????_????????@?@???????B?????????@_?????????W?????????A??????????G?C????????O?G????????W??????????G??????????A?@?????????O?G????????@???????????A???????????A?@?????????@????????????O?G?????????A????????????G????????????O?G??????????G????????????C?C??????????@?????????????C?????????????O?_??????????@_?????????????_?????????????O?_???????????E??????????????o?????????????@_?????????????@_?????????????@_??????????????O??????????????E???????????????O??????????????@?_?????????????A???????????????A@??????????????@?_??????????????W???????????????B????????????????CC???????????????K????????????????B?????????????????[,u|eMID@WH?e@C@E?`?GW@@?CF?GA?GB?C?_@?K?G?o?_@_@?@_@??_?_?[?G?@?@??K?C??W?G??[?G??C?C??B?@???W?G??@??_??F?@???B?@???@_?_???W?G???B_@????C?C????W?G????W?G????M?C????@_@?????K?G?????o?_????@w@??????WB??????M?_?????@_G??????N@???????KK???????Zg,4,5
104,~?@gsP@@?OC?O`?@?@_?O?A??W??_??_??O??C??@_??C???G???G???K???A????O@??@????E????C????A?C??@_????G?????_????@?@???B?????@_?????O?????A?@????G??????W??????O??????G??????A?@?????O??????@??_????A???????E???????@????????O???????A????????G????????W????????O????????G?C??????A?????????o????????@?????????A?@???????B?????????@??????????O?????????A?@????????W??????????o??????????o??????????O??????????C?@?????????_?G????????B???????????C???????????C?@?????????A??_?????????_???????????C?@??????????O?C?????????@_????????????_????????????O????????????C?@???????????_????????????A??_??????????A?????????????A?@???????????@??????????????G?????????????@?@????????????A??????????????E??????????????E??????????????@_??????????????K???????????????o??????????????B???????????????B???????????????B????????????????_???????????????GG??????????????@@???????????????CC???????????????K????????????????E?????????????????[,u|eMID@WH?e@C@E?`?GW@@?CE?GE?GA?C@_@?G?G@_?_B?@?B?@?@_?_?O?G?F?@??G?C??w?G??O?G??W?C??F?@???O?G??B??_??E?@???C?@???F??_???o?G???E?@????W?C????w?G????O?G????[?C????B?@?????[?G?????_@_????B_@?????@_@??????{?_?????B?W??????[@???????yC???????Mw,4,5
104,~?@gsP@@?OC?O`?@?@_?O?A??W??_??_??O??C??@_??C???G@??G???K???A????O@??@????E????C????A?C??@_????G?????_????@?????@_?????_?????G?G???@??????E??????G??????G??????C?C????@???????G?G?????_??????B???????B???????@????????O?G?????A????????K????????O????????O?G??????G????????E?????????O????????@??_??????B?????????A?????????@??????????O?????????A??????????K??????????O??????????O?G????????G?C????????B???????????O??????????@??_????????A?@?????????A???????????@??_?????????O?G?????????E????????????W????????????o????????????o????????????G????????????@?????????????G?G???????????_?????????????_?????????????_@????????????G?????????????A??????????????O?????????????@?C????????????B??????????????B???????????????o??????????????K???????????????o??????????????B???????????????E???????????????B????????????????_???????????????GG??????????????@_???????????????A????????????????CG???????????????EG???????????????@o,u|eMID@WH?e@C@E?`?GW@@?CE?GE?GB?C?_@?K?G?o?_@_@?@_@??_?_?[?G?@?@??M?C??G?G??W?G??K?C??B?@???W?G??@??_??F?@???B?@???@_?_???W?G???B_@????C?C????[?G????K?G????E?C????@_@?????M?G?????O?_????@w@??????WB??????M?_?????@oG??????E@???????]C???????Jw,4,5
104,~?@gsP@@?OC?O`?@@@_?O?A??W??_??_??O??C???_??A???C???K???C???@?G??G???@_???A????A?G??B?????_????C?G???o????@_????@??????_?_???G?????@_?????C??????G??????G?G????C??????@?@?????G???????_??????@???????@????????_???????K???????@????????C?C??????G????????W????????C????????@?@???????K?????????_????????@?@???????B?????????@_?????????W?????????A??????????G?C????????O?G????????W??????????G??????????A?@?????????O?G????????@???????????A?@?????????A?@?????????@????????????O???????????A?@??????????G????????????O????????????G????????????C?C??????????@?????????????C?????????????O?_???????????O?????????????O@????????????W?????????????B??????????????W?????????????@_?????????????@_?????????????@_??????????????W??????????????A???????????????OG?????????????@?_?????????????A???????????????A@??????????????@?_??????????????O???????????????A@???????????????GC???????????????K????????????????B?????????????????[,u|eMID@WH?e@C@E?`?GW@@?CF?GA?GB?C?_@?K?G?o?_@_@?@_@??_?_?[?G?@?@??M?C??G?G??[?G??C?C??B?@???W?G??@??_??F?@???B?@???@_?_???W?G???B_@????C?C????[?G????M?G????A?C????@o@?????E?G?????O?_????@w@??????WB??????M?_?????@?G??????]@???????[K???????Zg,4,5
104,~?@gsP@@?OC?O`?@@@_?O?A??W??_??_??O??C???_??A???C???K???C???@?G??G???@_???A????A?G??B?????_????C?G???o????@_????@??????_?_???G?????@_?????C??????G??????G?G????C??????@?@?????G???????_??????@???????@????????_???????K???????@????????C?C??????G????????W????????C????????@?@???????K?????????_????????@?@???????B?????????@_?????????W?????????A??????????G?C????????O??????????W??????????G??????????A?@?????????O?G????????@???????????A?@?????????A?@?????????@????????????O???????????A?@??????????G????????????O?G??????????W????????????G????????????A?@???????????O?????????????_????????????@?@????????????_?????????????O?_???????????K??????????????o?????????????@??????????????A?G????????????A?G????????????@_??????????????W??????????????@_??????????????A???????????????C???????????????C@??????????????A?_??????????????O???????????????A@???????????????K????????????????GW???????????????W????????????????BC,u|eMID@WH?e@C@E?`?GW@@?CF?GA?GB?C?_@?K?G?o?_@_@?@_@??_?_?[?G?@?@??M?C??G?G??[?G??C?C??B?@???W?G??@??_??F?@???B?@???@_?_???W?G???B_@????C?C????[?G????M?G????A?C????@o@?????E?G?????[?_?????W@??????W@??????M?_?????@wG??????AF???????[C???????]W,4,4
104,~?@gsP@@?OC?O`?@@@_?O?A??W??_??_??O??C???_??A???C???K???C???@?G??G???@_???A????A?G??B?????_????C?G???o????@_????@??????_?_???G?????@_?????C??????G??????G?G????C??????@?@?????G???????_??????@???????@????????_???????K???????@????????C?C??????G????????W????????C????????@?@???????K?????????_????????@?@???????B?????????@_?????????W?????????A??????????G?C????????O??????????W??????????G??????????A?@?????????O?G????????@???????????A?@?????????A?@?????????@????????????O???????????A?@??????????G????????????O?G??????????W????????????G????????????A?@???????????O?????????????_????????????@?@????????????_?????????????O?_???????????K??????????????o?????????????@??????????????A?G????????????A?G????????????@_??????????????W??????????????@_??????????????A???????????????C@??????????????C@??????????????A?_??????????????O???????????????A@???????????????GC???????????????OG???????????????OG???????????????BC,u|eMID@WH?e@C@E?`?GW@@?CF?GA?GB?C?_@?K?G?o?_@_@?@_@??_?_?[?G?@?@??M?C??G?G??[?G??C?C??B?@???W?G??@??_??F?@???B?@???@_?_???W?G???B_@????C?C????[?G????M?G????A?C????@o@?????E?G?????[?_?????W@??????W@??????M?_?????@?W??????]@???????[K???????]g,4,4
104,~?@gsP@@?OC?O`?@@@_?O?A??W??_??_??O??C???_??A???C???K???C???@?G??G???@_???A????A?G??B?????_????C?G???o????@_????@??????_?????G?????@_?????C??????G?G????G??????C??????@?@?????G???????_??????@???????@????????_?_?????W???????B????????G????????O?G??????O????????K????????A?????????O?G??????@_????????A?????????A?@???????B??????????o?????????A??????????G??????????O?G????????O??????????K??????????A???????????O?G????????@???????????A???????????A?@?????????@??_?????????O???????????A????????????G?C??????????O?G??????????o????????????K????????????B?????????????G?????????????o????????????@?????????????@?@????????????O?????????????C?G???????????@_?????????????@??????????????A??????????????A?G????????????@_??????????????W??????????????@???????????????E???????????????C???????????????E@??????????????B????????????????W???????????????@_???????????????E????????????????CG???????????????AG???????????????@c,u|eMID@WH?e@C@E?`?GW@@?CF?GA?GB?C?_@?K?G?o?_@_@?@_@??o?_?K?G?@?@??M?C??G?G??[?G??C?C??B?@???W?G??@_?_??B?@???B?@???@_?_???W?G???B?@????K?C????O?G????w?G????M?C????@?@?????[?G?????o?_????@o@??????w@??????M?_?????@_G??????N@???????MK???????Ng,3,2
104,~?@gsP@@?PC?O`?@@@_?O?A??G??O??O??G??A???O??@???E???C???A?_?@_???G????_C??B????A????@?C???o????E?????O?????_?????_?????O?????C?G????_?????A??????C?G????C??????A???????_??????C?G?????O??????@_??????@_???????_???????G?G?????@_???????C????????G?G??????K????????E????????@_????????E?????????O?????????_?????????_?????????O?????????C??????????_@????????A??????????C??????????C?G????????A???????????_??????????C?G?????????O?_????????@_??????????@_???????????o???????????G???????????@?@??????????E????????????G????????????G?G??????????E????????????@_????????????A?????????????G?????????????O?????????????O?????????????G?_???????????B??????????????G??????????????_?????????????@?G????????????@_??????????????o??????????????K??????????????@_??????????????A???????????????E@??????????????C???????????????A?_??????????????o???????????????A@???????????????G????????????????OG???????????????SG???????????????Ao,u|eMID@WH_a@E@A?`_GG@@oC@?GB?G@?C?o@?E?G?W?_?o@??o@??O?_?M?G??_@??F?C??C?W??M?G??A?C??@_@???K?G???o?_??@_@???@_@????o?_???G?G???B_@????D?C????F?G????B?G????@_C?????W@?????B?G?????M?_?????K@??????G@??????M?_?????@oG??????EF???????Wc???????}G,4,5
104,~?@gsP@@?PC?O`?@@@_?O?A??G??O??O??G??A???O??@???E???C???A?_?@_???G????_C??B????A????@?C???o????E?????O?????_?????_?????O?????C?G????_?????A??????C?G????C??????A???????_??????C???????O?_????@_??????@_???????_???????G?G?????@_???????C????????G?G??????K????????C????????@?@???????W????????@_????????@?????????@??????????_?????????G?????????@??????????C?C????????G??????????G??????????C?C????????@?@?????????G???????????_??????????@?@?????????@?@?????????@_???????????W???????????B????????????G????????????O?G??????????W????????????G????????????A?@???????????G?????????????_?_??????????B??????????????_?????????????O?????????????C?G????????????_?????????????A?C????????????E??????????????A??????????????@_??????????????G??????????????@_G?????????????E???????????????E???????????????A???????????????@__??????????????O???????????????A@???????????????GC???????????????GG???????????????GG???????????????DC,u|eMID@WH_a@E@A?`_GG@@oC@?GB?G@?C?o@?E?G?W?_?o@??o@??O?_?M?G??_@??F?C??C?G??K?G??E?C??@_@???K?G???o?_??@_@???@_@????o?_???G?G???B_@????F?C????C?G????M?G????B?C?????o@?????E?G?????W?_?????w@??????W@??????G?_?????F_G??????MB???????[S???????^G,4,5
104,~?@gsP@@?PC?O`?@@@_?O?A??G??O??O??G??A???O??@?_?E???C???A?_?@_???G????_C??B????A????@?C???o????A?????G?????O?????O?????G?_???A??????O?????@??????A?G????A??????@???????O@?????E???????W???????_???????_@??????W???????C????????_@??????E????????C????????C?G??????E?????????_????????C?????????O?????????_?????????_?????????O?_???????C??????????_?????????A??????????C?G????????C??????????A?C?????????_@?????????K???????????o??????????@_??????????@????????????_?_?????????K???????????@????????????C?C??????????W????????????G????????????C?C???????????_????????????C?????????????O?????????????_?????????????_@????????????W?????????????A??????????????O?????????????@_?????????????@_?????????????@_??????????????o??????????????K???????????????_??????????????B?_?????????????C???????????????C@??????????????E????????????????_G??????????????C@???????????????O????????????????_G???????????????gG???????????????Co,u|eMID@WH_a@E@A?`_GG@@oC@?GB?G@_C?W@?B?G?K?_?W@??O@??W?_?E?G??w@??@?C??E?G??E?G??B?C???o@???E?G???W?_???o@????_@????o?_???K?G???@o@????B?C????E?G????E?G????B?C?????o@?????F?G?????K?_?????O@??????o@??????]?_?????@_W??????KL???????pC??????@{G,4,5
104,~?@gsP@@?PC?O`?@@@_?O?A??G??O??O??G??A???O??@?_?E???C???A?_?@_???G????_C??B????A????@?C???o????A?????G?????O?????O?????G?_???A??????O?????@??????A??????A??????@???????O@?????E???????W???????_???????_@??????W???????C????????_@??????E????????K????????G????????C?C??????B?????????G?????????_????????@?????????@??????????_?????????G?G???????@??????????C??????????G?G????????G??????????C?C????????@???????????K???????????o??????????@_??????????@_???????????_???????????G?G?????????@_???????????C????????????G?G??????????K????????????A?????????????_@???????????K?????????????O?????????????_?????????????_?????????????O?_???????????E??????????????O?????????????@??????????????A?G????????????A?G????????????@???????????????W@?????????????B???????????????K???????????????G???????????????K@??????????????E????????????????O???????????????A@???????????????CC???????????????GG???????????????GG???????????????BC,u|eMID@WH_a@E@A?`_GG@@oC@?GB?G@_C?W@?B?G?K?_?W@??O@??W?_?E?G??_@??F?C??C?G??K?G??E?C??@_@???K?G???o?_??@_@???@_@????_?_???[?G???@_@????F?C????C?G????M?G????B?C?????o@?????E?G?????[?_?????W@??????[@??????F?_??????wG??????B@???????NC???????Fw,4,5
104,~?@gsP@@?OC?O`?@@@_?O?A@?W??_??_G?O??C???_??A???C???C???A????_???C????OC??@_???@?????_C???W????B?????G?????O@????o?????W?????C??????_@????A??????C?G????C??????A???????_??????C???????O???????_???????_@??????O???????C????????_???????A?C??????E????????C????????A?C??????@_????????K?????????o????????@?????????@?@????????o?????????K?????????@??????????C?C????????G??????????G?G????????C??????????@???????????G???????????_?_????????@???????????@?@??????????_???????????G?G?????????@????????????C????????????G????????????G?G??????????E????????????@?????????????G?G??????????@_????????????@_?????????????_?????????????O?_???????????E??????????????o?????????????B??????????????B??????????????@???????????????_??????????????G@?????????????@?G?????????????C?_?????????????K???????????????C???????????????A????????????????oG??????????????C????????????????OC???????????????GG???????????????KG???????????????E_,u|eMID@WH?e@E@A?`_GG@@oC@?GB?G@?C?w@?A?G?W?_?o@??o@??O?_?M?G??_@??F?C??C?G??K?G??E?C??@?@???[?G???o?_??@_@???@_@????o?_???G?G???B_@????C?K????[?G????G?G????M?C????@_@?????M?G?????W?_?????o@??????w@??????I?_?????@oG??????F@???????NC???????Fw,4,5
104,~?@gsP@@?OC?O`?@@@_?O?A??W??_??_??O??C???_??A???C@??K???C???@????G@??@_???B????B????@?????O@???E?????G?????O?????O?????W?????A??????O?????@??????A??????A??????@???????O??????A?G?????W???????o???????_???????O???????C?G?????@_???????E????????K????????K????????C????????@?@???????W?????????_????????@?????????@?@????????_?????????W?????????@??????????C??????????G?G????????G??????????C??????????@???????????G???????????o??????????@_???????????o???????????O???????????C?G??????????_@??????????E????????????E????????????E????????????B?????????????_????????????C?G???????????o?????????????_?????????????_@????????????O?????????????A??????????????O?????????????@?C????????????A??????????????A?G????????????@???????????????O??????????????B?G?????????????E???????????????K???????????????K???????????????B????????????????W???????????????A????????????????IC???????????????CO???????????????E????????????????@K,u|eMID@WH?e@C@E?`_GG@@oC@?GB?G@_C?W@?A?G?[?_?O@??o@??W?_?E?G??_@??F?C??C?G??K?G??E?C??@_@???K?G???_?_??B_@???@?@???@o?_???K?G???@_@????C?C????[?G????G?G????M?C????@o@?????E?G?????[?_?????O@??????w@??????M@_?????@?g??????[@???????{C???????[w,4,5
104,~?@gsP@@?OC?O`?@@@_?O?A??W??_??_??O??C???_??A???C@??K???C???@????G???@_???A????A?G??B?????_????C?G???o?????_?????_?????O?????K?????@_?????C??????G??????G?G????C??????@?@?????G???????_??????@???????@?@?????@_???????W???????A????????G????????O?G??????O????????W????????A?????????O?G??????@_????????A?????????A?@???????B??????????O?????????A??????????G?C????????O??????????o??????????K??????????A???????????O?G????????@??_????????A???????????A?@?????????@????????????O???????????B????????????K????????????K????????????G????????????C?C??????????@?@???????????G?????????????O?????????????_@????????????o?????????????O?????????????C?G???????????@_?????????????A??????????????C?G????????????C??????????????@_??????????????W??????????????@_??????????????A???????????????C???????????????E@??????????????@_???????????????W???????????????@????????????????EC???????????????G????????????????IG???????????????@g,u|eMID@WH?e@C@E?`?GW@@?CF?GA?GB?C?o@?E?G?O?_@_@?@_@??_?_?[?G?@?@??M?C??G?G??[?G??C?C??B?@???W?G??@_?_??B?@???A?@???B_?_???W?G???B_@????C?C????[?G????G?W????M?C????@?@?????[?G?????w?_?????o@??????w@??????M?_?????@OG??????F@???????NC???????Fw,4,4
104,~?@gsP@@?OC?O`?@@@_?O?A??W??_??_??O??C???_??A???C@??K???C???@?G??G???@_???A????A?G??B?????_????C?G???o?????_?????_?????O?????E??????_?????A??????C?G????C??????A???????_??????C???????O???????_@?????@_???????o???????G???????@?@??????C????????W????????G????????C?C??????B?????????W????????@?????????A?@???????E?????????@??????????O?????????A?@????????G??????????W??????????O??????????G??????????A?@?????????O??????????@???????????A?@?????????A???????????@????????????W???????????B????????????E????????????K????????????C????????????E?????????????_????????????C?G???????????o?????????????o?????????????o?????????????W?????????????A??????????????O@????????????@_?????????????A??????????????B???????????????_??????????????G@?????????????@?G?????????????C???????????????K???????????????E???????????????@????????????????o???????????????A@???????????????E????????????????K????????????????EG???????????????Ao,u|eMID@WH?e@C@E?`?GW@@?CF?GA?GB?C?o@?E?G?W?_?o@??_@??w?_?C?G?@_@??E?C??G?G??[?G??C?C??B?@???W?G??@_?_??B?@???B?@???@_?_???O?G???F?@????G?K????o?G????w?G????G?C????F?@?????O?W????B_?_????B_@?????@o@??????W?_?????D?G??????]@???????S[???????^G,4,4
104,~?@gsP@@?OC?O`?@@@_?O?A??W??_??_??O??C???_??A???C@??K???C???@?G??G???@_???A????A?G??B?????_????C?G???o?????_?????_?????O?????E??????_?????A??????C?G????C??????A?C?????_??????C???????O???????_@?????@_???????o???????G???????@?@??????C????????W????????G????????C?C??????@_????????G?????????_?_??????B?????????@??????????_?????????G?????????@??????????E??????????G??????????G??????????C?C????????@???????????G?G?????????_??????????@???????????@_???????????o???????????K???????????@_???????????E????????????C????????????K????????????A?????????????_@???????????E?????????????O?????????????_@???????????@_?????????????O?????????????C??????????????_@????????????B??????????????C??????????????E??????????????@_??????????????G??????????????@???????????????E?_?????????????K???????????????E???????????????@????????????????o???????????????B@???????????????GO???????????????OG???????????????GG???????????????EC,u|eMID@WH?e@C@E?`?GW@@?CF?GA?GB?C?o@?E?G?W?_?o@??_@??w?_?C?G?@o@??A?C??M?G??C?G??E?C??@_@???K?G???o?_??@_@???@_@????_?_???[?G???@?B????M?C????G?W????[?G????C?C????B_@?????K?G?????o?_????@o@??????o@??????T?_??????wG??????B`???????Fc???????Bw,4,5
104,~?@gsP@@?PC?O`?@?@_?O?A??G??O??O??GC?E???_??A???C@??K???C???@?G??W???@????A?G??A????@?????O????E?????G?????O?????O?????G?????A??????O@????@??????A?G????E??????B???????_??????C???????O?_????@_??????@_???????_???????G?G?????B????????C????????G?G??????G????????C?C??????@?????????G????????@_????????@?????????@??????????_?_???????G?????????@??????????C??????????G?G????????G??????????C?C????????@_??????????K???????????_??????????@_??????????@_???????????W???????????E????????????o???????????@????????????A?G??????????A????????????@?C???????????O????????????A?????????????W?????????????O?????????????O@????????????G?????????????A??????????????O@????????????@??????????????A?G????????????B??????????????@_??????????????O??????????????B?G?????????????E???????????????K???????????????E???????????????@_???????????????G???????????????@O???????????????@????????????????AG???????????????BG???????????????@o,u|eMID@WH_a@E@A?`_GK@?oC@?GB?G@_C?W@?B?G?G?_?w@??O@??W?_?E?G??o@??B?C??C?G??K?G??E?C??@_@???K?G???o?_??@?@???B_@????_?_???W?G???B_@????E?C????K?G????G?G????M?C????@o@?????F?G?????G?_?????w@??????W@??????M?_?????@_W??????KP???????}C???????Mo,4,5
104,~?@gsP@@?PC?O`?@@@_?O?A??G??O??O??G??A???O??@?_?E???C???A?_?@_???G????_C??B????A????@?C???o????A?????G?????O?????O?????G?????A??????O?????@??????A?G????A??????@???????O@?????E???????W???????_???????_@??????o???????K???????@????????C?C??????W????????G????????C?C??????B?????????G?????????_????????@?@???????@??????????_?????????G?????????@?@????????C??????????G??????????G??????????C?C????????@???????????G?G?????????_?_????????B???????????@_???????????o???????????K????????????o???????????A????????????C?G??????????K????????????A?????????????_@???????????A?????????????G?????????????O@????????????O?????????????G?????????????A?G????????????O@????????????@??????????????A?G????????????A?G????????????@_??????????????W??????????????@_??????????????E???????????????A???????????????A@???????????????_???????????????GG??????????????@@???????????????CC???????????????K????????????????E?????????????????[,u|eMID@WH_a@E@A?`_GG@@oC@?GB?G@_C?W@?B?G?G?_?o@??o@??O?_?K?G?@_@??F?C??C?G??K?G??E?C??@_@???K?G???o?_??@?@???B_@????o?_???G?G???B?@????K?C????[?G????K?G????E?C????@o@?????F?G?????G?_?????{@??????GB??????M?_?????@oG??????E@???????]C???????Jw,0,0
104,~?@gsP@@?PC?O`?@@@_?O?A??G??O??O??G??A???O??@?_?E???C???A?_?@_???G????_C??B????A????@?C???o????A?????G?????O?????O?????G?????A??????O?????@??????A??????A??????@???????O@?????E???????W???????_???????_@??????o???????K???????@????????C?C??????W????????W????????G????????A?@???????o????????@?????????A?????????A?@???????@??????????O?????????A??????????G?C????????O??????????O??????????G??????????A?@?????????O??????????@???????????B???????????B????????????o???????????K???????????@_???????????B????????????C????????????C?G??????????E?????????????o????????????E?????????????W?????????????O?????????????O@????????????G?????????????A??????????????O@????????????@?C????????????A??????????????A?G????????????@?C?????????????O??????????????B???????????????E???????????????K???????????????A???????????????@?_??????????????K???????????????@_???????????????AC???????????????E????????????????B?????????????????[,u|eMID@WH_a@E@A?`_GG@@oC@?GB?G@_C?W@?B?G?G?_?o@??o@??O?_?K?G?@_@??C?C??[?G??G?G??K?C??B?@???W?G??@_?_??B?@???A?@???B_?_???W?G???A?@????W?C????w?G????O?G????[?C????A?B?????w?G????@o?_????@o@??????_@??????{?_?????A?W??????{@???????gk???????}G,0,0
104,~?@gsP@@?PC?O`?@@@_?O?A??G??O??O??G??A???O??@?_?E???C???A?_?@_???G????_C??B????A????@?C???o????A?????G?????O?????O?????G?????A??????O?????@?C????A??????A??????@???????O@?????E???????W???????_???????_@??????o???????K???????@????????C?C??????K????????G????????C?C??????B?????????G?????????_????????@?@???????@??????????_?????????G?????????@?@????????C??????????G??????????G?G????????C??????????@???????????G???????????_?_????????B???????????@_???????????_???????????G?G?????????B????????????E????????????G????????????G?G??????????E????????????@?????????????G?G??????????@_????????????@?????????????@?@????????????_?_???????????G?G???????????@??????????????C??????????????G?G????????????G?G????????????E???????????????_??????????????C???????????????O?_?????????????_@??????????????G@??????????????C?_?????????????B????????????????C????????????????WC???????????????_????????????????aG???????????????@g,u|eMID@WH_a@E@A?`_GG@@oC@?GB?G@_C?W@?B?G?G?_?o@??o@??O?_?M?G??_@??F?C??C?G??K?G??E?C??@_@???K?G???o?_??@?@???B_@????o?_???G?G???B_@????C?K????[?G????G?G????K?C????B?@?????[?G?????o?_????@_@?????@?@?????@w?_?????D?W??????[D???????pc??????@{G,4,5
104,~?@gsP@@?OC?O`?@@@_?O?A??W??_??_??O??C???_??A???C@??K???C???@????G@??@_???A????A?G??B?????_????C?G???o?????_?????_?????O?????K??????_?????A??????C?G????C??????A???????_@?????C???????O???????_@?????@_???????o???????G???????@????????C?C??????W????????G????????C?C??????B?????????G?????????_?_??????B?????????@??????????_?????????G?G???????@??????????K??????????G??????????G?G????????C?C????????@???????????G???????????_?_????????@???????????@?@??????????_?_?????????W???????????@_???????????C????????????G????????????G?G??????????A?????????????_@???????????K?????????????O?????????????_@????????????O?????????????G?????????????A?G????????????O@????????????B??????????????B??????????????@???????????????_C?????????????G@?????????????@_??????????????E???????????????A???????????????A???????????????@?_??????????????OG??????????????@????????????????CC???????????????KG???????????????K????????????????@c,u|eMID@WH?e@C@E?`?GW@@?CF?GA?GB?C?o@?E?G?O?_@o@??_@??w?_?C?G?@_@??E?C??M?G??C?G??E?C??@_@???K?G???o?_??@?@???B_@????w?_???C?G???@_@????E?C????M?G????E?G????B?C?????w@?????B?G?????G?_?????{@??????GB??????M?_?????@oG??????E@???????]C???????Jw,4,4
104,~?@gsP@@?OC?O`?@?@_?O?A??W??_??_??O??C??@_??C???G???G@??K???A????O???@?C??E????C????A?C??@_????G?????_????@?@???B??????_?????G?????@??????K??????G??????G??????C?C????@???????G?G?????_??????B???????@????????_???????G?G?????B????????K????????O????????O????????G?C??????E?????????O????????@??_??????B?????????A?????????@??????????O?G???????E??????????G??????????O??????????O?G????????G??????????E???????????O??????????@??_????????A?@?????????A???????????@??_?????????O???????????E????????????G????????????W????????????W????????????E????????????@?????????????G?????????????_?_???????????_?????????????_@????????????W?????????????C??????????????o?????????????B??????????????A??????????????A?G????????????@?C?????????????o??????????????B???????????????E???????????????C???????????????K???????????????B????????????????G???????????????@????????????????CC???????????????KG???????????????H_???????????????F?,u|eMID@WH?e@C@E?`?GW@@?CE?GE?GA?C@_@?K?G?o?_@?@?B_@??_?_?[?G?@?@??M?C??G?G??W?G??M?C??@?@???W?G??@_?_??B?@???B?@???@??_???w?G???B_@????C?C????[?G????G?W????K?C????B_@?????G?W????@o?_????@o@??????o@??????O?_?????N?G??????SB???????sS???????^G,4,4
104,~?@gsP@@?OC?O`?@?@_?O?A??W??_??_??O??C??@_??C???G???G@??K???A????O???@?C??E????C????A?C??@_????G?????_?_??@?????B??????_?????G?????@??????K??????G??????G??????C?C????@???????G?G?????_??????@_??????@????????_???????G?G?????B????????K????????O????????O????????G?C??????E?????????O????????@??_??????B?????????A?????????@??_???????O?????????E??????????G??????????O??????????O?G????????G??????????E???????????O??????????@??_????????A?@?????????A???????????@??_?????????O?G?????????B????????????G????????????W????????????W????????????E????????????@?????????????G?????????????_?_???????????_?????????????_@????????????G?????????????A?G????????????O?????????????B??????????????A??????????????A?G????????????@?C?????????????o??????????????B???????????????E???????????????E???????????????C???????????????B?_??????????????GO??????????????@????????????????CC???????????????GG???????????????GG???????????????@c,u|eMID@WH?e@C@E?`?GW@@?CE?GE?GA?C@_@?K?G?o?_@?@?B_@??_?_?[?G?@?@??M?C??G?G??[?G??E?C??@?@???W?G??@_?_??B?@???B?@???@??_???w?G???B_@????C?C????[?G????M?G????B?C?????_@?????M?G?????[?_?????W@??????O@??????]?_?????@?W??????]@???????Wk???????}G,0,0
104,~?@gsP@H?OC?O`?@??_?G?B??G??O??O??G??E???_??A?_?K???G???C?_?@????W???@????A?G??E????A?????_????C?????O?????_?????_?????W?????C??????_?????A?C????C??????C?G????A??????@_??????K???????_??????@?@?????B???????@_???????O???????A?@??????G????????o????????O????????G?C??????B?????????O????????@?????????A?@???????A?????????@??????????O?????????A??????????G?C????????W??????????O??????????G?C????????A?@?????????O??????????@??_????????A?@?????????E???????????@_???????????W???????????B????????????K????????????G????????????G?G??????????C?????????????_????????????C?G???????????G?????????????O?????????????O@????????????G?????????????A??????????????O@????????????@?C????????????B??????????????B???????????????o??????????????K???????????????o??????????????B???????????????@???????????????@@???????????????_???????????????GG??????????????@@???????????????CC???????????????K????????????????E?????????????????[,u|eMID`GH_a@E@A?`_GG@@_CB?GA?GB?C?o@?E?G?W?_?_@?@o@??O?_?M?G??_@??E?C??K?G??K?G??C?C??B?@???W?G??@_?_??B?@???B?@???@o?_???G?G???B_@????E?C????M?G????E?G????B?C?????o@?????F?G?????K?_?????[@??????G@??????M?_?????@oW??????ED???????]C???????MW,0,0
104,~?@gsP@@?PC?O`?@?@_?O?A??G??O??O??G??E???_??A???C???K???C???@?G??W???@????A?G??E????A?????_@???C?????o????@_????@??????_?????G?????@??????C??????G?G????G??????C?C????@???????K???????_??????@???????@????????_?_?????W???????B????????G????????O?G??????o????????G????????A?@???????W????????@?????????A?@???????A?@???????B??????????o?????????A??????????G??????????O?G????????O??????????G??????????A???????????O?G????????@???????????A?@?????????A?@??????????_???????????G???????????@????????????C?C??????????W????????????K????????????E????????????@_????????????C?????????????O?_???????????W?????????????W?????????????K?????????????@??????????????G@?????????????_C????????????@??????????????@???????????????_C?????????????K???????????????_??????????????A???????????????C@??????????????B???????????????@_???????????????G???????????????@`???????????????E????????????????E????????????????B?????????????????[,u|eMID@WH_a@E@A?`_GG@@_CB?GA?GB?C?_@?K?G?o?_@_@?@?@?@o?_?G?G?B_@??C?C??[?G??K?G??C?C??B?@???W?G??@_?_??B?@???B?@???@_?_???O?G???F?@????G?C????w?G????]?G????A?[????@_@?????K?G?????o?_????@o@??????w@??????G?_?????F?G??????RB???????KS???????^G,4,4
104,~?@gsP@@?PC?O`?@?@_?O?A??G??O??O??G??E???_??A???C???K???C???@?G??W???@????A?G??E????A?????_@???C?????o????@_????@??????_?????G?????@??????C??????G??????G??????C?C????@???????K???????_??????@???????@????????_?_?????W???????B????????K????????W????????W????????G????????A?@???????W????????@?????????A?@???????A?@???????B??????????o?????????A??????????G??????????O?G????????O??????????G??????????A???????????O?G????????@???????????A?@?????????A?@??????????_???????????G???????????@????????????C?C??????????W????????????K????????????E????????????@_????????????C?????????????O?_???????????W?????????????W?????????????K?????????????@??????????????G@?????????????_C????????????@??????????????@???????????????_C?????????????K???????????????_??????????????A???????????????C@??????????????B???????????????@_???????????????G???????????????@`???????????????E????????????????E????????????????B?????????????????[,u|eMID@WH_a@E@A?`_GG@@_CB?GA?GB?C?_@?K?G?o?_@_@?@?@?@_?_?W?G?A?@??[?C??O?G??w?G??K?C??A?@???o?G??B??_??E?@???E?@???B_?_???O?G???E?@????[?C????O?G????w?G????N?C?????_F?????K?G?????o?_????@_@?????@w@??????GB_?????E?G??????w@??????@KK???????Xg,4,4
104,~?@gsP@H?OC?O`?@??_?G?B??G??O??O??G??E???_??A?_?K???G???C???@????W???@????A?G??E????A?????_@???C?????O?????_?????_@????o?????K?????@??????C??????G??????G??????C?C????@???????K???????_??????@?@?????B????????_???????G???????@?@??????C????????W????????W????????G????????A?@???????W????????@?????????A?@???????A?????????@??????????O?????????A?@????????W??????????W??????????O??????????G?C????????A???????????O?G????????@???????????A?@?????????A?@?????????@_???????????O???????????A?@??????????W????????????O????????????O?G??????????G?C??????????A?????????????W?????????????_????????????@?@????????????_?????????????O?_???????????C?G????????????_?????????????A??????????????C?G????????????B??????????????@???????????????O@?????????????A?G?????????????K???????????????C???????????????C@??????????????E????????????????o???????????????A????????????????C????????????????KG???????????????Co???????????????B_,u|eMID`GH_a@E@A?`_GG@@_CB?GA?GB?C?o@?C?G?o?_@_@?@?@?@_?_?W?G?A?@??[?C??O?G??w?G??K?C??A?@???o?G??B_?_??A?@???F?@???@_?_???W?G???B_@????C?C????[?G????M?G????B?C?????_@?????K?G?????w?_?????w@??????W@??????M?_?????@CG??????^@???????Kw???????]G,3,3
104,~?@gsP@H?OC?O`?@??_?G?B??G??O??O??G??E???_??A?_?K???G???C???@????W???@????A?G??E????A?????_????C?G???O?????_@????_?????o?????K?????@??????C??????G??????G??????C?C????@???????W???????_??????@?@?????@_???????_???????G???????@?@??????C????????W????????W????????G????????A?@???????W????????@?????????A?????????A?@???????@??????????O?G???????A??????????W??????????W??????????O??????????G?C????????A???????????O?G????????@???????????A?@?????????A?@?????????B????????????O???????????A?@??????????K????????????O????????????O?G??????????G?C??????????A?????????????W?????????????_????????????@?@????????????_?????????????W?????????????A??????????????O@????????????@??????????????@_?????????????@???????????????_C?????????????G@?????????????@_??????????????E???????????????C@??????????????E???????????????B????????????????O???????????????@@???????????????CC???????????????CG???????????????CG???????????????BC,u|eMID`GH_a@E@A?`_GG@@_CB?GA?GB?C?o@?C?G?o?_@_@?@?@?@_?_?W?G?A?@??[?C??O?G??o?G??[?C??A?@???w?G??@_?_??A?@???F?@???@_?_???W?G???B_@????C?C????[?G????K?G????F?C?????_B?????M?G?????W?_?????w@??????W@??????M?_?????@?W??????\@???????MK???????Mg,4,2
104,~?@gsP@H?OC?O`?@??_?G?B??G??O??O??G??E???_??A?_?K???G???C???@????W???@????A?G??E????A?????_@???C?????O?????_?????_@????o?????K?????@??????C??????G??????G??????C?C????@???????K???????_??????@?@?????B????????_???????G???????@????????C????????W????????W????????G????????A?@???????W????????@?????????A?@???????A?@???????@??????????O?????????A?@????????W??????????o??????????o??????????O??????????C?@?????????_??????????A??_????????C???????????C?@?????????A??_?????????O???????????A?@??????????W????????????O????????????O?G??????????G????????????A?@???????????O????????????@_????????????@?????????????@?@????????????W?????????????A??????????????O?????????????@?C????????????B??????????????@_??????????????_??????????????G@?????????????@?G?????????????E???????????????C@??????????????K???????????????A????????????????_G??????????????C@???????????????OC???????????????S????????????????E?????????????????[,u|eMID`GH_a@E@A?`_GG@@_CB?GA?GB?C?o@?C?G?o?_@_@?@?@?@_?_?W?G?A?@??[?C??O?G??w?G??K?C??A?@???o?G??B_?_??A?@???E?@???B??_???o?G???E?@????[?C????O?G????w?G????N?C?????_F?????K?G?????w?_?????o@??????w@??????K?_?????B_G??????H`???????FC???????Fw,4,5
104,~?@gsP@@?OC?O`?@?@_?O?A??W??_??_??O??C@?@_??C???G???G@??K???A????O???@?C??E????C????A?C???_????C?????O????@_?????_?????O?????C?G???@_?????A??????C??????C??????A???????_@?????K???????o??????@???????@????????_?_?????W???????@????????C????????G?G??????W????????K????????A?????????O?G??????@?????????A?????????A?????????@??_???????o?????????A??????????G??????????O?G????????o??????????G??????????A???????????O?G????????@???????????B???????????B???????????@_???????????G???????????@_???????????E????????????C????????????C?G??????????A?C??????????@_????????????E?????????????O?????????????_@????????????_?????????????O?_???????????C?G???????????@_?????????????A??????????????C?G????????????A??????????????@???????????????O@?????????????A?G?????????????K???????????????C???????????????E???????????????@_???????????????W????????????????_???????????????BC???????????????E????????????????AG???????????????@c,u|eMID@WH?e@C@E?`?GW@@_CB?GA?GB?C?o@?E?G?O?_@o@??_@??o?_?K?G?@?@??K?C??W?G??W?G??K?C??A?@???o?G??B??_??F?@???A?@???B_?_???O?G???F?@????K?C????O?G????w?G????K?C????B_@?????G?G????@o?_????@o@??????w@??????G?_?????F_G??????Gb??????@{C???????^O,4,5
104,~?@gsP@H?OC?O`?@??_?G?B??G??O??O??GC?E???_??A?_?K???G???C???@????W???@????A?G??A????@?????O????A?????G?????O@????o?????W?????C??????_@????A??????C??????C?G????E??????@_??????G???????_?_????B???????@????????_???????G???????@????????E????????K????????C????????A?????????_????????C?G???????O?????????_?????????_@????????o?????????K?????????@_?????????C??????????G?G????????G??????????C?C????????B???????????W???????????_??????????@?@?????????B????????????_???????????G?G?????????@????????????C????????????G?G??????????K????????????A?????????????_????????????C?G???????????O?_???????????_?????????????_@????????????O?_???????????E??????????????o?????????????@??????????????A?G????????????A?G????????????B???????????????G??????????????@?G?????????????A???????????????C@??????????????C???????????????A?_??????????????OG??????????????B????????????????E????????????????E????????????????@_????????????????[,u|eMID`GH_a@E@A?`_GK@?oC@?GB?G@_C?O@?E?G?W?_?o@??o@??W?_?E?G??o@??B?C??C?G??K?G??F?C???_@???K?G???o?_??@_@???@_@????o?_???K?G???@_@????F?C????C?G????K?G????F?C?????o@?????E?G?????[?_?????W@??????W@??????N?_??????_W??????N@???????KK???????]g,4,5
104,~?@gsP@@?PC?O`?@?@_?O?A??G??O??O??GC?E???_??A???C???K???C???@?G??W???@????A?G??A????@?????O????E?????W?????_?????_?????O?_???C??????_@????A??????C??????C?G????E??????@_??????G???????_??????@???????@?@?????@_???????G???????@?@??????E????????G????????G?G??????C????????@?????????G?????????_?_??????B?????????B??????????_?????????G?????????@?@????????C??????????G?G????????G??????????E??????????@_??????????K???????????O???????????_???????????_???????????O?_?????????K????????????_???????????A?C??????????E????????????C????????????A?C???????????_????????????C?G???????????O?_??????????@_????????????@_?????????????O?????????????C?G????????????_@????????????A??????????????C?G????????????C?G????????????B???????????????G??????????????@???????????????C?_?????????????G@??????????????C???????????????A?_??????????????O???????????????B@???????????????K????????????????E????????????????B?????????????????[,u|eMID@WH_a@E@A?`_GK@?oC@?GB?G@?C?o@?E?G?W?_?o@??o@??O?_?K?G?@_@??E?C??K?G??G?G??K?C??B?@???W?G??@o?_??@_@???@_@????o?_???G?G???B_@????E?C????M?G????C?G????E?C????@_@?????K?G?????w?_?????o@??????w@??????G__?????FoG??????FA???????NC???????FW,4,5
104,~?@gsP@H?OC?O`?@??_?G?B??G??O??O??GC?E???_??A?_?K???G???C???@?G??W???@????A?G??A????@?????O????A?????G?????O@????o?????G?????A??????O?????@??????A?G????E??????B???????_??????C?G?????o???????_???????_???????O?_?????K???????@_???????C????????G?G??????G????????C????????@?????????G?????????_????????@?????????@?@???????@_?????????G?????????@??????????C?C????????G??????????K??????????E??????????@_??????????K???????????o??????????@_???????????_???????????O???????????C?G?????????@_???????????B????????????C????????????C?G??????????A?????????????_@???????????C?????????????O?????????????o?????????????o?????????????G?????????????A??????????????O@????????????@?C????????????B??????????????@_??????????????o??????????????K???????????????_??????????????A?_?????????????K???????????????A???????????????@?_??????????????OG??????????????A????????????????KC???????????????G????????????????KG???????????????@g,u|eMID`GH_a@E@A?`_GK@?oC@?GB?G@_C?O@?F?G?G?_?o@??o@??O?_?K?G?@_@??E?C??K?G??G?G??K?C??B_@???G?G??@o?_??@?@???B_@????o?_???G?G???B_@????E?C????K?G????K?G????E?C????@o@?????C?W?????w?_?????_@?????@w@??????G@_?????F_G??????KB???????sC???????\W,4,5
104,~?@gsP@H?OC?O`?@??_?G?B??G??O??O??GC?E???_??A?_?K???G???C???@?G??W???@????A?G??A????@?????O????A?????G?????O?????o?????G?????A??????O?????@??????A?G????E??????B???????_??????C?G?????o??????@_??????@????????_?_?????G?G?????B????????K????????O????????O?G??????G????????A?????????O????????@??_??????A?????????A?????????@??????????O?????????@??????????C?C????????G??????????G??????????E??????????@_??????????K???????????O???????????_@?????????@_???????????o???????????K???????????@_???????????B????????????E????????????C????????????A?C???????????_????????????C?G???????????O?_???????????_?????????????_@????????????O?????????????C?G????????????_?????????????A?C????????????C??????????????C?G????????????B???????????????G??????????????@?G?????????????E???????????????E???????????????B????????????????_???????????????KG???????????????_???????????????AC???????????????CG???????????????CG???????????????Ac,u|eMID`GH_a@E@A?`_GK@?oC@?GB?G@_C?O@?F?G?G?_?o@??o@??O?_?K?G?@_@??E?C??K?G??G?G??K?C??B?@???W?G??@o?_??@_@???@_@????o?_???G?G???B_@????E?C????M?G????C?G????E?C????@_@?????K?G?????w?_?????o@??????w@??????G__?????FoG??????FA???????NC???????FW,4,4
104,~?@gsP@H?OC?O`?@??_?G?B??G??O??O??GC?E???_??A?_?K???G???C???@?G??W???@????A?G??A????@?????O????A?????G?????O@????o?????G?????A??????O?????@??????A?G????E??????B???????_??????C?G?????o???????_???????_???????O?_?????K???????@_???????C????????G?G??????G????????C????????@?????????G?????????_????????@?????????@?@???????@_?????????G?????????@??????????C?C????????G??????????K??????????E??????????@_??????????K???????????_??????????@?@?????????B????????????_???????????G?G?????????@?@??????????K????????????K????????????G????????????C?C??????????@?????????????G?G???????????_????????????@?@???????????@??????????????_?_???????????G?G????????????_?????????????A??????????????C?G????????????C?G????????????B???????????????W??????????????@???????????????C?_?????????????E???????????????E????????????????_???????????????GG??????????????@@???????????????CC???????????????K????????????????E?????????????????[,u|eMID`GH_a@E@A?`_GK@?oC@?GB?G@_C?O@?F?G?G?_?o@??o@??O?_?K?G?@_@??E?C??K?G??G?G??K?C??B_@???G?G??@o?_??@?@???B_@????o?_???G?G???B_@????E?C????K?G????K?G????C?C????B?@?????[?G?????w?_?????_@?????@w@??????G@_?????F_G??????MB???????PS??????@{G,4,5
104,~?@gsP@@?OC?O`?@@@_?O?A??W??_??_??O??C???_??A???C???K???C???@?G??G???@_???A????A?G??B?????_????C?G???o????@_????@??????_?????G?????@_?????C??????G?G????G??????C??????@?@?????G???????_??????@???????@?@??????_???????W???????B????????G????????O?G??????O????????K????????A?????????O?G??????@_????????B?????????B??????????o?????????G?????????@?@????????C??????????G??????????K??????????C??????????@?@?????????G???????????_??????????@?@?????????@????????????_???????????G?G?????????@????????????E????????????K????????????K????????????A?????????????o????????????C?????????????O?_???????????o?????????????o?????????????K?????????????A??????????????O@????????????@??????????????B??????????????B???????????????_??????????????G??????????????@?G?????????????E???????????????C???????????????E???????????????B????????????????W???????????????B????????????????F????????????????CO???????????????CG???????????????BC,u|eMID@WH?e@C@E?`?GW@@?CF?GA?GB?C?_@?K?G?o?_@_@?@_@??o?_?K?G?@?@??M?C??G?G??[?G??C?K??B_@???G?G??@_?_??B?@???B?@???@_?_???W?G???B?@????K?C????O?G????w?G????I?C????@o@?????C?W?????w?_?????o@??????w@??????M?_?????@_G??????M`???????FK???????Fg,0,0
104,~?@gsP@@?OC?O`?@@@_?O?A??W??_??_??O??C???_??A???C???K???C???@?G??G???@_???A????A?G??B?????_????C?G???o????@_????@??????_?????G?????@_?????C??????G??????G?G????C??????@?@?????G???????_??????@???????@?@??????_???????W???????B????????G????????O?G??????O????????W????????A?????????O?G??????@_????????B?????????B??????????o?????????G?????????@??????????C??????????G?G????????K??????????C??????????@?@?????????G?G?????????_??????????@?@?????????@????????????_???????????G?G?????????@????????????K????????????W????????????G????????????C?C??????????@?????????????C?????????????O?_???????????o?????????????o?????????????K?????????????A??????????????O@????????????@??????????????A?G????????????B??????????????@_??????????????G??????????????@?G?????????????E???????????????C???????????????E???????????????@_???????????????G???????????????@@???????????????F????????????????CO???????????????CG???????????????BC,u|eMID@WH?e@C@E?`?GW@@?CF?GA?GB?C?_@?K?G?o?_@_@?@_@??_?_?[?G?@?@??M?C??G?G??[?G??C?K??B_@???G?G??@_?_??B?@???B?@???@_?_???W?G???B_@????C?C????[?G????I?G????B_C?????OB?????E?G?????W?_?????w@??????W@??????M?_?????@?G??????\@???????MK???????Ng,4,5
104,~?@gsP@H?OC?O`?@??_?G?B??G??O??O??G??E???_??A?_?K???G???C?_?@????W???@????A?G??E????A?????_????C?G???O?????_?????_?????W?????C??????_?????A?C????C??????C??????A??????@_??????C???????O?_????@_??????@_???????_???????G?G?????@????????K????????G????????G?G??????K????????B?????????O????????@?????????A?@???????A?????????@??????????O?????????A?@????????K??????????O??????????O?G????????G?C????????A???????????O?G????????@???????????A?@?????????E???????????@????????????O?G?????????E????????????W????????????O????????????O?G??????????G????????????@?????????????G?G???????????o?????????????_?????????????o?????????????G?????????????A?G????????????O?????????????@?C????????????B??????????????B???????????????_??????????????G@?????????????@?G?????????????K???????????????G@??????????????K???????????????B????????????????O???????????????A@???????????????CC???????????????CG???????????????CG???????????????BC,u|eMID`GH_a@E@A?`_GG@@_CB?GA?GB?C?o@?E?G?W?_?_@?@o@??O?_?K?G?@_@??C?C??W?G??[?G??C?C??B?@???W?G??@_?_??B?@???B?@???@o?_???G?G???B_@????E?C????K?G????M?G????A?K????@_@?????K?G?????w?_?????o@??????w@??????G?_?????F?G??????YB???????[S???????^G,4,5
104,~?@gsP@H?OC?O`?@??_?G?B??G??O??O??G??E???_??A?_?K???G???C?_?@????W???@????A?G??E????A?????_????C?G???O?????_?????_?????W?????C??????_?????A??????C??????C??????A?C????@_??????C???????O?_????@_??????@_???????_???????G?G?????@????????K????????W????????O????????G?C??????E?????????O????????@?????????A?@???????A?????????@??????????O?????????A?@????????K??????????O??????????O?G????????G??????????A?@?????????O??????????@??_????????A?@?????????E???????????@????????????O?G?????????E????????????W????????????O????????????O?G??????????G????????????B?????????????G?????????????_?_???????????_?????????????o?????????????G?????????????A?G????????????O?????????????@?C????????????B??????????????A??????????????@?C?????????????O@?????????????B???????????????K???????????????G@??????????????K???????????????B????????????????O???????????????@@???????????????CC???????????????CG???????????????CG???????????????BC,u|eMID`GH_a@E@A?`_GG@@_CB?GA?GB?C?o@?E?G?W?_?_@?@_@??o?_?G?G?B?@??K?C??W?G??[?G??C?C??B?@???W?G??@_?_??B?@???B?@???@_?_???[?G???@?@????M?C????K?G????M?G????A?K????@_@?????K?G?????w?_?????o@??????o@??????[?_?????A?W??????y@???????[K???????]g,4,5
104,~?@gsP@H?OC?O`?@??_?G?B??G??O??O??G??E???_??A?_?K???G???C?_?@????W???@????A?G??E????A?????_????C?G???O?????_?????_?????W?????C??????_?????A?C????C??????C??????A?C????@_??????C???????O?_????@_??????@_???????_???????G?G?????@????????K????????G????????G?G??????K????????@?????????G?????????_?_??????@?????????@??????????_?????????G?G???????@_?????????C??????????G?G????????G?G????????C??????????@???????????G?G????????@_??????????@???????????@?@?????????@_???????????W???????????@????????????C?C??????????G????????????C????????????A?C??????????@_????????????C?????????????W?????????????O?????????????O?????????????G?????????????A?G????????????W?????????????@_?????????????@??????????????@_??????????????o??????????????C@?????????????@_??????????????E???????????????E???????????????A???????????????@?_??????????????o???????????????@@???????????????CC???????????????G????????????????KG???????????????AW,u|eMID`GH_a@E@A?`_GG@@_CB?GA?GB?C?o@?E?G?W?_?_@?@o@??O?_?K?G?@_@??E?C??M?G??C?G??E?C??@_@???K?G???o?_??@_@???@o@????O?_???K?G???@_@????E?C????M?G????C?W????E?C????@_@?????M?G?????W?_?????w@??????O@??????W?_?????FOG??????EB???????Ws???????}G,2,2
104,~?@gsP@@?OC?O`?@@@_?O?A??W??_??_??O??C???_??A???C???K???C???@?G??G???@_???A????A?G??B?????_????C?G???o????@_????@??????_?????G?????@_?????C??????G??????G?G????C??????@?@?????G???????_??????@???????@?@??????_???????W???????B????????G????????O?G??????O????????W????????A?????????O?G??????@_????????A?????????A?@???????B??????????W?????????A??????????G??????????O??????????O?G????????K??????????A???????????O?G????????@??_????????A???????????A?@?????????@????????????O???????????A?@??????????G?C??????????O?G??????????o????????????W????????????A?????????????O?G??????????@?????????????@?????????????@?@????????????o?????????????G?????????????@?@????????????@?C????????????A??????????????A??????????????@?C?????????????W??????????????B???????????????C???????????????G@??????????????G???????????????B?_??????????????o???????????????B????????????????E????????????????E????????????????@G????????????????s,u|eMID@WH?e@C@E?`?GW@@?CF?GA?GB?C?_@?K?G?o?_@_@?@_@??_?_?[?G?@?@??M?C??G?G??[?G??C?C??B_@???G?G??@_?_??B?@???B?@???@_?_???W?G???B_@????C?C????[?G????G?G????M?C????@o@?????E?G?????W?_?????w@??????W@??????M?_?????@oG??????Cp???????{C???????No,4,5
104,~?@gsP@H?OC?O`?@??_?G?B??G??O??O??G??E???_??A?_?K???G???C?_?@????W???@????A?G??E????A?????_????C?G???O?????_?????_?????W?????C??????_?????A??????C??????C??????A?C????@_??????C???????O?_????@_??????@_???????_???????G?G?????@????????K????????W????????W????????K????????@?????????G?????????_?_??????@?????????@??????????_?????????G?G???????@_?????????C??????????G?G????????G??????????C??????????@???????????G?G????????@_??????????@_??????????@_???????????o???????????C????????????_@??????????A????????????E????????????E????????????B?????????????O????????????A?????????????G?_???????????O?????????????O?????????????G?_???????????B??????????????O?????????????@?C????????????A??????????????A?G????????????@?C?????????????o??????????????B???????????????K???????????????K???????????????C???????????????B????????????????G???????????????@_???????????????A????????????????EG???????????????F????????????????@o,u|eMID`GH_a@E@A?`_GG@@_CB?GA?GB?C?o@?E?G?W?_?_@?@_@??o?_?K?G?@_@??E?C??M?G??C?G??E?C??@_@???K?G???o?_??@_@???@_@????o?_???K?G???@_@????E?C????M?G????E?G????B?C?????w@?????B?G?????K?_?????W@??????[@??????E?_?????@oG??????EB???????]C???????NW,4,5
104,~?@gsP@H?OC?O`?@??_?G?B??G??O??O??G??E???_??A?_?K???G???C???@????W???@????A?G??E????A?????_????C?G???O?????_?????_@????o?????K?????@??????C??????G?G????G??????C??????@???????W???????_??????@?@?????B????????_???????G???????@????????C????????W????????G????????C?C??????B?????????W????????@?????????A?@???????A?@???????@??????????O?G???????A?@????????W??????????o??????????o??????????O??????????C?@?????????_?G????????A???????????C?@?????????C???????????A????????????O???????????A?@??????????C????????????G????????????G?G??????????C????????????@?????????????C?????????????O?_???????????o?????????????o?????????????W?????????????B??????????????W??????????????o?????????????@_?????????????@_??????????????O??????????????C@??????????????_??????????????A?_?????????????C@??????????????C???????????????A?_??????????????_G??????????????E????????????????K????????????????E????????????????@_????????????????[,u|eMID`GH_a@E@A?`_GG@@_CB?GA?GB?C?o@?C?G?o?_@_@?@?@?@o?_?G?G?B?@??K?C??O?G??o?G??[?C??A?@???o?G??B_?_??A?@???E?@???B??_???o?G???F?@????G?C????w?G????W?G????G?C????F_@?????G?W????@w?_?????_B?????@o@??????W?_?????F?G??????[@???????tC???????Fw,4,4
104,~?@gsP@H?OC?O`?@??_?G?B??G??O??O??G??E???_??A?_?K???G???C?_?@????W???@????A?G??E????A?????_????C?G???O?????_?????_?????W?????C??????_?????A?C????C??????C??????A??????@_??????C???????O?_????@_??????@_???????_???????G?G?????@????????K????????G????????G?G??????K????????B?????????O????????@??_??????A?@???????A?????????@??????????O?????????A??????????K??????????O??????????O?G????????G?C????????A???????????O?G????????@???????????A???????????@_???????????o???????????K???????????@_???????????C????????????G?G??????????G????????????A?????????????_@???????????E?????????????W?????????????o?????????????O?????????????G?????????????A?G????????????O?????????????@_?????????????B??????????????@???????????????_C?????????????G??????????????@_??????????????E???????????????E???????????????E???????????????@_???????????????K???????????????@_???????????????AC???????????????CG???????????????E????????????????@K,u|eMID`GH_a@E@A?`_GG@@_CB?GA?GB?C?o@?E?G?W?_?_@?@o@??O?_?K?G?@_@??C?C??W?G??[?G??C?C??B?@???W?G??@_?_??B?@???B?@???@o?_???G?G???B_@????E?C????G?G????]?G????B?K?????o@?????E?G?????W?_?????o@??????w@??????M?_?????@_G??????J@???????MK???????Ng,4,5
104,~?@gsP@@?OC?O`?@@@_?O?A??W??_??_??O??C???_??A???C???K???C???@?G??G???@_???A????A?G??B?????_????C?G???o????@_????@??????_?????G?????@_?????C??????G??????G?G????C??????@?@?????G???????_??????@???????@?@??????_???????W???????B????????G????????O?G??????O????????W????????A?????????O?G??????@_????????B?????????B??????????o?????????G?????????@?@????????C??????????G??????????K??????????C??????????@?@?????????G?G?????????_??????????@?@?????????@????????????_???????????G?G?????????@????????????E????????????K????????????G????????????C?C??????????@?????????????C?????????????O?_???????????o?????????????o?????????????K?????????????A??????????????O@????????????@?C????????????A??????????????B??????????????@_??????????????G??????????????@?G?????????????C???????????????G@??????????????G@??????????????B????????????????o???????????????B????????????????E????????????????B????????????????@_????????????????[,u|eMID@WH?e@C@E?`?GW@@?CF?GA?GB?C?_@?K?G?o?_@_@?@_@??_?_?[?G?@?@??M?C??G?G??[?G??C?K??B_@???G?G??@_?_??B?@???B?@???@_?_???W?G???B_@????C?C????[?G????I?G????B_C?????O@?????F?G?????K?_?????W@??????W@??????M?_?????@oG??????F@???????NC???????Fw,2,2
104,~?@gsP@H?OC?O`?@??_?G?B??G??O??O??G??E???_??A?_?K???G???C?_?@????W???@????A?G??E????A?????_????C?G???O?????_?????_?????W?????C??????_?????A?C????C??????C??????A?C????@_??????C???????O?_????@_??????@_???????_???????G?G?????@????????K????????G????????G?G??????K????????@?????????G?????????_?_??????@?????????@?@????????_?????????G?????????@_?????????C??????????G?G????????G?G????????C??????????@???????????G?G????????@_??????????@???????????@?@??????????o???????????K???????????@????????????C?C??????????G????????????C????????????A?C??????????@_????????????C?????????????O?????????????_@????????????_?????????????O?_???????????C?G????????????_?????????????B??????????????E??????????????A??????????????@_??????????????W??????????????@???????????????C?_?????????????E???????????????E???????????????@_???????????????W???????????????@_???????????????B????????????????B????????????????@_????????????????[,u|eMID`GH_a@E@A?`_GG@@_CB?GA?GB?C?o@?E?G?W?_?_@?@o@??O?_?K?G?@_@??E?C??M?G??C?G??E?C??@_@???K?G???o?_??@_@???@o@????O?_???K?G???@_@????E?C????M?G????C?G????F?C?????o@?????E?G?????W?_?????w@??????W@??????M?_?????@oG??????CF???????{C???????]W,4,4
104,~?@gsP@H?OC?O`?@??_?G?B??G??O??O??G??E???_??A?_?K???G???C?_?@????W???@????A?G??E????A?????_????C?????O?????_?????_?????W?????C??????_?????A?C????C??????C?G????A??????@_??????K???????_??????@?@?????B???????@_???????O???????A?@??????G????????o????????O????????G?C??????B?????????O????????@?????????A?@???????A?????????@??????????O?????????A??????????G?C????????W??????????O??????????G?C????????A?@?????????O??????????@??_????????A?@?????????E???????????@_???????????W???????????B????????????K????????????G????????????G?G??????????C?????????????_????????????C?G???????????G?????????????O?????????????O@????????????G?????????????A??????????????O?????????????@?C????????????B??????????????B???????????????o??????????????K???????????????o??????????????B???????????????E???????????????B????????????????_???????????????GG??????????????@_???????????????A????????????????CG???????????????EG???????????????@o,u|eMID`GH_a@E@A?`_GG@@_CB?GA?GB?C?o@?E?G?W?_?_@?@o@??O?_?M?G??_@??E?C??K?G??K?G??C?C??B?@???W?G??@_?_??B?@???B?@???@o?_???G?G???B_@????E?C????M?G????E?G????B?C?????o@?????F?G?????K?_?????[@??????G@??????M?_?????@oG??????EF???????Wc???????}G,4,5
104,~?@gsP@H?OC?O`?@??_?G?B??G??O??O??GC?E???_??A?_?K???G???C???@????W???@????A?G??A????@?????O@???A?????G?????O?????o?????W?????C??????_?????A?C????C??????C?G????E???????_??????C?G?????o??????@_??????@????????_???????G?G?????@????????K????????G????????G?G??????C????????@?????????G?G???????_????????@?????????@??????????_?_???????W?????????@_?????????C??????????G?G????????G?G????????C??????????@?@?????????W???????????o??????????@_??????????@_???????????O???????????C????????????_@??????????A????????????A????????????A?G??????????@?????????????O????????????A?G???????????G?????????????O?????????????O@????????????W?????????????B??????????????W??????????????o?????????????@_??????????????o??????????????W??????????????A???????????????OG?????????????@?_?????????????A???????????????A@??????????????@????????????????OG??????????????A@???????????????GC???????????????K????????????????E?????????????????[,u|eMID`GH_a@E@A?`_GK@?oC@?GB?G@_C?O@?E?G?W?_?_@?@o@??O?_?K?G?@_@??F?C??C?G??K?G??E?C??@_@???G?G??@o?_??@_@???@o@????O?_???K?G???@_@????F?C????E?G????E?G????B_C?????O@?????F?G?????M?_?????G@??????[@??????F?_??????oG??????F@???????NC???????Fw,3,3
104,~?@gsP@H?OC?O`?@??_?G?B??G??O??O??GC?E???_??A?_?K???G???C?_?@????W???@????A?G??A????@?????O@???A?????G?????O?????W?????G?????A??????O?????@??????A?G????E??????@???????O@?????E???????W???????_???????_@??????O???????K???????@_???????C????????G?G??????G????????C????????@?@???????G?????????_????????@?????????@?@????????o?????????G?????????@??????????C?C????????G??????????G??????????C?C????????B???????????K???????????o??????????@_???????????_???????????O?_?????????C?G?????????@_???????????B????????????C????????????C?G??????????A?????????????_????????????C?G???????????O?????????????_?????????????_@????????????G?????????????A??????????????O@????????????@?C????????????B??????????????B???????????????o??????????????K???????????????o??????????????B???????????????@???????????????@@???????????????_???????????????GG??????????????@@???????????????CC???????????????K????????????????E?????????????????[,u|eMID`GH_a@E@A?`_GK@?oC@?GB?G@_C?W@?B?G?G?_?o@??o@??O?_?K?G?@_@??F?C??C?G??K?G??E?C??@_@???K?G???o?_??@?@???B_@????o?_???G?G???B?@????K?C????[?G????K?G????E?C????@o@?????F?G?????G?_?????{@??????GB??????M?_?????@oG??????E@???????]C???????Jw,4,4
104,~?@gsP@H?OC?O`?@??_?G?B??G??O??O??GC?E???_??A?_?K???G???C?_?@????W???@????A?G??A????@?????O@???A?????G?????O?????W?????G?????A??????O@????@??????A?G????E??????@???????O@?????E???????W???????_???????_@??????O???????K????????_???????A?C??????C????????C????????A?C???????_????????C?????????O?????????_?????????o?????????O?????????C??????????_@????????A??????????C?G????????K??????????B???????????o??????????E???????????W???????????o???????????O???????????W???????????A????????????O@??????????@????????????A????????????A?G??????????@?????????????O????????????A?????????????K?????????????O?????????????O@????????????G?_???????????B??????????????W??????????????o?????????????@_?????????????@_??????????????o??????????????C???????????????O??????????????@?_?????????????A???????????????A@??????????????@?_??????????????O???????????????B@???????????????K????????????????K????????????????B?????????????????[,u|eMID`GH_a@E@A?`_GK@?oC@?GB?G@_C?W@?B?G?G?_?w@??O@??W?_?E?G??w@??@?C??E?G??E?G??B?C???o@???E?G???O?_??@o@????_@????o?_???K?G???@o@????B?C????E?G????E?G????B_C?????W@?????B_G?????C?_?????[@??????M@??????B?_??????oG??????F@???????MK???????Ng,3,2
104,~?@gsP@H?OC?O`?@??_?G?B??G??O??O??G??E???_??A?_?K???G???C?_?@????W???@????A?G??E????A?????_????C?G???O?????_?????_?????W?????C??????_?????A?C????C??????C?G????A??????@_??????C???????O?_????@_??????@_???????_???????G?G?????@????????K????????G????????G?G??????E????????@?????????G?????????_?_??????@?????????@??????????_?????????G?G???????@_?????????C??????????G??????????G?G????????C??????????@?@?????????G??????????@_??????????@_??????????@_???????????o???????????C????????????_@??????????A????????????K????????????E????????????@_????????????O????????????A?????????????G?_???????????O?????????????O?????????????G?_???????????B??????????????O?????????????@??????????????A?G????????????A?G????????????@?C?????????????o??????????????B???????????????K???????????????K???????????????C???????????????E????????????????GG??????????????@????????????????CC???????????????GG???????????????KG???????????????D_,u|eMID`GH_a@E@A?`_GG@@_CB?GA?GB?C?o@?E?G?W?_?_@?@o@??O?_?M?G??_@??E?C??M?G??C?G??E?C??@_@???K?G???o?_??@_@???@?@???@o?_???M?G????_@????E?C????M?G????E?G????B?C?????w@?????B?G?????K?_?????O@??????{@??????E@_?????@oG??????E@???????]C???????Lw,4,4
104,~?@gsP@H?OC?O`?@??_?G?B??G??O??O??GC?E???_??A?_?K???G???C?_?@????W???@????A?G??A????@?????O@???A?????G?????O?????W?????G?????A??????O@????@??????A?G????E??????@???????O@?????E???????W???????_???????_@??????O???????K????????_???????A?C??????C????????C????????A?C???????_????????C?????????O?????????_@????????o?????????O?????????C??????????_@????????A??????????C?G????????K??????????A???????????_@?????????K???????????o???????????_???????????_@??????????O???????????K????????????_???????????A?C??????????C????????????C????????????A?C???????????_????????????C?G???????????O?????????????_@????????????o?????????????O?????????????E??????????????W?????????????@_?????????????@??????????????@?G?????????????o??????????????C???????????????_G?????????????A???????????????K???????????????C@??????????????A????????????????_G??????????????C????????????????WC???????????????W????????????????U????????????????@g,u|eMID`GH_a@E@A?`_GK@?oC@?GB?G@_C?W@?B?G?G?_?w@??O@??W?_?E?G??w@??@?C??E?G??E?G??B?C???o@???E?G???O?_??@o@????_B????o?_???K?G???@o@????A?C????K?G????K?G????F?C?????o@?????E?G?????S?_?????[@??????M@??????A?_?????@oG??????F@???????K[???????^G,4,5
104,~?@gsP@H?OC?O`?@??_?G?B??G??O??O??GC?E???_??A?_?K???G???C?_?@????W???@????A?G??A????@?????O????A?????G?????O?????W?????G?????A??????O@????@??????A?G????E??????B???????_??????C?G?????o??????@_??????@????????_?_?????G???????B????????C????????G?G??????G????????C????????@?@???????G?????????_????????@?????????@??????????_?_???????K?????????@??????????C??????????G?G????????G??????????C?C????????B???????????K???????????o??????????@_??????????@_???????????O???????????C?G??????????_???????????E????????????C????????????C?G??????????A?????????????_@???????????C?G???????????O?????????????_?????????????_?????????????O?_???????????E??????????????_?????????????B??????????????A??????????????A?G?????????????o??????????????K??????????????@_??????????????B???????????????A???????????????E???????????????@?_??????????????W???????????????@????????????????CC???????????????KG???????????????I????????????????@c,u|eMID`GH_a@E@A?`_GK@?oC@?GB?G@_C?W@?B?G?G?_?w@??O@??W?_?E?G??o@??B?C??C?G??K?G??E?C??@_@???K?G???o?_??@?@???B_@????_@_???W?G???B?@????M?C????K?G????K?G????E?C????@o@?????E?G?????W?_?????g@??????W@??????N?_??????oW??????E@???????]C???????Mw,4,4
104,~?@gsP@H?OC?O`?@??_?G?B??G??O??O??GC?E???_??A?_?K???G???C?_?@????W???@????A?G??A????@?????O@???A?????G?????O?????W?????G?????A??????O@????@??????A?G????E??????@???????O@?????E???????W???????_???????_@??????O???????K????????_???????A?C??????C????????C????????A?C???????_????????C?????????O?????????_@????????o?????????O?????????C??????????_@????????A??????????C?G????????K??????????A???????????_@?????????K???????????o???????????_???????????_@??????????O???????????K????????????_???????????A?C??????????C????????????C????????????A?C???????????_????????????C?????????????O?????????????_@????????????o?????????????O?????????????E??????????????W?????????????@_?????????????@_?????????????@_??????????????o??????????????E???????????????O??????????????B???????????????A@??????????????A???????????????@?_??????????????O???????????????A@???????????????KC???????????????O????????????????KG???????????????BG,u|eMID`GH_a@E@A?`_GK@?oC@?GB?G@_C?W@?B?G?G?_?w@??O@??W?_?E?G??w@??@?C??E?G??E?G??B?C???o@???E?G???O?_??@o@????_B????o?_???K?G???@o@????A?C????K?G????K?G????F?C?????o@?????E?G?????S?_?????[@??????M@??????B?_??????oG??????F`???????E[???????NG,4,4
104,~?@gsP@H?OC?O`?@??_?G?B??G??O??O??G??E???_??A?_?K???G???C?_?@????W???@????A?G??E????A?????_????C?G???O?????_?????_?????W?????C??????_?????A?C????C??????C??????A?C????@_??????C???????O?_????@_??????@_???????_???????G?G?????@????????K????????G????????G?G??????K????????@?????????G?????????_?_??????@?????????@??????????_?????????G?G???????@_?????????C??????????G?G????????G?G????????C??????????@???????????G?G????????@_??????????@_??????????@_???????????o???????????C????????????_@??????????A????????????A????????????A?G??????????B?????????????O????????????A?????????????G?_???????????O?????????????O?????????????G?_???????????B??????????????W??????????????_?????????????@_?????????????@_??????????????W??????????????E???????????????O??????????????@?_?????????????B???????????????B????????????????_???????????????GG??????????????@@???????????????CC???????????????K????????????????E?????????????????[,u|eMID`GH_a@E@A?`_GG@@_CB?GA?GB?C?o@?E?G?W?_?_@?@o@??O?_?K?G?@_@??E?C??M?G??C?G??E?C??@_@???K?G???o?_??@_@???@o@????O?_???K?G???@_@????E?C????M?G????E?G????B?C?????w@?????B?G?????M?_?????K@??????M@??????B__??????WG??????B`???????FC???????Fw,4,4
104,~?@gsP@H?OC?O`?@??_?G?B??G??O??O??G??E???_??A?_?K???G???C?_?@????W???@????A?G??E????A?????_????C?G???O?????_?????_?????W?????C??????_?????A?C????C??????C?G????A??????@_??????C???????O?_????@_??????@_???????_???????G?G?????@????????K????????G????????G?G??????E????????@?????????G?????????_?_??????@?????????@??????????_?????????G?G???????@_?????????C??????????G?G????????G?G????????C??????????@?@?????????G??????????@_??????????@_??????????@_???????????o???????????C????????????_@??????????A????????????A????????????A?G??????????@_????????????O????????????A?????????????G?_???????????O?????????????O?????????????G?_???????????B??????????????W??????????????o??????????????_?????????????@_??????????????W??????????????E???????????????O??????????????@?_?????????????A???????????????B@??????????????@????????????????OG??????????????A@???????????????GC???????????????OG???????????????W????????????????AK,u|eMID`GH_a@E@A?`_GG@@_CB?GA?GB?C?o@?E?G?W?_?_@?@o@??O?_?M?G??_@??E?C??M?G??C?G??E?C??@_@???K?G???o?_??@_@???@o@????O?_???M?G????_B????E?C????M?G????E?G????B?C?????w@?????B?G?????M?_?????I@??????E@??????B__??????WG??????B`???????FC???????Fw,4,5
104,~?@gsP@H?OC?O`?@??_?G?B??G??O??O??GC?E???_??A?_?K???G???C?_?@????W???@????A?G??A????@?????O@???A?????G?????O?????W?????G?????A??????O?????@??????A?G????E??????@???????O@?????E???????W???????_???????_@??????O???????K???????@_???????C????????G?G??????G????????C????????@?@???????G?????????_????????@?????????@?@????????o?????????G?????????@?@????????C??????????G?G????????G??????????C?C????????B???????????K???????????o??????????@_???????????_???????????O?_?????????C????????????o???????????@????????????A?G??????????A????????????@?????????????O@???????????A?????????????G?????????????O@????????????W?????????????G?????????????A?G????????????O@????????????@_?????????????B??????????????@_??????????????o??????????????C???????????????_G?????????????A???????????????A@??????????????A@??????????????@????????????????OG??????????????A@???????????????GC???????????????W????????????????E?????????????????[,u|eMID`GH_a@E@A?`_GK@?oC@?GB?G@_C?W@?B?G?G?_?o@??o@??O?_?K?G?@_@??F?C??C?G??K?G??E?C??@_@???K?G???o?_??@_@???@o@????O?_???K?G???@_@????F?C????E?G????E?G????B_C?????W@?????B?G?????M?_?????GB??????[@??????F?_??????oG??????F@???????LC???????Fw,4,5
104,~?@gsP@H?OC?O`?@??_?G?B??G??O??O??GC?E???_??A?_?K???G???C?_?@????W???@????A?G??A????@?????O@???A?????G?????O?????W?????G?????A??????O@????@??????A?G????E??????@???????O@?????E???????W???????_???????_@??????O???????K????????_???????A?C??????C????????C????????A?C???????_????????C?????????O?????????_?????????o?????????O?????????C?G????????_@????????A??????????C?G????????K??????????B???????????o??????????E???????????W???????????_???????????_@??????????O???????????A????????????O@??????????@????????????A????????????A?G??????????@?????????????O????????????A?????????????G?_???????????W?????????????W?????????????C?????????????@?G????????????W??????????????o?????????????@_?????????????@_??????????????O??????????????C@??????????????_G?????????????A?_?????????????C???????????????C@??????????????A?_??????????????_G??????????????C????????????????OC???????????????GG???????????????GG???????????????@c,u|eMID`GH_a@E@A?`_GK@?oC@?GB?G@_C?W@?B?G?G?_?w@??O@??W?_?E?G??w@??@?C??E?G??E?G??B?C???o@???E?G???[?_???O@????o@????W?_???F?G????W@????@_C????B?G????B?G????@_C?????[@?????@?W?????K?_?????W@??????[@??????E?_?????@_G??????M`???????EK???????Ng,4,4
104,~?@gsP@H?OC?O`?@??_?G?B??G??O??O??GC?E???_??A?_?K???G???C???@????W???@????A?G??A????@?????O@???A?????G?????O@????o?????W?????C??????_?????A?C????C??????C?G????E???????_??????C?G?????o???????_???????_???????O???????C???????@_???????A????????C?G??????C????????A?????????_@???????C?????????O?_???????_@???????@_?????????o?????????K?????????@??????????C?C????????G?G????????G??????????C?C????????B???????????G???????????_?_?????????_???????????_???????????O?_?????????C????????????_???????????@????????????A?G??????????A????????????@?????????????O@???????????B?????????????K?????????????K?????????????K?????????????E??????????????_?????????????C@?????????????o??????????????_??????????????_G?????????????O??????????????C@??????????????_??????????????B???????????????A???????????????A@??????????????@?_??????????????W???????????????@_???????????????E????????????????CG???????????????B?????????????????k,u|eMID`GH_a@E@A?`_GK@?oC@?GB?G@_C?O@?E?G?W?_?_@?@o@??O?_?K?G?@_@??F?C??C?G??K?G??F?C???_@???K?G???o?_??@_@???@o@????O?_???K?G???@_@????F?C????C?G????N?G????@?K?????w@?????B?G?????M?_?????K@??????K@??????F?_??????gG??????B`???????FC???????Fw,4,4
104,~?@gsP@H?OC?O`?@??_?G?B??G??O??O??GC?E???_??A?_?K???G???C?_?@????W???@????A?G??A????@?????O????A?????G?????O?????W?????G?????A??????O@????@??????A?G????E??????B???????o??????E???????W???????_???????_@??????O???????K????????_???????A?C??????C????????C????????A?????????_????????C?????????O?_???????_?????????o?????????O?????????C?G????????_@????????A??????????C?G????????K??????????E??????????@_??????????K???????????W???????????_???????????_@??????????O???????????A????????????O@??????????@????????????A????????????A????????????@?C???????????O????????????A?G???????????G?????????????W?????????????W?????????????C?????????????@?G????????????W?????????????@_?????????????@_??????????????o??????????????O??????????????C@??????????????o??????????????@???????????????A@??????????????A???????????????@?_??????????????OG??????????????A????????????????K????????????????GW???????????????K????????????????@c,u|eMID`GH_a@E@A?`_GK@?oC@?GB?G@_C?W@?B?G?G?_?w@??O@??W?_?E?G??o@??B?C??E?G??E?G??B?C???o@???E?G???[?_???O@????o@????W?_???E?G????o@????B?C????F?G????B?G????@_C?????[@?????@_G?????E?_?????K@??????M@??????B__??????WG??????B`???????FK???????Fg,4,5
104,~?@gsP@H?OC?O`?@??_?G?B??G??O??O??GC?E???_??A?_?K???G???C?_?@????W???@????A?G??A????@?????O@???A?????G?????O?????W?????G?????A??????O@????@??????A?G????E??????@???????O@?????E???????W???????_???????_@??????O???????K????????_???????A?C??????C????????C????????A?C???????_????????C?????????O?????????_?????????o?????????O?????????C?G????????_@????????A??????????C?G????????K??????????A???????????_@?????????K???????????o??????????@_??????????@????????????_?_?????????G????????????_???????????A?C??????????C????????????C?G??????????A?C???????????_????????????C?G???????????O?????????????_@????????????_?????????????W?????????????E??????????????O?????????????@?C????????????@??????????????@?G?????????????o??????????????E???????????????o??????????????@???????????????A@??????????????B????????????????_???????????????GG??????????????@@???????????????E????????????????E????????????????AG????????????????s,u|eMID`GH_a@E@A?`_GK@?oC@?GB?G@_C?W@?B?G?G?_?w@??O@??W?_?E?G??w@??@?C??E?G??E?G??B?C???o@???E?G???[?_???O@????o@????W?_???F?G????O@????B?C????E?G????E?G????B?C?????o@?????F?G?????G?_?????o@??????{@??????CB_?????B_G??????M@???????]C???????Hw,4,5
104,~?@gsP@H?OC?O`?@??_?G?B??G??O??O??GC?E???_??A?_?K???G???C?_?@????W???@????A?G??A????@?????O????A?????G?????O?????W?????G?????A??????O@????@??????A?G????E??????B???????_??????C?G?????o??????@_??????@????????_?_?????G???????B????????C????????G?G??????G????????C????????@?????????G?G???????_????????@?????????@??????????_?_???????K?????????@??????????C?C????????G?G????????G??????????C?C????????B???????????W???????????_??????????@?@?????????B???????????@_???????????G???????????@?@??????????C????????????C????????????C?G??????????A?????????????_@???????????C?????????????O?_???????????_?????????????_@????????????O?????????????C?G????????????o?????????????B??????????????A??????????????A?G????????????@_??????????????G??????????????@?G?????????????E???????????????E???????????????A???????????????@?_??????????????O???????????????B@???????????????C????????????????GG???????????????KG???????????????BO,u|eMID`GH_a@E@A?`_GK@?oC@?GB?G@_C?W@?B?G?G?_?w@??O@??W?_?E?G??o@??B?C??C?G??K?G??E?C??@_@???K?G???o?_??@o@????_@????o?_???K?G???@_@????F?C????C?G????K?G????E?C????@o@?????E?G?????[?_?????O@??????o@??????[?_?????B_G??????GN??????@pC??????@{G,0,0
104,~?@gsP@H?OC?O`?@??_?G?B??G??O??O??GC?E???_??A?_?K???G???C?_?@????W???@????A?G??A????@?????O@???A?????G?????O?????W?????G?????A??????O@????@??????A?G????E??????@???????O@?????E???????W???????_???????_@??????O???????K????????_???????A?C??????C????????C????????A?C???????_????????C?????????O?????????_@????????o?????????O?????????C??????????_@????????A??????????C?G????????K??????????A???????????_@?????????K???????????o???????????_???????????_@??????????O???????????K????????????_???????????A?C??????????C????????????C?G??????????A?C???????????_????????????C?????????????O?????????????_@????????????o?????????????O?????????????C?G????????????_@????????????A??????????????C?G????????????B??????????????@_??????????????W??????????????@_??????????????A???????????????A???????????????A@??????????????@_???????????????G???????????????@????????????????EC???????????????K????????????????F????????????????@g,u|eMID`GH_a@E@A?`_GK@?oC@?GB?G@_C?W@?B?G?G?_?w@??O@??W?_?E?G??w@??@?C??E?G??E?G??B?C???o@???E?G???O?_??@o@????_@????o?_???K?G???@o@????A?C????K?G????K?G????F?C?????o@?????E?G?????[?_?????O@??????o@??????]?_?????@_w??????KH???????{C???????[W,4,5
104,~?@gsP@H?OC?O`?@??_?G?B??G??O??O??GC?E???_??A?_?K???G???C?_?@????W???@????A?G??A????@?????O????A?????G?????O?????W?????G?????A??????O@????@??????A?G????E??????B???????o??????E???????W???????_???????_@??????O???????K????????_???????A?C??????C????????C????????A?????????_????????C?????????O?_???????_?????????o?????????O?????????C?G????????_@????????A??????????C?G????????K??????????E??????????@_??????????K???????????W???????????_???????????_@??????????O???????????A????????????O@??????????@????????????A?G??????????A????????????@?????????????O????????????A?G???????????G?????????????W?????????????W?????????????C?????????????@?G????????????K??????????????o?????????????@_??????????????o??????????????W??????????????A???????????????OG?????????????@???????????????A@??????????????A@??????????????@????????????????OG??????????????B????????????????E????????????????B????????????????@_????????????????[,u|eMID`GH_a@E@A?`_GK@?oC@?GB?G@_C?W@?B?G?G?_?w@??O@??W?_?E?G??o@??B?C??E?G??E?G??B?C???o@???E?G???[?_???O@????o@????W?_???E?G????o@????B?C????F?G????B?G????@_C?????[@?????@?G?????K?_?????[@??????K@??????E?_?????@oG??????F`???????C[???????^G,4,5
104,~?@gsP@@?OC?O`?@@@_?O?A??W??_??_??O??C???_??A???C???K???C???@?G??G???@_???A????A?G??B?????_????C?G???o????@_????@??????_?????G?????@_?????C??????G??????G?G????C??????@?@?????G???????_??????@?@?????@????????_?_?????W???????B????????G????????O?G??????O????????W????????A?????????O?G??????@_????????A?????????A?@???????@_?????????G?????????@??????????C??????????G?G????????K??????????C??????????@?@?????????G?G?????????_??????????@?@?????????@????????????_???????????G?G?????????@?@??????????K????????????W????????????G????????????C?C??????????@?????????????C?????????????O?_???????????o?????????????o?????????????C?????????????@??????????????G??????????????_C????????????@_?????????????@_??????????????O??????????????C@??????????????o??????????????B???????????????E???????????????B????????????????_???????????????GG??????????????@_???????????????A????????????????CG???????????????EG???????????????@o,u|eMID@WH?e@C@E?`?GW@@?CF?GA?GB?C?_@?K?G?o?_@_@?@_@??_?_?[?G?@?@??M?C??G?G??[?G??E?C??@_@???K?G???o?_??@_@???@_@????o?_???M?G????_@????F?C????C?G????M?G????B?K?????o@?????E?G?????[?_?????W@??????[@??????C?_?????B_G??????JB???????KS???????^G,4,5
104,~?@gsP@H?OC?O`?@??_?G?B??G??O??O??G??E???_??A?_?K???G???C?_?@????W???@????A?G??E????A?????_????C?????O?????_?????_?????W?????C??????_?????A?C????C??????C??????A??????@_??????K???????o??????@_??????@_???????_???????G?G?????@????????K????????G????????G?G??????K????????B?????????O????????@?????????A?@???????A?????????@??????????O?????????A?@????????K??????????O??????????O?G????????G?C????????A???????????O?G????????@???????????A?@?????????E???????????@_???????????W???????????B????????????C????????????G?G??????????G????????????A?????????????_@???????????E?????????????G?????????????O?????????????O@????????????G?????????????A??????????????O@????????????@_?????????????B??????????????@???????????????_C?????????????G@?????????????B???????????????E???????????????K???????????????E???????????????@????????????????OG??????????????@@???????????????E????????????????C????????????????EG????????????????w,u|eMID`GH_a@E@A?`_GG@@_CB?GA?GB?C?o@?E?G?W?_?_@?@o@??O?_?K?G?@_@??C?C??W?G??W?G??K?C??B?@???W?G??@_?_??B?@???B?@???@o?_???G?G???B_@????E?C????K?G????M?G????B?C?????o@?????F?G?????K?_?????[@??????G@??????M?_?????@_W??????M@???????Wk???????}G,4,5
104,~?@gsP@H?OC?O`?@??_?G?B??G??O??O??G??E???_??A?_?K???G???C?_?@????W???@????A?G??E????A?????_@???C?????O?????_?????_?????W?????C??????_?????A?C????C??????C??????A???????o??????C???????O?_????@_??????@_???????_???????G?G?????@????????K????????G????????G?G??????K????????B?????????O????????@??_??????A?????????A?????????@??????????O?????????A?@????????K??????????O??????????O?G????????G?C????????A???????????O?G????????@???????????A?@?????????B???????????@_???????????W???????????B????????????C????????????G?G??????????G????????????A?????????????_@???????????E?????????????G?????????????O@????????????O?????????????G?????????????A??????????????O@????????????@_?????????????B??????????????@???????????????_C?????????????G@?????????????@_??????????????E???????????????K???????????????E???????????????@????????????????OG??????????????@_???????????????A????????????????CG???????????????EG???????????????@o,u|eMID`GH_a@E@A?`_GG@@_CB?GA?GB?C?o@?E?G?W?_?_@?@o@??O?_?K?G?@_@??C?C??[?G??K?G??C?C??B?@???W?G??@_?_??B?@???B?@???@o?_???G?G???B_@????E?C????M?G????E?G????B?C?????o@?????F?G?????K?_?????[@??????G@??????M?_?????@oG??????EF???????Wc???????}G,4,5
104,~?@gsP@H?OC?O`?@??_?G?B??G??O??O??G??E???_??A?_?K???G???C?_?@????W???@????A?G??E????A?????_@???C?????O?????_?????_?????W?????C??????_?????A?C????C??????C??????A???????o??????C???????O?_????@_??????@_???????_???????G?G?????@????????K????????G????????G?G??????K????????B?????????O????????@??_??????A?????????A?????????@??_???????O?????????A?@????????K??????????O??????????O?G????????G?C????????A???????????O?G????????@???????????A?@?????????B???????????@????????????O?G?????????B????????????C????????????G?G??????????G????????????A?????????????_@???????????E?????????????G?????????????O@????????????O?????????????G?????????????A?G????????????O@????????????@_?????????????B??????????????@???????????????_C?????????????G@?????????????@_??????????????C???????????????G@??????????????C@??????????????A?_??????????????_???????????????C@???????????????GC???????????????OG???????????????OG???????????????BC,u|eMID`GH_a@E@A?`_GG@@_CB?GA?GB?C?o@?E?G?W?_?_@?@o@??O?_?K?G?@_@??C?C??[?G??K?G??C?C??B?@???W?G??@_?_??B?@???B?@???@o?_???G?G???B_@????E?C????M?G????E?G????A?C????@o@?????F?G?????K?_?????[@??????G@??????M?_?????@oW??????ED???????Rc??????@wG,4,5
104,~?@gsP@H?OC?O`?@??_?G?B??G??O??O??G??E???_??A?_?K???G???C?_?@????W???@????A?G??E????A?????_@???C?????O?????_?????_?????W?????C??????_?????A?C????C??????C??????A???????o??????E???????W???????o???????_???????O?_?????C???????@_???????A????????C?G??????K????????E????????@?????????G?G???????_????????@?????????@??????????_?_???????K?????????@??????????C?C????????G?G????????G??????????C??????????@???????????G?G?????????o??????????@_??????????@_???????????O???????????C?G??????????_???????????@????????????A?G??????????E????????????B?????????????O????????????A?G???????????G?????????????O?????????????O@????????????K?????????????B??????????????G??????????????_C????????????@??????????????@?G?????????????o??????????????K???????????????_??????????????A?_?????????????C@??????????????C@??????????????B????????????????O???????????????A@???????????????GC???????????????OG???????????????CG???????????????BC,u|eMID`GH_a@E@A?`_GG@@_CB?GA?GB?C?o@?E?G?W?_?_@?@o@??O?_?K?G?@_@??C?C??[?G??K?G??E?C??@_@???K?G???o?_??@_@???@o@????O?_???K?G???@_@????E?C????M?G????E?G????B?C?????w@?????B?G?????M?_?????GB??????[@??????E?_?????@oG??????E@???????\C???????Fw,4,4
104,~?@gsP@H?OC?O`?@??_?G?B??G??O??O??G??E???_??A?_?K???G???C?_?@????W???@_???B????A????@?????O????A?????G?????O?????W?????G?????A??????O?????@??????A??????E??????B???????_??????C?G?????o??????@_??????@????????_?_?????G???????B????????K????????W????????W????????G????????A?@???????O????????@?????????A?????????A?@???????@??????????O?G???????B??????????G??????????O??????????O?G????????G??????????A?@?????????O??????????@_??????????B???????????A???????????@??_?????????W???????????@????????????C?C??????????G????????????W????????????E?????????????o????????????C?????????????O?_???????????_?????????????_?????????????O?????????????C?G????????????_@????????????B??????????????C??????????????C??????????????A?C?????????????_@?????????????C?G?????????????W???????????????o???????????????o???????????????E????????????????_???????????????K????????????????CC???????????????GG???????????????HG???????????????F?,u|eMID`GH_a@E@B?__GK@?oC@?GB?G@_C?W@?B?G?G?_?o@??o@??W?_?C?G?@_@??E?C??K?G??G?G??K?C??B?@???W?G??@_?_??B?@???A?@???B_?_???[?G???@?@????M?C????K?G????K?G????C?C????B_@?????M?G?????W?_?????o@??????_@??????{?_?????B_W??????KD???????pc??????@{G,4,5
104,~?@gsP@H?OC?O`?@??_?G?B??G??O??O??GC?E???_??A?_?K???G???C?_?@????W???@????A?G??A????@?????O????A?????G?????O?????W?????G?????A??????O?????@??????A?G????E??????B???????_??????C?G?????o??????@_??????@????????_?_?????G???????B????????K????????W????????G????????C????????@?@???????G?????????_????????@?????????@??????????_?_???????K?????????@??????????C?C????????G??????????G??????????C?C????????B???????????K???????????o??????????@_??????????@_???????????O???????????C?G??????????_???????????B????????????E????????????A????????????@?????????????O@???????????A?????????????G?????????????O?????????????O@????????????K?????????????A??????????????O@????????????@_?????????????B??????????????@_??????????????o??????????????K???????????????o??????????????@???????????????B???????????????@????????????????__??????????????G???????????????@@???????????????EC???????????????G????????????????KG???????????????BG,u|eMID`GH_a@E@A?`_GK@?oC@?GB?G@_C?W@?B?G?G?_?o@??o@??W?_?E?G??o@??B?C??C?G??K?G??E?C??@_@???K?G???o?_??@_@???@_@????o?_???K?G???@o@????B?C????E?G????E?G????B_C?????W@?????B?G?????K?_?????[@??????M@??????B?_??????oG??????F`???????E[???????NG,4,4
104,~?@gsP@H?OC?O`?@??_?G?B??G??O??O??GC?E???_??A?_?K???G???C?_?@????W???@????A?G??A????@?????O????A?????G?????O?????W?????G?????A??????O?????@??????A?G????E??????B???????_??????C?G?????o??????@_??????@????????_?_?????G???????B????????K????????W????????G????????C?C??????@?????????G?????????_????????@?@???????@??????????_?_???????K?????????@??????????C??????????G??????????G??????????C?C????????@_??????????K???????????_??????????@?@?????????@_???????????O???????????C?G??????????_???????????E????????????K????????????K????????????A?????????????_@???????????C?????????????O?????????????_?????????????_@????????????O?_???????????E??????????????_?????????????A?C????????????C??????????????E??????????????@_??????????????W??????????????A???????????????G?_?????????????K???????????????C???????????????B????????????????o???????????????A@???????????????GC???????????????Q????????????????[????????????????AW,u|eMID`GH_a@E@A?`_GK@?oC@?GB?G@_C?W@?B?G?G?_?o@??o@??W?_?E?G??o@??B?C??C?G??K?G??E?C??@_@???K?G???o?_??@?@???B?@???@_?_???W?G???B_@????E?C????K?G????G?G????M?C????@o@?????E?G?????W?_?????o@??????o@??????]?_?????@_W??????KL???????bC??????BwG,4,4
104,~?@gsP@@?PC?O`?@?@_?O?A??G??O??O??GC?E???_??A???C???K???C???@?G??W???@????A?G??A????@?????O@???E?????W?????_?????_?????O?????C??????_?????A??????C??????C?G????E???????_??????C???????O???????_??????@_???????o???????K???????@_???????E????????G????????G?G??????C????????@?????????G?G??????@_????????B?????????B?????????@??????????O?????????A?@????????G??????????O??????????O?G????????G??????????B???????????W???????????_??????????@???????????@?@??????????_???????????G?G?????????B????????????E????????????K????????????E????????????A?????????????_@???????????C?????????????O?_??????????@_?????????????o?????????????G?????????????A??????????????O@????????????@??????????????A?G????????????A??????????????@_??????????????G??????????????@?G?????????????C?_?????????????G@??????????????W???????????????E????????????????o???????????????E????????????????GC???????????????CG???????????????E????????????????@K,u|eMID@WH_a@E@A?`_GK@?oC@?GB?G@?C?o@?E?G?W?_?_@?@_@??o?_?G?G?B?@??K?C??[?G??G?G??K?C??B?@???O?G??B??_??E?@???F?@???@??_???w?G???B?@????G?C????w?G????[?G????C?C????B_@?????K?G?????o?_????@w@??????OB??????[?_?????B?G??????]@???????[K???????Zg,4,5
104,~?@gsP@@?OC?O`?@?@_?O?A@?W??_??_??O??C@?@_??C???G???G???C???@????G???@_???A????A?G??@?????O????A?G???W?????o?????_?????O?_???K?????@_?????C??????G??????G??????C??????@?@?????W???????_??????@???????@?@??????_???????G???????@?@??????C????????G?G??????W????????K????????A?????????O?G??????@?????????A?????????A?@???????B??????????W?????????A??????????G?C????????W??????????G??????????C??????????@?@?????????G???????????o??????????@_???????????_???????????O???????????C?G??????????_???????????A????????????C?G??????????C?G??????????E?????????????o????????????C?????????????O?_???????????_?????????????_@????????????o?????????????E??????????????o??????????????_?????????????@??????????????@?G?????????????_??????????????K???????????????_??????????????A?_?????????????C@??????????????E???????????????B????????????????W???????????????B????????????????CC???????????????E????????????????B?????????????????[,u|eMID@WH?e@C@E?`?GW@@_CB?GA?GB?C?_@?M?G?O?_@_@?@_@??_?_?W?G?B?@??G?C??o?G??o?G??[?C??A?@???w?G??@??_??F?@???B?@???@o?_???G?G???B_@????E?C????G?G????[?G????F?C?????_@?????M?G?????O?_????@o@??????wB??????GA_?????F?G??????WB??????@wC???????xW,4,5
104,~?@gsP@@?PC?O`?@?@_?O?A??G??O??O??GC?E???_??A???C???K???C???@?G??W???@????A?G??A????@?????O@???E?????W?????_?????_@????O?????C??????_?????A??????C??????C?G????E???????_??????C???????O???????_???????o???????W???????E????????o???????A????????C?G??????C????????A?????????_@???????K?????????o????????@_????????@??????????_?_???????G?????????@??????????C??????????G??????????K??????????E???????????_??????????C???????????O?_?????????_???????????_???????????W???????????E????????????o???????????B????????????C????????????C?G??????????A?????????????_@???????????K?????????????W?????????????o?????????????o?????????????G?????????????A?G????????????O?????????????@??????????????B??????????????@???????????????_C?????????????G@?????????????@???????????????E???????????????E???????????????E???????????????B????????????????OG??????????????@_???????????????E????????????????CG???????????????CG???????????????@c,u|eMID@WH_a@E@A?`_GK@?oC@?GB?G@?C?o@?E?G?W?_?_@?@_@??o?_?G?G?B?@??K?C??[?G??G?G??K?C??B?@???O?G??B_?_??B_@???@?@???@_?_???W?G???B?@????G?C????w?G????[?G????C?C????B_@?????K?G?????c?_????Bo@??????wA??????K?_?????B?G??????]@???????[K???????Zg,4,5
104,~?@gsP@@?PC?O`?@?@_?O?A??G??O??O??GC?E???_??A???C???K???C???@?G??W???@????A?G??A????@?????O@???E?????W?????_?????_@????O?????C??????_?????A??????C??????C?G????E???????_??????C???????O???????_???????o???????W???????E????????o???????A????????C?G??????C????????A?????????_@???????K?????????o????????@_????????@??????????_?_???????G?????????@??????????C?C????????G??????????K??????????E???????????_??????????C???????????O???????????_???????????_@??????????W???????????E????????????W???????????@????????????A?G??????????A????????????@?C???????????o????????????E?????????????W?????????????O?????????????O@????????????G?????????????A?G????????????O?????????????@_?????????????@??????????????@?G?????????????_??????????????G@?????????????@?G?????????????E???????????????E???????????????E???????????????@?_??????????????W????????????????_???????????????AC???????????????CG???????????????AG???????????????@c,u|eMID@WH_a@E@A?`_GK@?oC@?GB?G@?C?o@?E?G?W?_?_@?@_@??o?_?G?G?B?@??K?C??[?G??G?G??K?C??B?@???O?G??B_?_??B_@???@?@???@o?_???K?G???@?@????M?C????M?G????C?G????E?C????@_@?????K?G?????{?_?????OB??????w@??????K?_?????BoG??????EB???????\C???????FW,4,5
104,~?@gsP@@?PC?O`?@?@_?O?A??G??O??O??GC?E???_??A???C???K???C???@?G??W???@????A?G??A????@?????O@???E?????W?????_?????_@????O?????C??????_?????A??????C??????C?G????E???????_??????C???????O???????_???????o???????W???????E????????o???????A????????C?G??????C????????A?????????_@???????K?????????o????????@_????????@??????????_?_???????G?????????@??????????C?C????????G??????????K??????????E???????????_??????????C???????????O?_?????????_???????????_???????????W???????????E????????????W???????????@????????????A?G??????????A????????????@?C???????????o????????????B?????????????K?????????????O?????????????O@????????????G?????????????A?G????????????O?????????????@_?????????????@??????????????@?G?????????????_C?????????????G??????????????@?G?????????????E???????????????E???????????????C???????????????A?_??????????????_G??????????????B????????????????C????????????????KG???????????????CO???????????????@c,u|eMID@WH_a@E@A?`_GK@?oC@?GB?G@?C?o@?E?G?W?_?_@?@_@??o?_?G?G?B?@??K?C??[?G??G?G??K?C??B?@???O?G??B_?_??B_@???@?@???@o?_???K?G???@?@????M?C????M?G????C?G????F?C?????o@?????C?G?????{?_?????OB??????w@??????K@_?????A?G??????{@???????wK???????tg,4,5
104,~?@gsP@@?PC?O`?@?@_?O?A??G??O??O??G??E???_??A???C???K???C???@?G??W???@_???B????A????@?????O@???E?????W?????_?????_@????O?????C??????_@????A??????C??????C??????E???????_??????C???????O???????_???????o???????O???????C?G??????o???????B????????E????????C????????A?????????_@???????K?????????o????????@_????????@??????????_?_???????G?????????@??????????C?C????????G??????????G??????????C?C????????B???????????G???????????_??????????@?@?????????@????????????_?_?????????K???????????@????????????C?C??????????K????????????K????????????A?????????????_????????????C?G???????????o?????????????o?????????????O?????????????G?_???????????A??????????????W??????????????_?????????????@?G????????????B???????????????_??????????????G@?????????????@?G?????????????C?_?????????????K???????????????G???????????????E?_??????????????_???????????????C@???????????????OC???????????????GG???????????????GG???????????????DC,u|eMID@WH_a@E@B?__GK@?oC@?GB?G@?C?o@?E?G?W?_?o@??o@??W?_?C?G?@_@??F?C??C?G??K?G??E?C??@?@???[?G???o?_??@_@???@_@????o?_???K?G???@_@????F?C????C?G????M?G????B?C?????w@?????B?G?????M?_?????K@??????K@??????F?_??????wG??????B`???????FC???????Fw,4,4
104,~?@gsP@@?PC?O`?@?@_?O?A??G??O??O??G??E???_??A???C???K???C???@?G??W???@_???B????A????@?C???O????E?????W?????_?????_@????O?????C??????_@????A??????C??????C??????B???????_??????C???????O???????_???????o???????O???????C?G??????o???????B????????E????????C????????A?C???????_????????K?????????o????????@_????????@??????????_?_???????G?????????@??????????C?C????????G??????????G?G????????C??????????@_??????????G???????????_??????????@?@?????????@????????????_?_?????????K???????????@????????????C?C??????????K????????????E????????????A?????????????_@???????????C?????????????o?????????????o?????????????O?????????????G?_???????????A??????????????O?????????????@?C????????????A?G????????????A?G????????????@_??????????????O??????????????A?G?????????????G?_?????????????O@??????????????W???????????????G???????????????A?G??????????????C@???????????????OC???????????????_????????????????KG???????????????AW,u|eMID@WH_a@E@B?__GK@?oC@?GB?G@?C?o@?E?G?W?_?o@??o@??W?_?C?G?@o@??B?C??C?G??K?G??E?C??@?@???[?G???o?_??@_@???@_@????w?_???C?G???@o@????B?C????C?G????M?G????B?C?????w@?????B?G?????K?_?????[@??????M@??????B?_??????wG??????B`???????E[???????NG,4,2
104,~?@gsP@@?PC?O`?@?@_?O?A??G??O??O??G??E???_??A???C???K???C???@?G??W???@_???B????A????@?????O@???E?????W?????_?????_@????O?????C??????_@????A??????C??????C??????E???????_??????C???????O???????_???????o???????O???????C?G??????o???????B????????E????????C????????A?????????_@???????K?????????o????????@_????????@??????????_?_???????G?????????@??????????C?C????????G?G????????G??????????C??????????B???????????G???????????_?_????????@???????????@????????????_?_?????????K???????????@????????????C?C??????????E????????????E????????????A?????????????_@???????????C?G???????????W?????????????o?????????????O?????????????G?_???????????A??????????????W??????????????_?????????????@???????????????_??????????????OC?????????????C???????????????_G?????????????B???????????????C???????????????E@??????????????B????????????????o???????????????B????????????????E????????????????D????????????????@_????????????????[,u|eMID@WH_a@E@B?__GK@?oC@?GB?G@?C?o@?E?G?W?_?o@??o@??W?_?C?G?@_@??F?C??C?G??K?G??E?C??@?@???[?G???o?_??@_@???@o@????W?_???C?G???@_@????F?C????E?G????E?G????B?C?????w@?????B?G?????M?_?????K@??????G@??????N?_??????oW??????ED???????[C???????]W,4,5
104,~?@gsP@@?PC?O`?@?@_?O?A??G??O??O??G??E???_??A???C???K???C???@?G??W???@_???B????A????@?????O@???E?????W?????_?????_@????O?????C??????_?????A??????C??????C??????E???????_??????C???????O???????_???????o???????O???????C?G?????@_???????E????????K????????K????????C????????@?????????G?G??????@_????????B?????????B?????????@??????????O?G???????A??????????G??????????O?G????????O??????????G?C????????A???????????O?G????????B???????????A???????????A???????????@??_?????????O???????????A?@??????????K????????????O????????????O?G??????????K????????????@_????????????C?????????????O?????????????_@???????????@_?????????????W?????????????A??????????????O@????????????@?C????????????A??????????????A?G????????????@?C?????????????O@?????????????E???????????????G???????????????O@??????????????O@??????????????G?_?????????????@????????????????G@???????????????GC???????????????OG???????????????OG???????????????BC,u|eMID@WH_a@E@B?__GK@?oC@?GB?G@?C?o@?E?G?W?_?_@?@_@??o?_?K?G?@?@??K?C??[?G??G?G??K?C??B?@???O?G??B_?_??B?@???B?@???@_?_???[?G???@_@????E?C????M?G????C?G????F?C?????o@?????F?G?????K?_?????W@??????[@??????E?_?????@oG??????F@???????NC???????Fw,4,4
104,~?@gsP@@?PC?O`?@?@_?O?A??G??O??O??G??E???_??A???C???K???C???@?G??W???@_???B????A????@?????O@???E?????W?????_?????_@????O?????C??????_?????A??????C??????C??????E???????_??????C???????O???????_???????o???????O???????C?G?????@_???????E????????K????????K????????C????????@?????????G?G??????@_????????B?????????B?????????@??????????O?G???????A??????????G??????????O?G????????O??????????G?C????????A???????????O?G????????B???????????A???????????A???????????@??_?????????O???????????A?@??????????K????????????O????????????O?G??????????K????????????@_????????????C?????????????O?????????????_@???????????@_?????????????W?????????????A??????????????O@????????????@??????????????A??????????????A?G????????????@?C?????????????O@?????????????E???????????????G???????????????O@??????????????O@??????????????G?_?????????????B????????????????O???????????????@GC???????????????OO???????????????OG???????????????BC,u|eMID@WH_a@E@B?__GK@?oC@?GB?G@?C?o@?E?G?W?_?_@?@_@??o?_?K?G?@?@??K?C??[?G??G?G??K?C??B?@???O?G??B_?_??B?@???B?@???@_?_???[?G???@_@????E?C????M?G????C?G????F?C?????o@?????F?G?????K?_?????W@??????[@??????E@_?????@oG??????F@???????MC???????Lw,4,5
104,~?@gsP@@?PC?O`?@?@_?O?A??G??O??O??G??E???_??A???C???K???C???@?G??W???@_???B????A????@?????O????E?????W?????_?????_@????O?????C??????_@????A??????C??????C??????E??????@_??????G???????_??????@???????@????????o???????G???????@?@??????E????????K????????K????????C????????@?????????G?G???????_????????B?????????B?????????@_?????????O?????????A?@????????G??????????O??????????O?G????????G?C????????A???????????O?G????????B???????????B???????????A???????????@????????????O?G?????????A????????????G?C??????????W????????????O????????????G?C??????????@_????????????C?????????????O?????????????_@????????????_?????????????o?????????????E??????????????O?????????????@?C????????????A??????????????B???????????????_C?????????????W??????????????@_??????????????C???????????????G@??????????????G@??????????????C?_?????????????@_???????????????I????????????????K????????????????G????????????????BG????????????????w,u|eMID@WH_a@E@B?__GK@?oC@?GB?G@?C?o@?E?G?W?_?o@??o@??W?_?C?G?@_@??E?C??K?G??G?G??K?C??B?@???O?G??B_?_??B?@???B?@???@o?_???K?G???@_@????F?C????E?G????C?G????F?C?????o@?????F?G?????K?_?????[@??????K@??????F?_??????oW??????F@???????MC???????Mw,4,5
104,~?@gsP@@?PC?O`?@?@_?O?A??G??O??O??GC?E???_??A?_?C???K???C???@?G??W???@????A?G??A????@?????O????B?????G?????O@????O?????G?????A?G????O?????@??????A?G????E??????B???????_??????C?G?????O???????o???????_???????O?_?????E????????_???????A?C??????C????????C????????A?????????_????????E?????????O?????????_@????????_?????????O?????????C?G????????_?????????B??????????E??????????E??????????B???????????_??????????C?G?????????O???????????o???????????o???????????K???????????A????????????O@??????????@????????????A????????????A????????????@?C???????????W????????????A?????????????G?_???????????O?????????????O@????????????G?????????????B??????????????W?????????????@_?????????????@??????????????@?G?????????????_C?????????????K???????????????o??????????????B???????????????A???????????????A@??????????????@?_??????????????G???????????????@@???????????????CC???????????????K????????????????B?????????????????[,u|eMID@WH_a@E@A?`_GK@?oC@_G@?G@_C?W@?B?G?K?_?W@??O@??W?_?E?G??o@??B?C??E?G??C?G??F?C???o@???E?G???W?_???o@????_@????w?_???E?G????o@????B?C????E?G????C?G????F?C?????w@?????B?G?????K?_?????[@??????K@??????F?_??????oG??????F`???????EK???????Ng,4,5
104,~?@gsP@@?PC?O`?@?@_?O?A??G??O??O??GC?E???_??A???C???K???C???@?G??W???@????A?G??A????@?????O@???E?????W?????_?????_@????O?????C??????_@????A??????C??????C?G????E???????_??????C???????O???????_???????o???????O???????C?G??????o???????A????????C?G??????C????????A?????????_@???????K?????????o????????@_????????@??????????_?_???????G?????????@??????????C?C????????G??????????K??????????E???????????_??????????C???????????O???????????_@??????????_???????????W???????????E????????????W???????????@????????????A?G??????????A????????????@?C???????????o????????????E?????????????K?????????????O?????????????O@????????????G?????????????A?G????????????O?????????????@_?????????????@??????????????@?G?????????????_??????????????G@?????????????@?G?????????????E???????????????E???????????????E???????????????@?_??????????????W????????????????_???????????????AC???????????????CG???????????????AG???????????????@c,u|eMID@WH_a@E@A?`_GK@?oC@?GB?G@?C?o@?E?G?W?_?o@??o@??O?_?K?G?@_@??F?C??C?G??K?G??E?C??@?@???[?G???o?_??@_@???@_@????o?_???G?G???B_@????F?C????C?G????K?G????F?C?????_@?????M?G?????[?_?????W@??????W@??????N?_??????oW??????F@???????NC???????Ew,4,5
104,~?@gsP@@?PC?O`?@?@_?O?A??G??O??O??G??E???_??A???C???K???C???@?G??W???@????A?G??E????A?????_????C?G???o????@_????@??????_?????G?G???@??????C?C????G??????G??????C??????@?@?????W???????_??????@???????@????????_???????W???????@????????C?C??????K????????G????????C?C??????B?????????G?????????_????????@?@???????B?????????@_?????????W?????????A??????????G??????????O?G????????O??????????G?C????????A???????????O??????????@??_????????A?@?????????E???????????@????????????O???????????A?@??????????G????????????O?G??????????o????????????K????????????@_????????????G?????????????_?_???????????_?????????????o?????????????W?????????????B??????????????G??????????????_?????????????@?G????????????@?G?????????????_??????????????K??????????????@_??????????????A???????????????C@??????????????C@??????????????E????????????????W???????????????B????????????????E????????????????A????????????????BG????????????????w,u|eMID@WH_a@E@A?`_GG@@_CB?GA?GB?C?_@?K?G?o?_@_@?@_@??o?_?G?G?B?@??K?C??W?G??[?G??C?C??B?@???W?G??@??_??E?@???F?@???@_?_???W?G???B?@????G?C????w?G????W?G????M?C????@?B?????[?G?????o?_????@_@?????@w@??????K@_?????B?G??????\@???????MK???????Lg,4,4
104,~?@gsP@@?OC?O`?@?@_?O?A@?W??_??_??O??C@?@_??C???G???G???C???@????G???@_???A????A?G??@?????O????A?G???W?????o?????_?????O?_???K?????@_?????C??????G?G????G??????C??????@?@?????W???????_??????@???????@?@??????_???????G???????@????????C?C??????G????????K????????C????????@?@???????G?????????_????????@?@???????B??????????o?????????G?????????@?@????????K??????????K??????????G??????????C?C????????@???????????K???????????o???????????_???????????_???????????O?_?????????C????????????_???????????A????????????C?G??????????C?G??????????B?????????????_????????????C?G???????????O?????????????_@???????????@_?????????????W?????????????E??????????????o??????????????_?????????????@?G????????????@???????????????o??????????????C???????????????_G?????????????A?_?????????????C???????????????E???????????????@_???????????????W???????????????@@???????????????B????????????????E????????????????AG????????????????s,u|eMID@WH?e@C@E?`?GW@@_CB?GA?GB?C?_@?M?G?O?_@_@?@_@??o?_?K?G?@?@??K?C??W?G??[?G??C?C??B_@???G?G??@o?_??@?@???B_@????o?_???K?G???@_@????C?C????[?G????M?G????A?C????@o@?????C?G?????w?_?????_B?????@w@??????K@_?????B?G??????]@???????[K???????Tg,4,5
104,~?@gsP@@?PC?O`?@?@_?O?A??G??O??O??GC?E???_??A???C???K???C???@?G??W???@????A?G??A????@?????O@???E?????W?????_?????_?????O?_???C??????_@????A??????C??????C?G????E???????_??????C???????O???????_??????@_???????O???????C?G??????o???????A????????C?G??????C????????A?????????_@???????K?????????o????????@_????????@??????????_?????????G?G???????@??????????C?C????????G??????????G??????????C?C????????B???????????G???????????_?_????????@???????????@????????????_?_?????????W???????????@_???????????B????????????C????????????C?G??????????A?????????????_@???????????C?G???????????W?????????????o?????????????O?????????????G?????????????A?G????????????O@????????????@??????????????A??????????????A?G?????????????_??????????????G@?????????????@???????????????C?_?????????????W???????????????E???????????????B????????????????W???????????????@_???????????????A????????????????EG???????????????AO???????????????@c,u|eMID@WH_a@E@A?`_GK@?oC@?GB?G@?C?o@?E?G?W?_?o@??o@??O?_?K?G?@_@??F?C??C?G??K?G??E?C??@?@???W?G??@o?_??@_@???@_@????o?_???G?G???B?@????K?C????[?G????K?G????E?C????@_@?????K?G?????{?_?????WB??????W@??????K?_?????BoG??????EB???????Ws???????uG,4,5
104,~?@gsP@@?PC?O`?@?@_?O?A??G??O??O??GC?E???_??A???C???K???C???@?G??W???@????A?G??A????@?????O????E?????W?????_?????_?????O?_???C??????_@????A??????C??????C?G????E??????@_??????G???????_??????@???????@???????@_???????G???????@?@??????E????????G????????G?G??????C????????@?????????G?G???????_????????B?????????B?????????@_?????????O?????????A??????????G?C????????O??????????O?G????????G??????????B???????????W???????????o??????????@???????????@????????????_?_?????????G???????????@?@??????????K????????????K????????????E????????????A?????????????_@???????????C?????????????O?_???????????_????????????@_?????????????W?????????????A??????????????O?????????????@?C????????????A?G????????????A??????????????@_??????????????K??????????????@???????????????C?_?????????????G@??????????????G@??????????????K????????????????o???????????????C????????????????WC???????????????OO???????????????CG???????????????BC,u|eMID@WH_a@E@A?`_GK@?oC@?GB?G@?C?o@?E?G?W?_?o@??o@??O?_?K?G?@_@??E?C??K?G??G?G??K?C??B?@???O?G??B??_??F?@???B?@???@_?_???W?G???A?@????[?C????[?G????K?G????C?C????B_@?????K?G?????o?_????@w@??????WB??????K?_?????AWG??????{@???????[W???????ZG,4,5
104,~?@gsP@@?PC?O`?@?@_?O?A??G??O??O??GC?E???_??A???C???K???C???@?G??W???@????A?G??A????@?????O@???E?????W?????_?????_?????O?_???C??????_@????A??????C??????C?G????E???????_??????C???????O???????_??????@_???????O???????C?G??????o???????A????????C?G??????C????????A?????????_@???????K?????????o????????@_????????@??????????_?????????G?G???????@??????????C?C????????G??????????G??????????C?C????????B???????????G???????????_??????????@?@?????????@????????????_?_?????????W???????????@????????????C?C??????????K????????????K????????????A?????????????_????????????C?G???????????o?????????????o?????????????O?????????????G?????????????A?G????????????W??????????????_?????????????@?G????????????B???????????????_??????????????G@?????????????@?G?????????????C?_?????????????W???????????????G???????????????E?_??????????????_???????????????C@???????????????OC???????????????GG???????????????GG???????????????DC,u|eMID@WH_a@E@A?`_GK@?oC@?GB?G@?C?o@?E?G?W?_?o@??o@??O?_?K?G?@_@??F?C??C?G??K?G??E?C??@?@???W?G??@o?_??@_@???@_@????o?_???K?G???@_@????F?C????C?G????M?G????B?C?????o@?????F?G?????M?_?????K@??????K@??????F?_??????wG??????B@???????NC???????Fw,4,5
104,~?@gsP@@?OC?O`?@?@_?O?A??W??_??_G?O??C@?@_??C???G???G???K???A????O???@????A????A?G??@?????O????A?G???W?????o?????_?????O?????C?G???@_?????E??????G??????G?G????C??????@?@?????W???????_??????@???????@????????_???????W???????@????????C????????G?G??????G????????E?????????_????????C?????????O?_??????@_????????@_?????????o?????????G?????????@??????????C?C????????W??????????K??????????C??????????@?@?????????G?G????????@_??????????@???????????@????????????_?_?????????G???????????@?@??????????K????????????G????????????G?G??????????C?C??????????@?????????????C?????????????O?????????????_@???????????@_?????????????W?????????????A??????????????O?????????????@?C????????????@_?????????????@_??????????????o??????????????C???????????????_G?????????????A?_?????????????C@??????????????K???????????????B????????????????O???????????????A@???????????????GC???????????????CG???????????????CG???????????????BC,u|eMID@WH?e@E@A?`_GK@?oC@?GB?G@?C?o@?E?G?O?_@_@?@_@??o?_?K?G?@_@??F?C??C?G??K?G??E?C??@?@???W?G??@o?_??@?@???B_@????o?_???K?G???@_@????F?C????C?G????M?G????B?C?????o@?????F?G?????M?_?????K@??????K@??????F?_??????wG??????B@???????NC???????Fw,4,5
104,~?@gsP@@?PC?O`?@?@_?O?A??G??O??O??G??E???_??A???C???K???C???@?G??W???@????A?G??E????A?????_????C?G???o????@_????@??????_?_???G?????@??????C??????G?G????G??????C??????@?@?????W???????_??????@???????@????????_???????K???????@????????C?C??????W????????G????????C?C??????B?????????G?????????_????????@?@???????B?????????@_?????????W?????????A??????????G?C????????O??????????O??????????G?C????????A?@?????????O??????????@???????????A?@?????????E???????????@????????????O???????????A?@??????????G????????????O?G??????????W????????????G????????????A?@???????????K?????????????o?????????????_?????????????_?????????????O?_???????????K??????????????o?????????????@??????????????A?G????????????A??????????????@_??????????????K??????????????@_??????????????A???????????????C@??????????????C@??????????????A?_??????????????o???????????????C????????????????WC???????????????OO???????????????OG???????????????BC,u|eMID@WH_a@E@A?`_GG@@_CB?GA?GB?C?_@?K?G?o?_@_@?@?@?@o?_?G?G?B?@??K?C??W?G??[?G??C?C??B?@???W?G??@??_??F?@???B?@???@_?_???[?G???@_@????E?C????K?G????M?G????A?C????@o@?????E?G?????[?_?????W@??????[@??????F?_??????wG??????B`???????FC???????Fw,4,4
104,~?@gsP@@?PC?O`?@?@_?O?A??G??O??O??GC?E???_??A???C???K???C???@?G??W???@????A?G??A????@?????O????E?????W?????_?????_@????O?????C??????_?????A?C????C??????C?G????E??????@_??????G???????_??????@???????@????????o???????G???????@?@??????K????????G????????G?G??????C????????@?????????G?G???????_????????B?????????B?????????@_?????????O?????????A?@????????G??????????O??????????O?G????????G?C????????B???????????W???????????o??????????@???????????@????????????_?_?????????G???????????@?@??????????E????????????G????????????G?G??????????A?????????????_@???????????C?????????????O?_???????????_????????????@_?????????????W?????????????A??????????????O@????????????@??????????????B??????????????@_??????????????W??????????????C???????????????_G?????????????A?_?????????????C@??????????????E???????????????A????????????????_G??????????????C@???????????????OC???????????????_????????????????KG???????????????AW,u|eMID@WH_a@E@A?`_GK@?oC@?GB?G@?C?o@?E?G?W?_?_@?@o@??O?_?K?G?@_@??E?C??K?G??G?G??K?C??B?@???O?G??B_?_??B?@???B?@???@o?_???G?G???B_@????F?C????E?G????C?G????F?C?????o@?????F?G?????K?_?????[@??????G@??????N?_??????oW??????F@???????MC???????Mw,4,5
104,~?@gsP@@?PC?O`?@?@_?O?A??G??O??O??GC?E???_??A???C???K???C???@?G??W???@????A?G??A????@?????O????E?????W?????_?????_@????O?????C??????_?????A?C????C??????C?G????E??????@_??????G???????_??????@???????@????????o???????G???????@?@??????K????????G????????G?G??????C????????@?????????G?G???????_????????B?????????B?????????@_?????????O?????????A?@????????G??????????O??????????O?G????????G?C????????A???????????O?G????????B???????????B???????????A???????????@????????????O?G?????????A????????????G?C??????????W????????????O????????????G?C??????????@_????????????C?????????????O?????????????_@????????????_?????????????o?????????????E??????????????O?????????????@?C????????????A??????????????B???????????????_C?????????????W??????????????@_??????????????C???????????????G@??????????????G@??????????????C?_?????????????@_???????????????I????????????????K????????????????G????????????????BG????????????????w,u|eMID@WH_a@E@A?`_GK@?oC@?GB?G@?C?o@?E?G?W?_?_@?@o@??O?_?K?G?@_@??E?C??K?G??G?G??K?C??B?@???O?G??B_?_??B?@???B?@???@o?_???K?G???@_@????F?C????E?G????C?G????F?C?????o@?????F?G?????K?_?????[@??????K@??????F?_??????oW??????F@???????MC???????Mw,4,4
104,~?@gsP@@?PC?O`?@@@_?O?A??G??O??O??G??A???O??@?_?E???C???A?_?@_???G????_C??B????A????@?C???o????A?????G?????O?????O?????G?????A?G????O?????@??????A??????A??????@???????O@?????E???????W???????_???????_@??????o???????C????????_@??????E????????K????????K????????E?????????_????????C?????????O?????????_?????????_?????????O?_???????C?G????????_?????????A??????????C??????????C??????????A???????????_@?????????K???????????o??????????@_??????????@????????????_?_?????????E????????????o???????????B????????????E????????????E????????????@?????????????O????????????A?G???????????G?????????????O?????????????W?????????????C?????????????@??????????????G??????????????o?????????????@_??????????????o??????????????W??????????????C???????????????oG?????????????B???????????????E???????????????E???????????????@????????????????OG??????????????A@???????????????I????????????????C????????????????EG????????????????w,u|eMID@WH_a@E@A?`_GG@@oC@?GB?G@_C?W@?B?G?G?_?w@??O@??W?_?E?G??_@??F?C??C?W??K?G??E?C??@_@???K?G???o?_??@o@????o@????W?_???E?G????g@????@_C????B?G????B?G????@_C?????W@?????B_G?????E?_?????K@??????K@??????F?_??????wG??????B@???????NC???????Fw,4,5
104,~?@gsP@@?PC?O`?@?@_?O?A??G??O??O??GC?E???_??A???C???K???C???@?G??W???@????A?G??A????@?????O@???E?????W?????_?????_@????O?????C??????_?????A?C????C??????C?G????E???????_??????C???????O???????_???????o???????O???????C?G?????@_???????A????????C?G??????C????????A?????????_@???????K?????????o????????@_????????@??????????_?_???????G?????????@??????????C??????????G?G????????G??????????C?C????????B???????????G???????????_??????????@?@?????????@????????????_???????????K???????????@_???????????E????????????E????????????A????????????@?????????????O@???????????E?????????????K?????????????W?????????????W?????????????C?????????????@??????????????G@?????????????_C????????????B??????????????@???????????????_C?????????????G@?????????????@???????????????E???????????????K???????????????A???????????????@?_??????????????OG??????????????@_???????????????E????????????????E????????????????@_????????????????[,u|eMID@WH_a@E@A?`_GK@?oC@?GB?G@?C?o@?E?G?W?_?_@?@o@??O?_?K?G?@_@??F?C??C?G??K?G??E?C??@?@???[?G???o?_??@_@???@?@???@o?_???K?G???@_@????F?C????C?G????M?G????B?C?????_@?????M?G?????[@_?????OD??????w@??????K?_?????B_G??????M@???????XC???????Fw,4,4
104,~?@gsP@H?OC?O`?@??_?G?B??G??O??O??GC?E???_??A?_?K???G???C???@????W???@????A?G??A????@?????O????A?????G?????O@????o?????W?????C??????_?????A?C????C??????C?G????E??????@_??????G???????_?_????B???????@????????_???????G???????@????????K????????G????????G?G??????C????????@?????????G?G???????_????????@?????????@?@????????_?_???????W?????????B??????????K??????????O??????????O?G????????G?C????????A???????????O?G????????B???????????B???????????A???????????@??_?????????G???????????@????????????C????????????G?G??????????G????????????A?????????????_@???????????C?????????????O?????????????_@????????????_@????????????W?????????????E??????????????o?????????????@_?????????????B??????????????@???????????????_C?????????????W???????????????_??????????????A?_?????????????C???????????????C@??????????????A?_??????????????o???????????????A????????????????KC???????????????K????????????????B?????????????????k,u|eMID`GH_a@E@A?`_GK@?oC@?GB?G@_C?O@?E?G?W?_?_@?@o@??O?_?K?G?@_@??E?C??K?G??G?G??K?C??B_@???G?G??@_?_??B?@???B?@???@o?_???G?G???B?@????K?C????[?G????K?G????C?C????Bo@?????C?W?????o?_????@o@??????w@??????K?_?????B?G??????]@???????S[???????^G,4,4
104,~?@gsP@@?OE?O?_@_?_?G?B??G??O??O??W??C???_??A???K???G???C???@?G??W???@_???A????A????@?????o????E?????O?????_@????_?????o?????C??????_?????A??????C?G????K??????E??????@???????G???????_?_????@???????@_???????_???????G???????@?@??????K????????W????????G????????C????????@?????????G?G??????@_????????@_????????@??????????_?_???????G?????????B??????????C??????????G?G????????G??????????C?C????????B???????????W???????????_??????????@???????????@?@??????????_???????????K???????????@????????????C????????????G?G??????????K????????????A?????????????_@???????????C?????????????O?_??????????@_?????????????o?????????????W?????????????A??????????????o?????????????@??????????????A?G????????????A?G????????????@_??????????????G??????????????@?G?????????????C?_?????????????K???????????????G???????????????E????????????????O???????????????A@???????????????GC???????????????K????????????????CW???????????????F?,u|fIID`GH_a@E@A?`_GK@?_CB?GA?GB?C?o@?C?G?w?_?_@?@_@??o?_?K?G?@_@??E?C??G?G??[?G??C?C??B_@???K?G???_?_??B_@???@_@????o?_???K?G???@_@????F?C????C?G????M?G????A?C????@o@?????E?W?????O?_????@o@??????oB??????[?_?????B_G??????M@???????UC???????Jw,4,4
104,~?@gsP@@?OC?O`?@?@_?O?A@?W??_??_??O??C??@_??C???G@??G???C???@????G@??@_???A????A?G??B?????_????C?????O?????o?????_?????O?_???K??????_?????A??????C??????C??????A???????_@?????K???????o??????@???????@?@??????_???????G???????@????????C?C??????W????????W????????K????????B?????????G?????????_????????@?????????@?@????????o?????????G?????????@?@????????K??????????G??????????G?G????????C??????????@???????????G???????????_?_????????B???????????B????????????_???????????G?G?????????@????????????C????????????G????????????G?G??????????E????????????@_????????????K?????????????O?????????????_@????????????_?????????????O?_???????????E??????????????o?????????????B??????????????A??????????????A?G????????????@???????????????O@?????????????A?G?????????????K???????????????K???????????????C???????????????B????????????????W????????????????_???????????????AC???????????????EG???????????????E????????????????@c,u|eMID@WH?e@C@E?`?GW@@?CE?GE?GB?C?_@?M?G?O?_@o@??_@??o?_?K?G?@_@??E?C??K?G??K?G??E?C??@_@???G?G??@o?_??@?@???B_@????o?_???K?G???@_@????E?C????K?G????K?G????F?C?????o@?????C?G?????w?_?????_B?????@o@??????W@_?????F?G??????[@???????{C???????Tw,0,0
104,~?@gsP@@?OC?O`?@?@_?O?A@?W??_??_??O??C@?@_??C???G???G???C???@????G@??@_???A????A?G??@?????O????A?????W?????o?????_?????O?_???K??????_?????A??????C??????C??????A?C????@_??????K???????_??????@???????@?@??????_???????G???????@????????C?C??????W????????W????????K????????@?????????G?????????_????????@?@???????B??????????o?????????G?????????@?@????????K??????????G??????????G?G????????C??????????@???????????G?G????????@_??????????B???????????@????????????_???????????G?G?????????@?@??????????C????????????G????????????G?G??????????E????????????@_????????????C?????????????O?????????????_?????????????_@????????????o?????????????A??????????????O@????????????B??????????????A??????????????A?G????????????@_??????????????W??????????????B???????????????C???????????????K@??????????????C???????????????B????????????????W???????????????@????????????????CC???????????????IG???????????????E????????????????@c,u|eMID@WH?e@C@E?`?GW@@_CB?GA?GB?C?_@?M?G?O?_@o@??_@??o?_?K?G?@_@??E?C??K?G??K?G??C?C??B_@???G?G??@o?_??@?@???B_@????o?_???K?G???@_@????E?C????K?G????M?G????A?C????@o@?????F?G?????G?_?????w@??????WB??????M?_?????@_G??????M@???????]C???????Jw,0,0
