n_c,fullerene_g6,dual_g6,depth_fullerene,depth_dual
102,~?@esP@@?OC?O`?@?@_?O?A??W??_??_??O??C??@_??C???G???G@??K???A????O@??@????E????E????B?????_????C?????O????@_?????_?????O?????C??????o?????A??????C??????C??????A???????_??????K???????o??????@???????@?@??????_?_?????W???????B????????G????????O?G??????O?G??????W????????E?????????o????????B?????????C?????????C?????????A??_???????_?????????A??????????G??????????O??????????O??????????C??????????@???????????G?G?????????_??????????@???????????@?@?????????@_???????????K???????????@_???????????E????????????K????????????K????????????E????????????@_????????????E?????????????W?????????????O?????????????O?????????????G?_???????????A?G????????????O?????????????@?C????????????A??????????????A?G????????????@???????????????O@?????????????A?G?????????????G?_?????????????o???????????????K???????????????B????????????????W????????????????P???????????????@_???????????????@W,t|eMID@WH?e@C@E?`_GG@@_CB?GA?GB?C?o@?E?G?W?_?o@??_@??o?_?K?G?@_@??C?C??W?G??W?G??K?C??B?@???W?G??@_?_??B?@???B_@????_?_???[?G???@_@????E?C????K?G????M?G????B?C?????o@?????E?G?????W?_?????w@??????OB??????]?_?????@_W??????N@???????Mk,2,2
102,~?@esP@@?OC?O`?@?@_?O?A??W??_??_??O??C@?@_??C???G???G@??K???A????O@??@????E????C????A?C???_????C?????O?_??@_?????_?????O?????C??????o?????A??????C??????C??????A???????_@?????K???????O???????_???????_@??????o???????K???????@????????C?C??????G?G??????W????????K????????A?????????O?G??????@?????????A?????????A?@???????B??????????O?????????A?@????????G??????????O??????????G??????????C??????????@?@?????????G???????????_??????????@?@?????????B????????????_???????????G???????????@?@??????????E????????????K????????????K????????????E?????????????o????????????C?????????????O?_???????????_?????????????o?????????????W?????????????A??????????????O@????????????@??????????????A??????????????A?G????????????@?C?????????????O@?????????????B???????????????K???????????????K???????????????E???????????????B????????????????CG???????????????`???????????????B????????????????AW,t|eMID@WH?e@C@E?`?GW@@_CB?GA?GB?C?o@?E?G?W?_?o@??_@??o?_?K?G?@?@??K?C??W?G??[?G??C?C??B?@???W?G??@_?_??B?@???B_@????_?_???[?G???@_@????C?C????W?G????W?G????M?C????@?B?????W?G????@o?_????@_@?????@o@??????]?_?????@?w??????\@???????NK,0,0
102,~?@esP@@?OC?O`?@@@_?O?A??W??_??_G?O??C???_??A???C???K???C???@?G??G????_???@?G??B????@?????O@???E?????W?????_?????_?????O?????E??????_?????A?C????C??????C?G????A???????_??????C???????O???????_??????@_???????o???????G???????@?@??????C?C??????G????????G?G??????E????????@?????????G?G??????@_????????B?????????B?????????@??????????O?G???????A??????????G??????????G??????????G?G????????C??????????@?@?????????G?G?????????_??????????@???????????@????????????_?_?????????G???????????@_???????????E????????????K????????????C????????????A?C???????????O????????????A?G???????????W?????????????o?????????????W?????????????G?????????????A?G????????????O?????????????@_?????????????@_??????????????_??????????????O??????????????C@??????????????_G?????????????A?_?????????????E???????????????E???????????????@?_??????????????OG??????????????E????????????????AC???????????????Cg,t|eMID@WH?e@E@A?`_GG@@oC@?GB?G@?C?o@?E?G?W?_?o@??o@??O?_?M?G??_@??F?C??C?G??K?G??E?C??@?@???W?G??@_?_??B?@???B_@????o?_???G?G???B_@????F?C????C?G????K?G????F?C?????_@?????M?G?????W?_?????{@??????GB??????N?_??????_W??????N@???????Mk,2,2
102,~?@esP@@?OC?O`?@?@_?O?A??W??_??_G?O??C??@_??C???G@??G???K???A????O???@????A????A?G??B?????_????C?????O?????o?????_?????O?????C?G???@_?????E??????G??????G?G????C??????@???????G?G????@_??????B???????A???????@??_?????O?G?????E????????G????????O????????O????????G?C??????B?????????W?????????_????????@?????????@??????????_?????????C??????????_?????????A?C????????K??????????K??????????A???????????_@?????????C???????????O?_????????@_??????????@_???????????o???????????K???????????@_???????????A????????????C????????????C????????????A?C???????????o????????????A?????????????G?????????????O?????????????O@????????????G?????????????B??????????????W?????????????@_?????????????@_??????????????_G?????????????o??????????????K???????????????o??????????????B???????????????A???????????????A_???????????????O???????????????CG???????????????`???????????????BC???????????????F?,t|eMID@WH?e@E@A?`_GG@@_CB?GB?G@?C?o@?E?G?O?_@_@?@_@??o?_?K?G?@_@??E?C??K?G??K?G??E?C??@_@???M?G???O?_??@_@???@o@????W?_???E?G????o@????B?C????E?G????E?G????B?C?????w@?????A?W?????W?_?????{@??????KB??????E?_?????@oG??????E`???????E{,2,2
102,~?@esP@@?OC?O`?@?@_?O?A??W??_??_G?O??C??@_??C???G@??G???K???A????O@??@????A????A?G??B?????_????C?????O?????o?????_?????O?????C??????o?????A??????C?G????C??????A???????_@?????K???????o??????@???????@?@??????_???????W???????B????????G????????O?G??????O????????K????????B?????????G?????????_????????@?????????@??????????o?????????G?????????@??????????C?C????????G??????????K??????????C??????????@?@?????????G???????????_?_????????B???????????B???????????@_???????????W???????????@????????????K????????????K????????????K????????????A?????????????o????????????A?????????????G?????????????O?????????????O@????????????K?????????????A??????????????O?????????????@?C????????????B??????????????B???????????????_C?????????????W??????????????B???????????????E???????????????C@??????????????K???????????????B????????????????GG??????????????@????????????????DC???????????????Ao,t|eMID@WH?e@E@A?`_GG@@_CB?GB?G@?C?o@?E?G?W?_?o@??o@??W?_?E?G??o@??B?C??E?G??E?G??A?C??@_@???K?G???o?_??@_@???@_@????o?_???K?G???@_@????E?C????K?G????M?G????A?C????@_@?????M?G?????[?_?????[@??????K@??????E?_?????@wG??????BF???????Nc,2,2
102,~?@esP@@?OC?O`?@?@_?O?A??W??_??_G?O??C??@_??C???G@??G???K???A????O@??@????A????A?G??B?????_????C?????O?????o?????_?????O?????C??????o?????A??????C?G????C??????A???????_@?????K???????o??????@???????@?@??????_???????W???????B????????G????????O?G??????O?G??????K????????B?????????G?????????_????????@?????????@??????????o?????????G?????????@??????????C??????????G??????????C??????????A?C?????????_??????????C?G?????????o??????????@_??????????@_???????????o???????????C???????????@_???????????E????????????K????????????K????????????B?????????????O????????????A?????????????G?????????????O@????????????W?????????????G?????????????A??????????????O@????????????@??????????????A?G????????????A?G????????????@?C?????????????o??????????????E???????????????K???????????????G@??????????????W???????????????E????????????????GG??????????????@????????????????DC???????????????Ao,t|eMID@WH?e@E@A?`_GG@@_CB?GB?G@?C?o@?E?G?W?_?o@??o@??W?_?E?G??o@??B?C??E?G??E?G??A?C??@_@???K?G???o?_??@o@????o@????W?_???E?G????o@????B?C????F?G????A?G????B?C?????o@?????E?G?????[?_?????WB??????W@??????K?_?????BoG??????EF???????\c,0,0
102,~?@esP@@?OC?O`?@?@_?O?A??W??_??_??O??C??@_??C???G@??G???K???A????O???@?C??E????C????A?C??@_????G?????_????@?????@_?????_?????G?????@??????K??????G??????G??????C?C????@???????G?G?????_??????B???????B???????@????????O?G?????A?@??????W????????o????????_????????O?C??????C?@??????@_????????A?????????C?@???????E?????????A??????????_?????????C??????????O?C????????O??????????O??????????G??????????A???????????G???????????_??????????@?@?????????@????????????_?_?????????G?G?????????B????????????K????????????K????????????K????????????E????????????@_????????????K?????????????o?????????????o?????????????G?????????????C?????????????@??????????????G@?????????????_C????????????@??????????????@???????????????_C?????????????G??????????????@_G?????????????E???????????????K???????????????B???????????????@_???????????????K????????????????P???????????????@_???????????????@W,t|eMID@WH?e@C@E?`?GW@@?CE?GE?GB?C?_@?K?G?o?_@?@?B_@??_?_?[?G?@?@??M?C??G?G??W?G??K?C??B?@???W?G??@_?_??B?@???B?@???@o?_???G?G???B_@????F?C????E?G????E?G????B_C?????W@?????B?G?????K?_?????[@??????GB??????N?_??????oW??????F`???????Ek,0,0
102,~?@esP@@?OC?O`?@?@_?O?A??W??_??_??O??C@?@_??C???G@??G???K???A????O???@?C??E????C????A?C???_????C?????O?????o?????_?????O?????C?????@_?????A??????C??????C?G????A???????_@?????K???????o??????@???????@?@??????_?_?????W???????B????????G????????O?G??????O?G??????W????????A?????????O?G??????@?????????A?????????A?????????@??_???????G?????????@??????????C??????????G??????????C??????????A???????????_@?????????C???????????O?_????????@_??????????@_???????????W???????????E????????????o???????????B????????????E????????????E????????????@?????????????O@???????????A?????????????G?????????????O?????????????O@????????????G?_???????????A??????????????O?????????????@??????????????B??????????????@_??????????????o??????????????K???????????????W??????????????@_??????????????B???????????????B????????????????__??????????????G???????????????@_???????????????AK???????????????D_,t|eMID@WH?e@C@E?`?GW@@_CB?GB?G@?C?o@?E?G?O?_@o@??_@??w?_?C?G?@_@??E?C??K?G??K?G??E?C??@_@???K?G???o?_??@o@????_@????w?_???C?W???@_@????E?C????K?G????M?G????B?C?????o@?????E?G?????[?_?????S@??????M@??????B?_??????{G??????@b???????Fs,2,2
102,~?@esP@@?OC?O`?@@@_?O?A??W??_??_??O??C???_??A???C???K???C???@????G@??@_???B????B????@?????O@???E?????W?????_?????_?????O?????K??????_?????A??????C??????C??????A???????_??????C???????O?_?????_??????@_???????o???????G???????@?@??????C?C??????W????????W????????K????????B?????????W????????@_????????@_????????@??????????_?????????G?????????@??????????A??????????C?G????????C??????????A???????????_??????????C???????????O???????????_@??????????_???????????o???????????K???????????@_???????????E????????????E????????????E????????????B?????????????o????????????E?????????????K?????????????O?????????????O@????????????G?????????????A??????????????O@????????????@?C????????????A??????????????A??????????????@?C?????????????W??????????????@???????????????E???????????????K???????????????B???????????????@_???????????????M????????????????a???????????????AC???????????????EG,t|eMID@WH?e@C@E?`_GG@@oC@?GB?G@?C?o@?E?G?O?_@o@??_@??o?_?K?G?@_@??C?C??[?G??G?W??M?C??@?@???W?G??@_?_??B?@???B_@????o?_???K?G???@_@????E?C????I?G????F?G????@?K?????o@?????E?G?????W?_?????w@??????WB??????K?_?????BgG??????Bb???????Es,2,2
102,~?@esP@@?OC?O`?@@@_?O?A??W??_??_??O??C???_??A???C???K???C???@????G@??@_???B????B????@?????O@???E?????W?????_?????_?????O?????K??????_?????A??????C??????C??????A?C?????_??????C???????O???????_@?????@_???????o???????G???????@?@??????C?C??????W????????W????????K????????@?????????G?G??????@_????????B?????????@??????????_?????????G?????????@??????????A??????????C??????????C??????????A???????????_@?????????C???????????O???????????_@??????????_@??????????o???????????K???????????@_???????????E????????????K????????????K????????????E?????????????_????????????C?G???????????o?????????????O?????????????O@????????????G?????????????A??????????????O@????????????@??????????????A?G????????????B???????????????_??????????????K???????????????o??????????????B???????????????B???????????????@_???????????????O_??????????????K????????????????`???????????????AC???????????????DG,t|eMID@WH?e@C@E?`_GG@@oC@?GB?G@?C?o@?E?G?O?_@o@??_@??o?_?K?G?@_@??F?C??C?G??K?G??E?C??@_@???K?G???o?_??@o@????_@????o?_???K?G???@_@????F?C????C?G????M?G????B?C?????o@?????E?G?????[?_?????OB??????w@??????N?_??????_w??????N@???????LK,2,2
102,~?@esP@@?OC?O`?@@@_?O?A??W??_??_??O??C???_??A???C???K???C???@????G@??@_???B????B????@?????O@???E?????W?????_?????_?????O?????K??????_?????A??????C??????C??????A?C?????_??????C???????O???????_@?????@_???????o???????G???????@????????C?C??????W????????W????????K????????@?????????G?G??????@_????????B?????????@??????????_?????????G?????????@?@????????K??????????G??????????G?G????????C??????????@???????????G?G?????????_??????????@???????????@?@??????????_?_?????????W???????????B????????????C????????????G????????????G?G??????????E????????????@_????????????E?????????????W?????????????G?????????????G?????????????C?_???????????@?G????????????W??????????????_?????????????@?G????????????@???????????????_C?????????????K??????????????@_??????????????@???????????????B???????????????@_???????????????W???????????????B????????????????W????????????????c???????????????@g,t|eMID@WH?e@C@E?`_GG@@oC@?GB?G@?C?o@?E?G?O?_@o@??_@??o?_?K?G?@_@??F?C??C?G??K?G??E?C??@_@???K?G???o?_??@?@???B_@????o?_???K?G???@_@????F?C????C?W????M?G????B?C?????o@?????F?G?????G?_?????w@??????WB??????L?_??????wG??????Bp???????A{,2,2
102,~?@esP@@?OC?O`?@@@_?O?A@?W??_??_??O??C???_??A???C???C???A????_G??K????_???@?G??B????@?????O@???E?????W?????_?????_@????o?????C??????_?????A?C????C??????C??????A???????_??????C???????O?_?????_???????_???????O???????C?G?????@_???????A????????C?G??????K????????E????????@?????????G?G??????@_????????@_????????@??????????_?_???????W?????????@??????????C?C????????G?G????????G??????????C??????????@?@?????????G???????????_??????????@???????????@?@??????????_???????????G???????????@????????????C?C??????????C????????????C?G??????????E?????????????o????????????E?????????????W?????????????W?????????????O?????????????G?_???????????E??????????????W??????????????_?????????????@??????????????@?G?????????????_??????????????K???????????????_??????????????A???????????????E???????????????AB??????????????B????????????????W???????????????B_???????????????CG???????????????HG,t|eMID@WH?e@C@E?`?GW@@?CF?GA?GB?C?_@?M?G?O?_@o@??_@??w?_?C?G?@_@??E?C??G?G??[?G??C?C??B_@???G?G??@o?_??@?@???B_@????w?_???C?G???@_@????F?C????C?G????M?G????A?K????@o@?????C?W?????w?_?????c@?????@w@??????K@??????B_G??????I`???????F[,2,2
102,~?@esP@@?OC?O`?@?@_?O?A??W??_??_??O??C??@_??C???G???G@??K???A????O???@?C??E????C????A?C??@_????G?????_?_??@?????B??????_?????G?????@?@????K??????G??????G??????C?C????@???????G???????_??????@_??????@????????_?_?????G?G?????B????????C????????G????????G?G??????K????????@?????????G?G??????@_????????B?????????A?????????@??_???????O?????????@??????????C??????????G?G????????W??????????C??????????@?@?????????G?G?????????_??????????@???????????@?@??????????_???????????K???????????@_???????????E????????????C????????????C????????????A?C???????????O????????????A?G???????????W?????????????W?????????????W?????????????C?????????????@??????????????G@????????????@_?????????????@_??????????????_??????????????O??????????????C@??????????????o??????????????B???????????????A???????????????B????????????????`_??????????????W???????????????@_???????????????AC???????????????Cg,t|eMID@WH?e@C@E?`?GW@@?CE?GE?GA?C@_@?K?G?o?_@?@?B_@??_?_?[?G?@?@??K?C??W?G??O?G??[?C??B?@???W?G??@_?_??B_@???@?@???@o?_???M?G????_@????E?C????M?G????C?G????F?C?????oB?????E?G?????[?_?????Q@??????{@??????E@??????@oG??????D`???????F[,2,2
102,~?@esP@@?OC?O`?@?@_?O?A??W??_??_??O??C@?@_??C???G???G@??K???A????O???@?C??E????C????A?C???_????C?????O????@_?????_?????O?????C?????@_?????A??????C??????C?G????A???????_@?????K???????o??????@???????@????????_?_?????W???????B????????G????????O????????O?G??????W????????A?????????O?G??????@?????????A?@???????A?????????@??_???????o?????????A??????????G??????????O?G????????O??????????W??????????A???????????O?G????????@??_????????A???????????A?@?????????@_???????????G???????????@_???????????E????????????E????????????C????????????A?????????????_@???????????A?????????????G?_???????????O?????????????O@????????????G?_???????????E??????????????O?????????????@?C????????????A??????????????E??????????????@_??????????????G??????????????@?G?????????????A???????????????E???????????????B???????????????@????????????????W???????????????@B???????????????EO???????????????M?,t|eMID@WH?e@C@E?`?GW@@_CB?GA?GB?C?o@?E?G?O?_@o@??_@??w?_?C?G?@_@??E?C??K?G??K?G??C?C??B?@???W?G??@_?_??B?@???A?@???B_?_???[?G???@?@????K?C????[?G????M?G????A?C????@o@?????F?G?????K?_?????Q@??????{@??????E@??????@wG??????AZ???????]C,2,2
102,~?@esP@@?OC?O`?@?@_?O?A??W??_??_??O??C??@_??C???G@??G???K???A????O???@?C??E????E????B?????_????C?????O?????o?????_?????O?????C?????@_?????A??????C??????C??????A???????_??????K???????o??????@???????@?@??????_?_?????W???????B????????G????????O?G??????O?G??????W????????E?????????o????????B?????????C?????????C?@???????A??????????_?G???????A??????????G??????????O??????????O??????????C??????????@???????????G?G?????????_??????????@???????????@????????????o???????????E????????????o???????????B????????????E????????????E????????????B?????????????W????????????B?????????????K?????????????O?????????????O@????????????G?_???????????A?G????????????O?????????????@??????????????A?G????????????A??????????????@?C?????????????O@?????????????A???????????????G???????????????E@??????????????E???????????????@_???????????????E????????????????o????????????????c???????????????@g,t|eMID@WH?e@C@E?`_GG@@_CB?GB?G@?C?o@?E?G?O?_@o@??_@??o?_?K?G?@_@??C?C??W?G??W?G??K?C??B?@???W?G??@_?_??B?@???B_@????_?_???[?G???@_@????E?C????G?G????[?G????F?C?????o@?????E?G?????W?_?????w@??????OB??????]?_?????@_W??????Gt??????@{C,2,2
102,~?@esP@@?OE?O?_@_?_?G?B??G??O??O??W??C???_G?A???K???G???C???@????W???@_???A????A????@?????W????A?????G?????O?????o?????W?????C??????_?????A?C????C??????K??????E??????@???????G?G?????_??????B???????B???????@????????O?G?????A????????G????????o????????W????????G????????A?????????O????????@??_??????B?????????A?????????@??_???????O?????????A??????????K??????????W??????????O??????????G?C????????A?@?????????O??????????B???????????E???????????A???????????@??_?????????O???????????B????????????K????????????O????????????O?G??????????G?C??????????A?????????????K?????????????_????????????@?????????????@?@????????????_?_???????????K?????????????@??????????????C?C????????????G?G????????????G??????????????B???????????????o??????????????A???????????????W???????????????K???????????????C???????????????@_???????????????W???????????????@`???????????????Co???????????????M?,t|fIID`GH_a@E@A?`_GK@?oC@?GB?G@_C?O@?E?G?W?_?_@?@o@??O?_?K?G?@_@??E?C??K?G??G?G??K?C??B?@???W?G??@_?_??B?@???B?@???@o?_???G?G???B?@????K?C????[?G????K?G????C?C????B_@?????K?G?????o?_????@o@??????w@??????GB_?????EGG??????}@???????]W,2,2
102,~?@esP@@?OE?O?_@_?_?G?B??G??O??O??W??C???_G?A???K???G???C?_?@????W???@_???A????A????@?????W????A?????G?????O?????W?????G?????A??????O@????@??????E??????E??????A???????_@?????C???????o??????@_??????@????????_?_?????G???????B????????E????????G????????G????????C????????@?@???????K?????????_????????@?????????@??????????_?????????K?????????@??????????C?C????????G?G????????G??????????K??????????B???????????G???????????_?_????????@???????????B???????????@_???????????W???????????B????????????C????????????E????????????C????????????A?????????????_@???????????C?G???????????W?????????????_?????????????_?????????????O?_???????????C??????????????o?????????????B??????????????A??????????????E???????????????o??????????????C??????????????@_??????????????B???????????????E???????????????B???????????????@G???????????????[????????????????a???????????????AC???????????????EG,t|fIID`GH_a@E@A?`_GK@?oC@?GB?G@_C?W@?B?G?G?_?w@??O@??W?_?E?G??o@??B?C??C?G??K?G??E?C??@_@???K?G???o?_??@o@????_@????o?_???K?G???@o@????B?C????C?G????K?G????E?C????@_@?????M?G?????[?_?????O@??????p@??????^?_??????oo??????FH???????NC,2,2
102,~?@esP@@?OE?O?_@_?_?G?B??G??O??O??W??C???_G?A???K???G???C?_?@????W???@_???A????A????@?????W????A?????G?????O?????W?????G?????A??????O@????@??????E??????E??????A???????_@?????C???????o??????@_??????@????????_?_?????G???????B????????E????????G????????G????????C????????@?@???????K?????????_????????@?@???????@??????????_?????????K?????????@??????????C?C????????G?G????????G??????????K??????????B???????????G???????????_?_????????@???????????@_???????????o???????????K????????????_???????????@_???????????A????????????A????????????@?C???????????O@???????????B?????????????G?????????????O@????????????O?????????????K?????????????B??????????????G?????????????@_??????????????_??????????????_G?????????????O??????????????E???????????????o??????????????@_??????????????A???????????????B????????????????o???????????????K????????????????o???????????????@K???????????????F?,t|fIID`GH_a@E@A?`_GK@?oC@?GB?G@_C?W@?B?G?G?_?w@??O@??W?_?E?G??o@??B?C??C?G??K?G??E?C??@_@???K?G???o?_??@o@????_@????o?_???K?G???@o@????B?C????C?G????M?G????B?C?????w@?????B_G?????C?_?????W@??????]@??????B@_??????`g??????M@???????]K,2,2
102,~?@esP@@?OC?O`?@?@_?O?A??W??_??_??O??C@?@_??C???G@??G???K???A????O@??@????E????C????A?C???_????C?????O?????o?????_?????O?????C??????o?????A??????C??????C?G????A???????_@?????K???????o??????@???????@?@??????_???????W???????B????????G????????O?G??????O????????W????????A?????????O?G??????@?????????A?@???????A?????????@??_???????W?????????A??????????G??????????O?G????????O??????????K??????????A???????????O?G????????@??_????????A???????????A?@?????????@_???????????G???????????@?@??????????C????????????W????????????K????????????E?????????????_????????????A?????????????G?_???????????O?????????????O@????????????G?_???????????B??????????????O?????????????@??????????????A?G????????????B??????????????@_??????????????G??????????????@?G?????????????B???????????????A???????????????E???????????????@_???????????????G???????????????@H???????????????F????????????????B_,t|eMID@WH?e@C@E?`?GW@@_CB?GB?G@?C?o@?E?G?W?_?o@??_@??w?_?C?G?@_@??E?C??K?G??K?G??E?C??@?@???W?G??@_?_??B?@???B?@???@_?_???[?G???@?@????K?C????[?G????M?G????B?C?????_@?????K?G?????w?_?????w@??????[@??????CK_?????BCG??????^@???????Fo,2,2
102,~?@esP@@?OC?O`?@@@_?O?A??W??_??_??O??C???_??A???C@??K???C???@?G??G???@_???A????A?G??B?????_????C?G???o?????_?????_?????O?????E??????_?????A??????C?G????C??????A???????_??????C???????O?_?????_@?????@_???????o???????G???????@?@??????C????????W????????G????????C?C??????B?????????W????????@?????????A?@???????@??????????_?????????G?????????@??????????E??????????G??????????G?G????????C?C????????@???????????G???????????_?_????????@???????????@_???????????o???????????K???????????@_???????????E????????????C????????????A????????????@?C???????????o????????????B?????????????K?????????????G?????????????G?????????????C?????????????@_?????????????K??????????????O??????????????_??????????????_G?????????????W??????????????E???????????????o??????????????B???????????????A@??????????????A@??????????????B????????????????W???????????????@@???????????????C_???????????????@W,t|eMID@WH?e@C@E?`?GW@@?CF?GA?GB?C?o@?E?G?W?_?o@??_@??w?_?C?G?@_@??E?C??G?G??[?G??E?C??@_@???K?G???o?_??@_@???@_@????w?_???C?G???@_@????F?C????C?G????M?G????B?K?????o@?????E?G?????[?_?????[@??????GF??????K?_?????B_G??????J@???????K{,2,2
102,~?@esP@@?OC?O`?@?@_?O?A??W??_??_??O??C@?@_??C???G@??G???K???A????O@??@????E????C????A?C???_????C?????O?????o?????_?????O?_???C??????o?????A??????C??????C?G????A???????_@?????K???????o??????@???????@?@??????_???????K???????@????????C?C??????G????????W????????C????????@?@???????G?????????_?_??????@?????????@?@????????o?????????G?????????@?@????????C??????????K??????????G??????????C?C????????@?@?????????G???????????_?_????????@_???????????_???????????O?_?????????C????????????o???????????A????????????C?G??????????C????????????@?????????????O@???????????A?????????????G?_???????????O@????????????W?????????????G?????????????A?G????????????O@????????????@_?????????????B??????????????@???????????????_C?????????????C???????????????_G?????????????A?_?????????????A???????????????A@??????????????@?_??????????????OG??????????????B????????????????B?????????????????w,t|eMID@WH?e@C@E?`?GW@@_CB?GB?G@?C?o@?E?G?W?_?o@??_@??w?_?C?G?@_@??E?C??K?G??K?G??E?C??@?@???[?G???o?_??@_@???@_@????w?_???C?G???@_@????F?C????F?G????B?G????@?C?????w@?????B?G?????K?_?????[@??????GB??????K?_?????BoG??????EF???????]c,2,2
102,~?@esP@@?OC?O`?@?@_?O?A??W??_??_??O??C@?@_??C???G@??G???K???A????O@??@????E????C????A?C???_????C?????O?????o?????_?????O?_???C??????o?????A??????C??????C??????A???????_@?????K???????o??????@???????@?@??????_???????K???????@????????C?C??????G????????W????????K????????A?????????O?G??????@?????????A?@???????A?????????@??_???????W?????????A??????????G?C????????O??????????W??????????G??????????A?@?????????O??????????@??_????????A???????????A?@?????????@_???????????G???????????@?@??????????C????????????K????????????K????????????A?????????????o????????????A?????????????G?_???????????O?????????????O@????????????G?_???????????B??????????????O?????????????@?C????????????B??????????????A??????????????@?C?????????????O@?????????????A???????????????G?_?????????????K???????????????C???????????????B????????????????OG??????????????@_???????????????B_???????????????Ao,t|eMID@WH?e@C@E?`?GW@@_CB?GB?G@?C?o@?E?G?W?_?o@??_@??o?_?K?G?@?@??K?C??W?G??W?G??K?C??B?@???O?G??B_?_??B?@???B?@???@_?_???W?G???B_@????C?C????W?G????[?G????F?C?????o@?????C?G?????w?_?????w@??????W@??????M?_?????@aG??????N`???????Fw,2,2
102,~?@esP@@?OE?O?_@_?_?G?B??G??O??O??W??C???_G?A???K???G???C?_?@????W???@_???A????A????@?????W????A?????G?_???O?????W?????G?????A??????O?????@??????E??????E??????A???????_@?????C???????W???????_???????_@??????O???????K???????@_???????E????????G????????G????????C?C??????@?????????K?????????_????????@?@???????@??????????o?????????G?????????@?@????????C??????????G?G????????G??????????K??????????@_??????????G???????????_?_????????@???????????@_???????????o???????????C????????????o???????????@_???????????A????????????A????????????@?C???????????O????????????B?????????????G?????????????O@????????????W?????????????G?????????????A?G????????????O@????????????@??????????????E??????????????B??????????????@_??????????????G??????????????@_??????????????A???????????????B@??????????????A???????????????@_???????????????K???????????????@C???????????????EC???????????????B_,t|fIID`GH_a@E@A?`_GK@?oC@?GB?G@_C?W@?B?G?G?_?o@??o@??O?_?K?G?@_@??E?C??K?G??G?G??M?C??@_@???K?G???o?_??@_@???@o@????O?_???K?G???@o@????B?C????E?G????C?G????F?C?????w@?????B?G?????M?_?????GB??????W@??????M?_?????@oW??????CL???????|C,2,2
102,~?@esP@@?OE?O?_@_?_?G?B??G??O??O??W??C???_G?A???K???G???C?_?@????W???@_???A????A????@?????W????A?????G?_???O?????W?????G?????A??????O?????@?C????E??????E??????A???????_@?????C???????W???????_???????_@??????O???????K???????@_???????A????????C????????C?G??????A?????????o????????C?????????O?_???????_?????????o?????????O?????????C?G????????_?????????A?C????????K??????????E??????????A???????????_@?????????C???????????W???????????_???????????_@??????????O???????????E????????????O???????????@????????????A?G??????????A????????????@_????????????O????????????A?G???????????G?_???????????W?????????????O?????????????G?_???????????A?G????????????o?????????????@_?????????????A??????????????A?G????????????@?C?????????????G??????????????@?G?????????????C?_?????????????C???????????????E???????????????@????????????????K????????????????W???????????????@o???????????????@o,t|fIID`GH_a@E@A?`_GK@?oC@?GB?G@_C?W@?B?G?G?_?o@??o@??W?_?E?G??o@??B?C??C?G??M?G??B?C???o@???E?G???W?_???o@????o@????[?_???B?G????W@????@?C????F?G????B?G????@_C?????W@?????B?G?????K?_?????[@??????KB??????E?_?????@wG??????Bb???????Es,2,2
102,~?@esP@@?OE?O?_@_?_?G?B??G??O??O??W??C???_??A???K???G???C?_?@????W???@_???A????A????@?????o????E?????O?????_@????_?????W?????C??????_?????A?C????C??????K??????E??????@???????G???????_?_????@???????@_???????_???????G?G?????@????????K????????K????????G????????C????????@?????????G?G??????@_????????@_????????@??????????_?_???????G?????????@_?????????C??????????G?G????????G?G????????C??????????B???????????W???????????_??????????@???????????@?@??????????_???????????K???????????@????????????C?C??????????G????????????E????????????A?????????????_????????????C?G???????????O?_??????????@_?????????????o?????????????O?????????????C?G????????????_@????????????B??????????????E??????????????A??????????????B???????????????G??????????????@_??????????????A???????????????A???????????????A@??????????????@__??????????????O???????????????B@???????????????M????????????????K_,t|fIID`GH_a@E@A?`_GK@?_CB?GA?GB?C?o@?E?G?W?_?_@?@o@??O?_?K?G?@_@??E?C??G?G??[?G??C?C??B_@???K?G???o?_??@_@???@o@????O?_???K?G???@_@????F?C????C?G????M?G????A?K????@o@?????E?G?????W?_?????w@??????OB??????W?_?????F_G??????IF???????]c,2,2
102,~?@esP@@?OE?O?_@_?_?G?B??G??O??O??W??C???_G?A???K???G???C???@????W???@_???A????A????@?????W????A?????G?_???O?????o?????W?????C??????_?????A?C????C??????K??????E??????@???????G?G?????_??????@_??????@????????_???????G?G?????@????????K????????K????????G????????C????????@?????????G?G???????o????????@?????????@?@????????_?????????W?????????@_?????????C??????????G?G????????G?G????????C??????????B???????????W???????????_??????????@?@?????????@????????????o???????????G???????????@?@??????????C?C??????????G????????????E????????????A?????????????_@???????????C?????????????O?_???????????o?????????????_?????????????O?_???????????C??????????????W?????????????@_?????????????@??????????????@_??????????????W??????????????A???????????????W??????????????@_??????????????@_??????????????@????????????????__??????????????KG??????????????@C???????????????CC???????????????KG,t|fIID`GH_a@E@A?`_GK@?oC@?GB?G@_C?O@?E?G?W?_?_@?@o@??O?_?K?G?@_@??E?C??K?G??G?G??M?C??@_@???G?G??@o?_??@_@???@o@????O?_???K?G???@_@????F?C????E?G????C?G????F?C?????o@?????F?G?????M?_?????G@??????[@??????F__??????Ow??????FH???????NC,0,0
102,~?@esP@@?PC?O`?@?@_?O?A??G??O??O??GC?E???_??A?_?C???K???C???@?G??W???@????A?G??A????@?????O????B?????G?????O?????O@????G?????A??????O?????@??????A?G????E??????B???????_??????C?G?????O??????@_???????_???????O?_?????K???????@_???????C????????G?G??????G????????C????????@?????????G?G???????o????????@?????????@??????????_?_???????G?????????@?@????????C??????????G??????????G??????????C?C????????B???????????W???????????_??????????@?@?????????@???????????@_???????????G???????????@?@??????????E????????????K????????????K????????????A?????????????_@???????????C?????????????O?_???????????o?????????????_?????????????W?????????????A??????????????O@????????????@?C????????????A??????????????A?G????????????@_??????????????G??????????????@?G?????????????C?_?????????????W???????????????G@??????????????B????????????????O???????????????B@???????????????AG???????????????BG,t|eMID@WH_a@E@A?`_GK@?oC@_G@?G@_C?W@?B?G?G?_?o@??o@??O?_?K?G?@_@??E?C??K?G??K?G??C?C??B?@???[?G???o?_??@_@???@_@????o?_???K?G???@_@????E?C????M?G????E?G????A?C????@_@?????M?G?????W@_?????w@??????W@??????M?_?????@oG??????EF???????Zc,2,2
102,~?@esP@@?OC?O`?@?@_?O?A??W??_??_G?O??C??@_??C???G???G@??K???A????O???@????A????A?G??B?????_????C?????O?_??@_?????_?????O?????C?G???@_?????E??????G??????G?G????C??????@?@?????G??????@_??????@???????@????????_?_?????W???????@????????C????????G????????G????????C????????@?@???????K?????????_????????@?????????@?@???????@_?????????G?????????@??????????C?C????????W??????????W??????????K??????????B???????????G???????????_?_????????@?@?????????B????????????_???????????G???????????@?@??????????K????????????G????????????G????????????C?C??????????@?????????????G?????????????_?_???????????_?????????????o?????????????W?????????????A??????????????W?????????????@_?????????????@_?????????????@_??????????????W??????????????E???????????????W??????????????@_??????????????@???????????????@@???????????????__??????????????GG??????????????@_???????????????B?????????????????w,t|eMID@WH?e@E@A?`_GG@@_CB?GA?GB?C?o@?E?G?O?_@_@?@_@??o?_?G?G?B_@??C?C??W?G??[?G??C?C??B?@???W?G??@o?_??@?@???B?@???@_?_???[?G???@?@????M?C????K?G????M?G????A?K????@_@?????K?G?????w?_?????_B?????@o@??????[?_?????A?w??????y@???????\K,2,2
102,~?@esP@@?OC?O`?@?@_?O?A??W??_??_??O??C??@_??C???G???G@??K???A????O???@?C??E????C????A?C??@_????G?????_????@?@???B??????_?????G?????@?@????K??????G??????G??????C??????@???????G?G?????_??????B???????@????????_???????G?G?????B????????C????????G????????G?G??????K????????B?????????O????????@??_??????B?????????A?????????@??????????O?G???????E??????????G??????????O??????????O?G????????W??????????A???????????O??????????@??_????????A???????????A???????????@??_?????????O?G?????????E????????????G????????????O????????????O?G??????????W????????????A?????????????W????????????@_????????????@_????????????@_?????????????G?????????????B??????????????W??????????????_?????????????@_?????????????@_??????????????O??????????????C@??????????????o??????????????B???????????????B???????????????B????????????????o???????????????E????????????????W????????????????o????????????????w,t|eMID@WH?e@C@E?`?GW@@?CE?GE?GA?C@_@?K?G?o?_@?@?B_@??_?_?W?G?B?@??G?C??w?G??O?G??W?C??F?@???O?G??B??_??E?@???F?@???@??_???w?G???A?B????[?C????W?G????[?G????E?C????@o@?????C?W?????o?_????@_@?????@o@??????S@_?????B_G??????M`???????F[,2,2
102,~?@esP@@?PC?O`?@?@_?O?A??G??O??O??G??E???_??A???C@??K???C???@?G??W???@????A?G??E????A?????_????C?????o?????_?????_?????O?_???C??????_?????A??????C??????C?G????A??????@_??????K???????_??????@?@?????@?@?????@_???????G???????@?@??????K????????W????????O????????G?C??????B?????????O????????@?????????A?????????A??????????_?????????G?????????@?@????????C??????????G?G????????G??????????C??????????@???????????G?G?????????_?_????????B???????????B???????????@_???????????W???????????B????????????C????????????G?G??????????K????????????E????????????@_????????????A?????????????G?????????????O@????????????O?????????????G?????????????A?G????????????O@????????????@??????????????A?G????????????A?G????????????@_??????????????W??????????????@_??????????????E???????????????A???????????????A@???????????????o???????????????C????????????????`???????????????BC???????????????B_,t|eMID@WH_a@E@A?`_GG@@_CB?GA?GB?C?o@?E?G?W?_?_@?@_@??o?_?G?G?B_@??C?C??W?G??W?G??K?C??B?@???W?G??@o?_??@_@???@_@????o?_???K?G???@o@????B?C????E?G????E?G????B?C?????o@?????F?G?????K?_?????[@??????M@??????B__??????WG??????Bp???????B{,2,2
102,~?@esP@@?PC?O`?@?@_?O?A??G??O??O??G??E???_??A???C???K???C???@?G??W???@????A?G??E????A?????_????C?G???o????@_????@??????_?????G?G???@??????C??????G??????G??????C?C????@???????W???????_??????@???????@?@??????_???????W???????@????????C?C??????W????????W????????G????????A?@???????W????????@?????????A?????????A?@???????B??????????W?????????A??????????G??????????O?G????????O??????????G?C????????A???????????O??????????@???????????A?@?????????A?@?????????B????????????O???????????A?@??????????G?C??????????O????????????o????????????G????????????A?@???????????W????????????@_????????????B??????????????_?????????????O?????????????C?G????????????W?????????????@??????????????B??????????????@???????????????_C?????????????G@?????????????@_??????????????E???????????????E???????????????A@??????????????B????????????????OG??????????????@_???????????????A_????????????????w,t|eMID@WH_a@E@A?`_GG@@_CB?GA?GB?C?_@?K?G?o?_@_@?@?@?@_?_?W?G?A?@??[?C??O?G??o?G??[?C??A?@???w?G??@??_??E?@???F?@???@_?_???W?G???B?@????K?C????[?G????K?G????F?C?????w@?????A?G?????W?_?????w@??????WB??????M?_?????@oG??????F`???????E{,2,2
102,~?@esP@@?PC?O`?@?@_?O?A??G??O??O??G??E???_??A???C@??K???C???@?G??W???@????A?G??E????A?????_????C?G???o?????_?????_?????O?_???C??????_?????A??????C??????C??????A??????@_??????C???????O???????_@?????@_???????O???????C?G?????@_???????E????????K????????K????????E????????@?????????G?????????_?_??????B?????????@??????????_?????????G?G???????@??????????C??????????G?G????????G??????????C??????????@???????????G?G????????@_??????????@???????????@????????????_?_?????????W???????????@????????????C?C??????????W????????????K????????????E????????????@_????????????C?????????????W?????????????o?????????????O?????????????K?????????????@??????????????G??????????????_C????????????@??????????????@?G?????????????_C?????????????W??????????????@_??????????????E???????????????C@??????????????K???????????????B????????????????G???????????????@_???????????????@K???????????????B_,t|eMID@WH_a@E@A?`_GG@@_CB?GA?GB?C?o@?E?G?W?_?_@?@_@??o?_?K?G?@_@??C?C??W?G??[?G??C?C??B?@???W?G??@o?_??@_@???@?@???@o?_???K?G???@_@????E?C????K?G????M?G????A?K????@_@?????K?G?????w?_?????oB??????_@??????w?_?????F?W??????YD???????\c,2,2
102,~?@esP@@?OC?O`?@?@_?O?A??W??_??_G?O??C??@_??C???G???G???K???A????O@??@????A????A?G??B?????_????C?????O?_??@_????@_?????_?????G?????@??????E??????G??????G?G????C??????@?@?????G??????@_??????@???????@????????_???????G?G?????B????????K????????O????????O?G??????G????????A?????????O?G??????@_????????A?????????A?????????@??_???????o?????????E??????????G??????????O??????????O?G????????G??????????B???????????O??????????@??_????????A???????????A?@?????????@??_?????????o???????????A????????????G????????????O????????????O?G??????????W????????????B?????????????W?????????????_????????????@_?????????????O?????????????K?????????????B??????????????W??????????????_?????????????@?G????????????@?G?????????????o??????????????G??????????????@_G?????????????E???????????????C???????????????C@??????????????A?_??????????????W???????????????@????????????????BC???????????????@o,t|eMID@WH?e@E@A?`_GG@@_CB?GA?GB?C?_@?K?G?o?_@_@?@_@??o?_?G?G?B_@??C?C??W?G??[?G??C?C??B?@???W?G??@_?_??B?@???B?@???@_?_???W?G???B?@????M?C????K?G????M?G????A?K????@_@?????K?G?????o?_????@o@??????w@??????K?_?????BgG??????Bb???????Fs,2,2
102,~?@esP@@?OC?O`?@?@_?O?A@?W??_??_G?O??C??@_??C???G???G???C???@????G????_???@?G??B????@?????O????A?????W?????o?????_?????O?_???K?????@_?????C??????G?G????G??????C?C????@???????W??????@_??????A???????A?@?????@????????O?G?????A????????G?C??????O????????O????????G????????A?@???????W????????@?????????A?????????A?????????@??????????W?????????@??????????C?C????????K??????????K??????????C??????????@?@?????????G???????????_?_????????@?@?????????B???????????@_???????????W???????????A????????????G?C??????????O?G??????????O????????????G?C??????????A?????????????O?G??????????@_?????????????_?????????????_?????????????O?_???????????C??????????????_?????????????@?C????????????A?G????????????B???????????????_??????????????K@?????????????@_??????????????B???????????????E???????????????@????????????????__??????????????GG???????????????`???????????????AC???????????????EG,t|eMID@WH?e@E@A?`_GG@@_CB?GA?GB?C?_@?M?G?O?_@_@?@_@??o?_?G?G?B_@??C?C??W?G??W?G??K?C??B?@???W?G??@o?_??@_@???@_@????o?_???K?G???@o@????B?C????E?G????E?G????B?C?????o@?????F?G?????K?_?????[@??????M@??????B__??????WG??????Bp???????B{,2,2
102,~?@esP@@?OC?O`?@?@_?O?A@?W??_??_G?O??C??@_??C???G???G???C???@????G????_???@?G??B????@?????O????A?G???W?????o?????_?????O?_???K?????@_?????C??????G?G????G??????C?C????@???????W???????_??????@???????@????????_?_?????G???????@?@??????C????????G????????G????????C?C??????@_????????G?????????_????????@?@???????B?????????@_?????????G?????????@?@????????E??????????K??????????G??????????C?C????????@???????????G?G?????????_?_????????B???????????@????????????_???????????G???????????@?@??????????C????????????G?G??????????G????????????C?C??????????@?????????????G?G???????????O?????????????o?????????????o?????????????W?????????????B??????????????K??????????????O??????????????_G?????????????o??????????????W??????????????A???????????????O??????????????@?_?????????????A@??????????????A@??????????????@_???????????????K???????????????@_????????????????c???????????????@g,t|eMID@WH?e@E@A?`_GG@@_CB?GA?GB?C?_@?M?G?O?_@_@?@_@??o?_?G?G?B_@??C?C??W?G??[?G??C?C??B?@???W?G??@o?_??@_@???@_@????o?_???K?G???@?@????M?C????K?G????M?G????A?K????@_@?????K?G?????w?_?????oB??????w@??????K?_?????BgG??????BB???????Ls,2,2
102,~?@esP@@?OC?O`?@?@_?O?A??W??_??_G?O??C??@_??C???G???G???K???A????O???@????A????A?G??B?????_????C?????O?_??@_????@_?????_?????G?????@?@????K??????W??????O??????G?C????A???????O??????@???????E???????A???????@????????O?G?????A????????W????????O????????O????????G????????A?@???????W????????@_????????B?????????A?????????@??????????O?G???????E??????????K??????????O??????????O?G????????G?C????????E???????????o??????????@???????????A?@?????????A???????????@????????????O?G?????????E????????????G????????????O????????????O?G??????????G????????????@?????????????G?????????????_?_??????????@?@???????????@_?????????????o?????????????C??????????????o?????????????B??????????????B??????????????B??????????????@_??????????????C???????????????_G?????????????A?_?????????????C@??????????????K???????????????B????????????????O???????????????B????????????????@K???????????????B_,t|eMID@WH?e@E@A?`_GG@@_CB?GA?GB?C?_@?K?G?o?_@?@?B?@?@_?_?W?G?B?@??K?C??O?G??o?G??[?C??A?@???w?G??@??_??E?@???F?@???@??_???o?G???F?@????K?C????W?G????W?G????K?C????B_@?????G?W????@o?_????@?B?????Bo@??????O@_?????N?G??????[B???????tS,2,2
102,~?@esP@@?OC?O`?@?@_?O?A@?W??_??_??O??C??@_??C???G???G???C???@????G???@_???B????B????@?????O????A?G???W?????o?????_?????O?_???K?????@_?????C??????G??????G??????C??????@???????W???????_??????@???????@?@??????_???????G???????@????????C????????G?G??????W????????K????????B?????????W????????@?????????A?????????A?@???????B??????????W?????????B??????????K??????????W??????????G??????????C??????????@?@?????????G???????????_?_????????@???????????B????????????_???????????G???????????@?@??????????C????????????G????????????G????????????C?C??????????B?????????????K?????????????W?????????????_?????????????o?????????????W?????????????B??????????????W?????????????@_?????????????@??????????????@???????????????_C?????????????G@?????????????@???????????????K???????????????K???????????????C???????????????B????????????????o???????????????@`???????????????Co???????????????M?,t|eMID@WH?e@C@E?`_GG@@_CB?GA?GB?C?_@?M?G?O?_@_@?@_@??_?_?W?G?B?@??K?C??O?G??o?G??[?C??A?@???w?G??@??_??F?@???A?B???B??_???w?G???A?@????[?C????[?G????G?G????K?C????B_@?????G?W????@o?_????@OB??????o@??????[?_?????AOW??????{@???????tg,0,0
102,~?@esP@H?OC?O`?@??_?G?B??G??OG?O??G??E???_??A?_?K???G???C???@????G????_C??B????A????@?C???O????A?????G?????O@????o?????W?????C??????_@????A??????C?G????C??????B???????_??????C?G?????o???????_???????_???????O?_?????C????????_???????A?C??????E????????C????????A?C???????_????????C?????????O?????????_@???????@_?????????W?????????C??????????_@????????A??????????C?G????????C??????????B???????????_??????????C?G?????????o???????????_???????????_???????????O?_?????????C????????????_???????????A?C??????????E????????????C????????????A?C???????????_@???????????C?????????????O?_???????????_@???????????@_?????????????W?????????????C??????????????_@????????????A??????????????C?G????????????C?G????????????@???????????????O@?????????????@???????????????C?_?????????????G@??????????????G@??????????????E????????????????W???????????????@_????????????????c???????????????@g,t|eMID`GH_b@A@B?__GK@?oC@?GB?G@_C?O@?E?G?W?_?o@??_@??w?_?C?G?@o@??B?C??C?G??K?G??F?C???_@???M?G???W?_???o@????_@????w?_???C?G???@o@????B?C????C?G????K?G????F?C?????_@?????M?G?????W?_?????o@??????w@??????N?_??????_w??????N@???????NK,0,0
102,~?@esP@@?OC?O`?@?@_?O?A@?W??_??_G?O??C??@_??C???G???G???C???@????G????_???@?G??B????@?????O????A?G???W?????o?????_?????O?_???K?????@_?????C??????G?G????G??????C?C????@???????W???????_??????@???????@????????_?_?????G???????@????????C????????G????????G????????C?C??????@_????????G?????????_????????@?@???????B?????????@_?????????G?????????@?@????????K??????????W??????????W??????????K??????????@???????????G?G?????????_?_????????B???????????@????????????_???????????G???????????@?@??????????C????????????G?G??????????G????????????C?C??????????@?????????????G?G???????????O?????????????o?????????????o?????????????W?????????????A??????????????O@????????????@_?????????????@_??????????????o??????????????W??????????????A???????????????OG?????????????@?_?????????????A???????????????A@??????????????@?_??????????????OG??????????????B????????????????B?????????????????w,t|eMID@WH?e@E@A?`_GG@@_CB?GA?GB?C?_@?M?G?O?_@_@?@_@??o?_?G?G?B_@??C?C??W?G??[?G??C?C??B?@???W?G??@o?_??@?@???B?@???@_?_???[?G???@?@????M?C????K?G????M?G????A?K????@_@?????K?G?????w?_?????o@??????{@??????C@_?????BgG??????Bb???????FS,2,2
102,~?@esP@H?OC?O`?@??_?G?B??G??OG?O??G??E???_??A?_?K???G???C???@????G????_C??B????A????@?????O????A?????G?????O?????o?????W?????C??????_@????A??????C?G????C??????E??????@_??????K???????o??????@_??????@????????_?_?????G???????@????????C????????G?G??????K????????C????????@?????????G?????????_????????@?????????@?@????????_?????????K?????????@_?????????E??????????C??????????C?G????????A?C????????@_??????????K???????????o??????????@_???????????o???????????O???????????C?G??????????_???????????A????????????C?G??????????A????????????@?????????????O@???????????A?????????????G?????????????O@????????????O?????????????K?????????????B??????????????K??????????????o??????????????o??????????????o??????????????K??????????????A???????????????OG?????????????@?_?????????????A@??????????????A???????????????@?_??????????????OG??????????????A@???????????????GC???????????????EG,t|eMID`GH_b@A@B?__GK@?oC@?GB?G@_C?O@?E?G?W?_?o@??_@??w?_?C?G?@_@??E?C??K?G??K?G??E?C??@_@???K?G???o?_??@o@????_@????w?_???E?G????o@????B?C????E?G????F?G????@_C?????W@?????B_G?????C@_?????[@??????M@??????B?_??????wG??????BP???????B{,2,2
102,~?@esP@@?OC?O`?@@@_?O?A@?W??_??_G?O??C???_??A???C???C???A????_???C????OC??@_???@?????_C???W????B?????G?????O@????o?????W?????C??????_@????A??????C??????C??????A???????_@?????C???????O???????_???????_???????O?_?????C????????_???????A?C??????K????????K????????C????????@?@???????K?????????o????????@?????????@?@???????@_?????????K?????????@??????????C?C????????G??????????G??????????C??????????@?@?????????G???????????_?_????????@???????????@????????????_???????????G?G?????????@?@??????????C?C??????????G????????????G?G??????????K????????????B?????????????G?????????????_?_??????????@_????????????@_?????????????_?????????????G?G????????????O@????????????@?C????????????A??????????????A??????????????@?C?????????????O@?????????????A???????????????G?_?????????????O@??????????????O???????????????B?_??????????????o???????????????@_???????????????@_????????????????w,t|eMID@WH?e@E@A?`_GG@@oC@?GB?G@?C?w@?A?G?W?_?o@??o@??O?_?K?G?@_@??C?C??[?G??K?G??E?C??@?@???[?G???_?_??B_@???@_@????o?_???G?G???B?@????K?C????W?G????[?G????E?C????@_@?????G?G????@o?_????@w@??????WF??????KC_?????B_G??????M@???????[[,2,2
102,~?@esP@@?OC?O`?@?@_?O?A??W??_??_??O??C@?@_??C???G@??G???K???A????O???@????E????C????A?C???_????C?????O?????o?????_?????O?????C?G???@_?????E??????G??????G??????C?C????@???????G?G????@_??????B???????A???????@??_?????O???????E????????G????????O????????O?G??????G????????E?????????O????????@??_??????A?????????A?????????@??_???????O?????????B??????????G??????????O??????????O?G????????W??????????B???????????O??????????@???????????A?@?????????A???????????@??_?????????o???????????B????????????G????????????O?G??????????O?G??????????W????????????A?????????????O?G??????????@??_??????????A?@???????????E?????????????@??????????????O?G???????????A??????????????G?C????????????O?G????????????O?G????????????C??????????????@???????????????G?G?????????????G?_?????????????W???????????????G???????????????C?_??????????????WG??????????????B????????????????B????????????????AW,t|eMID@WH?e@C@E?`?GW@@_CB?GB?G@?C?o@?E?G?O?_@_@?@_@??_?_?[?G?@?@??K?C??W?G??W?G??K?C??B?@???O?G??B??_??F?@???A?@???B_?_???W?G???A?@????[?C????O?W????o?G????W?C????F?@?????W?G????@_?_????B?@?????B_@??????{?_?????A_w??????KX???????}C,2,2
102,~?@esP@@?OC?O`?@?@_?O?A??W??_??_??O??C@?@_??C???G@??G???K???A????O???@????E????C????A?C???_????C?????O?????o?????_?????O?????C?G???@_?????E??????G??????G??????C?C????@???????G?G????@_??????B???????A???????@??_?????O???????E????????G????????O????????O?G??????G????????E?????????O????????@??_??????A?????????A?????????@??_???????O?????????B??????????G??????????O??????????O?G????????W??????????B???????????O??????????@???????????A?@?????????B???????????@_???????????K???????????@????????????C?C??????????G?G??????????W????????????C????????????@?@???????????G?G???????????_?_??????????B?????????????@??????????????_?_???????????G?????????????@?@????????????C?C????????????C??????????????C??????????????A?C?????????????G@?????????????@???????????????C?_?????????????K???????????????B???????????????@_???????????????E????????????????O???????????????@c???????????????@o,t|eMID@WH?e@C@E?`?GW@@_CB?GB?G@?C?o@?E?G?O?_@_@?@_@??_?_?[?G?@?@??K?C??W?G??W?G??K?C??B?@???O?G??B??_??F?@???A?@???B_?_???W?G???A?@????[?C????O?G????w?G????M?C????@_@?????K?G?????o?_????@o@??????{@??????CB_?????B_G??????Gr??????@{C,2,2
102,~?@esP@@?OC?O`?@?@_?O?A??W??_??_G?O??C??@_??C???G@??G???K???A????O???@????A????A?G??B?????_????C?????O?????o?????_?????O?????C?G???@_?????E??????G??????G?G????C??????@?@?????G??????@_??????B???????A???????@??_?????O???????E????????G????????O????????O?G??????G????????A?????????O?G??????@_????????A?????????A?????????@??_???????O?????????B??????????G??????????O??????????O?G????????W??????????B???????????W???????????_??????????@?@?????????@???????????@_???????????K???????????@????????????C?C??????????G?G??????????W????????????C????????????@?@???????????G?G???????????_????????????@?@???????????@_?????????????_?????????????G?G???????????@?@????????????C?C????????????C??????????????C??????????????A?C?????????????W??????????????@???????????????C?_?????????????G???????????????B@??????????????@_???????????????K????????????????`???????????????B????????????????@W,t|eMID@WH?e@E@A?`_GG@@_CB?GB?G@?C?o@?E?G?O?_@_@?@_@??o?_?G?G?B_@??C?C??W?G??W?G??K?C??B?@???O?G??B??_??F?@???A?@???B_?_???[?G???@?@????M?C????G?G????W?G????M?C????@_@?????K?G?????o?_????@o@??????{@??????CB_?????B_G??????Gr??????@{C,0,0
102,~?@esP@@?OC?O`?@?@_?O?A??W??_??_G?O??C??@_??C???G@??G???K???A????O???@????A????A?G??B?????_????C?????O?????o?????_?????O?????C?G???@_?????E??????G??????G?G????C??????@?@?????G??????@_??????B???????A???????@??_?????O???????E????????G????????O????????O?G??????G????????A?????????O?G??????@_????????A?????????A?????????@??_???????O?????????B??????????G??????????O??????????O?G????????W??????????B???????????O??????????@??_????????A???????????A?@?????????@????????????o???????????B????????????G????????????O?G??????????O?G??????????W????????????A?????????????O?G??????????@??_??????????A?@???????????A?????????????@??_???????????W?????????????A??????????????G?C????????????O?G????????????O?G????????????C??????????????@???????????????G?G?????????????G?_?????????????O@??????????????W???????????????C????????????????WG??????????????B????????????????@C???????????????BG,t|eMID@WH?e@E@A?`_GG@@_CB?GB?G@?C?o@?E?G?O?_@_@?@_@??o?_?G?G?B_@??C?C??W?G??W?G??K?C??B?@???O?G??B??_??F?@???A?@???B_?_???W?G???B?@????G?C????w?G????O?W????W?C????F?@?????W?G????@_?_????B?@?????B_@??????{?_?????B?w??????SX???????}C,2,2
102,~?@esP@@?OC?O`?@?@_?O?A??W??_??_G?O??C@?@_??C???G@??G???K???A????O???@????A????A?G??@?????O????A?????K?????O?????O?????G?_???E??????o?????A??????C?G????C??????A?C????@_??????K???????_??????@?@?????@???????@_???????G???????@????????C?C??????G????????G????????C?C??????@?????????G?????????_?_??????@?????????@_?????????_?????????G?????????@?@????????K??????????K??????????G??????????C?C????????@???????????G?G????????@_??????????@_??????????@????????????_?_?????????G???????????B????????????C????????????G?G??????????G?G??????????C????????????@?????????????G?G???????????_????????????@?@???????????@?@????????????_?_???????????K?????????????@??????????????C?C????????????G?G????????????E??????????????A???????????????_@?????????????C???????????????O?_?????????????G@??????????????G@??????????????C????????????????o???????????????AB???????????????K????????????????BG,t|eMID@WH?e@E@A?`_GK@?oC@_G@?G@_C?W@?A?G?W?_?o@??o@??O?_?K?G?@_@??E?C??K?G??K?G??C?C??B?@???[?G???_?_??B_@???@_@????o?_???G?G???B?@????K?C????[?G????K?G????E?C????@?@?????W?G????@o?_????@o@??????o@??????WG_?????EKG??????}@???????No,0,0
102,~?@esP@@?OC?O`?@?@_?O?A@?W??_??_G?O??C??@_??C???G???G???C???@????G????_???@?G??B????@?????O@???A?????W?????o?????_?????O?_???K?????@_?????C??????G?G????G??????C?C????@???????K???????_??????@???????@????????_???????G???????@????????C????????G????????G????????C?C??????@_????????G?????????_?_??????@?@???????B?????????@_?????????W?????????B??????????K??????????W??????????W??????????G??????????A?@?????????O??????????@??_????????A?@?????????@????????????_???????????G?G?????????@????????????C????????????G????????????G?G??????????C????????????@?????????????G?????????????_?_???????????o?????????????o?????????????K?????????????B??????????????W??????????????o?????????????@_?????????????@_??????????????W??????????????A???????????????OG?????????????@???????????????A@??????????????A@??????????????@?_??????????????O???????????????B@???????????????E????????????????@g,t|eMID@WH?e@E@A?`_GG@@_CB?GA?GB?C?_@?M?G?O?_@_@?@_@??o?_?G?G?B_@??C?C??[?G??K?G??C?C??B?@???W?G??@??_??F?@???A?B???B??_???o?G???E?@????W?C????_?G???@o?G????]?C????@?F?????[?G?????o?_????@O@??????w@??????K?_?????B_G??????Hp???????B{,0,0
102,~?@esP@@?OC?O`?@?@_?O?A??W??_??_G?O??C@?@_??C???G@??G???K???A????O???@????A????A?G??@?????O????A?????K?????O?????O?????G?_???E??????o?????A??????C?G????C??????A?C????@_??????K???????_??????@?@?????@???????@_???????G???????@????????C????????G?G??????G????????C?C??????@?????????G?????????_????????@?????????@_?????????_?????????G?????????@?@????????K??????????W??????????G??????????C?C????????@_??????????K???????????o??????????@_??????????@_???????????O???????????K????????????_???????????A?C??????????C????????????C?G??????????A?????????????_@???????????C?????????????O?????????????_@????????????o?????????????O?????????????C?G????????????_@????????????B??????????????A??????????????A?G????????????@_??????????????W??????????????@_??????????????A???????????????A???????????????B@???????????????_???????????????GG??????????????@@???????????????EC???????????????L?,t|eMID@WH?e@E@A?`_GK@?oC@_G@?G@_C?W@?A?G?W?_?o@??o@??O?_?K?G?@_@??E?C??K?G??K?G??C?C??B?@???[?G???_?_??B?@???B_@????o?_???G?G???B_@????E?C????K?G????M?G????A?C????@_@?????M?G?????W?_?????w@??????WB??????GO_?????F?G??????]B???????]o,2,2
102,~?@esP@@?PC?O`?@?@_?O?A??G??O??O??G??E???_??A???C@??K???C???@?G??W???@????A?G??E????A?????_@???C?????o?????_?????_?????O?????C??????_?????A??????C??????C?G????A???????o??????C???????O?_?????_@?????@_???????o???????G???????@?@??????K????????W????????O????????G?C??????B?????????O????????@??_??????A?????????@??????????_?????????G?????????@?@????????C??????????G?G????????G??????????C??????????@???????????G?G?????????_??????????@_??????????@_???????????o???????????K????????????_???????????A?C??????????E????????????E????????????A?????????????_@???????????E?????????????W?????????????O?????????????O?????????????G?????????????A?G????????????O?????????????@?C????????????A?G????????????A??????????????@_??????????????K??????????????@_??????????????E???????????????E???????????????@_???????????????_???????????????KG???????????????a???????????????AC???????????????EG,t|eMID@WH_a@E@A?`_GG@@_CB?GA?GB?C?o@?E?G?W?_?_@?@_@??o?_?G?G?B_@??C?C??[?G??K?G??E?C??@_@???K?G???o?_??@_@???@_@????o?_???K?G???@?@????M?C????G?W????[?G????E?K????@_@?????K?G?????w?_?????o@??????w@??????K?_?????AkG??????@b???????Fs,2,2
102,~?@esP@@?OC?O`?@@@_?O?A??W??_??_G?O??C???_??A???C???K???C???@?G??G????_???@?G??B????@?????O@???E?????W?????_?????_?????O?????E??????_?????A?C????C??????C?G????A???????_??????C???????O?_?????_??????@_???????o???????G???????@?@??????C????????G????????G?G??????E????????@?????????G?G??????@_????????@_????????@??????????_?????????G?G???????@??????????E??????????G??????????G?G????????C??????????@?@?????????G?G?????????_??????????@???????????@?@??????????_???????????W???????????@_???????????C????????????G?G??????????G?G??????????C????????????@?@???????????C?????????????O?_??????????@_?????????????o?????????????O?????????????C??????????????_@????????????A?C????????????A??????????????A?G????????????@_??????????????G??????????????@_??????????????A???????????????K???????????????B????????????????_???????????????KG??????????????@o???????????????AO???????????????EG,t|eMID@WH?e@E@A?`_GG@@oC@?GB?G@?C?o@?E?G?W?_?o@??o@??O?_?M?G??_@??F?C??C?G??M?G??A?C??@_@???K?G???o?_??@_@???@_@????o?_???G?G???B_@????F?C????C?G????M?G????A?K????@_@?????M?G?????W?_?????w@??????W@??????HO_?????F_G??????BE???????Nc,2,2
102,~?@esP@@?OC?O`?@?@_?O?A??W??_??_G?O??C??@_??C???G@??G???K???A????O???@????A????A?G??B?????_????C?G???O?????o?????_?????O?????C?G???@_?????E??????G??????G?G????C??????@?@?????G???????o??????@???????@?@??????_???????W???????@????????C????????G????????G?G??????C????????@?@???????K?????????_????????@?@???????@??????????o?????????G?????????@??????????C?C????????W??????????W??????????C??????????@?@?????????G???????????_?_????????@???????????@_???????????o???????????C???????????@_???????????A????????????C?G??????????C????????????A?C???????????_????????????C?G???????????W?????????????_?????????????_@????????????W?????????????C??????????????_@????????????A?C????????????E??????????????A??????????????@?C?????????????W??????????????@???????????????E???????????????C???????????????A???????????????@__??????????????G???????????????@`???????????????F????????????????E_,t|eMID@WH?e@E@A?`_GG@@_CB?GB?G@?C?o@?E?G?O?_@_@?@_@??o?_?G?G?B_@??C?C??[?G??K?G??E?C??@?@???W?G??@o?_??@?@???B?@???@o?_???K?G???@?@????M?C????G?W????[?G????F?C?????_@?????K?G?????w?_?????o@??????w@??????K@_?????AcG??????N@???????NW,2,2
102,~?@esP@@?OC?O`?@?@_?O?A??W??_??_G?O??C@?@_??C???G@??G???K???A????O???@????A????A?G??@?????O????A?????K?????O?????O?????G?_???E??????o?????A??????C?G????C??????A?C????@_??????K???????_??????@?@?????@???????@_???????G???????@????????C????????G?G??????G????????C?C??????@?????????G?????????_????????@?????????@_?????????_?????????G?????????@?@????????K??????????W??????????G??????????C?C????????@_??????????K???????????o??????????@_??????????@_???????????O???????????K????????????_???????????A?C??????????C????????????C?G??????????A?????????????_@???????????C?????????????O?_???????????_?????????????o?????????????O?????????????C?G????????????_@????????????B??????????????A??????????????A?G????????????@_??????????????K??????????????@_??????????????A???????????????A???????????????B@???????????????_???????????????GG??????????????@@???????????????EC???????????????L?,t|eMID@WH?e@E@A?`_GK@?oC@_G@?G@_C?W@?A?G?W?_?o@??o@??O?_?K?G?@_@??E?C??K?G??K?G??C?C??B?@???[?G???_?_??B?@???B_@????o?_???G?G???B_@????E?C????K?G????M?G????A?C????@_@?????M?G?????W?_?????w@??????WB??????GO_?????F_G??????MB???????]o,2,2
102,~?@esP@@?OC?O`?@?@_?O?A??W??_??_G?O??C??@_??C???G@??G???K???A????O???@????A????A?G??B?????_????C?G???O?????o?????_?????O?????C?G???@_?????E??????G??????G?G????C??????@?@?????G???????o??????@???????@?@??????_???????W???????@????????C????????G?G??????G????????C????????@?@???????K?????????_????????@?@???????@??????????o?????????G?????????@??????????C?C????????W??????????K??????????C??????????@?@?????????G???????????_?_????????@???????????@_???????????o???????????C???????????@_???????????A????????????C????????????C?G??????????A?C???????????_????????????C?G???????????W?????????????_?????????????_@????????????W?????????????C??????????????_@????????????A?C????????????K??????????????A??????????????@?C?????????????W??????????????@???????????????E???????????????C???????????????A???????????????@__??????????????G???????????????@`???????????????F????????????????E_,t|eMID@WH?e@E@A?`_GG@@_CB?GB?G@?C?o@?E?G?O?_@_@?@_@??o?_?G?G?B_@??C?C??[?G??K?G??E?C??@?@???W?G??@o?_??@?@???B_@????o?_???K?G???@?@????M?C????G?W????[?G????F?C?????_@?????K?G?????w?_?????_@?????@w@??????K@_?????AcG??????N@???????NW,2,2
102,~?@esP@@?OC?O`?@?@_?O?A@?W??_??_??O??C??@_??C???G???G???C???@????G???@_???A????A?G??B?????_????C?G???O????@_????@_?????_?????G?G???B??????K??????O??????O??????G?C????A???????O?G????@???????B???????A???????@????????O???????A?@??????G????????O????????O?G??????G????????E?????????O????????@??_??????B?????????A?????????@??_???????O?G???????E??????????W??????????O??????????O?G????????W??????????B???????????O??????????@???????????A?@?????????A???????????@??_?????????O?G?????????@????????????C????????????G????????????G?G??????????C????????????@?@???????????G?G???????????_?_??????????B?????????????@??????????????_?_???????????E??????????????o?????????????B??????????????A??????????????A?G?????????????OC?????????????C???????????????_G?????????????B???????????????A???????????????A@??????????????@?_??????????????K????????????????_???????????????BC???????????????@o,t|eMID@WH?e@C@E?`?GW@@?CE?GE?GA?C@_@?G?G@o?_@?@?B?@?@_?_?O?G?F?@??G?C??w?G??O?G??[?C??B?@???O?G??B??_??E?@???F?@???@??_???w?G???B?@????G?C????w?G????O?G????[?C????Bo@?????C?w?????o?_????@_@?????@o@??????]?_?????@?w??????[@???????fK,2,2
102,~?@esP@@?OC?O`?@?@_?O?A@?W??_??_??O??C??@_??C???G???G???C???@????G???@_???A????A?G??B?????_????C?G???O????@_????@_?????_?????G?G???B??????K??????O??????O??????G?C????A???????O?G????@???????B???????A???????@????????O???????A?@??????G????????O????????O?G??????G????????E?????????O????????@??_??????B?????????A?????????@??_???????O?????????E??????????W??????????O??????????O?G????????W??????????B???????????O??????????@???????????A?@?????????A???????????@??_?????????O?G?????????B????????????G????????????O????????????O?G??????????G?C??????????A?????????????O?G??????????@??_??????????A?@???????????E?????????????@??????????????O?G???????????@??????????????C?C????????????G?G????????????W??????????????A???????????????_@?????????????@?G?????????????C???????????????G@??????????????K???????????????@????????????????W????????????????o???????????????@o???????????????@o,t|eMID@WH?e@C@E?`?GW@@?CE?GE?GA?C@_@?G?G@o?_@?@?B?@?@_?_?O?G?F?@??G?C??w?G??O?G??[?C??B?@???O?G??B??_??E?@???F?@???@??_???w?G???B?@????G?C????w?G????O?G????[?C????B_@?????K?G?????_?_????B_@?????@o@??????]?_?????@@w??????[P???????}C,2,2
102,~?@esP@@?OC?O`?@?@_?O?A@?W??_??_??O??C??@_??C???G???G???C???@????G???@_???A????A?G??B?????_????C?G???O????@_????@_?????_?????G?G???B??????K??????O??????O??????G?C????A???????O?G????@???????B???????A???????@????????O???????A?@??????G????????O????????O?G??????G????????E?????????O????????@??_??????B?????????A?????????@??_???????O?G???????E??????????W??????????O??????????O?G????????W??????????B???????????O??????????@???????????A?@?????????A???????????@??_?????????O?G?????????@????????????C????????????G????????????G?G??????????C????????????@?@???????????G?G???????????_????????????B?????????????@??????????????_?_???????????E??????????????o?????????????B??????????????A??????????????A?G?????????????o??????????????G??????????????@_??????????????B???????????????A???????????????B????????????????o???????????????CG??????????????@_???????????????BC???????????????E_,t|eMID@WH?e@C@E?`?GW@@?CE?GE?GA?C@_@?G?G@o?_@?@?B?@?@_?_?O?G?F?@??G?C??w?G??O?G??[?C??B?@???O?G??B??_??E?@???F?@???@??_???w?G???B?@????G?C????w?G????O?W????[?C????Bo@?????C?w?????o?_????@_@?????@o@??????[?_?????B?G??????Sp???????B{,2,2
102,~?@esP@@?OC?O`?@?@_?O?A@?W??_??_??O??C??@_??C???G???G???C???@????G???@_???A????A?G??B?????_????C?G???O????@_????@_?????_?????G?G???B??????K??????O??????O?G????G??????A???????O?G????@???????B???????A???????@????????O???????A?@??????G????????O????????O?G??????G????????B?????????O????????@??_??????B?????????A?????????@??_???????O?G???????E??????????W??????????O??????????O?G????????W??????????B???????????O??????????@??_????????A???????????A???????????@??_?????????O?G?????????@????????????C????????????G????????????G?G??????????C????????????@?@???????????G?G???????????_????????????@_????????????@??????????????_?_???????????E??????????????o?????????????B??????????????A??????????????A?G?????????????o??????????????K???????????????_??????????????B???????????????A???????????????B????????????????o???????????????E????????????????w???????????????@_???????????????@g,t|eMID@WH?e@C@E?`?GW@@?CE?GE?GA?C@_@?G?G@o?_@?@?B?@?@_?_?W?G?B?@??G?C??w?G??O?G??[?C??B?@???O?G??B??_??E?@???F?@???@??_???w?G???B?@????K?C????W?G????O?G????[?C????Bo@?????C?w?????o?_????@_@?????@o@??????[?_?????B_G??????Kp???????B{,2,2
102,~?@esP@@?OC?O`?@?@_?O?A@?W??_??_G?O??C??@_??C???G???G???C???@????G????_???@?G??B????@?????O@???A?????W?????o?????_?????O?_???K?????@_?????C??????G?G????G??????C??????@???????K???????_??????@???????@????????_?_?????G???????@????????C?C??????G????????G????????C?C??????B?????????W????????@?????????A?@???????A?@???????B??????????o?????????A??????????G?C????????o??????????W??????????G??????????A?@?????????O??????????@??_????????A???????????A?@??????????_???????????G???????????@????????????C?C??????????G????????????G?G??????????C?C??????????@?????????????G?????????????_?_??????????@_?????????????o?????????????W?????????????E??????????????O?????????????@?C????????????@_?????????????@_??????????????O??????????????C@??????????????_G?????????????A???????????????E???????????????B????????????????_???????????????GG???????????????p???????????????B????????????????BG,t|eMID@WH?e@E@A?`_GG@@_CB?GA?GB?C?_@?M?G?O?_@_@?@_@??o?_?G?G?B?@??K?C??O?G??w?G??K?C??A?@???o?G??B??_??F?@???A?@???B_?_???W?G???B?@????G?C????w?G????W?G????N?C?????_B?????K?G?????o?_????@o@??????w@??????M?_?????@EG??????\@???????Fw,0,0
102,~?@esP@@?OC?O`?@?@_?O?A@?W??_??_G?O??C??@_??C???G???G???C???@????G????_???@?G??B????@?????O@???A?????W?????o?????_?????O?_???K?????@_?????C??????G?G????G??????C?C????@???????K???????_??????@???????@????????_?_?????G???????@????????C?C??????G????????G????????C?C??????@_????????G?????????_?_??????@?@???????B?????????@_?????????G?????????@?@????????K??????????K??????????G??????????C?C????????@???????????G?G?????????_???????????_???????????_???????????O???????????C?G??????????_???????????A?C??????????C?G??????????C????????????A?????????????_@???????????E?????????????W?????????????o?????????????o?????????????G?????????????A?G????????????K??????????????_?????????????@?G????????????@???????????????_C?????????????G@?????????????@???????????????C?_?????????????G@??????????????K???????????????A?_??????????????o???????????????@_???????????????@O????????????????w,t|eMID@WH?e@E@A?`_GG@@_CB?GA?GB?C?_@?M?G?O?_@_@?@_@??o?_?G?G?B_@??C?C??[?G??K?G??C?C??B?@???W?G??@o?_??@?@???B_@????o?_???K?G???@?@????M?C????G?G????]?G????A?K????@_@?????K?G?????w?_?????w@??????W@??????K?_?????BgG??????Bb???????Fs,2,2
102,~?@esP@@?OC?O`?@?@_?O?A@?W??_??_G?O??C??@_??C???G???G???C???@????G????_???@?G??B????@?????O@???A?????W?????o?????_?????O?_???K?????@_?????C??????G?G????G??????C?C????@???????K???????_??????@???????@????????_?_?????G???????@????????C?C??????G????????G????????C?C??????@_????????G?????????_?_??????@?????????B?????????@_?????????G?????????@?@????????K??????????K??????????G??????????C?C????????@???????????G?G?????????_?_????????@_??????????@????????????_???????????G???????????@?@??????????C????????????G?G??????????G?G??????????C????????????@?????????????G?G???????????O?????????????_@????????????_@????????????o?????????????K??????????????_?????????????A?C????????????B??????????????A??????????????@?C?????????????W???????????????_??????????????A???????????????E???????????????B????????????????_???????????????M????????????????q???????????????B????????????????BG,t|eMID@WH?e@E@A?`_GG@@_CB?GA?GB?C?_@?M?G?O?_@_@?@_@??o?_?G?G?B_@??C?C??[?G??K?G??C?C??B?@???W?G??@o?_??@?@???B_@????o?_???K?G???@?@????M?C????M?G????E?G????A?C????@_@?????K?G?????w?_?????w@??????W@??????KO_?????BwG??????BE???????Nc,2,2
102,~?@esP@@?OC?O`?@?@_?O?A??W??_??_G?O??C@?@_??C???G@??G???K???A????O???@????A????A?G??@?????O????A?????K?????O?????O?????G?????E??????o?????A??????C?G????C??????A?C????@_??????K???????_??????@?@?????@???????@_???????W???????A????????G????????O?G??????O????????G????????A?@???????O????????@?????????A?@???????A?????????@_?????????O?????????A??????????G?C????????O??????????o??????????K??????????A???????????O?G????????@???????????A?@?????????E???????????@_???????????W???????????@????????????K????????????K????????????G????????????C?C??????????@?@???????????G?G???????????_????????????@?@???????????@??????????????_?_???????????G?G???????????@_?????????????C??????????????G?G????????????G?G????????????C???????????????O@?????????????A?G?????????????G???????????????O@??????????????K???????????????A????????????????W????????????????o???????????????@o???????????????@o,t|eMID@WH?e@E@A?`_GK@?oC@_G@?G@_C?W@?A?G?W?_?o@??o@??O?_?K?G?@_@??E?C??K?G??K?G??C?C??B?@???W?G??@_?_??A?@???F?@???@_?_???W?G???A?@????W?C????o?G????w?G????M?C????@?@?????W?G????@o?_????@_@?????@w@??????K@_?????BCG??????^@???????NW,2,2
102,~?@esP@@?OC?O`?@?@_?O?A??W??_??_G?O??C??@_??C???G???G@??K???A????O???@????A????A?G??B?????_????C?G???O????@_?????_?????O?????C?????@_?????E??????G??????G?G????C??????@?@?????G???????o??????@???????@?@??????_?_?????W???????B????????G????????O????????O?G??????G????????A?????????O?G??????@_????????A?????????A?@???????@??????????G?????????@??????????C??????????G??????????W??????????E??????????@???????????G?G?????????_??????????@?@?????????@?@??????????o???????????K???????????@_???????????E????????????K????????????G????????????C?C??????????@?@???????????G?G???????????_????????????@?@????????????_?????????????O?_???????????C??????????????_@????????????A??????????????C?G????????????C???????????????_C?????????????G@?????????????@_??????????????B???????????????B???????????????@_???????????????G???????????????AG???????????????P???????????????@C???????????????BG,t|eMID@WH?e@E@A?`_GG@@_CB?GA?GB?C?o@?E?G?O?_@_@?@_@??o?_?G?G?B_@??C?C??[?G??K?G??E?C??@_@???K?G???o?_??@?@???B_@????o?_???K?G???@?@????M?C????M?G????E?G????B?C?????o@?????E?G?????W?_?????{@??????KB??????C?_?????BoG??????FB???????Ms,2,2
102,~?@esP@@?OC?O`?@?@_?O?A??W??_??_??O??C??@_??C???G???G@??K???A????O???@?C??E????C????A?C??@_????G?????_?_??@?????B??????_?????G?????@?@????K??????G??????G??????C??????@???????G?G?????_??????@_??????@????????_?_?????G?G?????B????????C????????G????????G?G??????K????????B?????????O????????@??_??????B?????????A?????????@??_???????O?????????@??????????C??????????G?G????????W??????????C??????????@?@?????????G???????????_??????????@???????????@?@??????????_?_?????????K???????????@_???????????E????????????C????????????C????????????A?C???????????o????????????E?????????????O?????????????_@????????????O?????????????G?_???????????A??????????????O@????????????@?C????????????E??????????????A??????????????@?C?????????????O@?????????????A???????????????K???????????????K???????????????A???????????????@_???????????????E????????????????o???????????????@c???????????????B_,t|eMID@WH?e@C@E?`?GW@@?CE?GE?GA?C@_@?K?G?o?_@?@?B_@??_?_?W?G?B?@??G?C??w?G??O?G??[?C??B?@???W?G??@_?_??B_@???@?@???@o?_???K?G???@_@????E?C????G?G????[?G????F?C?????o@?????E?G?????[?_?????O@??????w@??????M@_?????@_g??????N@???????NK,2,2
102,~?@esP@@?OC?O`?@?@_?O?A??W??_??_??O??C??@_??C???G???G@??K???A????O???@????E????C????A?C??@_????G?????_?_??@?????B??????_?????G?????@??????K??????W??????O??????G??????A?@?????O??????@??_????A???????B???????@????????O?G?????A?@??????W????????o????????_????????O????????C?@???????_????????E?????????C?????????C?@???????B??????????_?????????C?@????????O??????????O??????????O??????????G?C????????A???????????o??????????@_??????????A???????????A???????????@??_?????????O???????????A?@??????????G?C??????????W????????????W????????????K????????????@_????????????G?????????????_?_??????????@?@???????????@?@???????????@_?????????????G?????????????@?@????????????A??????????????C?G????????????C??????????????A?C?????????????_@?????????????C???????????????C?_?????????????K???????????????E???????????????@_???????????????E????????????????W????????????????c???????????????@g,t|eMID@WH?e@C@E?`?GW@@?CE?GE?GA?C@_@?K?G?o?_@?@?B?@?@_?_?O?G?F?@??G?C??w?G??O?G??[?C??B?@???W?G??@_?_??B?@???B?@???@??_???w?G???B?@????G?C????w?G????O?W????[?C????B_@?????K?G?????o?_????@o@??????o@??????]?_?????@OW??????F`???????Fk,0,0
102,~?@esP@@?OC?O`?@?@_?O?A@?W??_??_??O??C??@_??C???G???G???C???@????G???@_???A????A?G??B?????_????C?????O?_??@_????@_?????_?????G?G???B??????K??????O??????O??????G?C????A???????O?G????@???????E???????A???????@????????O?G?????A????????G????????O????????O?G??????G????????E?????????O????????@??_??????B?????????A?????????@??????????O?G???????E??????????K??????????O??????????O?G????????W??????????B???????????O??????????@???????????A?@?????????A???????????@??_?????????O?G?????????E????????????G????????????O????????????O?G??????????G????????????A?????????????O?G??????????@??_??????????A?@???????????E?????????????@??????????????O?G???????????@??????????????E??????????????K??????????????E??????????????A???????????????_@?????????????@?G?????????????E???????????????E???????????????E???????????????@_???????????????G????????????????o???????????????@K???????????????B_,t|eMID@WH?e@C@E?`?GW@@?CE?GE?GA?C@_@?G?G@o?_@?@?B?@?@_?_?O?G?F?@??G?C??w?G??O?G??W?C??F?@???O?G??B_?_??A?@???F?@???@??_???w?G???B?@????G?C????w?G????O?W????[?C????B?@?????[?G?????_@_????B_@?????@?B?????@o?_?????N?G??????SF???????yc,2,2
102,~?@esP@@?PC?O`?@?@_?O?A??G??O??O??G??E???_??A???C@??K???C???@?G??W???@????A?G??E????A?????_????C?G???o?????_?????_?????O?_???C??????_?????A??????C??????C?G????A??????@_??????C???????O???????_@?????@_???????O???????C?G?????@_???????E????????G????????G?G??????E????????@?????????G?????????_?_??????B?????????@??????????_?????????G?G???????@??????????C?C????????G??????????G??????????C??????????@?@?????????G?G????????@_??????????@???????????@????????????_?_?????????W???????????@????????????C?C??????????K????????????K????????????C????????????@?@???????????C?????????????W?????????????o?????????????O?????????????G?????????????A?G????????????O?????????????@?C????????????A?G????????????A??????????????@_??????????????W??????????????@_??????????????E???????????????E???????????????@_???????????????o???????????????E????????????????O???????????????@c???????????????@o,t|eMID@WH_a@E@A?`_GG@@_CB?GA?GB?C?o@?E?G?W?_?_@?@_@??o?_?G?G?B_@??C?C??W?G??[?G??C?C??B?@???W?G??@o?_??@_@???@_@????o?_???K?G???@?@????M?C????K?G????M?G????A?K????@_@?????K?G?????w?_?????o@??????w@??????K?_?????BgG??????Bb???????Fs,0,0
102,~?@esP@@?OC?O`?@?@_?O?A??W??_??_G?O??C??@_??C???G???G???K???A????O???@????A????A?G??B?????_????C?G???O????@_????@_?????_?????G?????@?@????K??????W??????O??????G?C????A???????O??????@???????B???????A???????@????????O???????A?@??????W????????O????????O????????G????????A?@???????W????????@_????????B?????????A?????????@??_???????O?G???????E??????????W??????????O??????????O??????????G?C????????E???????????o??????????@???????????A?@?????????A???????????@????????????O?G?????????@????????????C????????????G?G??????????G?G??????????K????????????@?????????????G?????????????_?_??????????@?@???????????@_?????????????o?????????????E??????????????o??????????????_?????????????@_?????????????@_??????????????G??????????????A@??????????????O??????????????@?_?????????????B???????????????B????????????????o???????????????E????????????????W????????????????o????????????????w,t|eMID@WH?e@E@A?`_GG@@_CB?GA?GB?C?_@?K?G?o?_@?@?B?@?@_?_?W?G?B?@??K?C??O?G??w?G??K?C??A?@???o?G??B??_??E?@???F?@???@??_???o?G???F?@????K?C????W?G????W?G????N?C?????_B?????M?G?????W?_?????w@??????OB??????]?_?????@_W??????L@???????Mk,2,2
102,~?@esP@@?OC?O`?@?@_?O?A@?W??_??_??O??C??@_??C???G???G???C???@????G@??@_???A????A?G??B?????_????C?G???O????@_????@_?????_?????G?G???B??????C??????G??????G??????C??????@???????G???????o??????@???????@????????_???????G?G?????@????????C????????G?G??????W????????K????????B?????????W????????@_????????A?????????A?@???????@??_???????o?????????E??????????G??????????O?G????????o??????????G??????????A???????????O?G????????@???????????A???????????A???????????@??_?????????G???????????@????????????C?C??????????G?G??????????G????????????E????????????@_????????????E?????????????W?????????????o?????????????W?????????????K??????????????_?????????????C@?????????????o??????????????_??????????????_G?????????????O??????????????C???????????????_G?????????????B???????????????A???????????????B????????????????o???????????????K????????????????o???????????????@K???????????????F?,t|eMID@WH?e@C@E?`?GW@@?CE?GE?GA?C@_@?G?G@o?_@?@?B_@??_?_?W?G?B?@??K?C??W?G??O?G??[?C??B?@???O?G??B??_??E?@???F?@???@??_???w?G???A?B????[?C????W?G????W?G????K?C????Bo@?????C?W?????w?_?????w@??????S@??????F?_??????oW??????E`???????Fk,2,2
102,~?@esP@@?OC?O`?@?@_?O?A@?W??_??_G?O??C??@_??C???G???G???C???@????G????_???@?G??B????@?????O@???A?????W?????o?????_?????O?_???K?????@_?????C??????G?G????G??????C??????@???????K???????_??????@???????@????????_?_?????G???????@????????C????????G?G??????K????????E????????@_????????G?????????_?_??????@?@???????B?????????@_?????????G?????????@?@????????K??????????W??????????G??????????C?C????????@???????????G???????????_?_?????????_???????????_???????????O???????????C?G??????????_???????????A?C??????????C????????????C?G??????????B?????????????o????????????B?????????????K?????????????W?????????????G?????????????C?_???????????@_?????????????C??????????????OC?????????????_??????????????_G?????????????O??????????????E???????????????O??????????????@?_?????????????A@??????????????B????????????????o???????????????K????????????????`???????????????@C???????????????BG,t|eMID@WH?e@E@A?`_GG@@_CB?GA?GB?C?_@?M?G?O?_@_@?@_@??o?_?K?G?@_@??C?C??[?G??K?G??C?C??B?@???W?G??@o?_??@?@???B?@???@o?_???K?G???@_@????E?C????N?G????A?W????B?C?????o@?????F?G?????K?_?????[@??????K@??????E__??????WW??????Bp???????Bk,0,0
102,~?@esP@@?OC?O`?@?@_?O?A@?W??_??_G?O??C??@_??C???G???G???C???@????G????_???@?G??B????@?????O@???A?????W?????o?????_?????O?_???K?????@_?????C??????G?G????G??????C??????@???????K???????_??????@???????@????????_?_?????G???????@????????C????????G????????K????????E????????@_????????G?????????_?_??????@?@???????B?????????@_?????????G?????????@?@????????K??????????W??????????W??????????G??????????A?@?????????O??????????@???????????A?@?????????@????????????_???????????G?G?????????@?@??????????C????????????G?G??????????G????????????C????????????@?@???????????K?????????????o?????????????o?????????????o?????????????C?????????????@?G????????????K??????????????o??????????????_??????????????_G?????????????O??????????????C@??????????????o??????????????@???????????????A@??????????????A@??????????????@?_??????????????W???????????????@_???????????????AC???????????????@g,t|eMID@WH?e@E@A?`_GG@@_CB?GA?GB?C?_@?M?G?O?_@_@?@_@??o?_?K?G?@_@??C?C??[?G??K?G??C?C??B?@???W?G??@o?_??@?@???B?@???@_?_???W?G???B?@????K?C????W?G????]?G????A?K????@o@?????F?G?????K?_?????W@??????[@??????E?_?????@gG??????Bp???????B{,2,2
102,~?@esP@@?OC?O`?@?@_?O?A??W??_??_G?O??C??@_??C???G???G@??K???A????O???@????A????A?G??B?????_????C?G???O????@_?????_?????O?????C?????@_?????E??????G??????G?G????C??????@?@?????G???????o??????@???????@?@??????_?_?????W???????B????????G????????O????????O?G??????G????????A?????????O?G??????@_????????A?????????A?@???????@??????????G?????????@??????????C?C????????G??????????W??????????E??????????@???????????G?G?????????_??????????@?@?????????@????????????o???????????K???????????@_???????????B????????????C????????????C?G??????????A?C???????????_????????????C?????????????O?_???????????o?????????????_?????????????O?_???????????C??????????????_@????????????A?C????????????C??????????????B??????????????@_??????????????K???????????????_??????????????B???????????????@_??????????????@_???????????????O???????????????EG???????????????_???????????????BC???????????????BO,t|eMID@WH?e@E@A?`_GG@@_CB?GA?GB?C?o@?E?G?O?_@_@?@_@??o?_?G?G?B_@??C?C??[?G??K?G??E?C??@_@???K?G???o?_??@?@???B_@????o?_???K?G???@?@????M?C????G?W????[?G????E?C????@_@?????M?G?????W?_?????w@??????[@??????D?_??????wG??????Bp???????B{,2,2
102,~?@esP@H?OC?O`?@??_?G?B??G??OG?O??GC?E???_??A?_?K???G???C???@????G????_C??@????@?????_????G????@?????C?_???W?????W?????G?????A?G????O?????@?C????E??????E??????A???????_@?????K???????O???????_???????_@??????O???????C????????_@??????A????????C?G??????C????????A?????????_????????C?????????O?_??????@_?????????o?????????O?????????C?G????????_?????????A?C????????E??????????E??????????A???????????_@?????????K???????????O???????????_???????????_@??????????O???????????C????????????_@??????????A????????????C?G??????????C????????????A?C???????????_????????????C?G???????????O?_??????????@_?????????????o?????????????O?????????????C?G????????????_?????????????A?C????????????E??????????????A??????????????@?C?????????????G??????????????@?G?????????????C?_?????????????G@??????????????K???????????????B????????????????OG??????????????B????????????????@C???????????????Ag,t|eMID`GH_b@A@B?_oGE@?OC@_G@_G?_C?W@?B?G?K?_?O@??o@??W?_?E?G??o@??A?C??K?G??M?G??A?C??@o@???E?G???W?_???_@???@_@????w?_???E?G????o@????A?C????K?G????M?G????A?C????@o@?????E?G?????W?_?????o@??????w@??????M@_?????@@g??????]@???????]K,0,0
102,~?@esP@@?PC?O`?@@@_?O?A??G??O??O??G??A???O??@???E???C???A?_?@_???G????_C??B????A????@?C???o????E?????O?????_?????_@????O?????C??????_@????A??????C?G????C??????A???????_??????C???????O??????@_???????_???????O?_?????K????????_???????A?C??????E????????C????????A?C??????@_????????K?????????o????????@?????????@?@????????_?_???????G?????????@??????????C?C????????G??????????G?G????????C?C????????@???????????G?G?????????_??????????@???????????@????????????O???????????C?G?????????@_???????????A????????????C?G??????????A????????????@?C???????????W????????????B?????????????K?????????????W?????????????G?????????????C?????????????@?G????????????K??????????????O??????????????_G?????????????_G?????????????O??????????????E???????????????o??????????????@???????????????A@??????????????A@???????????????o???????????????K????????????????o????????????????o????????????????w,t|eMID@WH_a@E@A?`_GG@@oC@?GB?G@?C?o@?E?G?W?_?_@?@o@??O?_?M?G??_@??F?C??C?G??K?G??E?C??@?@???W?G??@o?_??@_@???@?@???@o?_???G?G???B_@????F?C????E?G????E?G????B?C?????_@?????N?G?????K@_?????OD??????w@??????G@_?????F_G??????MB???????XS,2,2
102,~?@esP@@?PC?O`?@?@_?O?A??G??O??O??GC?E???_??A???C???K???C???@?G??W???@????A?G??A????@?????O????E?????W?????_?????_@????O?????C??????_@????A??????C??????C?G????E??????@_??????G???????_??????@???????@????????o???????G???????@?@??????E????????G????????G?G??????C????????@?????????G?????????_?_??????B?????????B?????????@_?????????O?????????A?@????????G??????????O??????????O?G????????G?C????????B???????????W??????????@_??????????@???????????@????????????_?_?????????G???????????@????????????E????????????G????????????G?G??????????A?????????????_@???????????C?????????????O?_???????????_@???????????@_?????????????W?????????????E??????????????o?????????????@??????????????B??????????????@_??????????????G??????????????A???????????????OG?????????????@?_?????????????B???????????????A???????????????@?_??????????????WG??????????????B????????????????B????????????????AW,t|eMID@WH_a@E@A?`_GK@?oC@?GB?G@?C?o@?E?G?W?_?o@??o@??O?_?K?G?@_@??E?C??K?G??G?G??K?C??B?@???O?G??B_?_??B?@???B?@???@o?_???G?G???B_@????E?C????M?G????C?G????F?C?????o@?????C?G?????w?_?????oB??????w@??????G__?????FoG??????Fa???????Ds,2,2
102,~?@esP@H?OC?O`?@??_?G?B??G??O??O??G??E???_??A?_?K???G???C???@????W???@????A?G??E????A?????_@???C?????O?????_?????_?????o?????K?????@??????C?C????G??????G??????C??????@???????K???????_??????@?@?????B???????@_???????O???????A????????G?C??????O????????W????????G????????A?@???????o????????B?????????C?????????C?@???????A??_???????_?????????C?@????????O??????????_?????????@_??????????W??????????C???????????_?G????????A??_????????C???????????C?@?????????A????????????_?G?????????A????????????G?C??????????W????????????W????????????G????????????A?@???????????O?G??????????@?????????????@?????????????@?@????????????o?????????????E??????????????O?????????????@?C????????????A?G????????????A???????????????o??????????????K???????????????_??????????????A?_?????????????C@??????????????C@??????????????@_???????????????W???????????????@@???????????????CC???????????????BG,t|eMID`GH_a@E@A?`_GG@@_CB?GA?GB?C?o@?C?G?o?_@_@?@_@??o?_?G?G?B?@??K?C??O?G??w?G??K?C??A?@???o?G??B??_??E?@???C?@???F??_???o?G???F?@????G?C????w?G????W?G????N?C?????_B?????M?G?????W?_?????o@??????w@??????M?_?????@?w??????\@???????NK,2,2
102,~?@esP@H?OC?O`?@??_?G?B??G??O??O??G??E???_??A?_?K???G???C?_?@????W???@????A?G??E????A?????_@???C?????O?????_?????_?????W?????C??????_?????A??????C??????C?G????A???????o??????C???????O?_????@_??????@_???????_???????G?G?????@?@??????K????????W????????O????????G?C??????B?????????O????????@??_??????A?@???????A?????????@??_???????O?????????A??????????C??????????G??????????G??????????C?C????????@???????????G?G?????????_???????????_???????????_@??????????W???????????E????????????o???????????B????????????E????????????A????????????@?C???????????W????????????B?????????????C?????????????G@????????????G?????????????C?????????????@?G????????????G??????????????_C????????????@??????????????@?G?????????????_C?????????????G@?????????????@_??????????????E???????????????E???????????????A???????????????@?_??????????????CG???????????????`???????????????AC???????????????EG,t|eMID`GH_a@E@A?`_GG@@_CB?GA?GB?C?o@?E?G?W?_?_@?@_@??o?_?G?G?B_@??C?C??[?G??K?G??C?C??B?@???W?G??@_?_??B_@???@?@???@_?_???[?G???@?@????M?C????G?G????]?G????A?K????@o@?????E?G?????[?_?????W@??????[@??????C@_?????BgG??????Bb???????FS,2,2
102,~?@esP@H?OC?O`?@??_?G?B??G??O??O??G??E???_??A?_?K???G???C?_?@????W???@????A?G??E????A?????_@???C?????O?????_?????_?????W?????C??????_@????A??????C??????C?G????A???????o??????C???????O?_????@_??????@_???????_???????G?G?????@????????E????????G????????G?G??????E????????@?????????G?G???????_????????@?????????@?@????????_?????????G?????????@_?????????C??????????G?G????????G?G????????C??????????@?@?????????G???????????o??????????@???????????@?@??????????o???????????K???????????@_???????????A????????????A????????????A?G??????????@_????????????O????????????A?G???????????G?_???????????O?????????????O@????????????G?????????????B??????????????W??????????????_?????????????@?G????????????@?G?????????????O??????????????C@??????????????o??????????????B???????????????A???????????????A@???????????????o???????????????C????????????????`???????????????BC???????????????B_,t|eMID`GH_a@E@A?`_GG@@_CB?GA?GB?C?o@?E?G?W?_?o@??o@??O?_?M?G??_@??F?C??E?G??C?G??E?C??@_@???K?G???o?_??@_@???@o@????O?_???M?G????_@????F?C????E?G????C?G????F?C?????o@?????F?G?????M?_?????G@??????[@??????F__??????Ow??????FH???????NC,2,2
102,~?@esP@H?OC?O`?@??_?G?B??G??O??O??G??E???_??A?_?K???G???C???@?G??W???@????A?G??E????A?????_@???C?????O?????_?????_?????o?????C??????_?????A?C????C??????C??????A???????o??????C???????O?_????@_??????@_???????_???????G???????@?@??????K????????G????????G?G??????K????????B?????????O????????@??_??????A?@???????A?????????@??_???????O?????????A??????????W??????????O??????????O??????????G?C????????A???????????O??????????@???????????A?@?????????@????????????_?_?????????K???????????@_???????????C????????????K????????????K????????????A?????????????_@???????????K?????????????o?????????????o?????????????O?????????????G?_???????????A?G????????????O?????????????B??????????????B??????????????@???????????????_C?????????????G??????????????@?G?????????????C?_?????????????E???????????????C???????????????B????????????????OW??????????????B????????????????B????????????????AW,t|eMID`GH_a@E@A?`_GG@@_CB?GA?GB?C?o@?C?G?w?_?_@?@o@??O?_?K?G?@_@??C?C??[?G??K?G??C?C??B?@???W?G??@_?_??A?@???F?@???@?@_???w?G???A?B????W?C????o?G????o?G????]?C????@?B?????[?G?????o?_????@_@?????@S@??????F?_??????sG??????@x???????@{,2,2
102,~?@esP@H?OC?O`?@??_?G?B??G??O??O??GC?E???_??A?_?K???G???C???@????W???@????A?G??A????@?????O????A?????G?_???O?????o?????W?????C??????_?????A??????C??????C?G????E??????@_??????G???????_?_????@_??????@????????_???????G?G?????@????????K????????W????????W????????C????????@?????????G?G???????_????????@?????????@?@????????_?????????W?????????@_?????????C??????????G?G????????G??????????C??????????@?@?????????W???????????o??????????@???????????@?@??????????o???????????G???????????@?@??????????C?C??????????G????????????K????????????E?????????????_????????????C?????????????O?_???????????_?????????????o?????????????G?????????????@_?????????????G??????????????_C????????????@?G????????????@?G????????????@_??????????????K??????????????@???????????????E?_?????????????K???????????????C????????????????__??????????????K????????????????_???????????????@c???????????????@o,t|eMID`GH_a@E@A?`_GK@?oC@?GB?G@_C?O@?E?G?W?_?_@?@_@??o?_?K?G?@_@??E?C??K?G??G?G??M?C??@_@???G?G??@o?_??@_@???@_@????o?_???K?G???@_@????F?C????E?G????C?G????F?C?????oB?????F?G?????K?_?????[@??????K@??????F?_??????oW??????Dp???????Bk,2,2
102,~?@esP@@?PC?O`?@?@_?O?A??G??O??O??G??E???_??A???C???K???C???@?G??W???@_???B????A????@?C???O????E?????W?????_?????_@????O?????C??????_?????A??????C??????C??????B???????_??????C???????O???????_???????o???????O???????C?G?????@_???????E????????K????????K????????C????????@?@???????G?G??????@_????????B?????????B?????????@??????????O?G???????A??????????G??????????O??????????O?G????????G??????????A???????????O???????????_??????????@???????????@?@??????????_???????????G???????????@_???????????E????????????K????????????E????????????B?????????????o????????????E?????????????W?????????????W?????????????W?????????????K?????????????@??????????????G??????????????_C????????????@?G????????????@???????????????_C?????????????G??????????????@?G?????????????C?_?????????????K???????????????K???????????????@_???????????????K????????????????W????????????????o????????????????w,t|eMID@WH_a@E@B?__GK@?oC@?GB?G@?C?o@?E?G?W?_?_@?@_@??o?_?K?G?@?@??M?C??K?G??G?G??K?C??B?@???O?G??B_?_??B?@???B?@???@??_???w?G???B?@????K?C????O?G????{?G????C?K????B_@?????K?G?????_?_????B_@?????@oB??????OA_?????N?G??????YB???????]S,0,0
102,~?@esP@H?OC?O`?@??_?G?B??G??O??O??G??E???_??A?_?K???G???C?_?@????W???@_???B????A????@?C???O????A?????G?????O?????W?????G?????A??????O?????@??????A??????B??????@???????O@?????E???????W???????_???????_@??????O???????K???????@_???????E????????K????????G????????C?C??????@?????????G?????????_?_??????@?????????@??????????o?????????G?????????@??????????C??????????G?G????????G??????????C??????????@_??????????G???????????_?_????????@_??????????@_???????????o???????????C???????????@_???????????E????????????E????????????E????????????B?????????????O????????????A?????????????G?_???????????O@????????????W?????????????G?????????????A?G????????????O?????????????@?C????????????A??????????????B??????????????@???????????????O@?????????????@_??????????????A???????????????E???????????????B???????????????@_???????????????GG??????????????@o???????????????AG???????????????EG,t|eMID`GH_a@E@B?__GK@?oC@?GB?G@_C?W@?B?G?G?_?o@??o@??W?_?C?G?@o@??B?C??C?G??K?G??E?C??@_@???K?G???o?_??@?@???B?@???@o?_???K?G???@?@????M?C????K?W????G?G????M?C????@_@?????M?G?????W?_?????o@??????w@??????K@_?????AoG??????CZ???????}C,2,2
102,~?@esP@@?OC?O`?@?@_?O?A@?W??_??_??O??C??@_??C???G@??G???C???@????G@??@_???B????B????@?????O????A?????K?????O?????O@????W?????A??????O?????@??????A??????A??????B???????o??????C???????O?_?????_???????_???????O?_?????C?G?????@_???????E????????K????????K????????C????????@?????????G?G???????_????????@_????????@??????????_?_???????C??????????_@????????A??????????C??????????C??????????A??????????@_??????????E???????????O???????????_@??????????_???????????W???????????B????????????W???????????@_???????????B????????????A????????????@?C???????????O@???????????A?????????????K?????????????O?????????????O@????????????G?_???????????A??????????????O?????????????@?C????????????A??????????????@_??????????????o??????????????C???????????????W??????????????@_??????????????@_??????????????@_???????????????W???????????????E????????????????P???????????????@C???????????????BG,t|eMID@WH?e@C@E?`_GG@@_CB?GB?G@?C?w@?A?G?[?_?O@??o@??W?_?E?G??_@??E?C??K?G??K?G??E?C??@?@???[?G???w?_???o@????o@????W?_???E?G????_@????E?C????M?G????E?G????B?C?????_@?????N?G?????K@_?????W@??????[@??????C?_?????BoG??????FB???????Js,0,0
102,~?@esP@H?OC?O`?@??_?G?B??G??O??O??G??E???_??A?_?K???G???C???@?G??W???@????A?G??E????A?????_????C?????O?????_?????_?????o?????C??????_?????A?C????C??????C??????A?C????@_??????K???????_??????@?@?????B???????@_???????O???????A?@??????G?C??????o????????O????????G?C??????E?????????O????????@?????????A?????????A?@???????@??????????O?G???????A??????????G??????????G??????????G?G????????C?C????????@???????????G???????????_?_????????B???????????B????????????_???????????G?G?????????@_???????????E????????????K????????????A????????????@?C???????????o????????????A?????????????G?????????????O@????????????O@????????????G?????????????A?G????????????O?????????????@_?????????????@??????????????@?G?????????????_C?????????????W???????????????_??????????????A?_?????????????E???????????????E???????????????@?_??????????????G???????????????@`???????????????B????????????????@g,t|eMID`GH_a@E@A?`_GG@@_CB?GA?GB?C?o@?C?G?w?_?_@?@o@??O?_?K?G?@_@??E?C??K?G??K?G??C?C??B?@???W?G??@_?_??B_@???@o@????O?_???K?G???@_@????E?C????K?G????M?G????A?C????@o@?????E?G?????]?_?????GB??????[@??????E?_?????@wG??????AN???????\C,2,2
102,~?@esP@@?PC?O`?@?@_?O?A??G??O??O??G??E???_??A???C@??K???C???@?G??W???@????A?G??E????A?????_????C?????o?????_?????_?????O?????C??????_?????A??????C??????C?G????A??????@_??????K???????_??????@?@?????@?@?????@_???????W???????A????????G?C??????o????????o????????O????????C?@???????o????????A?????????C?????????C?@???????A??????????O?????????A?@????????G??????????O?G????????O??????????G?C????????A???????????O??????????@???????????A?@?????????A???????????B????????????W???????????B????????????E????????????C????????????C?G??????????B?????????????o????????????E?????????????K?????????????O?????????????O@????????????G?_???????????A??????????????O@????????????@?C????????????A??????????????A?G????????????@?C?????????????O??????????????A?G?????????????G???????????????K???????????????A???????????????@?_??????????????K????????????????o???????????????B_???????????????@o,t|eMID@WH_a@E@A?`_GG@@_CB?GA?GB?C?o@?E?G?W?_?_@?@_@??o?_?G?G?B_@??C?C??W?G??W?G??K?C??B?@???W?G??@_?_??B?@???B?@???@_?_???W?G???B?@????M?C????G?G????W?G????M?C????@_@?????M?G?????[?_?????W@??????[@??????F?_??????_w??????N@???????NK,0,0
102,~?@esP@@?OE?O?_@_?_?GGB??G??O??O??W??C???_??A???C???C???A???@_???K????_???@????@????@_????W????A?????G?_???o?????o?????O?????C??????_@????A??????K??????K??????C??????@???????G???????_?_????@???????@????????_???????G???????B????????E????????G????????G????????C?C??????@?????????W????????@_????????@?????????@?@???????@_?????????W?????????B??????????G??????????O?G????????O?G????????G??????????E???????????W??????????@???????????A???????????A?@?????????@??_?????????O???????????A?@??????????G????????????O?G??????????O????????????E????????????@?????????????G?G???????????_?_??????????@?????????????B??????????????O?????????????C?G????????????o?????????????@_?????????????B??????????????@???????????????W??????????????C???????????????oG?????????????@???????????????A@??????????????A@??????????????@_???????????????W???????????????@O????????????????o????????????????w,t|fIID`GH_a@E@A?`_GK@?_CB?GA?GB_C?O@?E?G?W?_?_@?@o@??O?_?K?G?@_@??E?C??G?G??W?G??K?C??B_@???G?G??@_?_??B?@???B?@???@o?_???G?G???B?@????M?C????K?G????G?G????M?C????@o@?????E?G?????[?_?????[@??????G@??????N?_??????oW??????F`???????Fk,2,2
102,~?@esP@@?OE?O?_@_?_?GGB??G??O??O??W??C???_??A???C???C???A???@_???K????_???@????@????@_????W????A?????G?_???o?????o?????O?????C??????_@????A??????K??????K??????C??????@?@?????G???????_??????@???????@????????_???????G???????B????????E????????G????????G????????C????????@?????????K?????????o????????@_????????@_?????????o?????????K?????????@??????????C?C????????G?G????????G??????????K??????????B???????????W??????????@???????????A?@?????????A?@?????????@????????????O???????????A????????????G?C??????????O????????????K????????????C????????????@?@???????????G?????????????_????????????@?@????????????o?????????????W?????????????E??????????????W?????????????@_?????????????@??????????????@_??????????????o??????????????E???????????????O??????????????@???????????????A@??????????????B@??????????????@????????????????OG??????????????A@???????????????KC???????????????X?,t|fIID`GH_a@E@A?`_GK@?_CB?GA?GB_C?O@?E?G?W?_?_@?@o@??O?_?K?G?@_@??E?C??K?G??K?G??C?C??B_@???G?W??@_?_??B?@???B?@???@o?_???G?G???B?@????K?C????W?G????W?G????M?C????@O@?????E?G?????[?_?????[@??????GF??????M?_?????@_G??????N@???????K{,2,2
102,~?@esP@@?OE?O?_@_?_?GGB??G??O??O??W??C???_??A???C???C???A???@_???K????_???@????@????@_????W????A?????G?_???o?????o?????O?????C??????_@????A??????K??????K??????C??????@???????G???????_?_????@???????@????????_???????G???????B????????E????????G????????G????????C?C??????@?????????W????????@_????????@?????????@?@???????@_?????????W?????????B??????????G??????????O?G????????O?G????????G??????????E???????????W??????????@???????????A???????????A?@?????????@??_?????????O???????????A?@??????????G????????????O?G??????????O????????????E????????????@?????????????G?????????????_?_??????????@?????????????B??????????????O?????????????C?G????????????o?????????????@_?????????????B??????????????@?G????????????@_??????????????K??????????????@???????????????E?_?????????????C???????????????C@??????????????A?_??????????????OG??????????????B????????????????D?????????????????w,t|fIID`GH_a@E@A?`_GK@?_CB?GA?GB_C?O@?E?G?W?_?_@?@o@??O?_?K?G?@_@??E?C??G?G??W?G??K?C??B_@???G?G??@_?_??B?@???B?@???@o?_???G?G???B?@????M?C????K?G????G?G????M?C????@o@?????E?G?????[?_?????[@??????K@??????F?_??????oW??????F`???????Fk,2,2
102,~?@esP@H?OC?O`?@??_?G?B??G??O??O??G??E???_??A?_?K???G???C???@????W???@????A?G??E????A?????_????C?????O?????_?????_@????o?????K?????@??????C??????G?G????G??????C?C????@???????W??????@_??????A???????A?@?????B????????O???????A????????G????????O????????o????????G????????A?@???????W????????@?????????A?????????A?????????@??_???????O?????????A?@????????G?C????????o??????????o??????????W??????????C???????????_?G????????A??_????????C???????????C?@?????????A???????????@_???????????K????????????O????????????_?G??????????O????????????G?C??????????A?????????????O????????????@?????????????@_?????????????o?????????????O?????????????C?G????????????_?????????????A?C????????????E??????????????B??????????????@_??????????????W??????????????B???????????????C?_?????????????G???????????????K???????????????B????????????????OG??????????????AG???????????????J????????????????Ao,t|eMID`GH_a@E@A?`_GG@@_CB?GA?GB?C?o@?C?G?o?_@_@?@?@?@o?_?G?G?B_@??C?C??W?G??W?G??K?C??A?@???o?G??B_?_??A?@???E?@???B??_???o?G???F?@????M?C????G?G????W?G????K?C????B_@?????G?G????@w?_?????oB??????o@??????X?_?????F_G??????ME???????\c,0,0
102,~?@esP@@?OE?O?_@_?_?GGB??G??O??O??W??C???_??A???C???C???A?_?@_???K????_???@?G??@????@_????W????A?????G?_???o?????O?????G?????A?G????O?????@_?????A??????A??????@???????O??????A???????G???????O@??????o???????K???????A????????O@??????@????????E????????E????????B?????????_????????C?G???????o?????????_?????????_?????????O?_???????C??????????o?????????A??????????C??????????C?G????????A???????????_@?????????C???????????O???????????_@?????????@_???????????W???????????C????????????_@??????????A?C??????????K????????????E????????????@?????????????O@???????????E?????????????G?????????????O?????????????O@????????????G?????????????@??????????????G??????????????_C????????????@?G????????????@???????????????o??????????????K???????????????o??????????????B???????????????E???????????????@@???????????????__??????????????W???????????????@_???????????????AO????????????????w,t|fIID`GH_a@E@A?`_GK@?_CB?GA?GB_C?O@?F?G?G?_?w@??O@??[?_?B?G??O@??B?C??E?G??C?G??F?C???_@???M?G???O?_??@o@????_@????w?_???E?G????_@????F?C????E?G????F?G????@?C?????w@?????A?W?????[?_?????OB??????{@??????C@_?????B_G??????MB???????TS,0,0
102,~?@esP@@?OE?O?_@_?_?G?B??G??O??O??W??C???_??A???K???G???C???@?G??W???@_???A????A?G??@?????o????E?????O?????_@????_?????o?????C??????_?????A?C????C??????E??????A???????_@?????C???????O???????o???????_???????O???????C?G?????@_???????B????????C????????C?G??????A?????????o????????E?????????O?????????_@????????_?????????o?????????C??????????_?????????A?C????????C??????????E??????????A???????????_@?????????C???????????O?_?????????o???????????_???????????O???????????C?G?????????@_???????????B????????????C????????????C?G??????????A?C???????????o????????????A?????????????G?_???????????O@????????????o?????????????G?????????????A??????????????O@????????????@??????????????@??????????????@?G?????????????_C?????????????C???????????????o??????????????B???????????????B???????????????B????????????????W???????????????E????????????????W????????????????o????????????????w,t|fIID`GH_a@E@A?`_GK@?_CB?GA?GB?C?o@?C?G?w?_?_@?@o@??O?_?M?G??o@??B?C??E?G??C?G??F?C???o@???C?G???w?_???_@???@o@????O?_???M?G????o@????B?C????E?G????F?G????@_C?????O@?????F?G?????G@_?????w@??????OB??????]?_?????@_W??????N@???????Ik,0,0
102,~?@esP@@?OE?O?_@_?_?G?B??G??O??O??W??C???_??A???K???G???C???@?G??W???@_???A????A?G??@?????o????E?????O?????_?????_@????o?????C??????_?????A?C????C??????E??????A???????_@?????C???????O??????@_???????_???????O???????C?G?????@_???????B????????C????????C?G??????A?????????o????????E?????????O?????????_?????????_@????????o?????????C??????????_?????????A?C????????C??????????E??????????A???????????_@?????????C???????????O??????????@_???????????_???????????O?_?????????C?G?????????@_???????????B????????????C????????????C?G??????????A?C???????????o????????????E?????????????O?????????????_@????????????_@????????????G?????????????A??????????????O@????????????@??????????????@??????????????@?G?????????????_C?????????????G???????????????o??????????????B???????????????B???????????????B????????????????W???????????????E????????????????W????????????????o????????????????w,t|fIID`GH_a@E@A?`_GK@?_CB?GA?GB?C?o@?C?G?w?_?_@?@o@??O?_?M?G??o@??B?C??E?G??C?G??E?C??@o@???C?G???w?_???_@???@o@????O?_???M?G????o@????B?C????E?G????C?G????E?C????@o@?????F?G?????G?_?????w@??????OB??????]?_?????@oW??????CT???????}C,0,0
102,~?@esP@@?OC?O`?@?@_?O?A??W??_??_G?O??C@?@_??C???G???G@??K???A????O???@????A????A?G??@?????O????A?G???W?????O?????O?????G?????E??????o?????A??????C?G????C??????A?C????@_??????C???????O???????_@?????@_???????o???????G???????@????????C?C??????G????????G????????C?C??????@?????????G?????????_?_??????B?????????@??????????_?_???????G?????????@??????????K??????????K??????????K??????????A???????????_@?????????K???????????O???????????_???????????_@??????????W???????????E????????????_???????????A?C??????????C?G??????????C????????????A?C???????????_????????????C?????????????O?_??????????@_?????????????_?????????????O?_???????????C??????????????_?????????????@_?????????????@_?????????????@_??????????????O??????????????E???????????????W??????????????@_??????????????B???????????????@@???????????????o???????????????K????????????????`???????????????AC???????????????BG,t|eMID@WH?e@E@A?`_GK@?oC@?GB?G@_C?W@?A?G?W?_?o@??o@??O?_?K?G?@_@??F?C??C?G??K?G??E?C??@_@???K?G???_?_??B_@???@o@????O?_???K?G???@_@????F?C????C?G????K?G????F?C?????o@?????E?G?????]?_?????GB??????[@??????F?_??????_w??????N@???????LK,0,0
102,~?@esP@@?OC?O`?@?@_?O?A??W??_??_G?O??C@?@_??C???G???G???K???A????O@??@????A????A?G??@?????O????A?????W?????o?????_?????O?????C??????o?????A??????C?G????C??????A?C????@_??????K???????_??????@???????@?@??????_???????W???????B????????G????????O?G??????O?G??????G????????A?@???????O????????@?????????A?@???????A?????????B??????????W?????????A??????????G??????????O??????????O?G????????C??????????@?@?????????G???????????_?_????????B???????????@_???????????_???????????G?G?????????@?@??????????C????????????W????????????W????????????E?????????????_????????????C?G???????????O?????????????_?????????????_@????????????O?????????????B??????????????O?????????????@??????????????A?G????????????A?G????????????@?C?????????????W??????????????B???????????????E???????????????K???????????????C@??????????????E????????????????GG??????????????@@???????????????E????????????????AW,t|eMID@WH?e@E@A?`_GK@?oC@?GB?G@?C?o@?E?G?W?_?o@??o@??O?_?K?G?@_@??E?C??K?G??G?G??M?C??@?@???W?G??@_?_??B?@???B_@????o?_???G?G???B?@????K?C????[?G????K?G????F?C?????_@?????K?G?????o?_????@w@??????WF??????GK_?????F?G??????[@???????w[,0,0
102,~?@esP@@?PC?O`?@@@_?O?A??G??O??O??G??A???O??@???E???C???A?_?@_???K????o???@????@?G??@_????W????A?????G?????O@????O?????G?????A??????O?????@??????A??????A??????@?C?????O??????E???????G???????O@??????o???????W???????E????????o???????A????????C?G??????K????????B?????????_????????C?G???????O?_???????_?????????_?????????O?????????C??????????_?????????A??????????C??????????C??????????A?C?????????_??????????A???????????G?_?????????o???????????o???????????W???????????E????????????o???????????B????????????E????????????B????????????@_????????????G????????????@?G???????????C?????????????G@????????????G?????????????C?_???????????@??????????????G??????????????_C????????????@??????????????@?G?????????????o??????????????E???????????????W??????????????@_??????????????@_???????????????_???????????????O_??????????????CG???????????????`???????????????AC???????????????EG,t|eMID@WH_a@E@B?__GM@?OC@_G@?G@_C?W@?B?G?G?_?o@??o@??W?_?C?G?@o@??A?C??M?G??C?G??E?C??@o@???E?G???O?_??@_@???@_@????o?_???K?G???@?@????M?C????G?W????[?G????C?C????Bo@?????E?W?????W?_?????w@??????[@??????D?_??????wG??????Ap???????B{,0,0
102,~?@esP@@?PC?O`?@?@_?O?A??G??O??O??G??E???_??A?_?C???K???C???@?G??W???@_???B????A????@?C???O????B?????G?????O@????O?????G?????A??????O?????@??????A??????B??????@???????O@?????A???????K???????O???????O@??????W???????E????????o???????B????????C????????C?G??????A?????????o????????C?????????O?_???????_?????????_?????????O?_???????C??????????_?????????A??????????C??????????E??????????A???????????_@?????????C???????????W???????????_???????????_@??????????W???????????E????????????o???????????B????????????E????????????A????????????@_????????????O????????????A?G???????????G?_???????????O?????????????O@????????????G?_???????????A??????????????O?????????????@_?????????????A??????????????A?G????????????@?C?????????????G??????????????@?G?????????????B???????????????E???????????????E???????????????@?_??????????????K????????????????o???????????????@C???????????????@g,t|eMID@WH_a@E@B?__GK@?oC@_G@?G@_C?W@?B?G?G?_?o@??o@??W?_?C?G?@o@??B?C??E?G??C?G??F?C???o@???E?G???W?_???o@????o@????W?_???C?G???@o@????B?K????E?G????C?G????F?C?????o@?????E?G?????[?_?????W@??????W@??????J?_??????oW??????F`???????Fk,2,2
102,~?@esP@@?PC?O`?@?@_?O?A??G??O??O??G??E???_??A???C@??K???C???@?G??W???@_???B????A????@?C???O????E?????G?????O?????O?????G?????A?G????O?????@??????A??????B??????@???????O??????A?G?????W???????o???????_???????O?_?????E????????o???????B????????C????????C?G??????A????????@_????????C?????????O?????????_?????????_?????????O?????????C?G????????_?????????A??????????C??????????E??????????A???????????o??????????E???????????W???????????o???????????_???????????O?_?????????E????????????o???????????B????????????E????????????A????????????B?????????????O????????????A?????????????G?_???????????O?????????????W?????????????C?????????????@??????????????K??????????????_?????????????@_?????????????@_??????????????W??????????????C???????????????oG?????????????B???????????????E???????????????A@??????????????B????????????????OG??????????????A@???????????????I????????????????AW,t|eMID@WH_a@E@B?__GK@?oC@?GB?G@_C?W@?B?G?K?_?W@??W@??G?_?F?G??W@??@?C??E?G??E?G??B?C???o@???E?G???W?_???o@????o@????O?_???M?G????oB????A?C????M?G????E?G????B?C?????o@?????F?G?????K?_?????W@??????U@??????A@_?????@oG??????FB???????NS,2,2
102,~?@esP@H?OC?O`?@??_?G?B??G??O??O??G??E???_??A?_?K???G???C???@????W???@_???B????A????@?????O@???A?????G?_???O?????o?????W?????C??????_?????A??????C??????C??????E???????_??????C?G?????W???????_???????_@??????O???????C?G?????@_???????E????????K????????K????????C????????@?@???????G?G???????_????????@?@???????@??????????o?????????C??????????_?????????A??????????C??????????C??????????A???????????O??????????A?G?????????K???????????O???????????O@??????????G?_?????????E????????????o???????????B????????????E????????????E????????????B?????????????O????????????A?G???????????G?????????????G?????????????G@????????????C?????????????@?G????????????G??????????????_C????????????@??????????????@?G?????????????o??????????????K???????????????o??????????????@_??????????????@_???????????????_???????????????O_??????????????CG???????????????`???????????????AC???????????????EG,t|eMID`GH_a@E@B?__GK@?oC@?GB?G@_C?O@?E?G?W?_?_@?@_@??o?_?K?G?@?@??K?C??[?G??G?G??M?C??@_@???K?G???w?_???_@???@_@????o?_???K?G???@_@????C?C????]?G????C?W????F?C?????o@?????F?G?????K?_?????[@??????M@??????A__??????[G??????@p???????B{,2,2
102,~?@esP@H?OC?O`?@??_?G?B??G??O??O??G??E???_??A?_?K???G???C???@?G??W???@_???B????A????@?????O@???A?????G?????O@????o?????G?????A??????O?????@??????A??????E??????@???????O@?????E???????G???????O???????O@??????W???????E????????o???????B????????C????????C?G??????A?C???????_????????C?????????O?_??????@_?????????_?????????O?????????C??????????_?????????A??????????C??????????A??????????@?C?????????o??????????A???????????G???????????O@??????????o???????????W???????????E????????????o???????????B????????????E????????????A????????????@_????????????W????????????@?????????????C?_???????????G?????????????G@????????????C?????????????@?G????????????G??????????????_C????????????B??????????????@???????????????_C?????????????K???????????????o??????????????@_??????????????@???????????????@_???????????????O???????????????CG???????????????`???????????????BC???????????????F?,t|eMID`GH_a@E@B?__GK@?oC@?GB?G@_C?O@?F?G?G?_?o@??o@??W?_?C?G?@_@??F?C??C?G??K?G??F?C???_@???M?G???O?_??@_@???@_@????o?_???K?G???@?@????N?C????C?W????K?G????F?C?????_B?????M?G?????W?_?????w@??????[@??????D?_??????sG??????@p???????B{,2,2
102,~?@esP@@?OC?O`?@?@_?O?A@?W??_??_??O??C??@_??C???G???G???C???@????G???@_???B????B????@?????O????A?G???W?????o?????_?????O?_???K?????@_?????C??????G?G????G??????C??????@???????W???????_??????@???????@?@??????_???????G???????@????????C?C??????G????????K????????E????????@_????????G?????????_?_??????@?@???????B??????????o?????????G?????????@?@????????K??????????K??????????G??????????C?C????????@???????????G???????????_???????????_???????????_???????????O?_?????????C?G??????????_???????????A????????????C?G??????????C????????????B?????????????o????????????E?????????????W?????????????o?????????????G?????????????C?_???????????B??????????????K??????????????o??????????????_??????????????_G?????????????O??????????????E???????????????O??????????????@?_?????????????A@??????????????B????????????????o???????????????K????????????????`???????????????@_???????????????@W,t|eMID@WH?e@C@E?`_GG@@_CB?GA?GB?C?_@?M?G?O?_@_@?@_@??o?_?K?G?@_@??C?C??W?G??[?G??C?C??B_@???G?G??@o?_??@?@???B_@????o?_???K?G???@_@????E?C????G?G????]?G????A?K????@o@?????F?G?????G?_?????w@??????[@??????F?_??????gG??????Bp???????B{,2,2
102,~?@esP@H?OC?O`?@??_?G?B??G??O??O??G??E???_??A?_?K???G???C???@????W???@_???B????A????@?????O@???A?????G?_???O?????o?????W?????C??????_?????A??????C??????C??????E???????_??????C?G?????W???????_???????_???????O???????C???????@_???????E????????K????????K????????C????????@?@???????G?G???????_????????@?@???????@?@???????@_?????????W?????????B??????????G??????????O??????????O?G????????G??????????A???????????O???????????_??????????@?@??????????_???????????O???????????C????????????_@??????????A????????????K????????????E????????????B?????????????o????????????E?????????????K?????????????W?????????????W?????????????E?????????????@??????????????G@?????????????_C????????????@?G????????????@???????????????_??????????????G@?????????????@???????????????C?_?????????????G@??????????????G???????????????@__??????????????W???????????????@_???????????????@_????????????????w,t|eMID`GH_a@E@B?__GK@?oC@?GB?G@_C?O@?E?G?W?_?_@?@_@??o?_?K?G?@?@??K?C??[?G??G?G??M?C??@_@???G?G??@_?_??B?@???B?@???@??_???w?G???B?@????K?C????O?G????{?G????C?K????Bo@?????C?W?????o?_????@o@??????o@??????]?_?????@_W??????I`???????Fk,2,2
102,~?@esP@H?OC?O`?@??_?G?B??G??O??O??G??E???_??A?_?K???G???C???@????W???@_???B????A????@?????O@???A?????G?_???O?????o?????W?????C??????_@????A??????C??????C??????E???????_??????C?G?????W???????_???????_???????O???????C????????o???????B????????E????????C????????A?C???????_@???????C?????????O?_???????_@???????@_?????????o?????????K?????????@??????????C?C????????G??????????G??????????C???????????_??????????C?G?????????G???????????O???????????O???????????G???????????A????????????W???????????@_???????????B????????????B?????????????o????????????K????????????@_????????????E?????????????K?????????????K?????????????A??????????????_?????????????C??????????????OC?????????????_??????????????_G?????????????O??????????????C@??????????????o??????????????B???????????????E???????????????B????????????????o???????????????E????????????????P???????????????@_???????????????@W,t|eMID`GH_a@E@B?__GK@?oC@?GB?G@_C?O@?E?G?W?_?o@??o@??W?_?C?G?@_@??F?C??C?G??M?G??B?C???_@???K?G???o?_??@_@???@_@????o?_???K?G???@?@????N?C????C?W????N?G????@?K?????o@?????E?G?????W?_?????w@??????W@??????K?_?????AgG??????Bb???????Fs,2,2
102,~?@esP@H?OC?O`?@??_?G?B??G??O??O??G??E???_??A?_?K???G???C???@????W???@_???B????A????@?????O@???A?????G?_???O?????o?????W?????C??????_@????A??????C??????C??????E???????_??????C?G?????W???????_???????_???????O???????C????????o???????B????????E????????C????????A?????????_@???????C?????????O?_???????_????????@_?????????o?????????K?????????@??????????C?C????????G??????????G??????????C??????????B???????????G???????????_?_????????@_??????????@????????????_???????????G???????????@?@??????????C????????????K????????????K????????????E????????????@?????????????K?????????????W?????????????O?????????????o?????????????W?????????????B??????????????W??????????????_?????????????@?G????????????@??????????????@_??????????????K@?????????????@?_?????????????C???????????????G@??????????????G@??????????????E????????????????o????????????????o????????????????o????????????????w,t|eMID`GH_a@E@B?__GK@?oC@?GB?G@_C?O@?E?G?W?_?o@??o@??W?_?C?G?@_@??F?C??C?G??M?G??B?C???_@???K?G???o?_??@_@???@_@????o?_???K?G???@?@????K?C????[?G????G?W????M?C????@_B?????G?G????@_?_????B_@?????@o@??????[?_?????AAG??????t`???????Fw,2,2
102,~?@esP@H?OC?O`?@??_?G?B??G??O??O??G??E???_??A?_?K???G???C???@????W???@_???B????A????@?C???O????A?????G?_???O?????o?????W?????C??????_?????A??????C??????C??????B???????_??????C?G?????W???????_???????_@??????O???????C?G?????@_???????E????????K????????K????????C????????@?@???????G?G???????_????????@?@???????@??????????o?????????C??????????_?????????A??????????C??????????C??????????A???????????O??????????A?G?????????K???????????O???????????O@??????????G?_?????????E????????????o???????????B????????????E????????????E????????????B?????????????O????????????A?G???????????G?????????????G?????????????G@????????????C?????????????@?G????????????G??????????????_C????????????@??????????????@?G?????????????o??????????????K???????????????o??????????????@_??????????????@_???????????????_???????????????O_??????????????CG???????????????`???????????????AC???????????????EG,t|eMID`GH_a@E@B?__GK@?oC@?GB?G@_C?O@?E?G?W?_?_@?@_@??o?_?K?G?@?@??M?C??K?G??G?G??M?C??@_@???K?G???w?_???_@???@_@????o?_???K?G???@_@????C?C????]?G????C?W????F?C?????o@?????F?G?????K?_?????[@??????M@??????A__??????[G??????@p???????B{,2,2
102,~?@esP@H?OC?O`?@??_?G?B??G??O??O??G??E???_??A?_?K???G???C???@?G??W???@_???B????A????@?C???O????A?????G?????O@????o?????G?????A??????O?????@??????A??????B??????@???????O@?????E???????G???????O???????O@??????W???????E????????o???????B????????C????????C?G??????A?C???????_????????C?????????O?_??????@_?????????_?????????O?????????C??????????_?????????A??????????C??????????A??????????@?C?????????o??????????A???????????G???????????O@??????????o???????????W???????????E????????????o???????????B????????????E????????????A????????????@_????????????W????????????@?????????????C?_???????????G?????????????G@????????????C?????????????@?G????????????G??????????????_C????????????B??????????????@???????????????_C?????????????K???????????????o??????????????@_??????????????@???????????????@_???????????????O???????????????CG???????????????`???????????????BC???????????????F?,t|eMID`GH_a@E@B?__GK@?oC@?GB?G@_C?O@?F?G?G?_?o@??o@??W?_?C?G?@o@??B?C??C?G??K?G??F?C???_@???M?G???O?_??@_@???@_@????o?_???K?G???@?@????N?C????C?W????K?G????F?C?????_B?????M?G?????W?_?????w@??????[@??????D?_??????sG??????@p???????B{,2,2
102,~?@esP@H?OC?O`?@??_?G?B??G??O??O??G??E???_??A?_?K???G???C???@????W???@_???B????A????@?C???O????A?????G?????O?????o?????W?????C??????_@????A??????C??????C??????B???????_??????C?G?????o??????@_??????@????????_???????G???????@????????E????????K????????K????????C????????@?@???????G?G???????_????????@?@???????@??????????_?_???????W?????????B??????????K??????????O??????????O?G????????G??????????A???????????O???????????_??????????@?@?????????@_???????????O???????????C????????????_???????????A?C??????????C????????????E????????????B?????????????o????????????E?????????????G?????????????O@????????????O@????????????W?????????????E??????????????W?????????????@_?????????????@??????????????@?G?????????????_??????????????G@??????????????_G?????????????A???????????????C@??????????????C@??????????????B????????????????W????????????????o????????????????o????????????????w,t|eMID`GH_a@E@B?__GK@?oC@?GB?G@_C?O@?E?G?W?_?o@??o@??W?_?C?G?@o@??B?C??C?G??K?G??E?C??@_@???G?G??@_?_??B?@???B?@???@_?_???W?G???B?@????G?C????{?G????G?W????M?C????@o@?????C?G?????o?_????@o@??????w@??????M?_?????@QG??????F`???????Fw,2,2
102,~?@esP@H?OC?O`?@??_?G?B??G??O??O??G??E???_??A?_?K???G???C???@????W???@_???B????A????@?????O????A?????G?_???O?????o?????W?????C??????_@????A??????C??????C?G????E??????@_??????G???????_?_????@_??????@????????_???????G???????@????????E????????K????????C????????A?????????_????????C?G???????O?????????_@????????_@????????o?????????K?????????@_?????????C??????????G?G????????G??????????C?C????????B???????????W???????????_??????????@?@??????????_???????????O???????????C????????????_@??????????A????????????E????????????A????????????@?????????????O????????????A?G???????????K?????????????W?????????????W?????????????E?????????????@??????????????K@?????????????o?????????????@_??????????????_??????????????OC?????????????C???????????????_G?????????????A?_?????????????C???????????????A@??????????????@?_??????????????OG??????????????B????????????????B?????????????????w,t|eMID`GH_a@E@B?__GK@?oC@?GB?G@_C?O@?E?G?W?_?o@??o@??W?_?E?G??o@??B?C??C?G??M?G??B?C???_@???K?G???o?_??@_@???@_@????o?_???K?G???@_@????F?C????C?G????N?G????@?K?????o@?????F?G?????K?_?????[@??????K@??????F?_??????gG??????Bp???????B{,2,2
102,~?@esP@H?OC?O`?@??_?G?B??G??O??O??G??E???_??A?_?K???G???C???@????W???@_???B????A????@?C???O????A?????G?_???O?????o?????W?????C??????_?????A??????C??????C??????B???????_??????C?G?????W???????_???????_???????O???????C???????@_???????E????????K????????K????????C????????@?@???????G?G???????_????????@?@???????@?@???????@_?????????W?????????B??????????G??????????O??????????O?G????????G??????????A???????????O???????????_??????????@?@??????????_???????????O???????????C????????????_@??????????A????????????K????????????E????????????B?????????????o????????????E?????????????K?????????????W?????????????W?????????????E?????????????@??????????????G@?????????????_C????????????@?G????????????@???????????????_??????????????G@?????????????@???????????????C?_?????????????G@??????????????G???????????????@__??????????????W???????????????@_???????????????@_????????????????w,t|eMID`GH_a@E@B?__GK@?oC@?GB?G@_C?O@?E?G?W?_?_@?@_@??o?_?K?G?@?@??M?C??K?G??G?G??M?C??@_@???G?G??@_?_??B?@???B?@???@??_???w?G???B?@????K?C????O?G????{?G????C?K????Bo@?????C?W?????o?_????@o@??????o@??????]?_?????@_W??????I`???????Fk,2,2
102,~?@esP@H?OC?O`?@??_?G?B??G??O??O??G??E???_??A?_?K???G???C???@????W???@_???B????A????@?C???O????A?????G?_???O?????o?????W?????C??????_@????A??????C??????C??????B???????_??????C?G?????W???????_???????_???????O???????C????????o???????B????????E????????C????????A?C???????_@???????C?????????O?_???????_@???????@_?????????o?????????K?????????@??????????C?C????????G??????????G??????????C???????????_??????????C?G?????????G???????????O???????????O???????????G???????????A????????????W???????????@_???????????B????????????B?????????????o????????????K????????????@_????????????E?????????????K?????????????K?????????????A??????????????_?????????????C??????????????OC?????????????_??????????????_G?????????????O??????????????C@??????????????o??????????????B???????????????E???????????????B????????????????o???????????????E????????????????P???????????????@_???????????????@W,t|eMID`GH_a@E@B?__GK@?oC@?GB?G@_C?O@?E?G?W?_?o@??o@??W?_?C?G?@o@??B?C??C?G??M?G??B?C???_@???K?G???o?_??@_@???@_@????o?_???K?G???@?@????N?C????C?W????N?G????@?K?????o@?????E?G?????W?_?????w@??????W@??????K?_?????AgG??????Bb???????Fs,2,2
102,~?@esP@@?OC?O`?@?@_?O?A??W??_??_G?O??C??@_??C???G@??G???K???A????O@??@????A????A?G??B?????_????C?G???O?????o?????_?????O?????C??????o?????A??????C?G????C??????A???????_??????E???????O???????_@??????_@??????o???????K???????@????????C?C??????G????????K????????E????????@_????????G?????????_?_??????@??????????_?????????O?????????C??????????_?????????B??????????C??????????C?G????????A???????????_??????????C?G?????????W???????????o???????????o???????????W???????????E????????????o???????????@????????????B????????????B?????????????_????????????G@???????????@?????????????C?????????????G@????????????G?????????????E?????????????@??????????????G@?????????????_?????????????@?G????????????@_??????????????o??????????????E???????????????o??????????????@?_?????????????B???????????????@????????????????__??????????????GG??????????????@@???????????????AC???????????????EG,t|eMID@WH?e@E@A?`_GG@@_CB?GB?G@?C?o@?E?G?W?_?o@??o@??W?_?E?G??_@??F?C??E?G??E?G??B?C???o@???E?G???W?_???o@????o@????W?_???E?G????w@????@_C????B?G????B?G????@_C?????[@?????@_G?????E?_?????K@??????M@??????B?_??????wG??????Bp???????B{,2,2
102,~?@esP@@?OC?O`?@?@_?O?A@?W??_??_G?O??C??@_??C???G@??G???C???@????G????_???@?G??B????@?????O@???A?????K?????O?????O@????W?????E??????_?????A?C????C??????C??????A???????o??????C???????O?_?????_@??????_???????O???????C????????_???????A????????C?G??????K????????E????????@?????????G?G???????_?????????_?????????_@????????o?????????K?????????@_?????????E??????????C??????????C?G????????A???????????_??????????E???????????W???????????O???????????O@??????????G???????????A????????????O???????????@?C??????????B????????????B????????????@?????????????O@???????????A?????????????G?_???????????W?????????????W?????????????K?????????????@??????????????G@?????????????_C????????????@??????????????@_??????????????O??????????????C@??????????????_??????????????A?_?????????????C@??????????????B???????????????@????????????????WG??????????????@_???????????????@_???????????????@W,t|eMID@WH?e@E@A?`_GG@@_CB?GB?G@?C?w@?A?G?W?_?o@??o@??O?_?K?G?@_@??C?C??[?G??K?G??E?C??@o@???C?G???o?_??@_@???@o@????O?_???M?G????o@????A?C????M?G????E?G????B_C?????W@?????B?G?????M?_?????GB??????]@??????A@_?????@oG??????F@???????L[,2,2
102,~?@esP@@?PC?O`?@?@_?O?A??G??O??O??G??E???_??A?_?C???K???C???@?G??W???@????A?G??E????A?????_@???C?????W?????_?????_?????O?????C??????_@????A??????C??????C??????A???????o??????C???????O?_?????_@?????@_???????o???????G???????@?@??????E????????K????????K????????E????????@?????????G?G???????_?????????_?????????_?????????O?????????C??????????_?????????A?C????????C??????????C??????????A???????????_@?????????E???????????W???????????o???????????o???????????W???????????E????????????W???????????@_???????????B????????????@?????????????_C???????????G????????????@?????????????C?_???????????G?????????????G?????????????C?_???????????@??????????????G??????????????_C????????????@_?????????????@_??????????????W??????????????E???????????????W??????????????@_??????????????@???????????????@@???????????????__??????????????GG??????????????@_???????????????B?????????????????w,t|eMID@WH_a@E@A?`_GG@@_CB?GB?G@?C?o@?E?G?W?_?o@??o@??W?_?E?G??_@??F?C??E?G??E?G??B?C???o@???E?G???W?_???o@????o@????W?_???E?G????w@????@_C????B?G????B?G????@_C?????[@?????@_G?????E?_?????K@??????M@??????B?_??????wG??????Bp???????B{,2,2
102,~?@esP@@?OE?O?_@_?_?GGB??G??O??O??W??C???_G?A???C???C???A???@_???K????_???@?G??@?????o????G????@?G???K?????W?????O?????G?????A?G????O?????@_?????A??????A?G????@???????O??????A?G?????G???????O???????o???????K???????A????????O@??????@????????B????????A????????@?C???????W????????B?????????G?????????O?????????O@????????G?????????B??????????O?????????@?C????????A??????????A??????????@?C?????????O??????????A???????????W???????????W???????????O???????????G?_?????????A????????????W???????????@_???????????@_???????????@_????????????_????????????G????????????@?G???????????C?????????????K?????????????G?????????????C?_???????????@??????????????G@?????????????_?????????????@?G????????????B???????????????o??????????????K???????????????_??????????????B???????????????B???????????????@????????????????o???????????????E????????????????c???????????????BC???????????????B_,t|fIID`GH_a@E@A?`_GK@?oC@?GB_G?_C?W@?B?G?G?_?w@??O@??[?_?B?G??W@??@?C??F?G??B?G??@_C???W@???A?G???[?_???O@????w@????K?_???B?G????O@????B_C????B?W????B?G????@_C?????O@?????F?G?????G@_?????w@??????WB??????K?_?????AoG??????FB???????Is,0,0
102,~?@esP@@?OC?O`?@?@_?O?A@?W??_??_??O??C??@_??C???G@??G???C???@????G???@_???B????B????@?????O@???A?????K?????O?????O@????W?????E??????_?????A?C????C??????C??????A???????o??????C???????O?_?????_???????_???????O?_?????C????????_???????B????????E????????E????????A?????????_@???????C?????????W?????????_?????????_@????????W?????????E??????????_?????????A?C????????C??????????C?G????????A???????????o??????????C???????????O?_?????????_???????????_???????????O?_?????????C????????????_???????????B????????????B????????????A????????????@?C???????????O@???????????B?????????????K?????????????K?????????????K?????????????C?????????????@?G????????????G@?????????????_??????????????_??????????????_G?????????????O??????????????C@??????????????_??????????????A?_?????????????B???????????????B????????????????o???????????????E????????????????W????????????????c???????????????@g,t|eMID@WH?e@C@E?`_GG@@_CB?GB?G@?C?w@?A?G?W?_?o@??o@??W?_?E?G??_@??F?C??E?G??E?G??A?C??@o@???E?G???W?_???o@????o@????[?_???A?G????w@????@_C????B?G????A?G????B_C?????WB?????B?G?????K?_?????[@??????G@??????N?_??????oW??????D`???????Fk,2,2
102,~?@esP@@?OE?O?_@_?_?G?B??G??O??O??W??C???_G?A???K???G???C???@????W???@_???A????A?G??@?????W????A?????G?_???O?????o?????W?????C??????_@????A??????C??????E??????A???????_@?????C???????W???????_???????_@??????O???????C????????o???????B????????C????????C?G??????A?????????o????????C?????????O?_???????_?????????o?????????W?????????C??????????_@????????A??????????C??????????E??????????B???????????O??????????B???????????G???????????O@??????????O???????????G???????????B????????????W???????????@????????????A?G??????????B????????????@?????????????O@???????????A?G???????????K?????????????W?????????????O?????????????G?_???????????A?G????????????O?????????????@_?????????????@???????????????_??????????????OC?????????????C???????????????_G?????????????@_??????????????A???????????????B@??????????????@_???????????????K????????????????o???????????????@C???????????????@g,t|fIID`GH_a@E@A?`_GK@?oC@?GB?G@_C?O@?E?G?W?_?o@??o@??O?_?M?G??o@??B?C??C?G??M?G??B?C???o@???E?G???W?_???o@????o@????O?_???M?G????w@????@?C????F?G????B?G????@_C?????W@?????B?G?????M?_?????G@??????]@??????A@_?????@wG??????BB???????NS,2,2
102,~?@esP@@?OE?O?_@_?_?GGB??G??O??O??W??C???_??A???C???C???A???@_???K????_???@?G??@????@_????W????A?????G?_???o?????o?????O?????C?G????_?????A??????E??????C??????A???????_@?????C???????O???????_@??????_???????O???????E????????o???????A????????C?G??????C????????E?????????o????????C?????????O?_???????o?????????o?????????O?????????C?G????????_?????????A??????????E??????????C??????????A???????????_@?????????C?G?????????O???????????_@??????????_???????????O???????????E????????????o???????????A????????????C?G??????????C?G??????????E?????????????O????????????A?G???????????K?????????????W?????????????O?????????????G?_???????????A?G????????????O??????????????_?????????????@_??????????????_??????????????OC?????????????C???????????????_G?????????????@_??????????????B???????????????B????????????????__??????????????K????????????????o???????????????@C???????????????@g,t|fIID`GH_a@E@A?`_GK@?_CB?GA?GB_C?O@?E?G?W?_?o@??o@??O?_?M?G??o@??A?C??M?G??C?G??F?C???o@???E?G???W?_???o@????o@????O?_???M?G????o@????A?C????M?G????F?G????@_C?????W@?????B?G?????M?_?????G@??????]@??????A@_?????@wG??????BB???????NS,2,2
102,~?@esP@@?OC?O`?@?@_?O?A@?W??_??_G?O??C??@_??C???G@??G???C???@????G????_???@?G??B????@?????O@???A?????K?????O?????O@????W?????E??????_?????A?C????C??????C?G????A???????o??????C???????O?_?????_@??????_???????O???????C????????_@??????A????????C?G??????E????????A?????????_@???????C?????????G?????????O@????????o?????????W?????????A??????????O@????????@??????????A?G????????A??????????@_??????????W??????????@???????????C???????????G???????????G@??????????C???????????@?G??????????K????????????_???????????@?G??????????@?????????????_C???????????W????????????B?????????????C?????????????G@????????????G?????????????C?_???????????@??????????????K??????????????O??????????????_??????????????_G?????????????OC?????????????C???????????????_G?????????????B???????????????E???????????????A@??????????????B????????????????K????????????????o????????????????c???????????????@g,t|eMID@WH?e@E@A?`_GG@@_CB?GB?G@?C?w@?A?G?W?_?o@??o@??O?_?M?G??_@??F?C??E?G??E?G??B_C???O@???E?G???[?_???W@????O@????[?_???A?G????w@????@_C????B_G????@?G????@_C?????[@?????@_G?????C?_?????[@??????GB??????M?_?????@oW??????CT???????}C,2,2
102,~?@esP@@?OE?O?_@_?_?GGB??G??O??O??W??C???_G?A???C???C???A???@_???K????_???@?G??@?????o????G????@?G???K?????W?????O?????G?????A??????O?????@_?????A??????A?G????@?C?????O??????A???????G???????O???????o???????W???????E????????_???????A?C??????C????????A????????@?C???????o????????E?????????W?????????_?????????_?????????O?????????C?G????????_?????????B??????????E??????????A??????????@???????????O??????????A?G?????????G???????????o???????????o???????????K???????????A????????????O@??????????@????????????A?G??????????E????????????B?????????????W????????????A?????????????G?????????????O?????????????O@????????????G?_???????????B??????????????G??????????????_?????????????@?G????????????@?G?????????????_C?????????????W??????????????B???????????????A???????????????C@??????????????C@??????????????E????????????????GG??????????????@????????????????EC???????????????Ao,t|fIID`GH_a@E@A?`_GK@?oC@?GB_G?_C?W@?B?G?G?_?o@??o@??O?_?M?G??o@??B?C??F?G??A?G??B?C???o@???E?G???O?_??@_@???@o@????O?_???M?G????o@????B_C????A?G????E?G????B_C?????W@?????A?G?????W?_?????w@??????[@??????F?_??????aG??????N`???????Fw,0,0
102,~?@esP@@?OE?O?_@_?_?G?B??G??O??O??W??C???_G?A???K???G???C?_?@????W???@_???A????A?G??@?????W????A?????G?????O?????W?????G?????A?G????O?????@??????B??????A??????@?C?????O??????E???????W???????_???????_@??????O???????E????????o???????A????????C?G??????C????????B?????????_????????C?????????O?_???????_?????????o?????????O?????????C?G????????_?????????A??????????E??????????C??????????A?C?????????_@?????????K???????????W???????????_???????????_@??????????O???????????E????????????o???????????A????????????C?G??????????C????????????@?????????????O????????????A?G???????????G?????????????W?????????????W?????????????C?????????????@?G????????????K??????????????o?????????????@_??????????????o??????????????O??????????????C@??????????????o??????????????@???????????????A@??????????????A@??????????????@_???????????????G???????????????@_???????????????AK???????????????B_,t|fIID`GH_a@E@A?`_GK@?oC@?GB?G@_C?W@?B?G?K?_?W@??O@??[?_?B?G??W@??@?C??E?G??E?G??B?C???o@???E?G???W?_???o@????_@????w?_???E?G????o@????B?C????F?G????B?G????@_C?????[@?????@_G?????F?_?????E@??????E@??????B__??????WW??????B`???????Fk,0,0
102,~?@esP@@?OC?O`?@?@_?O?A??W??_??_??O??C??@_??C???G@??G???K???A????O@??@????E????E????B?????_????C?G???O?????o?????_?????O?????C??????o?????A??????C?G????C??????A???????_??????E???????O???????_@??????_???????o???????K???????@????????C?C??????G????????K????????E????????@_????????G?????????_?_??????@?????????@_?????????_?????????G?????????@?@????????C??????????K??????????G??????????C?C????????@?@?????????G???????????_??????????@_??????????@????????????_?_?????????G?G?????????B????????????E????????????G????????????G?G??????????C?????????????o????????????E?????????????O?????????????_@????????????_@????????????G?????????????A??????????????O@????????????@??????????????B??????????????B???????????????_??????????????G@??????????????o??????????????B???????????????B???????????????B????????????????o???????????????E????????????????W????????????????o????????????????w,t|eMID@WH?e@C@E?`_GG@@_CB?GB?G@?C?o@?E?G?W?_?o@??o@??W?_?E?G??_@??F?C??E?G??E?G??A?C??@_@???K?G???o?_??@_@???@_@????w?_???E?G????_@????F?C????E?G????E?G????B?C?????w@?????B?G?????K?_?????[@??????K@??????F__??????WW??????B`???????Fk,2,2
102,~?@esP@@?OE?O?_@_?_?G?B??G??O??O??W??C???_G?A???K???G???C???@????W???@_???A????A?G??@?????W????A?????G?????O?????o?????W?????C??????_@????A??????C??????E??????A???????_@?????C???????o??????@_??????@????????_?_?????G???????@????????E????????K????????G????????C?C??????@?????????K?????????_????????@?????????@?@????????_?????????K?????????@_?????????C??????????G?G????????G??????????C??????????@_??????????G???????????_?_????????@?@?????????B????????????o???????????G???????????@?@??????????C????????????G????????????K????????????E????????????@?????????????G?G???????????_?_???????????_?????????????_?????????????O?_???????????C?G????????????o?????????????B??????????????E??????????????A??????????????@?C?????????????K??????????????@_??????????????@???????????????A@??????????????A@??????????????@_???????????????K????????????????o????????????????o????????????????w,t|fIID`GH_a@E@A?`_GK@?oC@?GB?G@_C?O@?E?G?W?_?o@??o@??O?_?M?G??o@??B?C??C?G??K?G??E?C??@_@???K?G???o?_??@_@???@_@????o?_???G?G???B_@????E?C????K?G????K?G????F?C?????o@?????E?G?????W?_?????w@??????W@??????N?_??????oW??????F`???????Fk,2,2
102,~?@esP@@?PC?O`?@?@_?O?A??G??O??O??G??E???_??A?_?C???K???C???@?G??W???@????A?G??E????A?????_@???C?????W?????_?????_?????O?_???C??????_@????A??????C??????C??????A???????o??????C???????O?_?????_??????@_???????O???????C?G??????o???????B????????E????????E????????A?????????_@???????C?????????W?????????_?????????_?????????O?_???????C??????????_@????????A??????????C??????????C??????????A???????????o??????????C???????????O?_?????????_@?????????@_???????????O???????????C?G??????????o???????????B????????????E????????????E????????????A?????????????_@???????????C?G???????????G?????????????O?????????????O@????????????G?????????????A?G????????????O?????????????@?C????????????A??????????????A?G?????????????o??????????????K???????????????_??????????????A?_?????????????E???????????????B????????????????o???????????????E????????????????W????????????????c???????????????@g,t|eMID@WH_a@E@A?`_GG@@_CB?GB?G@?C?o@?E?G?W?_?o@??o@??W?_?E?G??_@??F?C??E?G??E?G??A?C??@_@???M?G???W?_???o@????o@????W?_???E?G????_@????F?C????E?G????E?G????B?C?????w@?????B?G?????K?_?????[@??????K@??????F__??????WW??????B`???????Fk,2,2
102,~?@esP@@?OE?O?_@_?_?GGB??G??O??O??W??C???_??A???C???C???A?_?@_???K????_???@????@????@_????W????A?????G?_???o?????O?????G?????A??????O@????B??????E??????C??????A???????_??????C???????O???????_@??????_@??????o???????K????????_???????A????????C????????C????????E????????@_????????K?????????_????????@?@????????_?????????O?????????C??????????_@????????E??????????K??????????K??????????C??????????@???????????G?G?????????_??????????@?@?????????@_???????????o???????????K????????????_???????????A????????????C?G??????????C????????????A?C??????????@_????????????E?????????????G?????????????O@????????????O?????????????K?????????????B??????????????K??????????????O??????????????_??????????????_G?????????????OC?????????????E???????????????o??????????????@???????????????A@??????????????A@??????????????B????????????????GG??????????????@@???????????????E????????????????AW,t|fIID`GH_a@E@A?`_GK@?_CB?GA?GB_C?O@?F?G?G?_?o@??o@??W?_?E?G??o@??A?C??K?G??K?G??C?C??B_@???M?G???O?_??@_@???@_@????o?_???K?G???@_@????E?C????G?G????[?G????E?C????@w@?????A?W?????W?_?????w@??????[@??????F?_??????bG??????M`???????Bw,0,0
102,~?@esP@@?OC?O`?@?@_?O?A@?W??_??_??O??C@?@_??C???G???G???C???@????G@??@_???A????A?G??@?????O????A?????W?????o?????_?????O?_???K??????_?????A??????C??????C??????A?C????@_??????K???????_??????@???????@????????_???????G???????@?@??????C?C??????W????????W????????K????????@?????????G?G???????_????????@?@???????B?????????@_?????????W?????????A??????????G?C????????G??????????G??????????C??????????@???????????G?G?????????o???????????_???????????_???????????O?_?????????C????????????_@??????????B????????????E????????????E????????????B?????????????O????????????A?G???????????G?_???????????o?????????????W?????????????C?????????????@?G????????????G??????????????_?????????????@?G????????????@?G?????????????O??????????????C???????????????_G?????????????A?_?????????????E???????????????E????????????????o???????????????K????????????????P???????????????@C???????????????BG,t|eMID@WH?e@C@E?`?GW@@_CB?GA?GB?C?_@?M?G?O?_@o@??_@??o?_?K?G?@_@??E?C??K?G??K?G??C?C??B?@???W?G??@??_??F?@???B_@????_?_???W?G???B?@????K?C????[?G????M?G????A?C????@o@?????E?G?????]?_?????GB??????W@??????M?_?????@wG??????AN???????\C,2,2
102,~?@esP@@?OC?O`?@?@_?O?A@?W??_??_G?O??C@?@_??C???G???G???C???@????G????_???@?G??@?????_????G????B?????K?????O?????O@????W?????E??????_?????A?C????C??????C?G????E??????@_??????G???????_?_????@???????@????????_???????G?G?????@????????C????????G????????G?G??????C????????@?@???????G?????????_????????@_????????@_?????????_?????????G?G???????@_?????????E??????????G??????????G?G????????C??????????@?@?????????K???????????o??????????@???????????@?@??????????_???????????G?G?????????@????????????C?C??????????G?G??????????G????????????C????????????@?@???????????G?????????????_?_??????????@?@???????????@??????????????o?????????????C??????????????_@????????????@_?????????????A??????????????A?G????????????@_??????????????E???????????????_??????????????A?_?????????????C@??????????????E???????????????@?_??????????????O???????????????B@???????????????CG???????????????DG,t|eMID@WH?e@E@A?`_GK@?oC@?GB?G@?C?w@?A?G?W?_?o@??o@??O?_?K?G?@_@??E?C??K?G??K?G??E?C??@?@???[?G???o?_??@_@???@_@????o?_???G?G???B?@????M?C????K?G????K?G????E?C????@_@?????M?G?????[?_?????W@??????W@??????Go_?????FoG??????BE???????Nc,2,2
102,~?@esP@@?OC?O`?@?@_?O?A??W??_??_??O??C@?@_??C???G???G@??K???A????O@??@????E????C????A?C???_????C?????O????@_?????_?????O?????C??????o?????A??????C??????C?G????A???????_@?????K???????o??????@???????@?@??????_?_?????W???????B????????G????????O?G??????O?G??????W????????A?????????O?G??????@?????????A?@???????A?????????@??????????G?????????@??????????C??????????G??????????C??????????A???????????_@?????????C???????????O?_?????????o???????????o???????????W???????????E????????????o???????????B????????????E????????????E????????????@?????????????O@???????????A?????????????G?_???????????O?????????????O@????????????G?????????????A?G????????????O?????????????@??????????????A?G????????????A?G????????????@_??????????????K???????????????o??????????????@_??????????????B????????????????_???????????????O_??????????????CG???????????????`???????????????AC???????????????EG,t|eMID@WH?e@C@E?`?GW@@_CB?GA?GB?C?o@?E?G?W?_?o@??_@??w?_?C?G?@_@??E?C??K?G??K?G??E?C??@_@???K?G???o?_??@o@????_@????w?_???C?G???@_@????F?C????E?G????E?G????B?C?????o@?????E?G?????[?_?????[@??????G@??????N?_??????wW??????Bd???????Fc,2,2
102,~?@esP@@?OC?O`?@@@_?O?A??W??_??_??O??C???_??A???C???K???C???@????G@??@_???A????A?G??B?????_????C?G???o????@_????@??????_?????G?G???B??????C??????G??????G??????C??????@?@?????G???????_??????@???????@????????_?_?????W???????@????????C????????G?G??????W????????K????????A?????????O?G??????@_????????B?????????B?????????@_?????????G?????????@??????????C?C????????W??????????G??????????C??????????@?@?????????G???????????_??????????@?@?????????@????????????_???????????G?G?????????@?@??????????K????????????G????????????G????????????C?C??????????B?????????????K?????????????o?????????????o?????????????o?????????????C?????????????@_?????????????K??????????????O??????????????_G?????????????_G?????????????O??????????????C@??????????????o??????????????B???????????????A???????????????A@???????????????o???????????????E????????????????W????????????????o????????????????w,t|eMID@WH?e@C@E?`?GW@@?CF?GA?GB?C?_@?K?G?o?_@?@?B_@??_?_?W?G?B?@??G?C??w?G??O?G??[?C??A?B???o?G??B??_??E?@???F?@???@??_???w?G???A?@????[?C????W?G????[?G????D?C?????w@?????B?G?????M?_?????GB??????[@??????F?_??????wG??????Bh???????@{,2,2
102,~?@esP@H?OC?O`?@??_?G?B??G??O??O??G??E???_??A?_?K???G???C???@?G??W???@????A?G??E????A?????_????C?G???O?????_?????_@????o?????C??????_?????A??????C??????C??????A?C????@_??????C???????O?_????@_???????_???????O???????C?G?????@_???????E????????G????????G?G??????K????????@?????????G?????????_?_??????@?????????@??????????_?_???????W?????????@??????????C??????????G?G????????G??????????C??????????@???????????G?G????????@_??????????@???????????@?@?????????@_???????????G???????????@????????????C?C??????????W????????????K????????????E????????????@_????????????C?????????????W?????????????O?????????????W?????????????K?????????????@??????????????G@?????????????_C????????????@??????????????@_??????????????o??????????????C@?????????????@_??????????????A???????????????C@??????????????B???????????????@_???????????????CG???????????????o???????????????@_????????????????w,t|eMID`GH_a@E@A?`_GG@@_CB?GA?GB?C?o@?C?G?w?_?_@?@_@??o?_?G?G?B?@??K?C??W?G??[?G??C?C??B?@???[?G???_?_??B_@???@?@???@o?_???K?G???@_@????E?C????K?G????M?G????A?K????@_@?????M?G?????O@_????@o@??????w@??????K?_?????BgG??????BR???????Bs,2,2
102,~?@esP@H?OC?O`?@??_?G?B??G??O??O??G??E???_??A?_?K???G???C???@?G??W???@????A?G??E????A?????_????C?????O?????_?????_@????o?????C??????_?????A??????C??????C?G????A??????@_??????K???????o??????@_???????_???????O???????C?G?????@_???????E????????G????????G?G??????E????????@?????????G?????????_?_??????@?????????@??????????_?_???????W?????????@??????????C??????????G?G????????G??????????C??????????@?@?????????G??????????@_??????????@_??????????@_???????????O???????????C????????????_@??????????E????????????E????????????E????????????@_????????????O????????????A?G???????????G?_???????????O?????????????O@????????????W?????????????A??????????????O@????????????@?C????????????A??????????????A?G????????????@???????????????K???????????????_??????????????A???????????????C@??????????????B????????????????o???????????????M????????????????o???????????????@_???????????????@W,t|eMID`GH_a@E@A?`_GG@@_CB?GA?GB?C?o@?C?G?w?_?_@?@_@??o?_?G?G?B_@??C?C??W?G??W?G??K?C??B?@???[?G???_?_??B_@???@?@???@o?_???K?G???@o@????A?C????K?G????M?G????B?C?????w@?????A?G?????[?_?????[@??????M@??????AC_?????@wG??????Bb???????Fo,2,2
102,~?@esP@@?OC?O`?@@@_?O?A??W??_??_??O??C???_??A???C???K???C???@????G@??@_???B????B????@?????O@???E?????W?????_?????_@????O?????K??????_?????A??????C??????C??????A???????_??????C?G?????O???????_???????o???????O???????C?G??????_@??????E????????K????????K????????E????????@?????????G?G???????o????????@_????????@??????????_?_???????G??????????_?????????A??????????C??????????C??????????A???????????_@?????????C???????????O?_?????????_???????????_@??????????W???????????E????????????o???????????B????????????E????????????E????????????@?????????????O@???????????B?????????????C?????????????G@????????????G?????????????C?????????????@?G????????????G??????????????_C????????????@?G????????????@???????????????_C?????????????G@?????????????@_??????????????E???????????????E???????????????@????????????????__??????????????CG???????????????`???????????????AC???????????????EG,t|eMID@WH?e@C@E?`_GG@@oC@?GB?G@?C?o@?E?G?O?_@o@??_@??o?_?K?G?@_@??C?C??[?G??K?G??E?C??@?@???[?G???o?_??@o@????_@????o?_???K?G???@_@????E?C????M?G????E?G????B?C?????w@?????B_G?????C?_?????[@??????M@??????B__??????WG??????Bp???????B{,0,0
102,~?@esP@@?OC?O`?@@@_?O?A??W??_??_??O??C???_??A???C@??K???C???@????G@??@_???B????B????@?????O@???E?????G?????O?????O?????W?????A??????O?????@??????A??????A??????@???????O@?????A?G?????W???????o???????_???????O???????C?G?????@_???????E????????K????????K????????C????????@?@???????C?????????O?????????_?????????_?????????o?????????C??????????_?????????A??????????C??????????C??????????A???????????o??????????E???????????W???????????o???????????_???????????W???????????E????????????o???????????B????????????E????????????E????????????B?????????????O????????????A?G???????????G?????????????O?????????????o?????????????G?????????????A?G????????????O?????????????@?C????????????A??????????????B???????????????o??????????????K??????????????@???????????????E?_?????????????E???????????????B???????????????@_???????????????GG??????????????@@???????????????D????????????????AW,t|eMID@WH?e@C@E?`_GG@@oC@?GB?G@_C?W@?A?G?[?_?O@??o@??W?_?E?G??_@??F?C??E?G??E?G??B?C???o@???C?G???w?_???_B???@_@????o?_???K?G???@_@????C?C????[?G????K?W????E?C????@_@?????K?G?????g?_?????w@??????[@??????E?_?????@[G??????@b???????Fs,2,2
102,~?@esP@@?OC?O`?@@@_?O?A??W??_??_??O??C???_??A???C@??K???C???@?G??G???@_???A????A?G??B?????_????C?G???o?????_?????_?????O?????E??????_?????A??????C??????C??????A?C?????_??????C???????O?_?????_@?????@_???????o???????G???????@?@??????C?C??????W????????W????????G????????A?@???????W????????@?????????A?@???????@??????????_?????????G?????????@??????????A??????????C??????????C?G????????A???????????_??????????C?G?????????O???????????o???????????o???????????W???????????E????????????o???????????B????????????B????????????A????????????@?C???????????W????????????B?????????????C?????????????G?????????????G?????????????C?????????????@?G????????????G@?????????????_?????????????@??????????????@?G?????????????o??????????????K??????????????@_??????????????E???????????????B???????????????B????????????????o???????????????CG???????????????_???????????????BC???????????????Ao,t|eMID@WH?e@C@E?`?GW@@?CF?GA?GB?C?o@?E?G?W?_?o@??_@??o?_?K?G?@?@??M?C??G?G??[?G??E?C??@_@???K?G???o?_??@o@????_@????w?_???E?G????_@????F?C????C?G????M?G????B?K?????o@?????E?G?????[?_?????[@??????K@??????F?_??????kG??????@f???????Fc,2,2
102,~?@esP@@?OC?O`?@?@_?O?A??W??_??_??O??C@?@_??C???G???G@??K???A????O???@????E????C????A?C???_????C?????O????@_?????_?????O?????C?????@_?????E??????G??????G??????C?C????@???????G?G????@_??????B???????A???????@??_?????O?G?????E????????W????????_????????_?G??????O????????C?@??????@_????????A?????????C?@???????C?????????A??_???????_?????????C??????????G??????????O??????????O?G????????G??????????B???????????G???????????_??????????@?@?????????@????????????_?_?????????K???????????@_???????????E????????????K????????????E????????????A?????????????_@???????????C?G???????????o?????????????_?????????????_@????????????O?????????????C?G????????????_@????????????A??????????????C??????????????C?G????????????A?C?????????????O??????????????A?G?????????????G?_?????????????W???????????????E???????????????B????????????????K????????????????O???????????????@c???????????????@o,t|eMID@WH?e@C@E?`?GW@@_CB?GA?GB?C?o@?E?G?O?_@_@?@_@??_?_?[?G?@?@??K?C??W?G??W?G??K?C??B?@???W?G??@_?_??B?@???B?@???@o?_???G?G???B_@????C?C????W?G????[?G????E?C????@_@?????K?G?????w?_?????o@??????w@??????M?_?????@EG??????^@???????Fw,2,2
102,~?@esP@H?OC?O`?@??_?G?B??G??O??O??G??E???_??A?_?K???G???C???@?G??W???@????A?G??E????A?????_????C?????O?????_?????_?????o?????C??????_?????A??????C??????C?G????A??????@_??????K???????o??????@_??????@_???????_???????G???????@?@??????K????????W????????O????????G?C??????B?????????O????????@?????????A?@???????A?????????@??????????O?????????A?@????????W??????????O??????????O??????????G?C????????A???????????O??????????@??_????????A?@?????????E???????????@_???????????W???????????B????????????C????????????G????????????G?G??????????K????????????@_????????????K?????????????G?????????????O?????????????O@????????????G?????????????A?G????????????O@????????????B??????????????A??????????????A?G????????????@?C?????????????W??????????????B???????????????E???????????????A???????????????A@??????????????@?_??????????????K????????????????_???????????????BC???????????????@o,t|eMID`GH_a@E@A?`_GG@@_CB?GA?GB?C?o@?C?G?w?_?_@?@_@??o?_?G?G?B_@??C?C??W?G??W?G??K?C??B?@???W?G??@_?_??A?@???F?@???@??_???w?G???B?@????M?C????K?G????M?G????B?C?????o@?????F?G?????G?_?????w@??????[@??????F?_??????wG??????Bp???????B{,0,0
102,~?@esP@@?OC?O`?@@@_?O?A@?W??_??_??O??C???_??A???C???C???A????_???K????_???@?G??B????@?????O@???E?????W?????_?????_@????o?????K?????@??????C??????G??????G??????C?C????@???????G???????_??????@?@?????@????????_???????G???????@?@??????C????????W????????W????????G????????A?@???????W????????@?????????A?@???????E?????????@_?????????W?????????B??????????E??????????G??????????G??????????C?C????????@???????????G???????????_?_????????@?@?????????@????????????_???????????G?G?????????@????????????C????????????G?G??????????G????????????K????????????@_????????????K?????????????G?????????????O@????????????o?????????????K?????????????B??????????????K??????????????_?????????????@?G????????????@?G?????????????o??????????????C???????????????_??????????????A?_?????????????C@??????????????C@??????????????A????????????????W???????????????@B???????????????K????????????????BG,t|eMID@WH?e@C@E?`?GW@@?CF?GA?GB?C?_@?M?G?O?_@_@?@_@??_?_?W?G?B?@??G?C??w?G??O?G??[?C??A?@???w?G??@??_??F?@???A?B???B_?_???W?G???A?@????[?C????W?G????[?G????F?C?????_@?????M?G?????S?_?????[@??????K@??????F?_??????{G??????@F???????Nc,2,2
102,~?@esP@@?OE?O?_@_?_?GGB??G??O??O??W??C???_??A???C???C???A???@_???K????_???@?G??@????@_????W????A?????G?_???o?????o?????O?????C??????_?????A??????E??????C??????A???????_??????C???????O???????_???????_???????O???????K???????@_???????E????????G????????G?G??????C?C??????B?????????W????????@_????????B?????????B?????????@_?????????W?????????A??????????G??????????O?G????????O??????????G?C????????@???????????G???????????_??????????@?@?????????@????????????_???????????G???????????@?@??????????C????????????W????????????K????????????B?????????????o????????????E?????????????K?????????????W?????????????W?????????????E?????????????@??????????????G@?????????????_C????????????@?G????????????@???????????????_??????????????G@?????????????@?G?????????????C???????????????G@??????????????G???????????????@__??????????????W????????????????o???????????????@_????????????????w,t|fIID`GH_a@E@A?`_GK@?_CB?GA?GB_C?O@?E?G?W?_?_@?@_@??o?_?G?G?B_@??E?C??G?G??W?G??K?C??A?@???w?G??@?@_??E?@???E?@???B??_???_?G???M?@????W?C????{?G????G?W????K?C????B_@?????I?G?????W?_?????w@??????W@??????M__??????WW??????Bp???????Bk,2,2
102,~?@esP@@?OE?O?_@_?_?GGB??G??O??O??W??C???_??A???C???C???A???@_???K????_???@?G??@????@_????W????A?????G?_???o?????o?????O?????C??????_?????A??????E??????C??????A???????_??????C???????O???????_???????_@??????O???????K???????@_???????E????????G????????G?G??????C????????B?????????W????????@_????????B?????????B??????????o?????????G?????????@??????????C?C????????G??????????G?G????????E??????????@???????????G?G?????????_??????????@?@?????????@????????????_???????????G?G?????????@????????????K????????????K????????????C????????????A?C???????????_????????????E?????????????K?????????????W?????????????K?????????????C?????????????@?G????????????G@?????????????_C????????????@_?????????????@???????????????_C?????????????G@?????????????@???????????????C?_?????????????G???????????????A@??????????????@?_??????????????O???????????????@`???????????????B????????????????@g,t|fIID`GH_a@E@A?`_GK@?_CB?GA?GB_C?O@?E?G?W?_?_@?@_@??o?_?G?G?B_@??E?C??G?G??W?G??K?C??A?@???w?G??@?@_??F?@???B?@???@??_???w?G???B?@????M?C????K?G????K?G????F?C?????g@?????B_G?????E?_?????M@??????F@??????@__??????[G??????@r???????Bs,0,0
102,~?@esP@@?OE?O?_@_?_?GGB??G??O??O??W??C???_??A???C???C???A???@_???K????_???@?G??@????@_????W????A?????G?_???o?????o?????O?????C??????_?????A??????E??????C??????A???????_??????C???????O???????_???????_@??????O???????K???????@_???????E????????G????????G?G??????C?C??????B?????????W????????@_????????A?????????A?@???????B??????????W?????????A??????????G??????????O?G????????O??????????G?C????????@???????????G???????????_??????????@?@?????????@????????????_???????????G?G?????????@?@??????????C????????????W????????????K????????????B?????????????o????????????E?????????????K?????????????O?????????????O@????????????E?????????????@??????????????G??????????????_C????????????@?G????????????@???????????????_??????????????G@?????????????@?G?????????????E???????????????C@??????????????K???????????????@_???????????????W????????????????g????????????????o????????????????w,t|fIID`GH_a@E@A?`_GK@?_CB?GA?GB_C?O@?E?G?W?_?_@?@_@??o?_?G?G?B_@??E?C??G?G??W?G??K?C??A?@???w?G??@??_??F?@???B?@???@??_???w?G???B?@????N?C????C?W????K?G????F?C?????_@?????M?G?????[?_?????W@??????O@??????\?_??????oW??????FD???????Nc,2,2
102,~?@esP@@?OE?O?_@_?_?G?B??G??O??O??W??C???_??A?_?K???G???C???@????W???@_???A????A?G??@?????o????A?????G?????O?????o?????W?????C??????_?????A??????C??????E??????A???????_??????C?G?????o??????@_??????@????????_?_?????G???????@?@??????K????????W????????W????????G????????A?@???????O????????B?????????A?????????A?@???????@??????????O?????????B??????????C??????????G??????????G?G????????C??????????@?@?????????K???????????_??????????@?@?????????@?@??????????o???????????K???????????@????????????C?C??????????G?G??????????W????????????E?????????????_????????????C?G???????????O?????????????O?????????????O@????????????G?????????????A??????????????G@?????????????_?????????????@?G????????????@?G?????????????o??????????????K???????????????o??????????????B???????????????B????????????????_???????????????O_??????????????E????????????????O???????????????@c???????????????@o,t|fIID`GH_a@E@A?`_GK@?_CB?GB?G@_C?O@?E?G?W?_?_@?@_@??o?_?G?G?B_@??E?C??G?G??W?G??K?C??B?@???W?G??@_?_??B_@???@?@???@o?_???K?G???@o@????B?C????E?G????F?G????@_C?????W@?????B_G?????C@_?????[@??????M@??????B?_??????wG??????BR???????Bs,2,2
102,~?@esP@@?OE?O?_@_?_?G?B??G??O??O??W??C???_??A?_?K???G???C???@????W???@_???A????A?G??@?????o????A?????G?????O?????o?????W?????C??????_?????A??????C??????E??????A???????_??????C?G?????o??????@_??????@????????_?_?????G???????@?@??????K????????W????????W????????G????????A?@???????O?G??????B?????????A?????????A?@???????@??????????O?????????B??????????C??????????G??????????G?G????????C??????????@???????????C???????????O???????????_@??????????o???????????W???????????C????????????_@??????????A?C??????????K????????????E????????????B?????????????o????????????E?????????????G?????????????O@????????????O@????????????G?????????????@??????????????G??????????????_C????????????@?G????????????@???????????????_??????????????G@??????????????o??????????????B???????????????E???????????????@_???????????????o???????????????E????????????????O???????????????@c???????????????@o,t|fIID`GH_a@E@A?`_GK@?_CB?GB?G@_C?O@?E?G?W?_?_@?@_@??o?_?G?G?B_@??E?C??G?G??W?G??K?C??B?@???W?G??@_?_??B_@???@?@???@o?_???K?G???@?@????N?C????C?W????K?G????F?C?????o@?????E?G?????[?_?????O@??????{@??????D@_??????oG??????F`???????F[,2,2
102,~?@esP@@?OE?O?_@_?_?G?B??G??O??O??W??C???_??A?_?K???G???C???@????W???@_???A????A?G??@?????o????A?????G?????O?????o?????W?????C??????_?????A??????C??????E??????A???????_??????C?G?????o??????@_??????@????????_?_?????G???????@????????K????????W????????W????????G????????A?@???????O?G??????B?????????A?????????A?@???????@??????????O?????????B??????????K??????????O??????????O??????????G?C????????A???????????O?G?????????_??????????@???????????@?@??????????o???????????K???????????@????????????C?C??????????G?G??????????G????????????K????????????@_????????????E?????????????W?????????????O?????????????O@????????????G?????????????A?G????????????K??????????????_?????????????@??????????????@?G?????????????_C?????????????G??????????????@?G?????????????E???????????????E???????????????A@??????????????B????????????????K????????????????_???????????????Ac???????????????@o,t|fIID`GH_a@E@A?`_GK@?_CB?GB?G@_C?O@?E?G?W?_?_@?@_@??o?_?G?G?B_@??E?C??G?G??W?G??K?C??B?@???W?G??@_?_??B?@???B?@???@??_???w?G???B?@????N?C????C?W????K?G????F?C?????o@?????E?G?????[?_?????W@??????O@??????\?_??????oW??????FD???????Nc,2,2
102,~?@esP@@?OE?O?_@_?_?G?B??G??O??O??W??C???_??A?_?K???G???C???@????W???@_???A????A?G??@?????o????A?????G?????O?????o?????W?????C??????_?????A??????C??????E??????A???????_??????C?G?????o??????@_??????@????????_???????G???????@?@??????K????????W????????W????????G????????A?@???????O?G??????B?????????A?????????A?@???????@??????????O?????????E??????????W??????????O??????????O??????????G?C????????A???????????O?G?????????_??????????@???????????@?@??????????o???????????K???????????@????????????C?C??????????G????????????G?G??????????K????????????@_????????????E?????????????W?????????????O?????????????O@????????????G?_???????????A??????????????W??????????????_?????????????@??????????????@?G?????????????_C?????????????G??????????????@?G?????????????B???????????????C???????????????E@??????????????B????????????????K????????????????o???????????????@C???????????????@g,t|fIID`GH_a@E@A?`_GK@?_CB?GB?G@_C?O@?E?G?W?_?_@?@_@??o?_?G?G?B_@??E?C??G?G??W?G??K?C??B?@???W?G??@??_??E?@???F?@???@??_???w?G???B?@????N?C????C?W????K?G????F?C?????o@?????E?G?????W?_?????w@??????OB??????\?_??????oW??????F`???????Ek,2,2
102,~?@esP@@?OC?O`?@?@_?O?A??W??_??_G?O??C??@_??C???G@??G???K???A????O???@????A????A?G??B?????_????C?G???O?????o?????_?????O?????C?????@_?????E??????G??????G?G????C??????@???????G???????o??????@???????@?@??????_?_?????W???????B????????G????????O????????O?G??????G????????A?????????O?G??????B?????????E?????????C?????????A??_???????_?G???????A??????????G??????????O??????????O?G????????W??????????B???????????O??????????@??_????????A???????????A???????????@????????????O?G?????????@_???????????E????????????K????????????C????????????A?????????????_@???????????C?G???????????W?????????????o?????????????o?????????????K?????????????@??????????????G??????????????_C????????????B???????????????_??????????????OC?????????????C???????????????_??????????????B?_?????????????E???????????????A???????????????@__??????????????K???????????????@_???????????????@C???????????????Ag,t|eMID@WH?e@E@A?`_GG@@_CB?GB?G@?C?o@?E?G?O?_@_@?@_@??o?_?G?G?B?@??K?C??O?G??w?G??K?C??B?@???W?G??@_?_??B?@???A?@???B_?_???W?G???B?@????K?C????W?G????W?G????N?C?????oB?????E?G?????[?_?????O@??????{@??????E@_?????@_G??????L`???????F[,2,2
102,~?@esP@@?OC?O`?@?@_?O?A??W??_??_G?O??C??@_??C???G@??G???K???A????O???@????A????A?G??B?????_????C?G???O?????o?????_?????O?????C?????@_?????E??????G??????G?G????C??????@???????G???????o??????@???????@?@??????_?_?????W???????B????????G????????O????????O?G??????G????????A?????????O?G??????B?????????E?????????C?????????A??_???????_?G???????A??????????G??????????O??????????O??????????W??????????B???????????W???????????_??????????@???????????@????????????_?_?????????E????????????o???????????B????????????E????????????C????????????A?C???????????_@???????????C?????????????O?_??????????@_????????????@_?????????????W?????????????A??????????????O?????????????@?C????????????A??????????????@_??????????????O??????????????C???????????????_??????????????B?_?????????????E???????????????B???????????????@o???????????????K???????????????@_???????????????@C???????????????Ag,t|eMID@WH?e@E@A?`_GG@@_CB?GB?G@?C?o@?E?G?O?_@_@?@_@??o?_?G?G?B?@??K?C??O?G??w?G??K?C??B?@???W?G??@_?_??B?@???A?@???B_?_???[?G???@?@????K?C????W?G????W?G????N?C?????oB?????E?G?????W?_?????o@??????{@??????E@_?????@_G??????L`???????F[,0,0
102,~?@esP@@?OC?O`?@?@_?O?A??W??_??_G?O??C??@_??C???G@??G???K???A????O???@????A????A?G??B?????_????C?G???O?????o?????_?????O?????C?????@_?????E??????G??????G?G????C??????@???????G???????o??????@???????@?@??????_?_?????W???????B????????G????????O????????O?G??????G????????A?????????O?G??????B?????????E?????????C?????????A??_???????_?G???????A??????????G??????????O??????????O??????????W??????????B???????????O??????????@??_????????A???????????A???????????@????????????O?G?????????@_???????????E????????????K????????????K????????????C????????????@?@???????????G?G???????????_?_??????????@_????????????@_?????????????o?????????????E??????????????O?????????????@??????????????A?G????????????A???????????????OC?????????????C@??????????????_??????????????A???????????????E@??????????????E???????????????@_???????????????E????????????????o????????????????c???????????????@g,t|eMID@WH?e@E@A?`_GG@@_CB?GB?G@?C?o@?E?G?O?_@_@?@_@??o?_?G?G?B?@??K?C??O?G??w?G??K?C??B?@???W?G??@_?_??B?@???A?@???B_?_???W?G???B?@????K?C????W?G????W?G????N?C?????oB?????E?G?????W?_?????o@??????{@??????E@_?????@_G??????L`???????F[,2,2
102,~?@esP@@?OC?O`?@@@_?O?A@?W??_??_??O??C???_??A???C???C???A????_???K????_???@?G??B????@?????O@???E?????W?????_?????_@????o?????K?????@??????C?C????G??????G??????C??????@???????G???????_??????@?@?????@????????_???????G???????@????????C????????K????????G????????C?C??????B?????????W????????@?????????A?@???????E?????????@_?????????O?????????A?@????????W??????????o??????????o??????????O??????????C?@?????????_?G????????A???????????C?@?????????C???????????A??_?????????_???????????C?@??????????O?C??????????_?G??????????_????????????O????????????C?@???????????_????????????A??_??????????A?????????????A?@???????????@_?????????????G?????????????@?@????????????@?C????????????A?G????????????E??????????????@_??????????????K???????????????_??????????????A?_?????????????C@??????????????@@???????????????_???????????????GG??????????????@@???????????????CC???????????????BG,t|eMID@WH?e@C@E?`?GW@@?CF?GA?GB?C?_@?M?G?O?_@_@?@_@??o?_?K?G?@?@??K?C??W?G??O?G??[?C??A?@???w?G??@??_??F?@???A?@???B??_???o?G???E?@????[?C????O?G????w?G????K?C????B_@?????M?G?????[?_?????O@??????w@??????N?_??????_w??????MH???????^C,0,0
102,~?@esP@H?OC?O`?@??_?G?B??G??O??O??G??E???_??A?_?K???G???C???@?G??W???@????A?G??E????A?????_@???C?????O?????_?????_?????o?????C??????_?????A??????C??????C??????A???????o??????C???????O?_????@_??????@_???????_???????G?G?????@?@??????K????????W????????O????????G?C??????E?????????o????????A?????????C?@???????C?@???????A??????????_?G???????C??????????O??????????O??????????O??????????G??????????A?@?????????O??????????@??_????????A???????????A?@??????????_???????????G?G?????????@_???????????E????????????K????????????K????????????E?????????????_????????????C?G???????????W?????????????W?????????????G?????????????C?_???????????@??????????????G@?????????????_?????????????@?G????????????@?G?????????????_??????????????G@?????????????@?G?????????????C?_?????????????K???????????????E????????????????_???????????????GG???????????????P???????????????@C???????????????BG,t|eMID`GH_a@E@A?`_GG@@_CB?GA?GB?C?o@?C?G?w?_?_@?@_@??o?_?G?G?B?@??K?C??O?G??w?G??K?C??A?@???o?G??B??_??E?@???F?@???@??_???o?G???F?@????G?C????w?G????W?G????N?C?????_B?????M?G?????W?_?????w@??????OB??????]?_?????@?W??????\@???????Mk,2,2
102,~?@esP@H?OC?O`?@??_?G?B??G??O??O??G??E???_??A?_?K???G???C?_?@????W???@????A?G??E????A?????_@???C?????O?????_?????_?????W?????C??????_?????A??????C??????C??????A???????o??????C???????O?_????@_??????@_???????_???????G?G?????@?@??????K????????W????????O????????G?C??????E?????????o????????A?????????C?@???????C?@???????A??????????_?G???????C??????????O??????????O??????????O??????????G?C????????A???????????O??????????@??_????????A???????????A?@??????????_???????????G?G?????????@_???????????E????????????K????????????K????????????B?????????????_????????????C?G???????????W?????????????W?????????????G?????????????C?_???????????@??????????????G??????????????_C????????????@?G????????????@???????????????_??????????????G@?????????????@?G?????????????C?_?????????????K???????????????K???????????????@_???????????????W????????????????P???????????????@C???????????????BG,t|eMID`GH_a@E@A?`_GG@@_CB?GA?GB?C?o@?E?G?W?_?_@?@_@??o?_?G?G?B?@??K?C??O?G??w?G??K?C??A?@???o?G??B??_??E?@???F?@???@??_???w?G???B?@????G?C????w?G????W?G????N?C?????_B?????M?G?????W?_?????w@??????[@??????E?_?????@sG??????@r???????Bs,2,2
102,~?@esP@@?OC?O`?@?@_?O?A??W??_??_??O??C??@_??C???G@??G???K???A????O???@????E????E????B?????_????C?G???O?????o?????_?????O?????C?????@_?????E??????G??????G??????C??????@???????G???????o??????@???????@?@??????_?_?????W???????B????????G????????O????????O?G??????G????????E?????????o????????B?????????E?????????C?????????A??_???????_?G???????A??????????G??????????O??????????O??????????W??????????B???????????O??????????@???????????A?@?????????A???????????@????????????O?G?????????@_???????????E????????????K????????????K????????????C????????????@?@???????????G?G???????????_?_??????????B?????????????@_?????????????o?????????????E??????????????O?????????????@??????????????A?G????????????A???????????????OC?????????????C???????????????_G?????????????A???????????????E@??????????????E???????????????@_???????????????K????????????????o????????????????c???????????????@g,t|eMID@WH?e@C@E?`_GG@@_CB?GB?G@?C?o@?E?G?O?_@_@?@_@??_?_?W?G?B?@??K?C??O?G??w?G??K?C??B?@???W?G??@_?_??B?@???A?@???B_?_???W?G???A?@????[?C????W?G????W?G????N?C?????oB?????E?G?????W?_?????o@??????{@??????C@_?????B_G??????L`???????F[,0,0
102,~?@esP@@?OC?O`?@?@_?O?A??W??_??_G?O??C??@_??C???G@??G???K???A????O???@????A????A?G??B?????_????C?G???O?????o?????_?????O?????C?????@_?????E??????G??????G?G????C??????@???????G???????o??????@???????@?@??????_?_?????W???????B????????G????????O????????O?G??????G????????A?????????O?G??????B?????????E?????????C?????????A??_???????_?G???????A??????????G??????????O??????????O??????????W??????????B???????????W???????????_??????????@???????????@????????????_?_?????????E????????????o???????????B????????????E????????????C????????????A?C???????????_@???????????C?????????????O?_??????????@_????????????@_?????????????W?????????????A??????????????O?????????????@?C????????????A??????????????@_??????????????O??????????????C@??????????????_??????????????B?_?????????????E???????????????B???????????????@_???????????????GG??????????????@_???????????????@C???????????????Ag,t|eMID@WH?e@E@A?`_GG@@_CB?GB?G@?C?o@?E?G?O?_@_@?@_@??o?_?G?G?B?@??K?C??O?G??w?G??K?C??B?@???W?G??@_?_??B?@???A?@???B_?_???[?G???@?@????K?C????W?G????W?G????N?C?????oB?????E?G?????W?_?????o@??????{@??????C@_?????B_G??????L`???????F[,2,2
102,~?@esP@H?OC?O`?@??_?G?B??G??O??O??G??E???_??A?_?K???G???C???@????W???@_???B????A????@?C???O????A?????G?????O?????o?????W?????C??????_?????A??????C??????C??????B???????_??????C?G?????o??????@_??????@????????_???????G?G?????@????????K????????W????????W????????K????????A?????????O?G??????@??_??????A?????????A?@???????@??????????O?G???????E??????????K??????????O??????????O?G????????G??????????A???????????O?G????????@???????????@???????????@?@??????????o???????????C????????????_???????????A?C??????????C????????????E????????????B?????????????W????????????B?????????????C?????????????G@????????????G@????????????K?????????????@_?????????????G??????????????_C????????????@??????????????@?G?????????????_??????????????G@??????????????_??????????????B???????????????A???????????????B????????????????o???????????????E????????????????w???????????????@G???????????????BG,t|eMID`GH_a@E@B?__GK@?oC@?GB?G@_C?O@?E?G?W?_?_@?@_@??o?_?K?G?@?@??M?C??K?G??G?G??K?C??B?@???W?G??@??_??F?@???B?@???@_?_???W?G???B_@????C?C????]?G????C?W????F?C?????w@?????A?G?????[?_?????WB??????W@??????M?_?????@OW??????F`???????Dk,0,0
102,~?@esP@H?OC?O`?@??_?G?B??G??OG?O??G??E???_??A?_?K???G???C???@????G????_C??B????A????@?????O????A?????G?????O?????o?????W?????C??????_@????A??????C??????C?G????E??????@_??????G???????_?_????B???????B???????@????????O???????A?@??????G????????W????????W????????C????????@?????????G?????????_?_??????@?????????@?@????????_?????????G?G???????B??????????E??????????G??????????G?G????????C??????????@?@?????????W??????????@_??????????@???????????@?@??????????o???????????C????????????_???????????A?C??????????C????????????E????????????@?????????????O????????????A?G???????????G?_???????????O?????????????O@????????????G?_???????????E??????????????W?????????????@??????????????A?G????????????A?G????????????B???????????????G??????????????@?G?????????????A???????????????E???????????????A????????????????_???????????????KG???????????????o???????????????B_???????????????BO,t|eMID`GH_b@A@B?__GK@?oC@?GB?G@_C?O@?E?G?W?_?o@??o@??W?_?E?G??o@??B?C??C?G??K?G??E?C??@_@???G?G??@o?_??@_@???@_@????o?_???K?G???@_@????F?C????C?G????M?G????B_C?????O@?????F?G?????K@_?????W@??????W@??????N?_??????_w??????N@???????JK,2,2
102,~?@esP@H?OC?O`?@??_?G?B??G??O??O??G??E???_??A?_?K???G???C???@????W???@????A?G??E????A?????_@???C?????O?????_?????_?????o?????K?????@??????C?C????G??????G??????C??????@???????K???????_??????@?@?????B???????@_???????O???????A????????G?C??????O????????W????????G????????A?@???????o????????B?????????C?????????C?@???????A??_???????_?????????C?@????????O??????????_?G???????@_??????????W??????????C???????????_?G????????A??_????????C???????????C???????????A????????????_?G?????????A????????????G?C??????????W????????????G????????????C????????????@?@???????????G?G???????????O?????????????_@???????????@_?????????????o?????????????E??????????????O?????????????@?C????????????A?G????????????E???????????????o??????????????C???????????????_??????????????A?_?????????????C@??????????????C@??????????????@????????????????W???????????????@B???????????????K????????????????BG,t|eMID`GH_a@E@A?`_GG@@_CB?GA?GB?C?o@?C?G?o?_@_@?@_@??o?_?G?G?B?@??K?C??O?G??w?G??K?C??A?@???o?G??B??_??E?@???C?@???F??_???o?G???F?@????G?C????o?G????o?G????W?C????F_@?????G?W????@o?_????@o@??????a@??????}?_?????@_O??????M`???????Fk,2,2
102,~?@esP@H?OC?O`?@??_?G?B??G??O??O??G??E???_??A?_?K???G???C???@????W???@????A?G??E????A?????_@???C?????O?????_?????_?????o?????K?????@??????C??????G?G????G??????C??????@???????K???????_??????@?@?????B???????@_???????O???????A????????G?C??????O????????o????????G????????A?@???????o????????B?????????C?????????C?@???????A??_???????_?????????C?@????????O??????????_?G???????@_??????????W??????????C???????????_?G????????A??_????????C???????????C?@?????????A????????????_?G?????????A????????????G?C??????????W????????????G????????????C????????????@?@???????????G?????????????O?????????????_@????????????o?????????????K?????????????@??????????????G@?????????????_C????????????B??????????????@_??????????????o??????????????C???????????????_G?????????????A?_?????????????C@??????????????A???????????????@_???????????????G???????????????@@???????????????@c???????????????B_,t|eMID`GH_a@E@A?`_GG@@_CB?GA?GB?C?o@?C?G?o?_@_@?@?@?@o?_?G?G?B?@??K?C??O?G??w?G??K?C??A?@???o?G??B??_??E?@???C?@???F??_???o?G???F?@????G?C????w?G????W?G????N?C?????_B?????M?G?????[?_?????O@??????w@??????M@_?????@?g??????\@???????NK,2,2
102,~?@esP@@?OC?O`?@@@_?O?A??W??_??_??O??C???_??A???C???K???C???@?G??G???@_???A????A?G??B?????_????C?G???o????@_????@??????_?????G?????@_?????C??????G??????G?G????C??????@?@?????G???????_??????@?@?????@????????_???????W???????B????????G????????O?G??????O????????W????????A?????????O?G??????@_????????A?????????A?@???????@_?????????W?????????A??????????G?C????????O??????????O?G????????K??????????A???????????O??????????@??_????????A???????????A?@?????????@????????????O???????????A?@??????????G?C??????????O????????????W????????????C????????????@?@???????????G?G??????????@_????????????@?????????????@?@????????????o?????????????K??????????????W?????????????@??????????????A?G????????????A?G?????????????_??????????????K???????????????_??????????????A?_?????????????E???????????????A????????????????o???????????????K????????????????`???????????????B_???????????????BO,t|eMID@WH?e@C@E?`?GW@@?CF?GA?GB?C?_@?K?G?o?_@_@?@_@??_?_?[?G?@?@??M?C??G?G??[?G??E?C??@_@???G?G??@_?_??B?@???B?@???@_?_???W?G???A?@????[?C????O?W????w?G????G?C????F?@?????[?W?????_A_????B_@?????@o@??????[?_?????A_G??????MP???????B{,2,2
102,~?@esP@H?OC?O`?@??_?G?B??G??O??O??G??E???_??A?_?K???G???C?_?@????W???@????A?G??E????A?????_@???C?????O?????_?????_?????W?????C??????_@????A??????C??????C??????A???????o??????C???????O?_????@_??????@_???????_???????G?G?????@????????E????????G????????G?G??????K????????B?????????O????????@??_??????A?@???????A?????????@??_???????O?????????A??????????K??????????O??????????O?G????????G??????????A???????????O?G????????@???????????A?@?????????@????????????_?_?????????K???????????@_???????????E????????????C????????????E????????????A?????????????_@???????????E?????????????K?????????????G?????????????G@????????????C?????????????@_?????????????G??????????????_C????????????@?G????????????@???????????????_C?????????????G@?????????????@?G?????????????E???????????????K???????????????C@??????????????@????????????????OG???????????????`???????????????AC???????????????BG,t|eMID`GH_a@E@A?`_GG@@_CB?GA?GB?C?o@?E?G?W?_?o@??o@??O?_?K?G?@_@??C?C??[?G??K?G??C?C??B?@???W?G??@_?_??B?@???B?@???@_?_???W?G???A?@????[?C????W?G????]?G????A?K????@o@?????E?G?????[?_?????W@??????[@??????C?_?????BgG??????Bb???????Fs,2,2
102,~?@esP@H?OC?O`?@??_?G?B??G??O??O??G??E???_??A?_?K???G???C?_?@????W???@????A?G??E????A?????_@???C?????O?????_?????_?????W?????C??????_?????A??????C??????C??????A???????o??????C???????O?_????@_??????@_???????_???????G?G?????@????????K????????W????????W????????K????????B?????????O????????@??_??????A?@???????A?????????@??_???????O?????????A?@????????K??????????O??????????O??????????G??????????A???????????O??????????@??_????????A???????????@????????????_?_?????????K????????????_???????????A?C??????????C?G??????????K????????????E????????????@_????????????K?????????????W?????????????o?????????????O?????????????G?_???????????A?G????????????G??????????????_?????????????@?G????????????@???????????????_C?????????????G@?????????????@???????????????C?_?????????????E???????????????E???????????????@_???????????????E????????????????W????????????????c???????????????@g,t|eMID`GH_a@E@A?`_GG@@_CB?GA?GB?C?o@?E?G?W?_?_@?@_@??o?_?K?G?@_@??C?C??[?G??K?G??C?C??B?@???W?G??@_?_??B?@???B?@???@??_???o?G???E?@????W?C????w?G????O?G????]?C????@?B?????[?G?????w?_?????w@??????O@??????[?_?????BoG??????DF???????Nc,0,0
102,~?@esP@H?OC?O`?@??_?G?B??G??OG?O??G??E???_??A?_?K???G???C???@????G????_C??B????A????@?C???O????A?????G?????O@????o?????W?????C??????_@????A??????C??????C??????B???????_??????C?G?????o???????_???????_???????O???????C????????_???????A?C??????K????????K????????C????????@?@???????G?G???????_????????@?????????@?@???????@_?????????W?????????B??????????G??????????O?G????????O??????????G??????????A???????????O?G?????????_??????????@?@?????????B????????????_???????????G???????????@?@??????????C????????????G?G??????????K????????????E????????????@_????????????E?????????????G?????????????W?????????????W?????????????E??????????????_?????????????C@?????????????O??????????????_??????????????_G?????????????OC?????????????K???????????????_??????????????A?_?????????????C@??????????????E???????????????B????????????????GG??????????????@_???????????????@_????????????????w,t|eMID`GH_b@A@B?__GK@?oC@?GB?G@_C?O@?E?G?W?_?o@??_@??o?_?K?G?@?@??M?C??K?G??G?G??K?C??B_@???G?G??@_?_??B?@???B?@???@_?_???W?G???B?@????K?C????]?G????C?W????E?C????@o@?????C?W?????w?_?????w@??????W@??????K?_?????BOG??????Eb???????Fs,2,2
102,~?@esP@H?OC?O`?@??_?G?B??G??OG?O??G??E???_??A?_?K???G???C???@????G????_C??B????A????@?C???O????A?????G?????O?????o?????W?????C??????_@????A??????C??????C??????B???????_??????C?G?????o??????@_??????@????????_???????G?G?????@????????C????????G?G??????W????????K????????A?????????O?G??????@??_??????A?????????A?????????@??????????O?G???????E??????????K??????????W??????????G??????????C??????????@???????????G?G?????????O???????????_@?????????@_???????????o???????????C????????????_???????????A?C??????????C????????????C?G??????????E????????????@_????????????E?????????????G?????????????O@????????????O?????????????G?_???????????E??????????????W??????????????_?????????????@??????????????@???????????????_C?????????????G@?????????????@_??????????????A???????????????E???????????????AB??????????????B????????????????o???????????????@@???????????????CC???????????????HG,t|eMID`GH_b@A@B?__GK@?oC@?GB?G@_C?O@?E?G?W?_?o@??_@??o?_?K?G?@?@??M?C??K?G??G?G??K?C??B?@???W?G??@??_??F?@???B_@????_?_???W?G???B?@????K?C????]?G????C?W????E?C????@_@?????M?G?????Q?_????@w@??????WA??????K?_?????BOG??????FB???????Ms,2,2
102,~?@esP@@?OC?O`?@?@_?O?A??W??_??_G?O??C??@_??C???G???G@??K???A????O@??@????A????A?G??B?????_????C?G???O????@_?????_?????O?????C??????o?????A??????C?G????C??????A???????_??????E???????O???????_???????_@??????o???????K???????@????????C?C??????G????????G????????C?C??????B?????????W????????@?????????A?@???????A?@???????B??????????O?????????A??????????G??????????O?G????????W??????????G??????????A?@?????????O??????????@???????????A???????????A?@??????????_???????????K???????????@_???????????E????????????C????????????C?G??????????A?C???????????o????????????E?????????????W?????????????W?????????????W?????????????C?????????????@??????????????G@?????????????O??????????????_G?????????????_??????????????O??????????????C@??????????????o??????????????B???????????????B???????????????@_???????????????o???????????????E????????????????O???????????????@c???????????????@o,t|eMID@WH?e@E@A?`_GG@@_CB?GA?GB?C?o@?E?G?W?_?o@??o@??O?_?K?G?@_@??C?C??[?G??K?G??C?C??B?@???W?G??@_?_??B?@???B?@???@_?_???W?G???B?@????K?C????W?G????]?G????A?K????@o@?????E?G?????[?_?????[@??????K@??????E?_?????@gG??????Bb???????Fs,2,2
102,~?@esP@H?OC?O`?@??_?G?B??G??OG?O??G??E???_??A?_?K???G???C?_?@????G????_C??B????A????@?C???O????A?????G?????O?????W?????G?????A?G????O?????@??????A??????B??????@???????O@?????E???????W???????_???????_@??????O???????C????????_@??????E????????K????????G????????C?C??????@?@???????G?????????_????????@?????????@??????????o?????????G?????????@?@????????C??????????G??????????G??????????C?C?????????_??????????C?G?????????o??????????@_??????????@_???????????_???????????G?G?????????@?@??????????E????????????K????????????K????????????B?????????????O????????????A?G???????????G?????????????O@????????????O?????????????C?????????????@?G????????????G??????????????_?????????????@?G????????????@?G?????????????o??????????????E???????????????o??????????????@_??????????????B????????????????_???????????????O_??????????????CG???????????????o???????????????@_????????????????w,t|eMID`GH_b@A@B?__GK@?oC@?GB?G@_C?W@?B?G?K?_?O@??o@??W?_?C?G?@o@??B?C??C?G??K?G??E?C??@_@???K?G???o?_??@_@???@_@????o?_???K?G???@w@????@?K????E?G????E?G????B?C?????o@?????F?G?????K?_?????W@??????Y@??????B__??????[G??????@x???????@{,2,2
102,~?@esP@H?OC?O`?@??_?G?B??G??OG?O??G??E???_??A?_?K???G???C?_?@????G????_C??B????A????@?C???O????A?????G?????O?????W?????G?????A?G????O?????@??????A??????B??????@???????O@?????E???????W???????_???????_@??????O???????C????????_@??????E????????K????????G????????C?C??????@?@???????G?????????_????????@?????????@?@????????o?????????G?????????@?@????????C??????????G??????????G??????????C?C?????????_??????????C?G?????????o??????????@_???????????_???????????O?_?????????C????????????o???????????B????????????E????????????B?????????????_????????????G????????????@?????????????C?_???????????K?????????????G?????????????C?_???????????@??????????????G??????????????_C????????????@?G????????????B??????????????@_??????????????K???????????????_??????????????B???????????????E???????????????@@???????????????_???????????????GG??????????????@`???????????????E????????????????BG,t|eMID`GH_b@A@B?__GK@?oC@?GB?G@_C?W@?B?G?K?_?O@??o@??W?_?C?G?@o@??B?C??C?G??K?G??E?C??@_@???K?G???o?_??@_@???@_@????o?_???K?G???@w@????@?K????E?G????E?G????B_C?????W@?????B?G?????K?_?????W@??????Y@??????B@_??????oG??????F`???????F[,2,2
102,~?@esP@H?OC?O`?@??_?G?B??G??OG?O??G??E???_??A?_?K???G???C?_?@????G????_C??B????A????@?C???O????A?????G?????O?????W?????G?????A?G????O?????@??????A??????B??????@???????O@?????E???????W???????_???????_@??????O???????C????????_@??????E????????K????????G????????C?C??????@?????????G?????????_????????@?@???????@??????????o?????????G?????????@?@????????C??????????G??????????G??????????C?C????????@_??????????K???????????o???????????o???????????_???????????O?_?????????C?G??????????o???????????B????????????E????????????A????????????@?C???????????O????????????A?????????????G?_???????????O?????????????G?????????????C?_???????????@??????????????G??????????????_C????????????@_?????????????@_??????????????W??????????????E???????????????W??????????????@_??????????????@???????????????@@???????????????__??????????????GG??????????????@_???????????????B?????????????????w,t|eMID`GH_b@A@B?__GK@?oC@?GB?G@_C?W@?B?G?K?_?O@??o@??W?_?C?G?@o@??B?C??C?G??K?G??E?C??@_@???K?G???o?_??@_@???@_@????o?_???K?G???@o@????B?C????E?G????F?G????@_C?????[@?????@_G?????E?_?????K@??????M@??????B?_??????wG??????Bp???????B{,2,2
102,~?@esP@H?OC?O`?@??_?G?B??G??OG?O??G??E???_??A?_?K???G???C?_?@????G????_C??B????A????@?C???O????A?????G?????O?????W?????G?????A?G????O?????@??????A??????B??????@???????O@?????E???????W???????_???????_@??????O???????C????????_@??????E????????K????????G????????C?C??????@?@???????G?????????_????????@?????????@?@????????o?????????G?????????@?@????????C??????????G??????????G??????????C???????????_??????????C?G?????????o??????????@_???????????_???????????O?_?????????C?G??????????o???????????B????????????E????????????E????????????B?????????????O????????????A?G???????????G?????????????O@????????????G?????????????C?_???????????@??????????????G??????????????_C????????????@??????????????@?G?????????????o??????????????E???????????????W??????????????@_??????????????@_???????????????_???????????????O_??????????????CG???????????????`???????????????AC???????????????EG,t|eMID`GH_b@A@B?__GK@?oC@?GB?G@_C?W@?B?G?K?_?O@??o@??W?_?C?G?@o@??B?C??C?G??K?G??E?C??@_@???K?G???o?_??@_@???@_@????o?_???K?G???@?@????N?C????C?W????K?G????E?C????@o@?????F?G?????K?_?????W@??????[@??????D?_??????wG??????Bp???????B{,0,0
102,~?@esP@@?OC?O`?@?@_?O?A??W??_??_G?O??C??@_??C???G@??G???K???A????O@??@????A????A?G??B?????_????C?????O?????o?????_?????O?????C??????o?????A??????C?G????C??????A???????_@?????K???????o??????@???????@?@??????_???????W???????B????????G????????O?G??????O????????G????????A?@???????o????????@?????????A?????????A?@???????@??????????W?????????A??????????G?C????????O??????????O?G????????K??????????A???????????O?G????????@???????????A?@?????????A?@?????????B????????????W???????????B????????????C????????????K????????????C????????????A?C???????????_@???????????C?????????????O?_???????????O?????????????O?????????????G?_???????????B??????????????O?????????????@?C????????????A?G????????????@???????????????_C?????????????K??????????????@_??????????????B???????????????A???????????????@_???????????????O???????????????CG???????????????`???????????????BC???????????????F?,t|eMID@WH?e@E@A?`_GG@@_CB?GB?G@?C?o@?E?G?W?_?o@??o@??O?_?K?G?@_@??E?C??K?G??K?G??E?C??@?@???W?G??@_?_??B?@???B?@???@_?_???W?G???A?@????[?C????W?G????[?G????F?C?????_@?????M?G?????[?_?????[@??????K@??????CG_?????B_G??????NB???????No,2,2
102,~?@esP@H?OC?O`?@??_?G?B??G??OG?O??G??E???_??A?_?K???G???C???@????G????_C??B????A????@?C???O????A?????G?????O?????o?????W?????C??????_@????A??????C??????C??????B???????_??????C?G?????o??????@_??????@????????_???????G?G?????@????????C????????G?G??????W????????K????????A?????????O?G??????@??_??????A?????????A?????????@??????????O?G???????E??????????K??????????W??????????G??????????C??????????@???????????G?G?????????O???????????_@?????????@_???????????o???????????C????????????_???????????A?C??????????C????????????C?G??????????E????????????@_????????????E?????????????G?????????????O?????????????O@????????????G?_???????????E??????????????W??????????????_?????????????@??????????????@?G?????????????_C?????????????G@?????????????B???????????????A???????????????C@??????????????C@??????????????A?_?????????????@_???????????????@@???????????????E????????????????@W,t|eMID`GH_b@A@B?__GK@?oC@?GB?G@_C?O@?E?G?W?_?o@??_@??o?_?K?G?@?@??M?C??K?G??G?G??K?C??B?@???W?G??@??_??F?@???B_@????_?_???W?G???B?@????K?C????]?G????C?W????E?C????@_@?????M?G?????O?_????@w@??????OB??????W?_?????FOG??????EF???????]c,2,2
102,~?@esP@@?OC?O`?@?@_?O?A??W??_??_G?O??C??@_??C???G???G@??K???A????O@??@????A????A?G??B?????_????C?G???O????@_?????_?????O?????C??????o?????A??????C?G????C??????A???????_??????E???????O???????_???????_@??????o???????K???????@????????C?C??????G????????G????????C?C??????B?????????W????????@?????????A?@???????A?@???????B??????????O?????????A?@????????G??????????O?G????????W??????????G??????????A?@?????????O??????????@???????????A???????????A?@??????????_???????????G???????????@?@??????????E????????????C????????????C?G??????????A?????????????o????????????E?????????????W?????????????W?????????????W?????????????C?????????????@?G????????????G@?????????????o?????????????@??????????????@?G?????????????_??????????????G@?????????????@?G?????????????C???????????????G@??????????????E???????????????@????????????????W????????????????o???????????????@o???????????????@o,t|eMID@WH?e@E@A?`_GG@@_CB?GA?GB?C?o@?E?G?W?_?o@??o@??O?_?K?G?@_@??C?C??[?G??K?G??C?C??B?@???W?G??@_?_??B?@???B?@???@_?_???W?G???B?@????K?C????W?G????]?G????A?K????@_@?????M?G?????[?_?????W@??????W@??????K?_?????BgG??????BF???????Nc,2,2
102,~?@esP@@?OC?O`?@?@_?O?A??W??_??_G?O??C??@_??C???G@??G???K???A????O@??@????A????A?G??B?????_????C?G???O?????o?????_?????O?????C??????o?????A??????C?G????C??????A???????_??????E???????O???????_@??????_???????o???????K???????@????????C?C??????G????????G????????C?C??????B?????????W????????@?????????A?@???????A?????????@_?????????O?????????A?@????????G??????????O?G????????W??????????G??????????A?@?????????O??????????@???????????A???????????A?@?????????@_???????????W???????????@????????????E????????????C????????????C?G??????????A?C???????????o????????????E?????????????W?????????????O?????????????O@????????????K?????????????A??????????????O@????????????@?C????????????@??????????????@?G?????????????_??????????????G@?????????????@?G?????????????E???????????????C???????????????B????????????????o???????????????A????????????????X???????????????@_???????????????@g,t|eMID@WH?e@E@A?`_GG@@_CB?GB?G@?C?o@?E?G?W?_?o@??o@??O?_?K?G?@_@??C?C??[?G??K?G??E?C??@?@???W?G??@_?_??B?@???B?@???@_?_???W?G???B?@????K?C????W?G????[?G????F?C?????_@?????M?G?????[?_?????[@??????K@??????F?_??????{G??????@F???????Nc,2,2
102,~?@esP@H?OC?O`?@??_?G?B??G??OG?O??G??E???_??A?_?K???G???C?_?@????G????_C??B????A????@?????O????A?????G?????O?????W?????G?????A?G????O?????@??????A?G????E??????B???????_??????C?G?????o??????@_??????@????????_?_?????G???????@????????C?C??????W????????G????????C????????@?????????G?????????_????????@?@???????@??????????_?_???????K?????????@??????????C?C????????G??????????G?G????????C?C????????B???????????W??????????@_??????????A???????????A?@?????????@_???????????G???????????@?@??????????C?C??????????G????????????G?G??????????A?????????????_????????????C?G???????????O?????????????_@????????????_?????????????O?_???????????C?G????????????O?????????????@?C????????????B??????????????B???????????????o??????????????C???????????????_G?????????????@_??????????????@???????????????@@???????????????__??????????????GG??????????????@@???????????????E????????????????CW,t|eMID`GH_b@A@B?__GK@?oC@?GB?G@_C?W@?B?G?K?_?O@??o@??W?_?E?G??o@??B?C??C?G??K?G??E?C??@_@???K?G???o?_??@_@???@?@???@o?_???K?G???@_@????E?C????K?G????G?G????M?C????@o@?????F?G?????K?_?????O@??????w@??????M@_?????@og??????CX???????}C,2,2
102,~?@esP@@?PC?O`?@?@_?O?A??G??O??O??G??E???_??A?_?C???K???C???@?G??W???@????A?G??E????A?????_@???C?????W?????_?????_@????O?????C??????_?????A??????C??????C?G????A???????o??????C???????O?_?????_???????o???????O???????C?G?????@_???????E????????G????????G?G??????E????????@?????????G?G???????_?_??????@_????????@??????????_?_???????G?G???????@??????????C??????????G??????????G?G????????C??????????@?@?????????G???????????O???????????_@??????????_???????????G???????????A?G??????????o???????????B????????????A????????????A?G??????????@_????????????W????????????@_????????????E?????????????C?????????????C@????????????A??????????????_G????????????C??????????????OC?????????????_??????????????_G?????????????O??????????????C@??????????????o??????????????@???????????????A@??????????????B????????????????o???????????????C????????????????p???????????????@_???????????????@g,t|eMID@WH_a@E@A?`_GG@@_CB?GB?G@?C?o@?E?G?W?_?_@?@_@??o?_?G?G?B_@??C?C??[?G??K?G??E?C??@?@???[?G???o?_??@_@???@?@???@_?_???[?G???@?@????M?C????G?G????]?G????B?K?????_@?????N?G?????K@_?????W@??????[@??????C@_?????B_G??????JB???????JS,2,2
102,~?@esP@@?OC?O`?@?@_?O?A??W??_??_G?O??C??@_??C???G@??G???K???A????O???@????A????A?G??B?????_????C?G???O?????o?????_?????O?????C?????@_?????E??????G??????G?G????C??????@?@?????G???????o??????@???????@?@??????_?_?????W???????B????????G????????O?G??????O????????G?C??????A?????????O?G??????@_????????A?????????A?@???????@??_???????G?????????@??????????C??????????G??????????K??????????A???????????_@?????????C???????????O?_?????????_???????????W???????????K???????????B????????????W???????????@????????????A?G??????????A?G??????????@?????????????O@???????????B?????????????K?????????????G?????????????G?????????????C?????????????@?G????????????C??????????????OC?????????????_??????????????_G?????????????W??????????????E???????????????o??????????????@_??????????????@???????????????@@???????????????o???????????????C????????????????`???????????????BC???????????????B_,t|eMID@WH?e@E@A?`_GG@@_CB?GB?G@?C?o@?E?G?O?_@_@?@_@??o?_?G?G?B_@??C?C??[?G??K?G??E?C??@_@???K?G???o?_??@_@???@o@????W?_???C?G???@o@????A?C????N?G????B?W????@_C?????W@?????B?G?????M?_?????K@??????G@??????M?_?????@WW??????BD???????Nc,0,0
102,~?@esP@@?OC?O`?@?@_?O?A??W??_??_G?O??C??@_??C???G@??G???K???A????O???@????A????A?G??B?????_????C?G???O?????o?????_?????O?????C?G???@_?????E??????G??????G?G????C??????@?@?????G???????o??????@???????@?@??????_???????W???????@????????C????????G????????G????????C????????@?@???????K?????????_????????@?@???????@?@????????o?????????G?????????@??????????C?C????????W??????????W??????????K??????????B???????????G???????????_?_????????@????????????_???????????O?_?????????C?G?????????@_???????????A????????????C????????????C?G??????????A?????????????_????????????C?G???????????W?????????????o?????????????G?????????????C?????????????@?G????????????W??????????????o?????????????@_??????????????_??????????????OC?????????????E???????????????o??????????????@???????????????A@??????????????A@??????????????@?_??????????????OG??????????????B????????????????CC???????????????Gg,t|eMID@WH?e@E@A?`_GG@@_CB?GB?G@?C?o@?E?G?O?_@_@?@_@??o?_?G?G?B_@??C?C??[?G??K?G??E?C??@?@???W?G??@o?_??@?@???B?@???@_?_???[?G???@?@????M?C????G?G????]?G????B?K?????o@?????F?G?????G?_?????w@??????[@??????CB_?????B_G??????J@???????M[,2,2
102,~?@esP@@?OC?O`?@?@_?O?A??W??_??_??O??C??@_??C???G@??G???K???A????O???@?C??E????C????A?C??@_????G?????_?_??@?????@_?????_?????G?????@?@????K??????G??????G??????C??????@???????G???????_??????@_??????@????????_?_?????G???????B????????C????????G????????G?G??????K????????B?????????W????????@_????????B?????????A?????????@??_???????O?G???????B??????????G??????????O??????????O?G????????W??????????A???????????O??????????@??_????????A???????????A???????????@??_?????????O???????????@????????????C?C??????????G?G??????????W????????????C????????????@_????????????K?????????????W?????????????o?????????????W?????????????K??????????????_?????????????C??????????????OC????????????@_??????????????_??????????????OC?????????????C???????????????_G?????????????B???????????????E???????????????A???????????????@__??????????????K????????????????o???????????????@C???????????????Ag,t|eMID@WH?e@C@E?`?GW@@?CE?GE?GB?C?_@?K?G?o?_@?@?B_@??_?_?W?G?B?@??K?C??W?G??O?G??[?C??B?@???W?G??@??_??E?@???F?@???@??_???w?G???A?B????[?C????W?G????[?G????C?C????Bo@?????E?W?????W?_?????w@??????S@??????F?_??????wG??????Ap???????B{,2,2
102,~?@esP@@?OC?O`?@?@_?O?A@?W??_??_??O??C??@_??C???G@??G???C???@????G???@_???A????A?G??B?????_????C?G???O?????o?????_?????O?_???K?????@_?????C??????G??????G??????C??????@???????G???????o??????@???????@?@??????_?_?????G???????@????????C?C??????G????????W????????K????????B?????????W????????@_????????A?????????A?@???????@??_???????G?????????@?@????????K??????????K??????????G??????????C?C????????@???????????G???????????_??????????@???????????@????????????W???????????A????????????O???????????@?C??????????A????????????B????????????@_????????????W????????????B?????????????K?????????????W?????????????G@????????????K?????????????@_?????????????G??????????????_C????????????@?G????????????@???????????????_??????????????G@??????????????_G?????????????A???????????????C@??????????????C@??????????????@_???????????????W????????????????o????????????????o????????????????w,t|eMID@WH?e@C@E?`?GW@@?CE?GE?GB?C?_@?M?G?O?_@_@?@_@??_?_?W?G?B?@??K?C??W?G??O?G??[?C??B?@???W?G??@o?_??@?@???B_@????o?_???K?G???@_@????E?C????K?G????K?G????C?C????Bo@?????F?W?????GA_?????w@??????W@??????M?_?????@_G??????MP???????B{,2,2
102,~?@esP@@?OC?O`?@?@_?O?A??W??_??_G?O??C??@_??C???G@??G???K???A????O???@????A????A?G??B?????_????C?G???O?????o?????_?????O?????C?????@_?????E??????G??????G?G????C??????@???????G???????o??????@???????@?@??????_?_?????W???????B????????G????????O?G??????O????????G?C??????A?????????O?G??????B?????????E?????????C?????????A??_???????_?G???????A??????????G??????????O??????????O??????????K??????????@???????????G?G?????????_??????????@???????????@????????????_?_?????????E????????????o???????????B????????????E????????????C????????????A?C???????????_@???????????C?????????????O?_??????????@_????????????@_?????????????W?????????????A??????????????O?????????????@??????????????A?G????????????@_??????????????O??????????????C@??????????????_??????????????B?_?????????????E???????????????E???????????????@_???????????????GG??????????????@_???????????????@C???????????????Ag,t|eMID@WH?e@E@A?`_GG@@_CB?GB?G@?C?o@?E?G?O?_@_@?@_@??o?_?G?G?B?@??K?C??O?G??w?G??K?C??B?@???W?G??@_?_??B?@???B?@???@o?_???K?G???@?@????K?C????W?G????W?G????N?C?????oB?????E?G?????W?_?????o@??????{@??????CB_?????B_G??????L`???????E[,2,2
102,~?@esP@@?OC?O`?@?@_?O?A??W??_??_??O??C??@_??C???G@??G???K???A????O???@?C??E????C????A?C??@_????G?????_?_??@?????@_?????_?????G?????@??????K??????G??????G??????C??????@???????G???????_??????@_??????@????????_?_?????G?G?????B????????K????????O????????O?G??????G?C??????E?????????o????????A?????????C?@???????K?????????E?????????@??????????G?@????????_?C????????_??????????_??????????O??????????C???????????O??????????@???????????A?@?????????A???????????@????????????O?G?????????A????????????G?C??????????K????????????K????????????E????????????@_????????????K?????????????o?????????????o?????????????_?????????????O?_???????????E??????????????W??????????????_?????????????@??????????????@?G?????????????_??????????????G@?????????????@?G?????????????C?_?????????????G???????????????G@??????????????E?_?????????????@_???????????????E????????????????AC???????????????Cg,t|eMID@WH?e@C@E?`?GW@@?CE?GE?GB?C?_@?K?G?o?_@?@?B_@??_?_?W?G?B?@??G?C??o?G??o?G??O?C??M?@???o?G??B??_??E?@???E?@???B??_???w?G???A?@????[?C????W?G????O?G????[?C????B?@?????]?G?????W@_?????o@??????o@??????[?_?????BoG??????CN???????zC,2,2
102,~?@esP@@?OC?O`?@?@_?O?A??W??_??_G?O??C??@_??C???G@??G???K???A????O???@????A????A?G??B?????_????C?G???O?????o?????_?????O?????C?????@_?????E??????G??????G?G????C??????@???????G???????o??????@???????@?@??????_?_?????W???????B????????G????????O????????O????????G?C??????A?????????O?G??????B?????????E?????????C?????????A??_???????_?G???????A??????????G??????????O??????????O?G????????W??????????E???????????O??????????@??_????????A???????????A???????????@????????????O?G?????????@_???????????E????????????K????????????C????????????A?????????????_@???????????C?G???????????O?????????????_@???????????@_?????????????o?????????????E??????????????O?????????????@??????????????A?G????????????E???????????????o??????????????C???????????????_G?????????????A???????????????E@??????????????E???????????????@????????????????W???????????????@B???????????????E????????????????BG,t|eMID@WH?e@E@A?`_GG@@_CB?GB?G@?C?o@?E?G?O?_@_@?@_@??o?_?G?G?B?@??K?C??O?G??w?G??K?C??B?@???W?G??@_?_??B?@???A?@???B??_???w?G???B?@????G?C????o?G????o?G????W?C????F_@?????K?W?????o?_????@o@??????a@??????}?_?????@oO??????Ep???????Bk,0,0
102,~?@esP@@?OC?O`?@?@_?O?A??W??_??_??O??C??@_??C???G???G@??K???A????O@??@????E????E????B?????_????C?G???O????@_?????_?????O?????C??????o?????A??????C??????C??????A???????_??????E???????O???????_???????_@??????o???????K???????@????????C?C??????G?G??????W????????K????????B?????????W????????@?????????A?@???????A?@???????B??????????O?????????A??????????G??????????O??????????G??????????C??????????@???????????G???????????_?_????????@????????????_???????????W???????????E????????????o???????????B????????????E????????????E????????????B?????????????o????????????B?????????????K?????????????W?????????????G?????????????C?_???????????@??????????????G??????????????_C????????????@??????????????@?G?????????????_C?????????????G??????????????@_??????????????B???????????????E???????????????B????????????????W???????????????E????????????????P???????????????@C???????????????BG,t|eMID@WH?e@C@E?`_GG@@_CB?GA?GB?C?o@?E?G?W?_?o@??_@??o?_?K?G?@_@??C?C??[?G??K?G??C?C??B?@???W?G??@_?_??B?@???B_@????_?_???W?G???B?@????M?C????G?G????]?G????A?K????@o@?????E?G?????W?_?????w@??????W@??????N?_??????gW??????Bp???????Bk,2,2
102,~?@esP@@?OC?O`?@?@_?O?A??W??_??_G?O??C??@_??C???G???G@??K???A????O@??@????A????A?G??B?????_????C?G???O????@_?????_?????O?????C??????o?????A??????C?G????C??????A???????_??????E???????O???????_???????_@??????o???????K???????@????????C?C??????G?G??????G????????C?C??????B?????????W????????@?????????A?@???????A?@???????B??????????O?????????A??????????G??????????O??????????G??????????C?C????????@???????????G?G?????????_??????????@????????????_???????????W???????????E????????????o???????????B????????????E????????????A????????????@?C???????????W????????????B?????????????K?????????????W?????????????G?????????????C?_???????????@??????????????G??????????????_C????????????@??????????????@?G?????????????_C?????????????G??????????????@_??????????????B???????????????E???????????????B????????????????W???????????????E????????????????P???????????????@C???????????????BG,t|eMID@WH?e@E@A?`_GG@@_CB?GA?GB?C?o@?E?G?W?_?o@??o@??O?_?K?G?@_@??C?C??[?G??K?G??C?C??B?@???W?G??@_?_??B?@???B_@????o?_???G?G???B_@????E?C????G?G????]?G????A?K????@o@?????E?G?????W?_?????w@??????W@??????N?_??????gW??????Bp???????Bk,2,2
102,~?@esP@@?OC?O`?@?@_?O?A??W??_??_G?O??C??@_??C???G???G@??K???A????O???@????A????A?G??B?????_????C?G???O????@_?????_?????O?????C?????@_?????E??????G??????G?G????C??????@???????G???????o??????@???????@????????_?_?????W???????B????????G????????O?G??????O????????G?C??????A?????????O?G??????B?????????E?????????C?????????A??_???????_?G???????K??????????O??????????_??????????_??????????O??????????E???????????O??????????@??_????????A???????????A?@?????????@????????????O?G?????????@????????????E????????????K????????????K????????????E????????????@?????????????G?G???????????_?_??????????@?????????????@?@????????????o?????????????E??????????????o?????????????@??????????????A?G????????????A??????????????@?C?????????????K???????????????_??????????????A?_?????????????C@??????????????E???????????????@_???????????????K????????????????`???????????????@_???????????????@W,t|eMID@WH?e@E@A?`_GG@@_CB?GA?GB?C?o@?E?G?O?_@_@?@_@??o?_?G?G?B?@??K?C??O?G??w?G??K?C??A?@???o?G??B??_??E?@???E?@???B??_???w?G???B?@????G?C????w?G????W?G????N?C?????_B?????M?G?????W?_?????o@??????o@??????]?_?????@?w??????\@???????NK,2,2
102,~?@esP@@?OC?O`?@?@_?O?A??W??_??_??O??C??@_??C???G???G@??K???A????O???@?C??E????E????B?????_????C?G???O????@_?????_?????O?????C?G???@_?????A??????C??????C??????A???????_??????E???????O???????_???????_@??????o???????C????????_???????A?C??????K????????K????????E????????@_????????G?????????_?_??????@?@???????B??????????_?????????G?????????@?@????????K??????????G??????????G??????????C??????????@?@?????????G???????????_???????????_???????????o???????????W???????????A????????????O???????????@?C??????????E????????????E????????????@_????????????W????????????B?????????????K?????????????G?????????????G@????????????K?????????????@??????????????G??????????????_C????????????@?G????????????@???????????????_??????????????K???????????????_??????????????B???????????????E???????????????@_???????????????o???????????????M????????????????o???????????????@_???????????????@W,t|eMID@WH?e@C@E?`_GG@@_CB?GA?GB?C?o@?E?G?O?_@o@??_@??o?_?K?G?@_@??C?C??[?G??K?G??C?C??B?@???W?G??@o?_??@?@???B_@????_?_???W?G???B_@????E?C????G?G????]?G????A?K????@o@?????F?G?????G?_?????w@??????OB??????]?_?????@_W??????IT???????]C,2,2
102,~?@esP@@?OE?O?_@_?_?G?B??G??O??O??W??C???_G?A???K???G???C???@????W???@_???A????A?G??@?????W????A?????G?????O@????o?????W?????C??????_?????A??????C??????E??????A???????_@?????C???????o???????_???????_???????O?_?????C???????@_???????E????????K????????G????????C?C??????@?????????K?????????_????????@?????????@?@???????@_?????????K?????????@??????????C??????????G?G????????G??????????C??????????@_??????????G???????????_?_????????@?@?????????B????????????_???????????G?G?????????@?@??????????C????????????W????????????K????????????E????????????@?????????????G?G???????????_?_???????????_?????????????_?????????????O?_???????????B??????????????O?????????????@??????????????A?G????????????A??????????????@?C?????????????K??????????????@_??????????????B???????????????A@??????????????E???????????????@_???????????????K????????????????g????????????????o????????????????w,t|fIID`GH_a@E@A?`_GK@?oC@?GB?G@_C?O@?E?G?W?_?_@?@_@??o?_?G?G?B_@??E?C??K?G??G?G??K?C??B_@???G?G??@o?_??@_@???@?@???@o?_???K?G???@?@????M?C????K?G????K?G????E?C????@o@?????F?G?????K?_?????O@??????w@??????K@_?????BoG??????EJ???????^C,2,2
102,~?@esP@@?OE?O?_@_?_?G?B??G??O??O??W??C???_G?A???K???G???C???@?G??W???@_???A????A?G??@?????W????A?????G?????O?????o?????G?????A??????O?????@??????B??????A??????@?C?????O??????E???????W???????_???????_@??????O?_?????K???????@_???????E????????G????????G?G??????C????????@_????????G?????????_????????@?????????@??????????O?????????C?G????????_?????????A??????????C??????????E??????????A???????????_@?????????C?G?????????o??????????@_??????????@_???????????o???????????E????????????o???????????B????????????C????????????C?G??????????A?C???????????O????????????A?????????????G?_???????????O?????????????O?????????????G?_???????????A??????????????O?????????????@?C????????????@_?????????????@_??????????????W??????????????E???????????????W??????????????@_??????????????@_???????????????_???????????????O_??????????????CG???????????????`???????????????AC???????????????EG,t|fIID`GH_a@E@A?`_GK@?oC@?GB?G@_C?O@?F?G?G?_?o@??o@??O?_?M?G??o@??B?C??C?G??K?G??E?C??@_@???M?G???W?_???o@????o@????O?_???M?G????o@????B?C????E?G????E?G????B?C?????w@?????B?G?????K?_?????W@??????]@??????B@_??????wG??????B`???????F[,0,0
102,~?@esP@@?OE?O?_@_?_?G?B??G??O??O??W??C???_??A???K???G???C???@?G??W???@_???A????A?G??@?????o????E?????O?????_?????_?????o?????C??????_?????A??????C??????E??????A???????_??????C???????O?_????@_??????@_???????_???????G???????@?@??????K????????W????????W????????G????????A?@???????O?G??????B?????????E?????????A?????????@??????????O?G???????A??????????W??????????O??????????O?G????????G??????????A???????????O?G?????????_??????????@???????????@?@??????????_?_?????????W???????????@_???????????C????????????G????????????G?G??????????E????????????@_????????????E?????????????W?????????????G?????????????G?????????????C?_???????????@?G????????????W??????????????_?????????????@?G????????????@???????????????_C?????????????K??????????????@_??????????????@???????????????B???????????????@_???????????????W???????????????B????????????????W????????????????c???????????????@g,t|fIID`GH_a@E@A?`_GK@?_CB?GA?GB?C?o@?C?G?w?_?_@?@_@??o?_?G?G?B_@??E?C??G?G??W?G??K?C??B?@???W?G??@_?_??A?@???F?@???@_?_???W?G???B?@????N?C????C?W????M?G????B?C?????w@?????B?G?????G?_?????w@??????WB??????L?_??????wG??????Bp???????A{,0,0
102,~?@esP@H?OC?O`?@??_?G?B??G??O??O??G??E???_??A?_?K???G???C???@????W???@????A?G??E????A?????_@???C?????O?????_?????_@????o?????K?????@??????C??????G?G????G??????C??????@???????K???????o??????@_???????_???????O???????C????????_???????E????????C????????C?G??????E????????@_????????G?????????_?_??????@?????????@??????????_?_???????W?????????B??????????K??????????O??????????O?G????????G?C????????A???????????O??????????@???????????A?@?????????B???????????@_???????????G???????????@????????????C?C??????????G????????????G????????????B?????????????o????????????E?????????????G?????????????O@????????????W?????????????K?????????????@_?????????????K??????????????o??????????????_??????????????_??????????????OC?????????????E???????????????O??????????????@?_?????????????A???????????????B@??????????????@_???????????????G???????????????@`???????????????B????????????????@g,t|eMID`GH_a@E@A?`_GG@@_CB?GA?GB?C?o@?C?G?o?_@_@?@?@?@o?_?G?G?B?@??K?C??O?G??w?G??K?C??B?@???[?G???_?_??B?@???B?@???@_?_???[?G???@_@????E?C????K?G????M?G????B?C?????w@?????A?W?????[?_?????W@??????[@??????E@_?????@_G??????M`???????F[,2,2
102,~?@esP@@?PC?O`?@?@_?O?A??G??O??O??G??E???_??A???C@??K???C???@?G??W???@????A?G??E????A?????_@???C?????o?????_?????_?????O?????C??????_@????A??????C??????C??????A???????o??????C???????O???????_@?????@_???????o???????G???????@?@??????E????????G????????G?G??????K????????B?????????O????????@??_??????A?@???????E?????????@??????????O?????????A??????????G?C????????O??????????O?G????????G??????????A???????????O??????????@???????????A?@?????????@????????????o???????????K???????????@_???????????A????????????C?G??????????E????????????B?????????????o????????????E?????????????K?????????????W?????????????G?????????????C?????????????@?G????????????K??????????????O??????????????_??????????????_??????????????OC?????????????E???????????????o??????????????@???????????????B@??????????????B???????????????@_???????????????K????????????????_???????????????Ac???????????????@o,t|eMID@WH_a@E@A?`_GG@@_CB?GA?GB?C?o@?E?G?W?_?o@??o@??O?_?K?G?@_@??C?C??[?G??K?G??C?C??B?@???W?G??@_?_??B?@???B?@???@_?_???W?G???B?@????K?C????W?G????]?G????A?K????@o@?????E?G?????[?_?????[@??????K@??????E?_?????@gG??????Bb???????Fs,2,2
102,~?@esP@@?PC?O`?@?@_?O?A??G??O??O??G??E???_??A???C@??K???C???@?G??W???@????A?G??E????A?????_@???C?????o?????_?????_?????O?????C??????_?????A?C????C??????C??????A???????o??????C???????O???????_@?????@_???????o???????G???????@?@??????K????????G????????G?G??????K????????B?????????O????????@??_??????A?@???????E?????????@??????????O?????????A?@????????G??????????O??????????O?G????????G?C????????A???????????O??????????@???????????A?@?????????@????????????_???????????G?G?????????B????????????E????????????G????????????G?G??????????B?????????????o????????????E?????????????K?????????????W?????????????G?????????????C?_???????????@?G????????????G??????????????o??????????????_??????????????_??????????????OC?????????????C???????????????_G?????????????@_??????????????A???????????????B@??????????????@_???????????????K????????????????o???????????????@C???????????????@g,t|eMID@WH_a@E@A?`_GG@@_CB?GA?GB?C?o@?E?G?W?_?_@?@o@??O?_?K?G?@_@??C?C??[?G??K?G??C?C??B?@???W?G??@_?_??B?@???B?@???@o?_???K?G???@_@????E?C????N?G????A?W????B?C?????o@?????F?G?????K?_?????[@??????K@??????E__??????WW??????Bp???????Bk,0,0
102,~?@esP@H?OC?O`?@??_?G?B??G??OG?O??G??E???_??A?_?K???G???C?_?@????G????_C??B????A????@?C???O????A?????G?????O?????W?????G?????A?G????O?????@??????A??????B??????@???????O@?????E???????W???????_???????_@??????O???????C????????_@??????E????????K????????G????????C?C??????@?@???????G?????????_????????@?????????@??????????o?????????G?????????@?@????????C??????????G??????????G??????????C?C?????????_??????????C?G?????????o??????????@_??????????@_???????????_???????????G?G?????????@?@??????????E????????????K????????????K????????????B?????????????O????????????A?????????????G?_???????????O?????????????O@????????????C?????????????@?G????????????G??????????????_?????????????@?G????????????@?G????????????@_??????????????K???????????????o??????????????@_??????????????B????????????????`???????????????O???????????????CG???????????????`???????????????AC???????????????BG,t|eMID`GH_b@A@B?__GK@?oC@?GB?G@_C?W@?B?G?K?_?O@??o@??W?_?C?G?@o@??B?C??C?G??K?G??E?C??@_@???K?G???o?_??@_@???@_@????o?_???K?G???@w@????@?K????E?G????E?G????B?C?????o@?????F?G?????K?_?????W@??????Y@??????B@_??????wG??????Bp???????B[,2,2
102,~?@esP@H?OC?O`?@??_?G?B??G??OG?O??G??E???_??A?_?K???G???C?_?@????G????_C??B????A????@?????O????A?????G?????O?????W?????G?????A?G????O?????@??????A?G????E??????B???????_??????C?G?????o??????@_??????@????????_?_?????G???????@????????C?C??????W????????G????????C????????@?????????G?G???????_????????@?@???????@??????????_?????????K?????????@??????????C?C????????G??????????G?G????????C?C????????B???????????W???????????_??????????@?@?????????@_???????????o???????????G???????????@?@??????????C?C??????????G????????????G?G??????????A?????????????_????????????C?G???????????O?_???????????_?????????????_@????????????O?????????????C?G????????????O?????????????@?C????????????B??????????????B???????????????O??????????????C@??????????????o??????????????@_??????????????@???????????????@@???????????????o???????????????C????????????????`???????????????BC???????????????B_,t|eMID`GH_b@A@B?__GK@?oC@?GB?G@_C?W@?B?G?K?_?O@??o@??W?_?E?G??o@??B?C??C?G??K?G??E?C??@_@???K?G???o?_??@_@???@?@???@o?_???K?G???@_@????F?C????C?G????M?G????B?C?????o@?????F?G?????K?_?????O@??????w@??????N?_??????_w??????MH???????^C,2,2
102,~?@esP@H?OC?O`?@??_?G?B??G??OG?O??G??E???_??A?_?K???G???C?_?@????G????_C??B????A????@?C???O????A?????G?????O?????W?????G?????A?G????O?????@??????A??????B??????@???????O@?????E???????W???????_???????_@??????O???????C????????_@??????E????????K????????G????????C?C??????@?@???????G?????????_?_??????@?????????@??????????o?????????G?????????@?@????????C??????????G??????????G??????????C???????????_??????????C?G?????????W???????????o???????????_???????????O?_?????????C?G??????????o???????????B????????????E????????????E????????????B?????????????O????????????A?G???????????G?????????????O@????????????G?????????????C?_???????????@??????????????G??????????????_C????????????@??????????????@?G?????????????o??????????????E???????????????W??????????????@_??????????????@_???????????????_???????????????O_??????????????CG???????????????`???????????????AC???????????????EG,t|eMID`GH_b@A@B?__GK@?oC@?GB?G@_C?W@?B?G?K?_?O@??o@??W?_?C?G?@o@??B?C??C?G??K?G??E?C??@_@???K?G???o?_??@_@???@_@????o?_???K?G???@?@????N?C????C?W????M?G????B?C?????o@?????F?G?????K?_?????W@??????[@??????D?_??????wG??????Bp???????B{,0,0
102,~?@esP@@?OC?O`?@?@_?O?A??W??_??_G?O??C??@_??C???G@??G???K???A????O???@????A????A?G??B?????_????C?G???O?????o?????_?????O?????C?????@_?????E??????G??????G?G????C??????@?@?????G???????o??????@???????@?@??????_?_?????W???????B????????G????????O????????O????????G????????A?????????O?G??????@_????????A?????????A?@???????@??_???????G?????????@??????????C??????????G?G????????W??????????K??????????B???????????W???????????_??????????@?@?????????@????????????W???????????E????????????o???????????@????????????A????????????A?G??????????@?????????????O????????????A?G???????????K?????????????W?????????????G?????????????C?????????????@?G????????????W??????????????o?????????????@_??????????????_??????????????OC?????????????E???????????????o??????????????@???????????????A@??????????????A@??????????????@?_??????????????OG??????????????B????????????????CC???????????????Gg,t|eMID@WH?e@E@A?`_GG@@_CB?GB?G@?C?o@?E?G?O?_@_@?@_@??o?_?G?G?B_@??C?C??[?G??K?G??E?C??@_@???K?G???o?_??@?@???B?@???@_?_???[?G???@?@????M?C????G?G????]?G????B?K?????o@?????F?G?????G?_?????w@??????[@??????CB_?????B_G??????J@???????M[,2,2
102,~?@esP@@?OC?O`?@?@_?O?A??W??_??_??O??C??@_??C???G@??G???K???A????O???@?C??E????C????A?C??@_????G?????_?_??@?????@_?????_?????G?????@??????K??????G??????G??????C??????@???????G???????_??????@_??????@????????_?_?????G?G?????B????????K????????O????????O????????G?C??????E?????????o????????B?????????E?????????E?????????A??????????_?G???????C?@????????G??????????O??????????O??????????G?C????????E???????????O??????????@???????????A?@?????????A???????????@????????????O?G?????????A????????????E????????????K????????????K????????????A?????????????o????????????E?????????????K?????????????W?????????????K?????????????E??????????????_?????????????C??????????????OC????????????@_??????????????_??????????????OC?????????????C???????????????_G?????????????B???????????????E???????????????A???????????????@__??????????????K????????????????o???????????????@C???????????????Ag,t|eMID@WH?e@C@E?`?GW@@?CE?GE?GB?C?_@?K?G?o?_@?@?B_@??_?_?W?G?B?@??K?C??W?G??O?G??[?C??B?@???W?G??@_?_??B?@???B?@???@??_???w?G???A?B????[?C????W?G????[?G????C?C????Bo@?????E?W?????W?_?????w@??????S@??????F?_??????wG??????Ap???????B{,2,2
102,~?@esP@@?PC?O`?@@@_?O?A??G??O??O??G??A???O??@???E???C???A?_?@_???G????_C??B????A????@?C???o????E?????O?????_?????_?????O?????C??????_?????A??????C?G????C??????A???????_??????C???????O?_????@_??????@_???????_???????G?G?????B????????K????????O????????O?G??????K????????B?????????W????????@_????????@?????????@??????????_?????????G?G???????@??????????C?C????????G??????????G??????????C??????????@?@?????????G???????????_??????????@?@?????????@?@?????????@_???????????W???????????@????????????C?C??????????K????????????K????????????C????????????@?@???????????K?????????????o?????????????O?????????????O?????????????G?????????????A?G????????????O?????????????@?C????????????A?G????????????A??????????????@_??????????????K??????????????@_??????????????E???????????????E???????????????@_???????????????_???????????????KG???????????????a???????????????AC???????????????EG,t|eMID@WH_a@E@A?`_GG@@oC@?GB?G@?C?o@?E?G?W?_?_@?@_@??o?_?G?G?B_@??C?C??[?G??G?W??K?C??B?@???W?G??@_?_??B?@???B?@???@_?_???W?G???B?@????G?C????w?G????S?W????F?C?????o@?????E?G?????[?_?????W@??????[@??????E?_?????@[G??????@b???????Fs,2,2
102,~?@esP@@?PC?O`?@?@_?O?A??G??O??O??G??E???_??A???C@??K???C???@?G??W???@????A?G??E????A?????_????C?????o?????_?????_?????O?????C??????_?????A?C????C??????C??????A?C????@_??????K???????_??????@???????@?@?????@_???????W???????A????????G?C??????o????????O????????G?C??????E?????????O????????@?????????A?????????A?@???????B??????????O?????????A??????????G?C????????O??????????O??????????G?C????????A?@?????????O??????????@??_????????A?@?????????E???????????B????????????O???????????B????????????K????????????K????????????G????????????C?C???????????_????????????C?G???????????G?????????????O?????????????O@????????????G?_???????????E??????????????O?????????????@?C????????????A??????????????B???????????????o??????????????K???????????????O??????????????@_??????????????@_??????????????@_???????????????O_??????????????E????????????????o???????????????@C???????????????@g,t|eMID@WH_a@E@A?`_GG@@_CB?GA?GB?C?o@?E?G?W?_?_@?@o@??O?_?K?G?@_@??E?C??K?G??K?G??C?C??B?@???W?G??@_?_??B?@???B?@???@o?_???G?G???B_@????E?C????K?G????M?G????A?C????@o@?????F?G?????K?_?????[@??????GB??????M?_?????@wG??????AF???????]c,2,2
102,~?@esP@@?OC?O`?@?@_?O?A??W??_??_G?O??C??@_??C???G@??G???K???A????O???@????A????A?G??B?????_????C?????O?????o?????_?????O?????C?????@_?????E??????G??????G?G????C??????@???????G?G????@_??????B???????A???????@??_?????O?G?????E????????W????????_????????_????????O????????C?@???????o????????B?????????A?????????A?????????@??????????O?G???????@??????????C??????????G??????????G?G????????K??????????B???????????G???????????_?_????????@???????????@?@?????????@_???????????W???????????@_???????????E????????????K????????????C????????????A?????????????_@???????????C?G???????????W?????????????O?????????????O?????????????G?_???????????A?G????????????O?????????????@??????????????A?G????????????E???????????????_??????????????G@?????????????@?G?????????????K???????????????E???????????????E???????????????@????????????????WG???????????????a???????????????B????????????????AW,t|eMID@WH?e@E@A?`_GG@@_CB?GB?G@?C?o@?E?G?O?_@_@?@_@??o?_?K?G?@_@??E?C??K?G??K?G??E?C??@_@???K?G???o?_??@?@???B?@???@o?_???K?G???@_@????E?C????K?G????M?G????B?C?????o@?????F?G?????G?_?????{@??????KB??????E?_?????@wG??????BB???????Ms,0,0
102,~?@esP@H?OC?O`?@??_?G?B??G??O??O??G??E???_??A?_?K???G???C???@????W???@????A?G??E????A?????_@???C?????O?????_@????_?????o?????K?????@??????C??????G?G????G??????C??????@???????K???????_??????@?@?????@_???????_???????G???????@????????C????????W????????G????????C?C??????B?????????W????????@?????????A?@???????A?????????@??????????O?G???????A?@????????W??????????o??????????o??????????O??????????C?@?????????_?G????????A???????????C???????????C???????????A????????????o???????????E????????????C????????????G????????????G????????????C?C??????????@?????????????E?????????????W?????????????o?????????????o?????????????W?????????????B??????????????W?????????????@_?????????????@_?????????????@_??????????????O??????????????C???????????????_G?????????????B???????????????A???????????????A???????????????@?_??????????????WG??????????????B????????????????F????????????????EO,t|eMID`GH_a@E@A?`_GG@@_CB?GA?GB?C?o@?C?G?o?_@_@?@?@?@o?_?G?G?B?@??K?C??O?G??w?G??K?C??A?@???w?G??@_?_??A?@???E?@???B??_???o?G???F?@????K?C????W?G????W?G????G?C????F?@?????W?W????@w?_?????_J?????@_@??????w?_?????F?G??????WF??????@pc,2,2
102,~?@esP@@?OC?O`?@?@_?O?A??W??_??_G?O??C??@_??C???G@??G???K???A????O???@????A????A?G??B?????_????C?G???O?????o?????_?????O?????C?????@_?????E??????G??????G?G????C??????@???????G???????o??????@???????@?@??????_?_?????W???????B????????G????????O?G??????O????????G?C??????A?????????O?G??????B?????????E?????????C?????????A??_???????_?G???????A??????????G??????????O??????????O??????????K??????????@???????????G?G?????????_??????????@???????????@????????????_?_?????????E????????????o???????????B????????????E????????????C????????????A?C???????????_@???????????E?????????????W?????????????o?????????????W?????????????C?????????????@??????????????G??????????????_C?????????????_??????????????_G?????????????O??????????????C???????????????oG?????????????B???????????????E???????????????B????????????????o???????????????K????????????????P???????????????@C???????????????BG,t|eMID@WH?e@E@A?`_GG@@_CB?GB?G@?C?o@?E?G?O?_@_@?@_@??o?_?G?G?B?@??K?C??O?G??w?G??K?C??B?@???W?G??@_?_??B?@???B?@???@o?_???K?G???@_@????E?C????K?G????N?G????@_K?????W@?????B?G?????K?_?????[@??????K@??????E?_?????@kG??????@b???????Fs,0,0
102,~?@esP@@?PC?O`?@?@_?O?A??G??O??O??GC?E???_??A???C???K???C???@?G??W???@????A?G??A????@?????O????E?????W?????_?????_?????O?????C??????_@????A??????C??????C?G????E??????@_??????G???????_??????@?@?????@???????@_???????W???????A????????G?C??????W????????O????????G?C??????A?????????O????????@?????????A?@???????E?????????@_?????????O?????????A?@????????G??????????O?G????????O??????????G?C????????A?@?????????W??????????@_??????????B???????????@????????????_???????????G?G?????????@????????????E????????????C????????????C?G??????????@?????????????O@???????????A?????????????G?????????????O@????????????o?????????????K?????????????A??????????????O@????????????@?C????????????B??????????????@_??????????????o??????????????C???????????????_G?????????????A?_?????????????C@??????????????A???????????????@?_??????????????OG??????????????A@???????????????GC???????????????EG,t|eMID@WH_a@E@A?`_GK@?oC@?GB?G@?C?o@?E?G?W?_?o@??o@??O?_?K?G?@_@??E?C??K?G??G?G??M?C??@?@???W?G??@_?_??B?@???B?@???@o?_???G?G???B_@????E?C????M?G????C?G????F?C?????_@?????M?G?????[?_?????[@??????G@??????M?_?????@oW??????FD???????Nc,0,0
102,~?@esP@@?OC?O`?@?@_?O?A@?W??_??_??O??C@?@_??C???G???G???C???@????G???@_???A????A?G??@?????O????A?G???W?????o?????_?????O?_???K?????@_?????C??????G??????G?G????C??????@?@?????W???????_??????@???????@?@??????_???????G???????@????????C????????G????????W????????C????????@?@???????G?????????_????????@?@???????B??????????o?????????G?????????@?@????????K??????????W??????????W??????????G??????????A?@?????????O?G????????@_??????????B???????????@????????????_???????????G?G?????????@?@??????????C????????????G?G??????????G????????????C?C??????????@?????????????C?????????????O?_???????????_?????????????_@????????????o?????????????A??????????????O@????????????@_?????????????@_?????????????@_??????????????W??????????????A???????????????W???????????????_??????????????@@??????????????@@???????????????_???????????????KG??????????????@_???????????????AC???????????????BG,t|eMID@WH?e@C@E?`?GW@@_CB?GA?GB?C?_@?M?G?O?_@_@?@_@??_?_?[?G?@?@??K?C??W?G??[?G??C?C??B_@???G?G??@o?_??@?@???B?@???@_?_???W?G???B_@????C?C????[?G????M?G????A?C????@o@?????F?G?????K?_?????[@??????M@??????AO_?????@wG??????Bq???????Bs,0,0
102,~?@esP@@?PC?O`?@?@_?O?A??G??O??O??GC?E???_??A???C???K???C???@?G??W???@????A?G??A????@?????O????E?????W?????_?????_?????O?_???C??????_@????A??????C??????C?G????E??????@_??????G???????_??????@???????@???????@_???????G???????@?@??????E????????G????????G?G??????C????????@?@???????G?????????_????????B?????????B?????????@_?????????O?????????A?@????????G?C????????O??????????O?G????????G?C????????A???????????O?G????????@_??????????B???????????A???????????@??_?????????O???????????A?@??????????G????????????G????????????G?G??????????A?????????????_@???????????C?????????????O?_???????????_@????????????_?????????????W?????????????B??????????????W??????????????o??????????????_??????????????_G?????????????K??????????????A???????????????OG?????????????@?_?????????????A???????????????A@??????????????@?_??????????????W???????????????@????????????????BC???????????????@o,t|eMID@WH_a@E@A?`_GK@?oC@?GB?G@?C?o@?E?G?W?_?o@??o@??O?_?K?G?@_@??E?C??K?G??G?G??K?C??B?@???O?G??B??_??F?@???B?@???@o?_???G?G???B?@????M?C????K?G????K?G????E?C????@o@?????C?G?????{?_?????[B??????GD??????K?_?????BoG??????EF???????[c,2,2
102,~?@esP@H?OC?O`?@??_?G?B??G??O??O??GC?E???_??A?_?K???G???C???@?G??W???@????A?G??A????@?????O????A?????G?????O?????o?????G?????A??????O@????@??????A?G????E??????B???????_??????C?G?????o??????@_??????@????????_?_?????G?G?????B????????C????????G?G??????G????????C?C??????@?????????G?????????_????????@?????????@?@????????_?????????C??????????_?????????A?C????????C??????????C?G????????B???????????o??????????C???????????O?_????????@_???????????o???????????W???????????E????????????O???????????@?C??????????A????????????A?G??????????@?C???????????O????????????A?????????????G?????????????O@????????????O?????????????G?????????????A?G????????????O?????????????@?C????????????@_?????????????@_??????????????o??????????????E???????????????o??????????????@_??????????????@_???????????????_???????????????W???????????????A????????????????P???????????????@c???????????????B_,t|eMID`GH_a@E@A?`_GK@?oC@?GB?G@_C?O@?F?G?G?_?w@??O@??W?_?E?G??o@??B?C??C?G??K?G??E?C??@_@???M?G???O?_??@o@????_@????o?_???M?G????o@????B?C????C?G????K?G????F?C?????w@?????A?G?????[?_?????W@??????]@??????B@_??????qG??????F`???????FW,2,2
102,~?@esP@@?PC?O`?@?@_?O?A??G??O??O??GC?E???_??A???C???K???C???@?G??W???@????A?G??A????@?????O????E?????W?????_?????_?????O?_???C??????_?????A?C????C??????C?G????E??????@_??????G???????_??????@???????@???????@_???????G???????@?@??????K????????G????????G?G??????C????????@?@???????G?????????_????????B?????????B?????????@_?????????O?????????A?@????????G?C????????O??????????O?G????????G?C????????A???????????O?G????????@_??????????B???????????A???????????@??_?????????O???????????A?@??????????G????????????G????????????G?G??????????A?????????????_@???????????C?????????????O?_???????????_@????????????_?????????????W?????????????B??????????????W??????????????o??????????????_??????????????_G?????????????K??????????????A???????????????OG?????????????@?_?????????????A???????????????A@??????????????@?_??????????????W???????????????@????????????????BC???????????????@o,t|eMID@WH_a@E@A?`_GK@?oC@?GB?G@?C?o@?E?G?W?_?_@?@o@??O?_?K?G?@_@??E?C??K?G??G?G??K?C??B?@???O?G??B??_??F?@???B?@???@o?_???G?G???B?@????M?C????K?G????K?G????E?C????@o@?????C?G?????{?_?????[B??????GD??????K?_?????BoG??????EF???????[c,0,0
102,~?@esP@@?OC?O`?@?@_?O?A??W??_??_??O??C??@_??C???G???G@??K???A????O???@?C??E????C????A?C??@_????G?????_?_??@?????B??????_?????G?????@??????K??????G??????G??????C?C????@???????G?G?????_??????@_??????@????????_???????G?G?????B????????K????????O????????O?G??????G?C??????E?????????O????????@??_??????B?????????A?????????@??_???????O?????????E??????????G??????????O?G????????O??????????G??????????@???????????G???????????_?_????????@???????????@?@??????????_???????????K???????????@????????????C?C??????????G?G??????????K????????????E????????????@_????????????K?????????????O?????????????_@????????????o?????????????W?????????????A??????????????G??????????????_C????????????@?G????????????@???????????????o??????????????C???????????????_G?????????????B???????????????E???????????????@_???????????????o???????????????CG???????????????o???????????????@_????????????????w,t|eMID@WH?e@C@E?`?GW@@?CE?GE?GA?C@_@?K?G?o?_@?@?B_@??_?_?[?G?@?@??M?C??G?G??[?G??E?C??@?@???W?G??@_?_??B?@???B?@???@o?_???G?G???B_@????C?K????[?G????G?G????M?C????@_B?????K?G?????w?_?????o@??????w@??????I?_?????@oG??????Db???????Fs,2,2
102,~?@esP@@?PC?O`?@?@_?O?A??G??O??O??G??E???_??A???C???K???C???@?G??W???@????A?G??E????A?????_@???C?????o????@_????@??????_?????G?G???@??????C?C????G??????G??????C?C????@???????K???????_??????@???????@????????_???????W???????@????????C?C??????K????????G????????C?C??????@_????????G?????????_?_??????@?????????B?????????@_?????????W?????????A??????????G?C????????O?G????????O??????????G?C????????A?@?????????O??????????@??_????????A???????????B???????????@????????????O?G?????????A????????????G?C??????????O????????????G????????????C?C???????????_????????????C?G???????????W?????????????o?????????????O?????????????K?????????????@_?????????????K??????????????W??????????????O??????????????OG?????????????K??????????????A???????????????OG?????????????@?_?????????????A???????????????A@??????????????@?_??????????????W???????????????@????????????????BC???????????????@o,t|eMID@WH_a@E@A?`_GG@@_CB?GA?GB?C?_@?K?G?o?_@_@?@_@??o?_?G?G?B_@??C?C??[?G??K?G??C?C??B?@???W?G??@??_??E?@???F?@???@_?_???[?G???@?@????M?C????G?G????[?G????E?K????@_@?????M?G?????O?_????@w@??????[B??????CA_?????B_G??????JB???????MS,2,2
102,~?@esP@@?OC?O`?@@@_?O?A??W??_??_??O??C???_??A???C@??K???C???@????G@??@_???A????A?G??B?????_????C?G???o?????_?????_?????O?_???K??????_?????A??????C?G????C??????A?C?????_??????C???????O???????_@?????@_???????O???????C????????_@??????E????????C????????C?G??????B?????????_????????C?G???????o?????????_?????????_?????????O?_???????K??????????_?????????A??????????C?G????????C??????????A?C?????????_??????????C???????????O???????????_@?????????@_???????????O???????????C????????????_@??????????E????????????C????????????C?G??????????B?????????????o????????????E?????????????G?????????????W?????????????W?????????????C?????????????@_?????????????C??????????????OC?????????????_??????????????o??????????????W??????????????A???????????????OG?????????????B???????????????A@??????????????B???????????????@_???????????????K????????????????_???????????????@c???????????????@o,t|eMID@WH?e@C@E?`?GW@@?CF?GA?GB?C?o@?E?G?O?_@o@??_@??w?_?C?G?@o@??A?C??M?G??C?G??E?C??@_@???M?G???O?_??@o@????_@????w?_???C?W???@o@????A?C????M?G????C?W????E?C????@_@?????M?G?????O@_????@o@??????g@??????M?_?????@OW??????FP???????Bk,2,2
102,~?@esP@H?OC?O`?@??_?G?B??G??O??O??G??E???_??A?_?K???G???C???@?G??W???@????A?G??E????A?????_????C?????O?????_?????_?????o?????C??????_?????A?C????C??????C?G????A??????@_??????K???????_??????@?@?????B???????@_???????O???????A?@??????G?C??????o????????O????????G?C??????B?????????O????????@?????????A?@???????A?????????@??????????O?????????A?@????????G??????????G??????????G??????????C?C????????@???????????G?G?????????_??????????B???????????@_???????????_???????????G?G?????????B????????????E????????????K????????????K????????????A?????????????_@???????????E?????????????O?????????????_@????????????_@????????????O?_???????????C??????????????_@????????????A?C????????????C??????????????E??????????????@???????????????O@?????????????A???????????????A?_?????????????C@??????????????B???????????????@_???????????????GG??????????????@_???????????????@_????????????????w,t|eMID`GH_a@E@A?`_GG@@_CB?GA?GB?C?o@?C?G?w?_?_@?@o@??O?_?M?G??_@??E?C??K?G??K?G??C?C??B?@???W?G??@_?_??B_@???@?@???@o?_???G?W???B_@????C?C????W?G????[?G????E?C????@?@?????W?G????@o?_????@o@??????g@??????M?_?????@CW??????^@???????Ng,2,2
102,~?@esP@@?OC?O`?@?@_?O?A??W??_??_??O??C??@_??C???G???G@??K???A????O???@?C??E????C????A?C??@_????G?????_?_??@?????B??????_?????G?????@??????K??????G??????G??????C?C????@???????G?G?????_??????@_??????@????????_???????G?G?????B????????K????????O????????O?G??????G?C??????E?????????O????????@??_??????B?????????A?????????@??_???????O?????????E??????????G??????????O??????????O?G????????G??????????@???????????G???????????_?_????????@???????????@?@??????????_???????????K???????????@????????????C?C??????????G?G??????????W????????????E????????????@_????????????K?????????????O?????????????_@????????????o?????????????W?????????????A??????????????G??????????????_C????????????@?G????????????@???????????????o??????????????C???????????????_G?????????????B???????????????E???????????????@_???????????????o???????????????CG???????????????o???????????????@_????????????????w,t|eMID@WH?e@C@E?`?GW@@?CE?GE?GA?C@_@?K?G?o?_@?@?B_@??_?_?[?G?@?@??M?C??G?G??[?G??E?C??@?@???W?G??@_?_??B?@???B?@???@o?_???G?G???B_@????C?K????[?G????G?G????M?C????@_B?????K?G?????o?_????@o@??????w@??????I?_?????@oG??????Db???????Fs,2,2
102,~?@esP@@?OC?O`?@?@_?O?A??W??_??_??O??C??@_??C???G???G@??K???A????O@??@????E????C????A?C??@_????G?????_?_??@?????B??????_?????G?????@??????E??????G??????G??????C?C????@???????G?G?????_??????@_??????@????????_???????G?G?????B????????K????????O????????O?G??????G????????E?????????O????????@??_??????B?????????A?????????@??_???????O?????????E??????????G??????????O??????????O?G????????G??????????B???????????O??????????@??_????????A?@?????????A???????????@??_?????????O?G?????????B????????????G????????????O?G??????????O?G??????????W????????????B?????????????O????????????@??_??????????A?????????????@??????????????_?_???????????C??????????????_@????????????A??????????????A??????????????A?G????????????@?C?????????????O@?????????????B???????????????K???????????????K???????????????E???????????????B????????????????CG???????????????`???????????????B????????????????AW,t|eMID@WH?e@C@E?`?GW@@?CE?GE?GA?C@_@?K?G?o?_@_@?@_@??_?_?[?G?@?@??M?C??G?G??[?G??E?C??@?@???W?G??@_?_??B?@???B?@???@_?_???W?G???B_@????C?C????[?G????M?G????B?C?????o@?????E?G?????[?_?????W@??????W@??????M?_?????@wG??????BF???????Nc,2,2
102,~?@esP@@?PC?O`?@@@_?O?A??G??O??O??G??A???O??@???E???C???A?_?@_???G????_C??B????A????@?C???o????E?????O?????_?????_?????O?????C??????_@????A??????C?G????C??????A???????_??????C???????O??????@_??????@_???????_???????G?G?????B????????C????????G?G??????K????????C????????@?@???????W????????@_????????B?????????A?????????@??_???????O?????????A??????????G??????????O?G????????O?G????????G??????????A?@?????????O?G????????@???????????A???????????A???????????@??_?????????O???????????B????????????K????????????O????????????O?G??????????C????????????@?@???????????C?????????????O?_??????????@_????????????@_?????????????W?????????????C??????????????_@????????????A?C????????????C??????????????E??????????????@_??????????????G??????????????@???????????????C?_?????????????G@??????????????G@??????????????B????????????????c???????????????E@???????????????K????????????????BG,t|eMID@WH_a@E@A?`_GG@@oC@?GB?G@?C?o@?E?G?W?_?_@?@o@??O?_?M?G??_@??F?C??C?G??K?G??E?C??@?@???W?G??@_?_??B?@???B?@???@o?_???G?G???B_@????F?C????C?G????K?G????F?C?????_@?????M?G?????W?_?????o@??????w@??????N?_??????_w??????N@???????NK,0,0
102,~?@esP@@?OC?O`?@?@_?O?A??W??_??_??O??C??@_??C???G???G???K???A????O???@?C??E????C????A?C??@_????G?????_?_??@?????B?????@_?????O?????A?@????G??????o??????O??????G??????A?@?????O??????@??_????A???????B???????@????????O???????A?@??????G????????W????????O????????G????????A?@???????o????????@?????????A?@???????B?????????@??????????O?G???????A??????????W??????????W??????????O??????????G?C????????A?@?????????o??????????@???????????A?@?????????A?@?????????@????????????O?G?????????A?@??????????K????????????O????????????O?G??????????G?C??????????A?????????????G?????????????_????????????@?@????????????_?????????????O?_???????????A??????????????O@????????????@??????????????@_?????????????@_??????????????o??????????????E???????????????W???????????????o??????????????@_???????????????`???????????????O???????????????CG???????????????`???????????????AC???????????????BG,t|eMID@WH?e@C@E?`?GW@@?CE?GE?GA?C@_@?G?G@_?_B?@?A?@?B_?_?O?G?F?@??G?C??w?G??O?G??[?C??B?@???O?G??B_?_??A?@???F?@???@_?_???O?G???F?@????M?C????G?G????[?G????F?C?????o@?????F?G?????G?_?????{@??????GB??????N?_??????_W??????N@???????Mk,0,0
102,~?@esP@@?OC?O`?@?@_?O?A??W??_??_??O??C??@_??C???G???G???K???A????O???@?C??E????C????A?C??@_????G?????_?_??@?????B?????@_?????O?????A?@????G??????o??????O??????G??????A?@?????O??????@??_????A???????B???????@????????O???????A?@??????G????????W????????O????????G????????A?@???????o????????@?????????A?@???????B?????????@??????????O?G???????A??????????W??????????W??????????O??????????G?C????????A?@?????????o??????????@???????????A???????????A?@?????????@????????????O?G?????????A????????????K????????????O????????????O?G??????????G?C??????????A?@???????????G?????????????_????????????@?@???????????B??????????????_?????????????G?G???????????@_?????????????C??????????????G?G????????????G??????????????@_C?????????????W??????????????@???????????????E???????????????E???????????????A???????????????@_???????????????CG???????????????d???????????????E????????????????EG,t|eMID@WH?e@C@E?`?GW@@?CE?GE?GA?C@_@?G?G@_?_B?@?A?@?B_?_?O?G?F?@??G?C??w?G??O?G??[?C??B?@???O?G??B_?_??A?@???F?@???@_?_???O?G???F?@????G?C????w?G????O?W????[?C????A?B?????w?G????@_?_????B_@?????@w@??????GB_?????F?G??????T@???????M[,0,0
102,~?@esP@@?PC?O`?@@@_?O?A??G??O??O??G??A???O??@?_?E???C???A?_?@_???G????_C??B????A????@?C???o????A?????G?????O?????O?????G?????A??????O?????@??????A?G????A??????@???????O@?????E???????W???????_???????_@??????o???????K???????@_???????E????????C????????C?G??????E?????????_????????C?????????O?????????_?????????_?????????O?????????C?G????????_?????????A??????????C?G????????C??????????A?C?????????_@?????????K???????????o??????????@_??????????@????????????_?_?????????W???????????@_???????????E????????????C????????????C?G??????????@?????????????O????????????A?G???????????G?????????????O@????????????O?????????????G?_???????????A?G????????????O?????????????@?C????????????B??????????????B???????????????o??????????????C???????????????_G?????????????@_??????????????@???????????????@@???????????????__??????????????GG??????????????@@???????????????E????????????????CW,t|eMID@WH_a@E@A?`_GG@@oC@?GB?G@_C?W@?B?G?G?_?o@??o@??W?_?E?G??w@??@?C??E?G??E?G??B?C???o@???E?G???O?_??@o@????o@????W?_???F?G????W@????@_C????B?G????B?G????@_C?????W@?????B_G?????E?_?????M@??????E@??????B__??????[G??????@p???????B{,2,2
102,~?@esP@@?PC?O`?@@@_?O?A??G??O??O??G??A???O??@?_?E???C???A?_?@_???G????_C??B????A????@?C???o????A?????G?????O?????O?????G?????A??????O?????@??????A?G????A??????@???????O@?????E???????W???????_???????_@??????o???????K???????@_???????E????????C????????C?G??????E?????????_????????C?????????O?????????_@????????_?????????O?_???????C??????????_?????????A??????????C?G????????C??????????A?C?????????_@?????????K???????????o???????????_???????????_@??????????W???????????E????????????o???????????@????????????A?G??????????@?????????????_????????????G????????????@?G???????????C?????????????G@????????????G?????????????C?????????????@?G????????????K??????????????o?????????????@_??????????????_??????????????OC?????????????E???????????????o??????????????@_??????????????@???????????????@_???????????????W???????????????A????????????????X???????????????@_???????????????@g,t|eMID@WH_a@E@A?`_GG@@oC@?GB?G@_C?W@?B?G?G?_?o@??o@??W?_?E?G??w@??@?C??E?G??E?G??B?C???o@???E?G???W?_???o@????o@????W?_???F?G????W@????@_C????B?G????B_G?????oC?????K@?????@_G?????E?_?????M@??????EB??????B?_??????wG??????Bb???????Es,2,2
102,~?@esP@@?PC?O`?@@@_?O?A??G??O??O??G??A???O??@?_?E???C???A?_?@_???G????_C??B????A????@?C???o????A?????G?????O?????O?????G?????A??????O?????@??????A?G????A??????@???????O@?????E???????W???????_???????_@??????o???????K???????@????????C?C??????W????????G????????C?C??????B?????????G?????????_????????@?@???????@??????????_?????????G?????????@?@????????C??????????G??????????G?G????????C?C????????@???????????G???????????_?_????????B???????????@_???????????_???????????G?G?????????B????????????E????????????G????????????G?G??????????B?????????????o????????????A?????????????G?????????????O@????????????O@????????????G?????????????A?G????????????O@????????????@??????????????B??????????????@???????????????_C?????????????W???????????????_??????????????A?_?????????????B???????????????A???????????????@__??????????????GO??????????????@_???????????????B?????????????????w,t|eMID@WH_a@E@A?`_GG@@oC@?GB?G@_C?W@?B?G?G?_?o@??o@??O?_?K?G?@_@??F?C??C?G??K?G??E?C??@_@???K?G???o?_??@?@???B_@????o?_???G?G???B_@????F?C????C?w????K?G????E?C????@o@?????E?G?????W?_?????w@??????W@??????H__??????WW??????Bp???????Bk,0,0
102,~?@esP@@?PC?O`?@@@_?O?A??G??O??O??G??A???O??@?_?E???C???A?_?@_???G????_C??B????A????@?C???o????A?????G?????O?????O?????G?????A??????O?????@??????A?G????A??????@???????O@?????E???????W???????_???????_@??????o???????K???????@_???????E????????C????????C?G??????E?????????_????????C?????????O?_???????_?????????_?????????O?????????C?G????????_?????????A??????????C?G????????C??????????A???????????_@?????????K???????????W???????????_???????????_@??????????o???????????E????????????o???????????@????????????A?G??????????E????????????@?????????????O????????????A?G???????????G?????????????O?????????????O@????????????G?_???????????A??????????????O@????????????@??????????????B??????????????B???????????????o??????????????G??????????????@?G?????????????B???????????????B???????????????B????????????????o???????????????C????????????????o???????????????@K???????????????B_,t|eMID@WH_a@E@A?`_GG@@oC@?GB?G@_C?W@?B?G?G?_?o@??o@??W?_?E?G??w@??@?C??E?G??E?G??B?C???o@???E?G???O?_??@o@????o@????W?_???F?G????O@????B?C????E?G????F?G????@_C?????W@?????B_G?????E?_?????M@??????CB??????F?_??????wG??????BF???????Mc,2,2
102,~?@esP@@?PC?O`?@@@_?O?A??G??O??O??G??A???O??@?_?E???C???A?_?@_???G????_C??B????A????@?C???o????A?????G?????O?????O?????G?????A??????O?????@??????A?G????A??????@???????O@?????E???????W???????_???????_@??????o???????K???????@_???????E????????C????????C?G??????E?????????_????????C?????????O?_???????_?????????_?????????O?????????C??????????_?????????A??????????C?G????????C??????????A?C?????????_@?????????K???????????W???????????_???????????_@??????????o???????????K???????????@_???????????E????????????C????????????C?G??????????@?????????????O????????????A?G???????????G?_???????????O?????????????O@????????????G?????????????A?G????????????O?????????????@?C????????????B??????????????B???????????????O??????????????C@??????????????o??????????????@_??????????????@???????????????@@???????????????o???????????????C????????????????`???????????????BC???????????????B_,t|eMID@WH_a@E@A?`_GG@@oC@?GB?G@_C?W@?B?G?G?_?o@??o@??W?_?E?G??w@??@?C??E?G??E?G??B?C???o@???E?G???O?_??@_@???@_@????o?_???K?G???@o@????B?C????E?G????F?G????@_C?????W@?????B?G?????M?_?????K@??????M@??????B?_??????{G??????@b???????Fs,2,2
102,~?@esP@H?OC?O`?@??_?G?B??G??O??O??G??E???_??A?_?K???G???C???@?G??W???@????A?G??E????A?????_????C?????O?????_?????_@????o?????C??????_?????A??????C??????C??????A?C????@_??????K???????_??????@?@?????B????????_???????G???????@?@??????K????????W????????W????????K????????@?????????G?????????_????????@?@???????@??????????_?_???????G?G???????B??????????C??????????G??????????G?G????????C??????????@???????????G?G????????@_??????????B???????????@????????????_?_?????????C????????????_???????????A?C??????????K????????????E????????????B?????????????O????????????A?????????????G?_???????????O@????????????W?????????????K?????????????@??????????????G@?????????????_C????????????@??????????????@?G????????????@_??????????????C???????????????_G?????????????A???????????????C@??????????????B????????????????_???????????????KG???????????????o???????????????@_???????????????@W,t|eMID`GH_a@E@A?`_GG@@_CB?GA?GB?C?o@?C?G?w?_?_@?@_@??o?_?K?G?@_@??E?C??K?G??K?G??C?C??B?@???[?G???_?_??B_@???@?@???@o?_???K?G???@_@????E?C????K?G????M?G????A?C????@w@?????A?W?????[?_?????[@??????K@??????E?_?????@wG??????Af???????Fc,2,2
102,~?@esP@@?OC?O`?@?@_?O?A??W??_??_??O??C@?@_??C???G???G???K???A????O???@?C??E????C????A?C???_????C?????O????@_????@_?????_?????G?G???@??????K??????G??????G??????C?C????@???????G?G????@_??????B???????A???????@????????O?G?????A????????K????????O????????O?G??????G?C??????E?????????O????????@??_??????A?????????A?????????@??_???????O?????????E??????????K??????????O??????????O?G????????G??????????@???????????G???????????_?_????????@_??????????@_???????????W???????????C????????????_@??????????A?C??????????C????????????E????????????B?????????????o????????????A?????????????G?_???????????O?????????????O@????????????G?????????????@_?????????????G??????????????_C????????????@??????????????@?G?????????????_C?????????????K???????????????o??????????????B???????????????A???????????????B????????????????O???????????????CG???????????????`???????????????BC???????????????F?,t|eMID@WH?e@C@E?`?GW@@_CB?GA?GB?C?_@?K?G?o?_@?@?B_@??_?_?[?G?@?@??K?C??W?G??W?G??K?C??A?@???w?G??@??_??F?@???B?@???@o?_???G?G???B_@????C?C????[?G????M?G????B?C?????w@?????A?G?????[?_?????[@??????M@??????AC_?????@wG??????Bb???????Fo,2,2
102,~?@esP@@?OC?O`?@@@_?O?A??W??_??_??O??C???_??A???C???K???C???@????G@??@_???A????A?G??B?????_????C?G???o????@_????@??????_?_???G?????B??????C??????G??????G??????C??????@???????G?G?????_??????@???????@?@??????_???????K???????@????????C?C??????G?G??????W????????K????????A?????????O?G??????B?????????A?????????A?@???????B??????????W?????????A??????????G?C????????O??????????G??????????C??????????@?@?????????G???????????_??????????@???????????@?@??????????_???????????G?G?????????@?@??????????C????????????K????????????K????????????E?????????????o????????????E?????????????W?????????????O?????????????O@????????????E?????????????@??????????????G@?????????????_?????????????@?G????????????@?G?????????????_??????????????G??????????????@?G?????????????E???????????????C???????????????E????????????????o???????????????K????????????????w???????????????@G???????????????BG,t|eMID@WH?e@C@E?`?GW@@?CF?GA?GB?C?_@?K?G?o?_@?@?B_@??_?_?W?G?B?@??G?C??o?G??o?G??[?C??A?@???w?G??@??_??F?@???B?@???@o?_???G?G???B_@????E?C????K?G????K?G????F?C?????w@?????A?G?????[?_?????[@??????M@??????B?_??????qG??????F`???????Fw,0,0
102,~?@esP@@?PC?O`?@?@_?O?A??G??O??O??G??E???_??A???C@??K???C???@?G??W???@????A?G??E????A?????_????C?????o?????_?????_?????O?????C??????_?????A??????C??????C?G????A??????@_??????K???????_??????@?@?????@?@?????@_???????W???????B????????K????????W????????O????????G?C??????B?????????O????????@??_??????A?????????A??????????_?????????G?????????@?@????????C??????????G??????????G?G????????C??????????@???????????G?G?????????_??????????@_??????????@_???????????o???????????K????????????o???????????B????????????B????????????A????????????@?C???????????W????????????A?????????????G?_???????????O@????????????O?????????????G?????????????A?G????????????O?????????????@?C????????????A?G????????????A??????????????@?C?????????????O@?????????????@_??????????????E???????????????E???????????????@????????????????__??????????????E????????????????O???????????????@c???????????????@o,t|eMID@WH_a@E@A?`_GG@@_CB?GA?GB?C?o@?E?G?W?_?_@?@_@??o?_?G?G?B_@??C?C??W?G??W?G??K?C??B?@???W?G??@_?_??B_@???@?@???@o?_???K?G???@?@????M?C????G?G????[?G????E?C????@_@?????K?G?????{?_?????OB??????{@??????C@_?????B_G??????N@???????L[,2,2
102,~?@esP@@?OC?O`?@?@_?O?A@?W??_??_??O??C@?@_??C???G@??G???C???@????G@??@_???A????A?G??@?????O????A?????K?????O?????O@????W?????A??????O?????@?C????A??????A?G????B???????o??????C???????O?_?????_???????_???????O???????C?G?????@_???????A????????C?G??????C????????A?C???????_????????C?????????W?????????_?????????_@????????o?????????C??????????_?????????A?C????????C??????????C?G????????B???????????o??????????C???????????O?_?????????_???????????_???????????O???????????C?G?????????@_???????????B????????????A????????????A?G??????????@?????????????O????????????B?????????????K?????????????W?????????????G?????????????C?????????????@?G????????????G@?????????????o?????????????@_?????????????@_??????????????O??????????????E???????????????o???????????????_??????????????@@??????????????@@???????????????o???????????????K????????????????o????????????????o????????????????w,t|eMID@WH?e@C@E?`?GW@@_CB?GB?G@?C?w@?A?G?[?_?O@??w@??G?_?E?G??o@??B?C??E?G??E?G??A?C??@o@???C?G???w?_???_@???@o@????W?_???F?G????W@????@_C????B?G????A?G????B_C?????OB?????F?G?????G@_?????w@??????[@??????E?_?????@oG??????DP???????B{,2,2
102,~?@esP@@?OE?O?_@_?_?GGB??G??O??O??W??C???_??A???C???C???A?_?@_???K????_???@????@????@_????W????A?????G?_???o?????O?????G?????A?G????O?????B??????E??????C??????A?C?????_??????C???????O???????_???????_@??????o???????E????????_???????A????????C????????C????????B?????????o????????C?????????O?_??????@_?????????_?????????O?????????C?G????????_@????????E??????????K??????????K??????????C??????????@?@?????????G???????????_??????????@???????????@????????????_?_?????????W????????????_???????????A????????????C?G??????????C????????????A?C???????????o????????????E?????????????W?????????????o?????????????O?????????????K?????????????B??????????????K??????????????O??????????????_G?????????????_G?????????????O??????????????E???????????????o??????????????@???????????????A@??????????????A@???????????????o???????????????K????????????????o????????????????o????????????????w,t|fIID`GH_a@E@A?`_GK@?_CB?GA?GB_C?O@?F?G?G?_?w@??O@??W?_?E?G??o@??B?C??E?G??C?G??F?C???_@???M?G???O?_??@o@????o@????W?_???E?G????o@????B?C????E?G????C?G????F?C?????_B?????M?G?????O@_????@o@??????w@??????M?_?????@oG??????DP???????B{,2,2
102,~?@esP@@?OE?O?_@_?_?GGB??G??O??O??W??C???_??A???C???C???A?_?@_???K????_???@????@?G??@_????W????A?????G?_???o?????O?????G?????A?G????O?????B??????A??????A??????@???????O??????A???????G???????O@??????o???????K???????A????????O@??????@?C??????E????????E????????B?????????_????????C?G???????o?????????_?????????_?????????O?_???????C??????????O?????????@??????????A??????????A??????????@???????????O??????????A???????????G?_?????????o???????????W???????????K???????????B????????????W???????????@_???????????B????????????B????????????@_????????????G????????????@?????????????C?_???????????G?????????????G@????????????C?????????????@??????????????G@?????????????_?????????????@_?????????????@_??????????????W??????????????B???????????????W???????????????o??????????????@_???????????????_???????????????O_??????????????CG???????????????`???????????????AC???????????????EG,t|fIID`GH_a@E@A?`_GK@?_CB?GA?GB_C?O@?F?G?G?_?w@??O@??W?_?F?G??O@??B?C??E?G??C?G??F?C???_@???M?G???O?_??@o@????_@????{?_???A?W????o@????B?C????E?G????C?G????F?C?????_B?????M?G?????O@_????@o@??????k@??????E?_?????@oG??????DP???????B{,2,2
102,~?@esP@@?OE?O?_@_?_?GGB??G??O??O??W??C???_??A???C???C???A?_?@_???K????_???@????@????@_????W????A?????G?_???o?????O?????G?????A?G????O?????B??????E??????C??????A???????_@?????C???????O???????_???????_@??????o???????E????????_???????A????????C????????C????????E?????????o????????C?????????O?_??????@_?????????_?????????O?????????C?G????????_@????????E??????????K??????????K??????????C??????????@???????????G?G?????????_?_????????@???????????@????????????_?_?????????W????????????_???????????A????????????C?G??????????C????????????A????????????@_????????????A?????????????G?_???????????o?????????????O?????????????K?????????????B??????????????K??????????????o?????????????@??????????????@_G?????????????O??????????????E???????????????o??????????????@???????????????A@??????????????A@??????????????@O???????????????K????????????????o????????????????o????????????????w,t|fIID`GH_a@E@A?`_GK@?_CB?GA?GB_C?O@?F?G?G?_?w@??O@??W?_?E?G??o@??A?C??M?G??C?G??F?C???_@???M?G???O?_??@o@????o@????W?_???E?G????o@????A?C????M?G????F?G????@?C?????w@?????A?W?????[?_?????[@??????K@??????E?_?????@wG??????Ab???????Fs,2,2
102,~?@esP@@?OE?O?_@_?_?G?B??G??O??O??W??C???_??A???K???G???C???@?G??W???@_???A????A????@?C???o????E?????O?????_?????_?????o?????C??????_?????A?C????C??????K??????A???????_??????C???????O??????@_??????@_???????_???????G?G?????@?@??????K????????K????????G????????C????????@?@???????W????????@_????????B?????????A?????????@??????????O?G???????A??????????C??????????G??????????G?G????????C?C????????B???????????G???????????_??????????@?@?????????@????????????_?_?????????W???????????@_???????????E????????????K????????????A????????????@?????????????O@???????????E?????????????K?????????????G?????????????G?????????????C?_???????????@??????????????K??????????????o??????????????_??????????????_??????????????OC?????????????C@?????????????@_??????????????B???????????????E???????????????B???????????????@_???????????????CG???????????????o???????????????@_????????????????w,t|fIID`GH_a@E@A?`_GK@?_CB?GA?GB?C?o@?C?G?w?_?_@?@o@??O?_?K?G?@o@??A?C??K?G??K?G??C?C??B?@???W?G??@_?_??B_@???@?@???@o?_???K?G???@o@????A?C????M?G????E?G????B?C?????w@?????B_G?????C?_?????[@??????M@??????AB_?????@oG??????ER???????]C,2,2
102,~?@esP@@?OE?O?_@_?_?G?B??G??O??O??W??C???_??A???K???G???C???@?G??W???@_???A????A????@?C???o????E?????O?????_@????_?????o?????C??????_?????A?C????C??????K??????A???????_??????C???????O???????o???????_???????O?_?????C?G?????@_???????B????????C????????C????????A?C??????@_????????K?????????o????????@?????????@?@????????_?????????C??????????_?????????A?C????????C??????????K??????????A???????????_@?????????C???????????O???????????_@??????????o???????????W???????????E????????????W???????????@????????????A?G??????????A?G??????????@_????????????W????????????@?????????????C?_???????????G?????????????G?????????????C?_???????????@??????????????C??????????????OC?????????????_??????????????_G?????????????W??????????????E???????????????W??????????????@_??????????????@_???????????????_???????????????O_??????????????CG???????????????`???????????????AC???????????????EG,t|fIID`GH_a@E@A?`_GK@?_CB?GA?GB?C?o@?C?G?w?_?_@?@o@??O?_?K?G?@o@??A?C??K?G??K?G??C?C??B_@???K?G???w?_???_@???@o@????O?_???K?G???@o@????B?C????E?G????E?G????B_C?????[@?????@?G?????M?_?????G@??????]@??????B@_??????oG??????F`???????F[,0,0
102,~?@esP@@?OE?O?_@_?_?G?B??G??O??O??W??C???_??A???K???G???C???@?G??W???@_???A????A????@?C???o????E?????O?????_@????_?????o?????C??????_?????A?C????C??????K??????A???????_??????C???????O???????o???????_???????O???????C?G?????@_???????B????????C????????C????????A?C??????@_????????K?????????o????????@?????????@?@????????_?????????W?????????@??????????C??????????G?G????????G?G????????K??????????@???????????G???????????_?_????????@???????????@?@??????????o???????????G???????????@?@??????????C?C??????????W????????????C????????????A?????????????_@???????????K?????????????W?????????????O?????????????O@????????????G?????????????@??????????????K??????????????o??????????????_??????????????_??????????????OC?????????????C@??????????????o??????????????B???????????????E???????????????B???????????????@_???????????????E????????????????O???????????????@c???????????????@o,t|fIID`GH_a@E@A?`_GK@?_CB?GA?GB?C?o@?C?G?w?_?_@?@o@??O?_?K?G?@o@??A?C??K?G??K?G??C?C??B_@???K?G???_?_??B_@???@?@???@o?_???K?G???@o@????A?C????M?G????E?G????B_C?????W@?????B_G?????C?_?????[@??????M@??????AB_?????@oG??????F@???????M[,2,2
102,~?@esP@@?OC?O`?@@@_?O?A??W??_??_??O??C???_??A???C???K???C???@????G@??@_???A????A?G??B?????_????C?G???o????@_????@??????_?_???G?????B??????C??????G??????G?G????C??????@???????G?G?????_??????@?@?????@????????_???????K???????@????????C?C??????G?G??????W????????C????????@?@???????W?????????_????????@?@???????@_?????????o?????????G?????????@?@????????C??????????C??????????C??????????A?C?????????_??????????C???????????O?_?????????_???????????_@??????????O???????????C?G??????????o???????????B????????????E????????????B????????????@_????????????G????????????@?G???????????E?????????????C?????????????C@????????????A??????????????_?????????????C@?????????????O??????????????_G?????????????_??????????????OC?????????????C@??????????????o??????????????B???????????????B???????????????@????????????????__??????????????CG???????????????`???????????????AC???????????????EG,t|eMID@WH?e@C@E?`?GW@@?CF?GA?GB?C?_@?K?G?o?_@?@?B_@??_?_?[?G?@?@??K?C??W?G??[?G??E?C??@_@???G?G??@o?_??@_@???@o@????O?_???M?G????o@????B?C????F?G????B?G????@_C?????[@?????@oG?????A?_?????M@??????E@??????B__??????WG??????Bp???????B{,2,2
102,~?@esP@@?OC?O`?@@@_?O?A??W??_??_??O??C???_??A???C@??K???C???@????G@??@_???A????A?G??B?????_????C?G???o?????_?????_?????O?????K??????_?????A??????C?G????C??????A???????_??????C???????O?_?????_@?????@_???????o???????G???????@????????C?C??????W????????G????????C?C??????B?????????W????????@?????????A?@???????@??????????_?????????G?G???????@??????????K??????????G??????????G??????????C?C????????@???????????G???????????_??????????@?@?????????@_???????????o???????????E????????????_???????????B????????????E????????????B????????????@_????????????W????????????@?????????????C?_???????????G?????????????G@????????????C?????????????B??????????????G??????????????_C????????????@??????????????@???????????????_C?????????????K???????????????o??????????????A???????????????E@??????????????B???????????????@_???????????????K????????????????`???????????????A_???????????????@W,t|eMID@WH?e@C@E?`?GW@@?CF?GA?GB?C?o@?E?G?O?_@o@??_@??w?_?C?G?@_@??E?C??G?G??[?G??E?C??@_@???K?G???o?_??@?@???B_@????_@_???[?G???@_@????E?C????K?G????M?G????B?C?????w@?????B?G?????I?_?????M@??????E@??????B?_??????wG??????Bb???????Fs,2,2
102,~?@esP@@?OC?O`?@@@_?O?A??W??_??_??O??C???_??A???C???K???C???@????G@??@_???A????A?G??B?????_????C?G???o????@_????@??????_?????G?????B??????C??????G??????G?G????C??????@???????G?G?????_??????@?@?????@????????_?_?????W???????B????????G????????O????????O?G??????W????????A?????????O?G??????B?????????A?????????A?@???????@_?????????G?????????@??????????C?C????????G??????????W??????????C??????????@???????????G?G?????????_??????????@???????????@?@??????????_???????????G?G?????????@?@??????????K????????????K????????????G????????????E????????????@_????????????E?????????????W?????????????O?????????????O@????????????C?????????????@?G????????????G@?????????????_?????????????B??????????????@???????????????_C?????????????G??????????????@?G?????????????E???????????????B???????????????A???????????????@__??????????????K????????????????_???????????????BC???????????????Ao,t|eMID@WH?e@C@E?`?GW@@?CF?GA?GB?C?_@?K?G?o?_@?@?B_@??_?_?[?G?@?@??K?C??W?G??[?G??E?C??@_@???K?G???o?_??@_@???@?@???@o?_???G?W???B_@????E?C????K?G????M?G????B?C?????o@?????F?G?????K?_?????S@??????M@??????B?_??????wG??????Bp???????B{,0,0
102,~?@esP@@?OE?O?_@_?_?G?B??G??O??O??W??C???_??A???K???G???C???@?G??W???@_???A????A????@?????o????E?????O?????_@????_?????o?????C??????_?????A?C????C??????K??????E??????@???????G?G?????_??????@???????@_???????_???????G?G?????@?@??????K????????K????????G????????C????????@?????????G?????????o????????@_????????@??????????_?_???????G??????????_?????????A??????????C?G????????C?G????????E??????????@_??????????K???????????_??????????@?@?????????@?@??????????_???????????K???????????@_???????????E????????????A????????????A????????????@?????????????O????????????A?G???????????E?????????????G?????????????G@????????????C?????????????@_?????????????K??????????????o?????????????@_??????????????o??????????????G??????????????B???????????????W???????????????_??????????????@@??????????????@????????????????o_??????????????G???????????????@@???????????????EC???????????????E_,t|fIID`GH_a@E@A?`_GK@?_CB?GA?GB?C?o@?C?G?w?_?_@?@o@??O?_?K?G?@_@??E?C??K?G??K?G??C?C??B_@???K?G???w?_???_@???@o@????W?_???E?G????o@????B?C????F?G????A?G????B_C?????[@?????@?G?????M?_?????K@??????K@??????F__??????OW??????F`???????Fk,2,2
102,~?@esP@@?OE?O?_@_?_?G?B??G??O??O??W??C???_??A?_?K???G???C???@?G??W???@_???A????A????@?????o????A?????G?????O?????o?????G?????A??????O@????@??????E??????E??????A???????_@?????C?G?????o??????@_??????@????????_???????G?G?????B????????E????????G????????G????????C????????@?????????C?????????O?????????_@????????_?????????o?????????C??????????_?????????A?C????????C?G????????K??????????E??????????@_??????????K???????????o???????????o???????????_???????????O?_?????????C?G?????????@_???????????@????????????A????????????A????????????@?????????????O@???????????A?????????????G?_???????????O?????????????G?????????????E?????????????@_?????????????K??????????????o??????????????o??????????????W??????????????K??????????????B???????????????G???????????????__?????????????@???????????????@@???????????????__??????????????G???????????????@`???????????????B????????????????@g,t|fIID`GH_a@E@A?`_GK@?_CB?GB?G@_C?O@?F?G?G?_?w@??O@??W?_?E?G??o@??B?C??E?G??E?G??B?C???_@???M?G???O?_??@o@????o@????W?_???E?G????o@????B?C????F?G????B?G????@oC?????G@?????B_G?????E?_?????K@??????M@??????B__??????[G??????@x???????@{,2,2
102,~?@esP@@?OE?O?_@_?_?G?B??G??O??O??W??C???_??A???K???G???C???@?G??W???@_???A????A?G??@?????o????E?????O?????_@????_?????o?????C??????_?????A??????C??????E??????A???????_@?????C???????O???????o???????_???????O???????C?G?????@_???????E????????K????????G????????C?C??????@?????????K?????????o????????@?????????@?@????????_?????????W?????????@??????????C?C????????G??????????G??????????C??????????@_??????????G???????????_?_????????@???????????@????????????o???????????G???????????@?@??????????C?C??????????K????????????K????????????E????????????@_????????????C?????????????W?????????????o?????????????o?????????????G?????????????@??????????????G@?????????????_C????????????@??????????????@_??????????????o??????????????C???????????????o??????????????B???????????????@_??????????????@_???????????????W???????????????E????????????????W????????????????o????????????????w,t|fIID`GH_a@E@A?`_GK@?_CB?GA?GB?C?o@?C?G?w?_?_@?@_@??o?_?G?G?B_@??E?C??K?G??K?G??C?C??B_@???K?G???_?_??B_@???@_@????o?_???K?G???@?@????M?C????K?W????K?G????E?C????@?@?????[?G?????o@_????@o@??????w@??????K?_?????AwG??????BB???????Js,2,2
102,~?@esP@@?OE?O?_@_?_?G?B??G??O??O??W??C???_??A???K???G???C???@?G??W???@_???A????A????@?????o????E?????O?????_@????_?????o?????C??????_?????A??????C??????K??????E??????@???????G???????_?_????@???????@_???????_???????G???????@?@??????K????????W????????W????????G????????A?????????O?G??????@?????????E?????????B?????????@??????????O?G???????A??????????W??????????O??????????O?G????????G??????????A???????????O?G????????B???????????B???????????A???????????@??_?????????O?G?????????A????????????K????????????O????????????O?G??????????G?C??????????B?????????????W?????????????_????????????@?????????????@?@????????????_?????????????E??????????????o?????????????@??????????????@??????????????@?G?????????????_C?????????????G@?????????????B???????????????E???????????????K???????????????E???????????????B????????????????CG???????????????o???????????????@_????????????????w,t|fIID`GH_a@E@A?`_GK@?_CB?GA?GB?C?o@?C?G?w?_?_@?@_@??o?_?G?G?B?@??K?C??W?G??O?G??[?C??A?@???w?G??@_?_??A?@???F?@???@_?_???W?G???B?@????K?C????[?G????K?G????F?C?????_@?????M?G?????W@_?????w@??????[@??????E?_?????@oG??????FB???????Js,2,2
102,~?@esP@H?OC?O`?@??_?G?B??G??O??O??G??E???_??A?_?K???G???C???@?G??W???@_???B????A????@?????O????A?????G?????O?????o?????G?????A??????O?????@??????A??????E??????B???????o??????E???????W???????_???????_???????O?_?????K???????@_???????E????????K????????G????????C?C??????@?????????G?????????_????????@?????????@?????????@_?????????G?????????@?@????????C??????????G?G????????G??????????C??????????@_??????????K???????????o??????????@_??????????@_???????????_???????????G?G?????????@?@??????????E????????????E????????????E????????????A?????????????_@???????????C?G???????????O?????????????_?????????????_@????????????O?????????????A??????????????O@????????????@?C????????????A??????????????A???????????????o??????????????K???????????????o??????????????B???????????????@_??????????????@_???????????????o???????????????CG???????????????`???????????????B????????????????AW,t|eMID`GH_a@E@B?__GK@?oC@?GB?G@_C?O@?F?G?G?_?o@??o@??W?_?C?G?@_@??E?C??K?G??K?G??E?C??@_@???G?G??@o?_??@_@???@o@????W?_???C?G???@o@????B?C????E?G????E?G????B?C?????o@?????F?G?????M?_?????K@??????G@??????N?_??????oW??????FD???????Nc,2,2
102,~?@esP@@?OC?O`?@?@_?O?A@?W??_??_??O??C??@_??C???G@??G???C???@????G???@_???B????B????@?????O????A?????K?????O?????O@????W?????E??????_?????A?C????C??????C??????A??????@_??????K???????_??????@?@?????@????????_???????G???????@????????C????????K????????K????????E????????@?????????G?????????_?_??????@?????????@_?????????_?????????G?G???????B??????????K??????????W??????????O??????????G?C????????A?@?????????O??????????@???????????E???????????B???????????@????????????O?G?????????A?@??????????G????????????O?G??????????O????????????G?C??????????A?????????????K?????????????o????????????@?????????????@??????????????_?_???????????G?G????????????_?????????????A?C????????????E??????????????B??????????????@_??????????????G@?????????????@???????????????K???????????????E???????????????A???????????????@?_??????????????OG??????????????@`???????????????C_???????????????KG,t|eMID@WH?e@C@E?`_GG@@_CB?GB?G@?C?w@?A?G?W?_?o@??o@??W?_?E?G??_@??E?C??K?G??K?G??E?C??@?@???[?G???_?_??B?@???B?@???@_?_???[?G???@_@????C?C????W?G????[?G????E?C????@_@?????M?G?????W?_?????w@??????]@??????AB_?????@_G??????N@???????M[,2,2
102,~?@esP@@?OC?O`?@?@_?O?A@?W??_??_??O??C??@_??C???G@??G???C???@????G@??@_???B????B????@?????O????A?????K?????O?????O@????W?????A??????O?????@??????A??????A??????B???????o??????C???????O?_?????_???????_???????O???????C?G?????@_???????E????????K????????K????????C????????@?????????G?G???????_????????@_????????@??????????_?_???????W?????????@??????????C?C????????G??????????G??????????C??????????@?@?????????W???????????o??????????@???????????@?@??????????_?_?????????G???????????@?@??????????C?C??????????K????????????K????????????E?????????????_????????????C?????????????O?_???????????_?????????????O?????????????G?_???????????@??????????????G@?????????????_?????????????@?G????????????@?G????????????@_??????????????K??????????????@_??????????????B???????????????B????????????????_???????????????O_??????????????CG???????????????`???????????????AC???????????????EG,t|eMID@WH?e@C@E?`_GG@@_CB?GB?G@?C?w@?A?G?[?_?O@??o@??W?_?E?G??_@??E?C??K?G??K?G??E?C??@?@???[?G???_?_??B_@???@_@????o?_???K?G???@_@????E?C????M?G????E?G????B?C?????w@?????B_G?????E?_?????M@??????E@??????B__??????WG??????Bp???????B{,2,2
102,~?@esP@@?OE?O?_@_?_?G?B??G??O??O??W??C???_G?A???K???G???C???@????W???@_???A????A????@?????W????A?????G?_???O?????o?????W?????C??????_@????A??????C??????K??????E??????@???????G?G?????_??????@_??????@????????_?_?????G???????@????????E????????K????????G????????C????????@?????????G?????????o????????@?????????@?@????????_?????????K?????????@_?????????C??????????G?G????????G??????????C?C????????B???????????W??????????@_??????????B???????????@????????????o???????????G???????????@?@??????????C?C??????????G????????????K????????????A?????????????_????????????C?G???????????O?????????????o?????????????_?????????????O?_???????????C??????????????W?????????????@_?????????????@?G????????????B???????????????o??????????????K???????????????_??????????????B???????????????E???????????????@@???????????????_???????????????GG??????????????@`???????????????E????????????????BG,t|fIID`GH_a@E@A?`_GK@?oC@?GB?G@_C?O@?E?G?W?_?o@??o@??O?_?K?G?@_@??E?C??K?G??G?G??M?C??@_@???K?G???o?_??@_@???@_@????o?_???K?G???@_@????E?C????M?G????C?G????F?C?????o@?????F?G?????M?_?????K@??????M@??????B__??????Ow??????F@???????NK,2,2
102,~?@esP@@?OE?O?_@_?_?G?B??G??O??O??W??C???_??A?_?K???G???C???@????W???@_???A????A????@?????o????A?????G?????O?????o?????W?????C??????_?????A??????C?G????K??????E??????@???????G???????_?_????B???????B???????@????????O???????A?@??????G????????o????????o????????G????????A?????????O?G??????@?????????E?????????A?????????@??_???????O?????????A?@????????W??????????W??????????O??????????G?C????????A???????????O?G????????B???????????B???????????A???????????@??_?????????O?G?????????B????????????C????????????G????????????G?G??????????C????????????@_????????????C?????????????O?????????????_@????????????_?????????????G?????????????A?G????????????O@????????????B??????????????B??????????????A??????????????@_C?????????????W??????????????@_??????????????E???????????????A???????????????B????????????????_???????????????CG???????????????`???????????????BC???????????????F?,t|fIID`GH_a@E@A?`_GK@?_CB?GB?G@_C?O@?E?G?W?_?_@?@_@??o?_?K?G?@_@??E?C??G?G??W?G??K?C??B?@???W?G??@??_??F?@???B?@???@_?_???W?G???B?@????M?C????K?G????K?G????F?C?????w@?????A?G?????[?_?????WB??????[@??????F?_??????oG??????F`???????D{,2,2
102,~?@esP@@?OE?O?_@_?_?G?B??G??O??O??W??C???_G?A???K???G???C???@????W???@_???A????A?G??@?????W????A?????G?????O?????o?????W?????C??????_@????A??????C??????E??????A???????_@?????C???????o??????@_??????@????????_???????G?G?????@????????E????????K????????G????????C?C??????@?????????K?????????_????????@?@???????@??????????_?_???????W?????????@_?????????C??????????G?G????????G??????????C??????????@_??????????G???????????_?_????????@???????????@_???????????O???????????C????????????_@??????????A????????????E????????????E????????????B?????????????O????????????B?????????????G?????????????O@????????????O@????????????W?????????????B??????????????W??????????????_?????????????@_?????????????@_??????????????O??????????????A???????????????OG?????????????@?_?????????????B???????????????B????????????????o???????????????K????????????????W????????????????o????????????????w,t|fIID`GH_a@E@A?`_GK@?oC@?GB?G@_C?O@?E?G?W?_?o@??o@??O?_?M?G??o@??B?C??C?G??K?G??E?C??@_@???G?G??@o?_??@_@???@_@????o?_???G?G???B_@????E?K????K?G????G?G????M?C????@o@?????C?G?????w?_?????w@??????W@??????J__??????OW??????F`???????Fk,2,2
102,~?@esP@@?OC?O`?@@@_?O?A??W??_??_??O??C???_??A???C???K???C???@????G???@_???A????A?G??B?????_????C?G???o????@_????@??????_?_???G?????B??????K??????O??????O?G????G??????A???????O??????@??_????A???????A???????@??_?????O???????B????????G????????O?G??????O????????G????????B?????????O????????@??_??????E?????????A?????????@??_???????o?????????B??????????G??????????O?G????????O??????????K??????????B???????????O??????????@??_????????A?@?????????A???????????@??_?????????O?G?????????A????????????G????????????O?G??????????O????????????K????????????A?????????????O?G??????????@??_??????????A?????????????@??????????????_?_???????????E??????????????o?????????????@_?????????????A??????????????A?G????????????@?C?????????????K??????????????@_??????????????B???????????????A???????????????A@??????????????@?_??????????????K????????????????_???????????????BC???????????????@o,t|eMID@WH?e@C@E?`?GW@@?CF?GA?GB?C?_@?K?G?o?_@?@?B?@?@_?_?W?G?B?@??G?C??o?G??o?G??[?C??A?@???w?G??@??_??F?@???B?@???@_?_???W?G???B?@????M?C????G?G????[?G????F?C?????_F?????M?G?????O?_????@o@??????o@??????[?_?????B_G??????Hp???????B{,2,2
102,~?@esP@@?OE?O?_@_?_?G?B??G??O??O??W??C???_??A???K???G???C???@????W???@_???A????A????@?C???o????E?????O?????_@????_?????o?????K?????@??????C?C????G??????G??????K??????@???????G???????_??????@???????@_???????_???????G?G?????@????????C????????K????????K????????C????????@?@???????G?G??????@_????????B?????????B?????????@??????????O?G???????A??????????K??????????W??????????O??????????G?C????????A???????????O???????????_??????????@?@?????????@????????????_?_?????????G???????????@_???????????C????????????G?G??????????G?G??????????C????????????@_????????????K?????????????o?????????????o?????????????W?????????????G?????????????A?G????????????O@?????????????o?????????????@??????????????@?G?????????????_C?????????????G??????????????@?G?????????????C?_?????????????G???????????????E???????????????@????????????????K????????????????W???????????????@o???????????????@o,t|fIID`GH_a@E@A?`_GK@?_CB?GA?GB?C?o@?C?G?o?_@_@?@_@??o?_?G?G?B?@??M?C??G?G??W?G??K?C??A?@???w?G??@_?_??B?@???B?@???@_?_???W?G???B?@????G?C????{?G????K?W????F?C?????_@?????M?G?????W?_?????w@??????W@??????M?_?????@[G??????@F???????Nc,0,0
102,~?@esP@@?OC?O`?@?@_?O?A??W??_??_G?O??C??@_??C???G???G???K???A????O???@????A????A?G??B?????_????C?????O?_??@_????@_?????_?????G?G???@??????K??????W??????O??????G?C????A???????O??????@???????E???????A???????@????????O???????A????????K????????O????????O?G??????G????????A?@???????W????????@_????????B?????????A?????????@??_???????O?G???????E??????????W??????????o??????????_??????????O?C????????C???????????o??????????@???????????A?@?????????A???????????@??_?????????O???????????@????????????C?C??????????G????????????G?G??????????C????????????@_????????????G?????????????_?_??????????@?@???????????@_?????????????W?????????????E??????????????W??????????????o?????????????@??????????????@?G?????????????_C?????????????C???????????????_G?????????????A?_?????????????C???????????????C@??????????????A?_??????????????_G??????????????B????????????????B?????????????????w,t|eMID@WH?e@E@A?`_GG@@_CB?GA?GB?C?_@?K?G?o?_@?@?B?@?@_?_?W?G?B?@??K?C??O?G??o?G??[?C??A?@???o?G??B??_??C?@???M?@???B??_???o?G???F?@????K?C????[?G????G?G????N?C?????oB?????F?G?????G?_?????w@??????W@??????M?_?????@oG??????Dp???????B{,0,0
102,~?@esP@@?OE?O?_@_?_?G?B??G??O??O??W??C???_??A???K???G???C???@????W???@_???A????A?G??@?????o????E?????O?????_@????_?????o?????K?????@??????C??????G?G????G??????E??????@???????G???????_??????@???????@_???????_???????G?G?????@????????C????????W????????K????????C????????@?@???????G????????@_????????B?????????B?????????@??????????O?G???????A??????????K??????????W??????????O??????????G??????????A?@?????????O??????????@_??????????A???????????A?@?????????@????????????O?G?????????A????????????K????????????O????????????O?G??????????G?C??????????A?????????????o????????????@_????????????B?????????????@??????????????o?????????????E??????????????_?????????????A?C????????????C?G????????????B??????????????@???????????????W??????????????@_??????????????C???????????????G@??????????????G@??????????????C?_??????????????o???????????????AO???????????????[????????????????@o,t|fIID`GH_a@E@A?`_GK@?_CB?GA?GB?C?o@?C?G?o?_@_@?@?@?@o?_?G?G?B_@??E?C??G?G??W?G??K?C??A?@???w?G??@_?_??B?@???B?@???@_?_???O?G???F?@????G?K????w?G????W?W????K?C????B_@?????G?G????@o?_????@_@?????@o@??????W?_?????DWG??????Bb???????Fs,2,2
102,~?@esP@@?OE?O?_@_?_?G?B??G??O??O??W??C???_??A???K???G???C???@????W???@_???A????A????@?C???o????E?????O?????_@????_?????o?????K?????@??????C?C????G??????G?G????K??????@???????G???????_??????@???????@_???????_???????G???????@?@??????C????????K????????C????????A?????????_@???????K?????????o????????@_????????@??????????_?_???????G?????????B??????????E??????????G??????????G?G????????C?C????????B???????????G???????????_?_????????@???????????@?@??????????_???????????K???????????@????????????C????????????G?G??????????G????????????A?????????????_????????????C?G???????????W?????????????W?????????????O?????????????G?_???????????A?G????????????o?????????????@_?????????????B??????????????B???????????????_??????????????G@?????????????@?G?????????????C?_?????????????C???????????????E???????????????@????????????????OG??????????????A@???????????????BC???????????????F?,t|fIID`GH_a@E@A?`_GK@?_CB?GA?GB?C?o@?C?G?o?_@_@?@_@??o?_?K?G?@o@??A?C??K?G??K?G??C?C??B_@???K?G???_?_??B_@???@_@????o?_???K?G???@o@????B?C????F?G????A?G????B_C?????W@?????A?G?????[?_?????WB??????W@??????M?_?????@oG??????F`???????D{,0,0
102,~?@esP@@?OE?O?_@_?_?G?B??G??O??O??W??C???_G?A???K???G???C???@????W???@_???A????A????@?????W????A?????G?????O?????o?????W?????C??????_@????A??????C??????K??????E??????@???????G?G?????_??????B???????B???????@????????O???????A?@??????G????????W????????W????????G????????A?????????O?G??????@?????????B?????????A?????????@??????????O?G???????A??????????W??????????W??????????O??????????G?C????????A?@?????????O??????????B???????????B???????????B????????????_???????????W???????????@_???????????C????????????G?G??????????G?G??????????C?????????????o????????????C?????????????O?????????????_@????????????o?????????????O?????????????C??????????????_@????????????A??????????????B??????????????B???????????????_C?????????????W??????????????@_??????????????A?_?????????????K???????????????E???????????????B????????????????GG??????????????@O???????????????@_????????????????w,t|fIID`GH_a@E@A?`_GK@?oC@?GB?G@_C?O@?E?G?W?_?o@??o@??O?_?K?G?@_@??E?C??K?G??G?G??K?C??B?@???W?G??@??_??F?@???B?@???@o?_???G?G???B?@????M?C????M?G????C?G????E?C????@o@?????E?G?????[?_?????[@??????K@??????F__??????WW??????B`???????Fk,2,2
102,~?@esP@@?OE?O?_@_?_?G?B??G??O??O??W??C???_G?A???K???G???C???@????W???@_???A????A????@?????W????A?????G?????O?????o?????W?????C??????_@????A??????C??????K??????E??????@???????G?G?????_?_????B???????B???????@????????O???????A?@??????G????????W????????W????????G????????A?????????O????????@??_??????@?????????@??????????_?????????G?????????B??????????E??????????G??????????G?G????????C?C????????@???????????W??????????@_??????????@_??????????@_???????????o???????????K???????????@????????????C????????????G?G??????????G????????????B?????????????_????????????C?????????????O?????????????_@????????????_@????????????O?????????????C??????????????_@????????????E??????????????E??????????????E??????????????@?C?????????????o??????????????E???????????????E???????????????K???????????????C???????????????B????????????????GW??????????????@C???????????????E????????????????CW,t|fIID`GH_a@E@A?`_GK@?oC@?GB?G@_C?O@?E?G?W?_?o@??o@??O?_?K?G?@_@??E?C??K?G??K?G??E?C??@_@???G?G??@o?_??@_@???@o@????O?_???K?G???@_@????F?C????E?G????E?G????B?C?????o@?????C?G?????w?_?????wB??????WD??????K?_?????BoG??????EB???????[s,2,2
102,~?@esP@@?OE?O?_@_?_?G?B??G??O??O??W??C???_G?A???K???G???C???@?G??W???@_???A????A????@?????W????A?????G?????O@????o?????G?????A??????O?????@?C????E??????E??????A???????_@?????C???????o???????_???????_???????O?_?????K???????@_???????A????????C????????C????????A?????????o????????C?????????O?????????_@???????@_?????????O?????????C??????????_?????????A?C????????K??????????K??????????E??????????@_??????????C???????????o???????????_???????????_@??????????O?_?????????K???????????@_???????????A????????????C????????????C?G??????????A?????????????o????????????C?????????????O?????????????_@????????????O?????????????G?????????????A?G????????????O@????????????B??????????????B??????????????B???????????????_C?????????????W??????????????@_??????????????E???????????????A???????????????A@??????????????@?_??????????????GG??????????????@_???????????????B?????????????????w,t|fIID`GH_a@E@A?`_GK@?oC@?GB?G@_C?O@?F?G?G?_?o@??o@??W?_?E?G??o@??B?C??C?G??K?G??F?C???_@???M?G???O?_??@_@???@_@????o?_???K?G???@_@????F?C????C?G????K?G????F?C?????w@?????A?G?????[?_?????W@??????[@??????F?_??????qG??????F`???????Fw,2,2
102,~?@esP@@?OC?O`?@?@_?O?A??W??_??_??O??C@?@_??C???G@??G???K???A????O???@????E????C????A?C???_????C?????O?????o?????_?????O?_???C?????@_?????E??????G??????G?G????C??????@???????G?G????@_??????B???????A???????@??_?????O???????B????????G????????O?G??????O????????G????????B?????????W?????????_????????@?@???????@??????????_?????????K?????????@??????????C?C????????G??????????K??????????E??????????@???????????G?G?????????_??????????@?@?????????@_???????????o???????????K????????????_???????????B????????????C????????????C?G??????????A?????????????_@???????????E?????????????G?????????????O@????????????O?????????????K?????????????A??????????????O@????????????@?C????????????B??????????????@???????????????_C?????????????G@?????????????@_??????????????E???????????????C@??????????????A???????????????@?_??????????????OG??????????????@@???????????????CC???????????????EG,t|eMID@WH?e@C@E?`?GW@@_CB?GB?G@?C?o@?E?G?O?_@_@?@_@??o?_?K?G?@_@??E?C??K?G??K?G??E?C??@?@???[?G???o?_??@_@???@_@????o?_???K?G???@_@????F?C????E?G????F?G????@?C?????w@?????B?G?????K?_?????[@??????K@??????F?_??????wG??????Bp???????B{,2,2
102,~?@esP@@?OE?O?_@_?_?G?B??G??O??O??W??C???_G?A???K???G???C???@????W???@_???A????A????@?????W????A?????G?????O?????o?????W?????C??????_?????A?C????C??????K??????E??????@???????G?G?????_?_????B???????B???????@????????O???????A?@??????G????????o????????W????????G????????A?????????O????????@??_??????@?????????@??????????_?????????G?????????B??????????E??????????G??????????G?G????????C?C????????@???????????W??????????@_??????????@_??????????@_???????????o???????????K???????????@????????????C????????????G?G??????????G????????????B?????????????_????????????C?????????????O?????????????_@????????????_@????????????O?????????????C??????????????_@????????????E??????????????E??????????????E??????????????@?C?????????????o??????????????E???????????????E???????????????K???????????????C???????????????B????????????????GW??????????????@C???????????????E????????????????CW,t|fIID`GH_a@E@A?`_GK@?oC@?GB?G@_C?O@?E?G?W?_?_@?@o@??O?_?K?G?@_@??E?C??K?G??K?G??E?C??@_@???G?G??@o?_??@_@???@o@????O?_???K?G???@_@????F?C????E?G????E?G????B?C?????o@?????C?G?????w?_?????wB??????WD??????K?_?????BoG??????EB???????[s,0,0
102,~?@esP@@?OE?O?_@_?_?G?B??G??O??O??W??C???_??A???K???G???C?_?@????W???@_???A????A????@?????o????E?????O?????_@????_?????W?????C??????_?????A??????C?G????K??????E??????@???????G???????_?_????@???????@_???????_???????G?G?????@????????K????????W????????G????????C????????@?????????G?G??????@_????????@_????????@??????????_?_???????G?G???????@_?????????C??????????G?G????????G??????????C?C????????B???????????W???????????_??????????@???????????@?@??????????_???????????C????????????_@??????????A????????????E????????????A????????????@?C???????????O????????????A?G???????????W?????????????W?????????????W?????????????E?????????????@??????????????G@?????????????_C????????????@_??????????????_??????????????OC?????????????C@??????????????_??????????????A?_?????????????C@??????????????A???????????????@?_??????????????OG??????????????@_???????????????@_????????????????w,t|fIID`GH_a@E@A?`_GK@?_CB?GA?GB?C?o@?E?G?W?_?_@?@_@??o?_?K?G?@_@??E?C??G?G??[?G??C?C??B_@???K?G???o?_??@_@???@_@????o?_???K?G???@_@????F?C????C?G????M?G????A?C????@w@?????B?W?????K?_?????W@??????[@??????F?_??????wG??????Ax???????@{,2,2
102,~?@esP@@?OE?O?_@_?_?G?B??G??O??O??W??C???_??A?_?K???G???C???@?G??W???@_???A????A????@?????o????A?????G?????O@????o?????G?????A??????O?????@?C????E??????E??????A???????_??????C?G?????o???????_???????_???????O?_?????K???????@_???????A????????C????????C????????A?C??????@_????????C?????????O?????????_@???????@_?????????O?????????C??????????_?????????A?C????????K??????????K??????????A???????????_??????????C?G?????????o???????????_???????????o???????????W???????????E????????????O???????????@?C??????????A????????????A?G??????????B?????????????O????????????A?G???????????G?_???????????o?????????????O?????????????G?????????????A?G????????????W??????????????_?????????????@?G????????????@?G?????????????O??????????????E???????????????o??????????????@???????????????A@??????????????A@???????????????o???????????????K????????????????`???????????????AC???????????????BG,t|fIID`GH_a@E@A?`_GK@?_CB?GB?G@_C?O@?F?G?G?_?o@??o@??W?_?E?G??o@??A?C??K?G??K?G??F?C???_@???M?G???O@_??@_@???@_@????o?_???K?G???@o@????A?C????K?G????K?G????F?C?????g@?????B?G?????K?_?????[@??????M@??????B?_??????{G??????@r???????Bs,2,2
102,~?@esP@@?OE?O?_@_?_?G?B??G??O??O??W??C???_??A?_?K???G???C?_?@????W???@_???A????A????@?????o????A?????G?????O?????W?????G?????A??????O?????@?C????E??????E??????A???????_??????C?G?????o??????@_??????@????????_?_?????G???????B????????K????????G????????G????????C????????@?@???????W?????????_????????@?@???????@??????????_?_???????K?????????@??????????C?C????????G??????????G?G????????K??????????B???????????G???????????_??????????@?@?????????@_???????????O???????????C?G??????????_???????????B????????????A????????????A?G??????????@?????????????O@???????????E?????????????G?????????????O@????????????O@????????????K?????????????A??????????????O@????????????@?C????????????B??????????????@???????????????_C?????????????G@??????????????_??????????????A?_?????????????C@??????????????A???????????????@?_??????????????OG??????????????@_???????????????@_????????????????w,t|fIID`GH_a@E@A?`_GK@?_CB?GB?G@_C?W@?B?G?G?_?o@??o@??W?_?E?G??o@??A?C??K?G??K?G??E?C??@_@???K?G???o?_??@_@???@_@????o?_???K?G???@o@????A?C????K?G????M?G????B_C?????W@?????B?G?????K?_?????[@??????M@??????B?_??????{G??????@r???????Bs,0,0
102,~?@esP@@?OE?O?_@_?_?GGB??G??O??O??W??C???_??A???C???C???A?_?@_???K????_???@?G??@????@_????W????A?????G?_???o?????O?????G?????A??????O?????@_?????A??????A??????@???????O??????A???????G???????O@??????o???????W???????E????????_???????A?C??????C????????K????????E????????@_????????G?????????_?_??????B?????????@??????????_?_???????G?????????@??????????C?C????????K??????????G??????????C??????????@?@?????????G???????????_?_????????@???????????@????????????_?_?????????K???????????@_???????????A????????????C?G??????????C?G??????????E?????????????o????????????A?????????????G?_???????????o?????????????O?????????????G?_???????????A??????????????O@?????????????_?????????????@??????????????@?G?????????????_C?????????????G??????????????@_??????????????B???????????????B???????????????B????????????????O_??????????????CG??????????????@_???????????????AC???????????????Cg,t|fIID`GH_a@E@A?`_GK@?_CB?GA?GB_C?O@?F?G?G?_?o@??o@??O?_?M?G??o@??A?C??K?G??K?G??C?C??B_@???G?G??@o?_??@_@???@_@????o?_???M?G????o@????A?C????M?G????E?G????B_C?????O@?????F?G?????K@_?????W@??????]@??????A@_?????@oG??????FB???????JS,2,2
102,~?@esP@@?OE?O?_@_?_?G?B??G??O??O??W??C???_??A???K???G???C???@?G??W???@_???A????A?G??@?????o????E?????O?????_?????_@????o?????C??????_?????A??????C??????E??????A???????_??????C?G?????O??????@_???????_???????O???????C?G?????@_???????E????????K????????G????????C?C??????@?????????W?????????o????????@?????????@??????????_?_???????W?????????@??????????C?C????????G??????????G??????????C?C????????@_??????????G???????????_??????????@?@?????????@?@?????????@_???????????G???????????@?@??????????C?C??????????K????????????K????????????A?????????????_@???????????C?????????????o?????????????O?????????????O?????????????G?_???????????@??????????????G@?????????????_?????????????@?G????????????@_??????????????_??????????????K@?????????????@_??????????????B???????????????B???????????????@_???????????????O???????????????AG???????????????P???????????????@C???????????????BG,t|fIID`GH_a@E@A?`_GK@?_CB?GA?GB?C?o@?C?G?w?_?_@?@_@??o?_?G?G?B_@??E?C??G?G??[?G??C?C??B?@???[?G???_?_??B_@???@_@????o?_???K?G???@o@????B?C????C?G????M?G????B?C?????w@?????B_G?????E?_?????K@??????M@??????B@_??????wG??????Bp???????B[,2,2
102,~?@esP@@?OE?O?_@_?_?G?B??G??O??O??W??C???_??A???K???G???C???@?G??W???@_???A????A?G??@?????o????E?????O?????_?????_@????o?????C??????_?????A??????C??????E??????A???????_@?????C???????O??????@_???????_???????O???????C?G?????@_???????E????????K????????G????????C?C??????@?????????K?????????o????????@?????????@??????????_?_???????W?????????@??????????C?C????????G??????????G??????????C?C????????@_??????????G???????????_?_????????@???????????@???????????@_???????????G???????????@?@??????????C?C??????????K????????????K????????????A?????????????_@???????????C?G???????????W?????????????o?????????????_?????????????O?_???????????C?G????????????O?????????????@?C????????????A??????????????A?G?????????????_??????????????G@?????????????@?G?????????????C???????????????E???????????????B????????????????o???????????????B????????????????W????????????????c???????????????@g,t|fIID`GH_a@E@A?`_GK@?_CB?GA?GB?C?o@?C?G?w?_?_@?@_@??o?_?G?G?B_@??E?C??K?G??K?G??C?C??B?@???[?G???_?_??B_@???@_@????o?_???K?G???@o@????B?C????E?G????E?G????A?C????@_@?????M?G?????[?_?????W@??????W@??????N?_??????wW??????AL???????^C,0,0
102,~?@esP@@?OE?O?_@_?_?GGB??G??O??O??W??C???_??A???C???C???A???@_???K????_???@?G??@????@_????W????A?????G?_???o?????o?????O?????C??????_?????A??????E??????C??????A?C?????_??????C???????O???????_???????_@??????O???????K???????@_???????E????????G????????G?G??????C????????@_????????K?????????_????????@?@???????B??????????o?????????G?????????@?@????????C??????????G??????????G?G????????E??????????@???????????G?G?????????_??????????@???????????@????????????_?_?????????G?G?????????@????????????E????????????K????????????C????????????A?C???????????_@???????????E?????????????W?????????????_?????????????_@????????????K?????????????A??????????????O@????????????@??????????????A?G????????????@???????????????_C?????????????G@?????????????@???????????????E???????????????C@??????????????E???????????????@_???????????????E????????????????g????????????????c???????????????@g,t|fIID`GH_a@E@A?`_GK@?_CB?GA?GB_C?O@?E?G?W?_?_@?@_@??o?_?G?G?B_@??E?C??K?G??K?G??C?C??B_@???G?G??@o?_??@_@???@_@????o?_???K?G???@o@????B?C????E?G????E?G????A?C????@o@?????F?G?????K?_?????W@??????W@??????N?_??????wW??????AL???????^C,0,0
102,~?@esP@@?OE?O?_@_?_?GGB??G??O??O??W??C???_??A???C???C???A???@_???K????_???@?G??@????@_????W????A?????G?_???o?????o?????O?????C?G????_?????A??????E??????C??????A?C?????_??????C???????O???????_???????_???????O???????E????????o???????A????????C?G??????C????????B?????????o????????C?????????O?_??????@_????????@_?????????o?????????G?????????@?@????????C?C????????G??????????K??????????C??????????@?@?????????G???????????_??????????@???????????@????????????_???????????G?G?????????@????????????B????????????C????????????C?G??????????A?C???????????o????????????E?????????????W?????????????o?????????????o?????????????K?????????????B??????????????G??????????????O??????????????_G?????????????_G?????????????O??????????????C???????????????_G?????????????A?_?????????????E???????????????E????????????????o???????????????K????????????????W????????????????o????????????????w,t|fIID`GH_a@E@A?`_GK@?_CB?GA?GB_C?O@?E?G?W?_?o@??o@??O?_?M?G??o@??B?C??E?G??C?G??F?C???_@???K?G???o?_??@_@???@o@????O?_???M?G????o@????B?C????E?G????C?G????F?C?????_B?????K?G?????w?_?????w@??????O@??????]?_?????@oW??????DD???????Nc,2,2
102,~?@esP@@?OE?O?_@_?_?GGB??G??O??O??W??C???_??A???C???C???A?_?@_???K????_???@????@????@_????W????A?????G?_???o?????O?????G?????A??????O@????B??????E??????C??????A?C?????_??????C???????O???????_???????_@??????o???????K????????_???????A????????C????????C????????B?????????o????????C?????????O?_??????@_?????????_?????????O?????????C?G????????_@????????E??????????K??????????K??????????C??????????@?@?????????G???????????_??????????@???????????@????????????_?_?????????W????????????_???????????A????????????C?G??????????C????????????A?C???????????o????????????E?????????????W?????????????o?????????????O?????????????K?????????????B??????????????K??????????????O??????????????_G?????????????_G?????????????O??????????????E???????????????o??????????????@???????????????A@??????????????A@???????????????o???????????????K????????????????o????????????????o????????????????w,t|fIID`GH_a@E@A?`_GK@?_CB?GA?GB_C?O@?F?G?G?_?o@??o@??W?_?E?G??o@??B?C??E?G??C?G??F?C???_@???M?G???O?_??@o@????o@????W?_???E?G????o@????B?C????E?G????C?G????F?C?????_B?????M?G?????O@_????@o@??????w@??????M?_?????@oG??????DP???????B{,2,2
102,~?@esP@@?OE?O?_@_?_?GGB??G??O??O??W??C???_G?A???C???C???A???@_???K????_???@?G??@?????o????G????@?G???K?????W?????O?????G?_???A??????O?????@_?????A??????A?G????@???????O??????A???????G???????O???????W???????K???????A????????O@??????@????????B????????A????????@?C???????o????????E?????????W?????????_?????????_@????????O?????????C??????????o?????????A??????????C?G????????C??????????A???????????_??????????C???????????O?_?????????_???????????o???????????W???????????C????????????_@??????????A????????????E????????????E????????????B?????????????o????????????B?????????????G?????????????O@????????????O@????????????G?????????????B??????????????W??????????????_?????????????@??????????????@?G?????????????_C?????????????G???????????????o??????????????B???????????????B???????????????B????????????????W???????????????E????????????????W????????????????o????????????????w,t|fIID`GH_a@E@A?`_GK@?oC@?GB_G?_C?W@?B?G?K?_?W@??O@??[?_?B?G??W@??@?C??F?G??A?G??B?C???o@???E?G???W?_???o@????_@????w?_???E?G????o@????A?C????M?G????C?W????E?C????@o@?????E?G?????[?_?????O@??????w@??????M@_?????@Og??????F`???????FK,2,2
102,~?@esP@@?OE?O?_@_?_?GGB??G??O??O??W??C???_G?A???C???C???A???@_???K????_???@?G??@?????o????G????@?G???K?????W?????O?????G?_???A??????O?????@_?????A??????A?G????@???????O??????A???????G???????O???????W???????K???????A????????O@??????@????????B????????A????????@?C???????o????????E?????????W?????????_?????????_@????????O?????????C??????????o?????????A??????????C?G????????C??????????A???????????_??????????C???????????O?_?????????_???????????o???????????W???????????C????????????_@??????????A????????????E????????????E????????????B?????????????o????????????B?????????????K?????????????G?????????????G?????????????E?????????????@_?????????????C??????????????O??????????????_??????????????_G?????????????W??????????????E???????????????o??????????????@_??????????????B???????????????B????????????????o???????????????C????????????????o???????????????@K???????????????B_,t|fIID`GH_a@E@A?`_GK@?oC@?GB_G?_C?W@?B?G?K?_?W@??O@??[?_?B?G??W@??@?C??F?G??A?G??B?C???o@???E?G???W?_???o@????_@????w?_???E?G????o@????A?C????M?G????C?W????E?C????@o@?????F?G?????K?_?????O@??????w@??????M@_?????@Og??????EX???????]C,0,0
102,~?@esP@@?OC?O`?@?@_?O?A@?W??_??_G?O??C??@_??C???G@??G???C???@????G????_???@?G??B????@?????O@???A?????K?????O?????O@????W?????E??????_?????A?C????C??????C??????A???????o??????C???????O?_?????_???????_???????O???????C????????_@??????B????????E????????E????????A?????????_@???????C?????????W?????????_?????????_@????????o?????????K??????????_?????????A?C????????C??????????C?G????????A???????????o??????????C???????????O?_?????????_???????????_???????????O???????????C????????????_@??????????B????????????B????????????A????????????@?C???????????O????????????B?????????????K?????????????W?????????????W?????????????C?????????????@?G????????????G@?????????????_?????????????@_?????????????@_??????????????O??????????????C???????????????_G?????????????A?_?????????????B???????????????B????????????????o???????????????K????????????????W????????????????o????????????????w,t|eMID@WH?e@E@A?`_GG@@_CB?GB?G@?C?w@?A?G?W?_?o@??o@??W?_?E?G??_@??F?C??E?G??E?G??A?C??@o@???C?G???o?_??@o@????o@????[?_???A?G????w@????@_C????B?G????A?G????B_C?????OB?????E?G?????[?_?????[@??????G@??????M?_?????@oW??????DD???????Nc,2,2
102,~?@esP@@?OE?O?_@_?_?GGB??G??O??O??W??C???_G?A???C???C???A???@_???K????_???@?G??@?????o????G????@?G???K?????W?????O?????G?_???A??????O?????@_?????A??????A?G????@???????O??????A???????G???????O???????W???????K???????A????????O@??????@????????B????????A????????@?C???????o????????E?????????W?????????_?????????_@????????O?_???????C??????????o?????????A??????????C?G????????C??????????A???????????_??????????C???????????O???????????_???????????W???????????G???????????A?G??????????O???????????@_???????????B????????????B????????????@_????????????W????????????B?????????????K?????????????G?????????????K?????????????E??????????????_?????????????C??????????????OC?????????????_??????????????_G?????????????W??????????????C???????????????_G?????????????B???????????????E???????????????B????????????????o???????????????CG???????????????o???????????????@C???????????????Ag,t|fIID`GH_a@E@A?`_GK@?oC@?GB_G?_C?W@?B?G?K?_?W@??O@??[?_?B?G??W@??@?C??F?G??A?G??B?C???o@???E?G???[?_???O@????w@????K?_???B?G????O@????B_C????A?W????E?G????B?C?????o@?????F?G?????G?_?????w@??????[@??????D?_??????wG??????Bp???????B{,0,0
102,~?@esP@@?PC?O`?@?@_?O?A??G??O??O??G??E???_??A?_?C???K???C???@?G??W???@????A?G??E????A?????_????C?????W?????_?????_@????O?????C??????_?????A??????C??????C??????A?C????@_??????K???????_??????@?@?????@????????o???????K???????@_???????E????????G????????G?G??????K????????@?????????G?????????_????????@?????????@_?????????_?????????G?G???????@??????????C??????????G??????????G?G????????C??????????@?@?????????G?G????????@_??????????B???????????B???????????@_???????????G???????????@_???????????E????????????K????????????C????????????A?C???????????O????????????A?????????????G?_???????????O?????????????W?????????????K?????????????@??????????????G??????????????_C????????????@_?????????????@_??????????????W??????????????E???????????????W??????????????@_??????????????@???????????????@@???????????????__??????????????GG??????????????@_???????????????B?????????????????w,t|eMID@WH_a@E@A?`_GG@@_CB?GB?G@?C?o@?E?G?W?_?_@?@_@??o?_?G?G?B?@??K?C??W?G??W?G??K?C??B?@???O?G??B_?_??B_@???@?@???@_?_???[?G???@?@????M?C????K?G????K?G????E?C????@o@?????C_G?????{?_?????WA??????[@??????C@_?????B_G??????MB???????\S,0,0
102,~?@esP@@?PC?O`?@?@_?O?A??G??O??O??G??E???_??A?_?C???K???C???@?G??W???@????A?G??E????A?????_????C?????W?????_?????_@????O?????C??????_?????A??????C??????C??????A?C????@_??????K???????_??????@?@?????@????????o???????K???????@_???????E????????G????????G?G??????K????????@?????????G?????????_????????@?????????@_?????????_?????????G?G???????@??????????C??????????G??????????G?G????????C??????????@?@?????????G?G????????@_??????????B???????????B???????????@_???????????G???????????@_???????????E????????????K????????????C????????????A?C???????????O????????????A?????????????G?_???????????O?????????????W?????????????K?????????????@??????????????G??????????????_C????????????@_?????????????@_??????????????W??????????????E???????????????W??????????????@_??????????????@_???????????????_???????????????O_??????????????E????????????????O???????????????@c???????????????@o,t|eMID@WH_a@E@A?`_GG@@_CB?GB?G@?C?o@?E?G?W?_?_@?@_@??o?_?G?G?B?@??K?C??W?G??W?G??K?C??B?@???O?G??B_?_??B_@???@?@???@_?_???[?G???@?@????M?C????K?G????K?G????E?C????@o@?????C_G?????{?_?????WA??????[@??????F?_??????wG??????Bh???????@{,2,2
102,~?@esP@H?OC?O`?@??_?G?B??G??O??O??G??E???_??A?_?K???G???C???@?G??W???@????A?G??E????A?????_????C?????O?????_?????_?????o?????C??????_?????A?C????C??????C??????A?C????@_??????K???????o??????@_??????@_???????_???????G?G?????@?@??????K????????G????????G?G??????K????????@?????????G?????????_????????@?????????@??????????_?????????G??????????_?????????A??????????C?G????????C??????????A???????????_@?????????K???????????o??????????@_??????????@_???????????o???????????K???????????@_???????????E????????????E????????????E????????????@?????????????O????????????A?G???????????G?????????????O?????????????O@????????????G?????????????A?G????????????O?????????????@?C????????????B??????????????B???????????????o??????????????K???????????????o??????????????@_??????????????@_???????????????_???????????????O_??????????????CG???????????????`???????????????AC???????????????EG,t|eMID`GH_a@E@A?`_GG@@_CB?GA?GB?C?o@?C?G?w?_?_@?@o@??O?_?K?G?@_@??E?C??K?G??K?G??E?C??@_@???K?G???w?_???_@???@o@????W?_???E?G????o@????B?C????E?G????E?G????B?C?????o@?????F?G?????G@_?????w@??????[@??????F?_??????oG??????FP???????B{,2,2
102,~?@esP@@?OC?O`?@?@_?O?A??W??_??_??O??C@?@_??C???G@??G???K???A????O???@?C??E????C????A?C???_????C?????O?????o?????_?????O?????C?????@_?????A??????C??????C?G????A???????_@?????K???????o??????@???????@?@??????_?_?????W???????B????????G????????O?G??????O?G??????W????????A?????????O?G??????@?????????A?????????A?@???????@??????????G?????????@??????????C??????????G??????????C??????????A???????????_@?????????C???????????O?_????????@_???????????o???????????W???????????E????????????o???????????B????????????E????????????E????????????@_????????????G????????????@?????????????C?_???????????G?????????????G?????????????C?_???????????@??????????????G@?????????????_?????????????@?G????????????@?G????????????@_??????????????K??????????????@_??????????????B???????????????B????????????????_???????????????O_??????????????CG???????????????`???????????????AC???????????????EG,t|eMID@WH?e@C@E?`?GW@@_CB?GB?G@?C?o@?E?G?O?_@o@??_@??w?_?C?G?@_@??E?C??K?G??K?G??E?C??@_@???K?G???o?_??@o@????_@????w?_???E?G????o@????B_C????B?G????B?G????@_C?????W@?????B_G?????C@_?????[@??????K@??????F?_??????oG??????FP???????B{,2,2
102,~?@esP@H?OC?O`?@??_?G?B??G??O??O??GC?E???_??A?_?K???G???C???@?G??W???@????A?G??A????@?????O????A?????G?????O?????o?????G?????A??????O?????@??????A?G????E??????B???????o??????E???????W???????_???????_@??????O?_?????K???????@_???????E????????C????????C????????A?????????_????????C?????????O?????????_?????????O?????????G?????????A??????????O?????????@?C????????E??????????E??????????B???????????o??????????E???????????W???????????o???????????o???????????W???????????E????????????O???????????@?C??????????A????????????A????????????@?????????????O@???????????A?????????????G?_???????????O?????????????O?????????????G?_???????????A?G????????????W?????????????@_?????????????B??????????????@_??????????????W??????????????E???????????????G???????????????__?????????????@???????????????@@???????????????__??????????????GG??????????????@_???????????????B?????????????????w,t|eMID`GH_a@E@A?`_GK@?oC@?GB?G@_C?O@?F?G?G?_?o@??o@??W?_?E?G??o@??B?C??E?G??E?G??B?C???w@???A?G???W?_???o@????o@????W?_???E?G????o@????B?C????E?G????E?G????B_C?????OB?????E?G?????[?_?????[@??????K@??????E?_?????@sG??????@f???????Fc,0,0
102,~?@esP@H?OC?O`?@??_?G?B??G??O??O??GC?E???_??A?_?K???G???C???@?G??W???@????A?G??A????@?????O????A?????G?????O?????o?????G?????A??????O@????@??????A?G????E??????B???????o??????E???????W???????_???????_???????O?_?????K????????_???????A?C??????C????????C????????A?????????_????????C?????????O?????????_????????@_?????????O?????????C??????????_@????????A??????????C?G????????K??????????E??????????@_??????????K???????????o??????????@_??????????@????????????o???????????K????????????_???????????A?C??????????C????????????C????????????A?C???????????_????????????C?????????????O?_???????????_?????????????_@????????????o?????????????E??????????????O?????????????@?C????????????E??????????????B??????????????@_??????????????K???????????????_??????????????B???????????????AB??????????????A???????????????@?_??????????????OG??????????????A@???????????????GC???????????????QG,t|eMID`GH_a@E@A?`_GK@?oC@?GB?G@_C?O@?F?G?G?_?w@??O@??W?_?E?G??o@??B?C??E?G??E?G??B?C???_@???M?G???O@_??@o@????_B????o?_???K?G???@_@????E?C????K?G????K?G????E?C????@_@?????I_G?????E?_?????K@??????M@??????B?_??????wG??????Bp???????B{,0,0
102,~?@esP@H?OC?O`?@??_?G?B??G??O??O??GC?E???_??A?_?K???G???C???@?G??W???@????A?G??A????@?????O????A?????G?????O?????o?????G?????A??????O@????@??????A?G????E??????B???????_??????C?G?????o??????@_??????@????????_?_?????G?G?????B????????C????????G?G??????G????????C????????@?????????G?????????_????????@?@???????@??????????_?????????C??????????_?????????A?C????????C??????????C?G????????E??????????@_??????????K???????????_??????????@?@?????????@_???????????o???????????K???????????@_???????????B????????????A????????????A????????????@?C???????????O????????????A?????????????G?????????????O@????????????O@????????????G?????????????A??????????????O@????????????@?C????????????E??????????????B??????????????@_??????????????W???????????????o??????????????B???????????????@???????????????@@???????????????__??????????????GG??????????????@_???????????????B?????????????????w,t|eMID`GH_a@E@A?`_GK@?oC@?GB?G@_C?O@?F?G?G?_?w@??O@??W?_?E?G??o@??B?C??C?G??K?G??E?C??@_@???M?G???O?_??@o@????o@????W?_???E?G????o@????B?C????C?G????M?G????B?C?????w@?????A?G?????[?_?????W@??????[@??????E?_?????@aG??????N`???????Fw,0,0
102,~?@esP@@?OC?O`?@?@_?O?A@?W??_??_??O??C??@_??C???G???G???C???@????G@??@_???A????A?G??B?????_????C?G???O????@_????@_?????_?????G?G???B??????C??????G??????G?G????C??????@???????G???????o??????@???????@????????_?_?????G???????@????????C????????G?G??????W????????C????????@?@???????W????????@_????????A?????????A?@???????@??????????o?????????B??????????G??????????O?G????????o??????????G??????????A?@?????????O?G????????@???????????A???????????A?@?????????@????????????W???????????A????????????G?C??????????O?G??????????O????????????G????????????A?@???????????O?G???????????_????????????@?@???????????B??????????????o?????????????K??????????????_?????????????@_?????????????A??????????????A?G?????????????o??????????????C???????????????_G?????????????A?_?????????????E???????????????E???????????????@?_??????????????W???????????????@@???????????????B????????????????@W,t|eMID@WH?e@C@E?`?GW@@?CE?GE?GA?C@_@?G?G@o?_@?@?B_@??_?_?[?G?@?@??K?C??W?G??O?G??[?C??B?@???O?G??B_?_??A?@???F?@???@??_???w?G???B_@????C?C????W?G????[?G????C?C????B_@?????K?W?????w?_?????_@?????@o@??????]?_?????@?w??????]@???????VK,2,2
102,~?@esP@@?OC?O`?@@@_?O?A??W??_??_??O??C???_??A???C???K???C???@????G@??@_???A????A?G??B?????_????C?G???o????@_????@??????_?_???G?????B??????C??????G??????G?G????C??????@???????G???????_??????@???????@?@??????_???????K???????@????????C????????G?G??????W????????C????????@?@???????W????????@_????????A?????????A?@???????B??????????W?????????A??????????G?C????????O??????????o??????????G??????????A?@?????????O?G????????@???????????A???????????A?@?????????@????????????O???????????A?@??????????G?C??????????O????????????W????????????G????????????A?@???????????O?G???????????_????????????@?@???????????B??????????????o?????????????G?????????????@?@????????????B??????????????E??????????????A???????????????o??????????????C???????????????_G?????????????A?_?????????????C@??????????????E???????????????@_???????????????W???????????????@@???????????????@C???????????????BG,t|eMID@WH?e@C@E?`?GW@@?CF?GA?GB?C?_@?K?G?o?_@?@?B_@??_?_?[?G?@?@??K?C??W?G??O?G??[?C??A?@???w?G??@??_??F?@???B?@???@??_???w?G???B_@????C?C????W?G????[?G????C?C????B_@?????M?G?????O?_????@o@??????oB??????]?_?????@@W??????]@???????]K,2,2
102,~?@esP@@?OC?O`?@?@_?O?A@?W??_??_G?O??C??@_??C???G???G???C???@????G????_???@?G??B????@?????O????A?????W?????o?????_?????O?_???K?????@_?????C??????G?G????G??????C?C????@???????W??????@_??????A???????A?@?????@????????O???????A????????G????????O?G??????O????????G????????A?@???????W????????@?????????A?@???????A?????????@??????????W?????????B??????????K??????????W??????????K??????????E???????????_??????????C?G?????????O???????????o???????????o???????????O???????????C?G??????????_???????????A????????????C????????????C?G??????????A?????????????_@???????????E?????????????O?????????????_@????????????_@????????????O?????????????E??????????????o?????????????B??????????????B??????????????@???????????????_C?????????????G@??????????????o??????????????B???????????????A???????????????A@??????????????@?_??????????????OG??????????????@_???????????????B?????????????????w,t|eMID@WH?e@E@A?`_GG@@_CB?GA?GB?C?_@?M?G?O?_@_@?@_@??o?_?G?G?B_@??C?C??W?G??W?G??K?C??B?@???W?G??@??_??F?@???A?B???B_?_???[?G???@?@????M?C????G?G????[?G????E?C????@_@?????K?G?????o?_????@O@??????{@??????CB_?????B_G??????N@???????M[,2,2
102,~?@esP@@?OC?O`?@?@_?O?A??W??_??_G?O??C@?@_??C???G???G???K???A????O???@????A????A?G??@?????O????A?????W?????o?????_?????O?_???C?????@_?????E??????G??????G?G????C??????@?@?????W??????@_??????A???????A?@?????@????????O???????B????????G????????O????????O?G??????G????????A?????????O?G??????@?????????A?@???????A?????????@??????????W?????????B??????????G??????????O?G????????O?G????????W??????????B???????????O??????????@??_????????A???????????A?@?????????@_???????????W???????????A????????????G?C??????????O?G??????????O????????????C????????????@?????????????G?G???????????_?_??????????@?????????????@?@????????????_?????????????G?G???????????@?@????????????C??????????????E??????????????E??????????????B???????????????G??????????????@?G?????????????E???????????????B???????????????B????????????????_???????????????KG???????????????_???????????????BC???????????????BO,t|eMID@WH?e@E@A?`_GK@?oC@?GB?G@?C?o@?E?G?O?_@_@?@_@??o?_?G?G?B?@??K?C??W?G??W?G??K?C??B?@???O?G??B_?_??B?@???A?@???B_?_???W?G???B?@????G?C????o?G????w?G????K?C????B?@?????[?G?????_?_????Bo@??????_B??????{?_?????B@W??????Pp??????BwC,2,2
102,~?@esP@@?OC?O`?@?@_?O?A@?W??_??_G?O??C@?@_??C???G???G???C???@????G????_???@?G??@?????_????G????B?????K?????O?????O@????W?????E??????_?????A?C????C??????C?G????E??????@_??????G???????_?_????@???????@????????_???????G???????@?@??????C????????G????????G?G??????C????????@?????????G?????????_????????@_????????@_?????????o?????????K??????????o?????????A??????????C?G????????E??????????B???????????o??????????E???????????O???????????_@??????????_???????????O???????????C????????????_@??????????A????????????C????????????C?G??????????A?????????????_????????????C?G???????????O?????????????o?????????????o?????????????W?????????????B??????????????W??????????????o?????????????@_??????????????o??????????????W??????????????A???????????????OG?????????????@?_?????????????A???????????????A@??????????????@?_??????????????OG??????????????B????????????????B?????????????????w,t|eMID@WH?e@E@A?`_GK@?oC@?GB?G@?C?w@?A?G?W?_?o@??o@??O?_?K?G?@_@??E?C??K?G??K?G??E?C??@?@???[?G???_@_??B_@???@_@????o?_???G?G???B_@????E?C????K?G????K?G????E?C????@_@?????I?G?????[?_?????[@??????G@??????M?_?????@oW??????FD???????Nc,0,0
102,~?@esP@@?OC?O`?@?@_?O?A??W??_??_??O??C@?@_??C???G???G@??K???A????O???@?C??E????C????A?C???_????C?????O????@_?????_?????O?????C?G???@_?????A??????C??????C?G????A???????_@?????K???????o??????@???????@????????_?_?????W???????@????????C????????G?G??????W????????C????????@?@???????G?????????_?_??????@?????????@?@???????@_?????????G?????????@??????????C?C????????W??????????G??????????C??????????@?@?????????G???????????_?_????????@_???????????_???????????O???????????C?G?????????@_???????????A????????????C?G??????????C?G??????????E?????????????_????????????C?G???????????O?????????????_@????????????_@????????????o?????????????C??????????????_@????????????A?C????????????A??????????????B???????????????_??????????????G@??????????????_??????????????A?_?????????????C@??????????????B???????????????@_???????????????GG??????????????@_???????????????@_????????????????w,t|eMID@WH?e@C@E?`?GW@@_CB?GA?GB?C?o@?E?G?O?_@o@??_@??w?_?C?G?@_@??E?C??K?G??K?G??C?C??B?@???W?G??@o?_??@?@???B_@????_?_???[?G???@?B????K?C????[?G????M?G????A?C????@_@?????K?G?????w?_?????w@??????S@??????E?_?????@wG??????BF???????Nc,2,2
102,~?@esP@@?OC?O`?@?@_?O?A??W??_??_??O??C@?@_??C???G???G@??K???A????O???@?C??E????C????A?C???_????C?????O????@_?????_?????O?????C?G???@_?????A??????C??????C?G????A???????_@?????K???????o??????@???????@?@??????_?_?????W???????@????????C????????G?G??????W????????C????????@?@???????G?????????_????????@?????????@??????????O?????????C??????????_@????????E??????????C??????????C??????????A?C?????????o??????????E???????????W???????????o???????????o???????????W???????????A????????????O@??????????@?C??????????E????????????A????????????@?C???????????O????????????A?????????????G?_???????????O?????????????O?????????????G?_???????????@??????????????G??????????????_C????????????@_?????????????@_??????????????W??????????????E???????????????W??????????????@_??????????????@???????????????@@???????????????__??????????????GG??????????????@_???????????????B?????????????????w,t|eMID@WH?e@C@E?`?GW@@_CB?GA?GB?C?o@?E?G?O?_@o@??_@??w?_?C?G?@_@??E?C??K?G??K?G??E?C??@_@???M?G???O?_??@o@????_@????w?_???C?G???@o@????B?C????E?G????E?G????B?C?????w@?????B_G?????C?_?????[@??????GB??????M?_?????@oW??????ET???????]C,2,2
102,~?@esP@@?OC?O`?@?@_?O?A??W??_??_??O??C??@_??C???G???G@??K???A????O???@?C??E????C????A?C??@_????G?????_????@?????B??????_?????G?????@?@????K??????G??????G??????C?C????@???????G?G?????_??????B???????B???????@????????O?G?????A?@??????W????????O????????O????????G?C??????E?????????O????????@??_??????B?????????A?????????@??????????O?????????A??????????C??????????G??????????G?G????????K??????????@???????????G???????????_?_????????@???????????@?@??????????_?_?????????W???????????B????????????K????????????W????????????W????????????C????????????@?@???????????G?G??????????@_????????????@_?????????????O?????????????G?????????????A??????????????O@????????????@??????????????A?G????????????A?G?????????????_??????????????G??????????????@_G?????????????E???????????????K???????????????E????????????????o???????????????K????????????????P???????????????@C???????????????BG,t|eMID@WH?e@C@E?`?GW@@?CE?GE?GA?C@_@?K?G?o?_@?@?B_@??_?_?[?G?@?@??M?C??G?G??W?G??K?C??B?@???W?G??@_?_??B_@???@?@???@o?_???G?G???B_@????F?C????E?G????E?G????B?C?????o@?????E?G?????[?_?????[@??????G@??????N?_??????oW??????FD???????Nc,2,2
102,~?@esP@@?OC?O`?@?@_?O?A??W??_??_??O??C@?@_??C???G???G@??K???A????O???@????E????C????A?C???_????C?????O????@_?????_?????O?????C?G???@_?????E??????G??????G??????C?C????@???????G?G????@_??????B???????A???????@??_?????O?G?????E????????G????????O????????O?G??????G????????E?????????O????????@??_??????A?????????A?@???????@??????????O?????????@??????????C??????????G?G????????W??????????E??????????@???????????G?G?????????_?_????????@???????????@?@??????????o???????????K???????????@_???????????E????????????C????????????C????????????A?C???????????_????????????A?????????????G?_???????????O?????????????O@????????????G?????????????A??????????????O@????????????@?C????????????E??????????????B??????????????@_??????????????K???????????????o??????????????B???????????????@???????????????@_???????????????O???????????????CG???????????????`???????????????BC???????????????F?,t|eMID@WH?e@C@E?`?GW@@_CB?GA?GB?C?o@?E?G?O?_@_@?@_@??_?_?[?G?@?@??K?C??W?G??W?G??K?C??B?@???W?G??@o?_??@?@???B_@????o?_???M?G????_@????E?C????M?G????E?G????B?C?????o@?????F?G?????G?_?????w@??????[B??????CA_?????BoG??????EB???????]S,2,2
102,~?@esP@@?OC?O`?@@@_?O?A@?W??_??_??O??C???_??A???C???C???A????_G??K????_???@?G??B????@?????O@???E?????W?????_?????_@????o?????C??????_?????A?C????C??????C??????A???????_??????C???????O?_?????_???????_???????O???????C?G?????@_???????A????????C?G??????K????????E????????@?????????G?G??????@_????????@_????????@??????????_?_???????W?????????@??????????C?C????????G?G????????G??????????C??????????@?@?????????G???????????_??????????@?@?????????@?@??????????_???????????G???????????@????????????C?C??????????C????????????C?G??????????E?????????????o????????????C?????????????O?_???????????W?????????????O?????????????G?_???????????E??????????????W??????????????_?????????????@?G????????????@?G?????????????_??????????????K???????????????_G?????????????A???????????????C@??????????????C@??????????????A?_??????????????W???????????????A_???????????????AC???????????????@g,t|eMID@WH?e@C@E?`?GW@@?CF?GA?GB?C?_@?M?G?O?_@o@??_@??w?_?C?G?@_@??E?C??G?G??[?G??C?C??B_@???G?G??@o?_??@?@???B_@????w?_???C?G???@_@????F?C????C?G????M?G????B_C?????O@?????F?G?????G?_?????{@??????GB??????N?_??????_W??????N@???????Mk,2,2
102,~?@esP@@?OC?O`?@?@_?O?A@?W??_??_G?O??C@?@_??C???G???G???C???@????G????_???@?G??@?????_????G????B?????K?????O?????O@????W?????E??????_?????A?C????C??????C?G????E??????@_??????G???????_?_????@???????@????????_???????G???????@?@??????C????????G????????G?G??????C????????@?@???????G?????????_????????@_????????@_?????????o?????????K??????????o?????????A??????????C?G????????C??????????A?C?????????o??????????E???????????O???????????_@??????????_???????????O???????????C????????????_@??????????A?C??????????C????????????C?G??????????A?????????????_@???????????C?????????????O?????????????o?????????????o?????????????W?????????????@??????????????G@?????????????o??????????????o??????????????o??????????????W??????????????A???????????????W???????????????_??????????????@@??????????????@@???????????????__??????????????K???????????????@_???????????????AC???????????????@g,t|eMID@WH?e@E@A?`_GK@?oC@?GB?G@?C?w@?A?G?W?_?o@??o@??O?_?K?G?@_@??E?C??K?G??K?G??E?C??@?@???[?G???_@_??B_@???@_@????o?_???G?G???B?@????M?C????K?G????K?G????E?C????@_@?????I?G?????]?_?????KB??????G@??????N?_??????oW??????FD???????Lc,2,2
102,~?@esP@@?PC?O`?@?@_?O?A??G??O??O??G??E???_??A?_?C???K???C???@?G??W???@????A?G??E????A?????_@???C?????W?????_?????_?????O?_???C??????_?????A??????C??????C??????A???????o??????C???????O?_?????_??????@_???????O???????C?G?????@_???????E????????G????????G?G??????K????????B?????????O????????@??_??????A?????????B?????????@??????????O?????????A?@????????G??????????O??????????O??????????G?C????????A???????????O?G????????@???????????A?@?????????B???????????@_???????????G???????????B????????????E????????????K????????????K????????????A?????????????_@???????????E?????????????G?????????????O@????????????W?????????????G?????????????A??????????????O@????????????@??????????????A?G????????????A?G????????????@???????????????O@?????????????A?G?????????????K???????????????G???????????????W???????????????E????????????????O???????????????AH???????????????F????????????????B_,t|eMID@WH_a@E@A?`_GG@@_CB?GB?G@?C?o@?E?G?W?_?_@?@_@??o?_?G?G?B?@??K?C??O?G??w?G??K?C??B?@???O?G??B??_??F?@???B?@???@??_???o?G???F?@????G?C????w?G????W?G????M?C????@o@?????C?G?????o?_????@w@??????OB??????]?_?????@BW??????[`???????{C,2,2
102,~?@esP@@?OC?O`?@?@_?O?A??W??_??_G?O??C@?@_??C???G???G???K???A????O???@????A????A?G??@?????O????A?????W?????o?????_?????O?_???C?????@_?????E??????G??????G?G????C??????@?@?????W??????@_??????A???????A???????@??_?????O???????B????????G????????O????????O?G??????G????????A?????????O?G??????@?????????A?@???????A?????????@??????????o?????????B??????????G??????????O?G????????O?G????????W??????????B???????????O??????????@??_????????A???????????A?@?????????@_???????????W???????????A????????????G?C??????????O?G??????????O????????????C????????????@?????????????G?G???????????_?_??????????@?????????????@?@????????????_?????????????G?G???????????@?@????????????C??????????????E??????????????E??????????????B???????????????G??????????????@?G?????????????E???????????????B???????????????B????????????????_???????????????KG???????????????_???????????????BC???????????????BO,t|eMID@WH?e@E@A?`_GK@?oC@?GB?G@?C?o@?E?G?O?_@_@?@_@??o?_?G?G?B?@??K?C??W?G??W?G??G?C??F?@???O?G??B_?_??B?@???A?@???B_?_???W?G???B?@????G?C????o?G????w?G????K?C????B?@?????[?G?????_?_????Bo@??????_B??????{?_?????B@W??????Pp??????BwC,2,2
102,~?@esP@@?OC?O`?@?@_?O?A??W??_??_G?O??C??@_??C???G???G???K???A????O@??@????A????A?G??B?????_????C?????O????@_????@_?????_?????G?G???@??????E??????G??????G?G????C??????@?@?????G??????@_??????B???????A???????@????????O?G?????A????????K????????O????????O?G??????G????????A?????????O?G??????@_????????A?????????A?@???????@??????????O?????????E??????????K??????????O??????????O?G????????G?C????????B???????????O??????????@??_????????A???????????A?@?????????@????????????W???????????B????????????G????????????O?G??????????O?G??????????G????????????@?????????????G?G???????????_????????????@_?????????????o?????????????O?????????????C?G????????????_@????????????A??????????????B??????????????B???????????????o??????????????G??????????????@?G?????????????C?_?????????????G@??????????????E???????????????B????????????????W???????????????@????????????????@c???????????????@o,t|eMID@WH?e@E@A?`_GG@@_CB?GA?GB?C?_@?K?G?o?_@_@?@_@??o?_?G?G?B_@??C?C??W?G??W?G??K?C??A?@???w?G??@??_??F?@???B?@???@_?_???W?G???B?@????M?C????G?G????[?G????E?C????@_@?????M?G?????O?_????@w@??????WB??????KA_?????B_G??????N@???????M[,2,2
102,~?@esP@H?OC?O`?@??_?G?B??G??OG?O??G??E???_??A?_?K???G???C???@????G????_C??B????A????@?????O????A?????G?????O?????o?????W?????C??????_@????A??????C?G????C??????E??????@_??????G???????_?_????B???????B???????@????????O?G?????A????????G????????O????????O?G??????K????????A?????????O?G??????@?????????A?@???????A?????????@??????????O?G???????A??????????K??????????W??????????O??????????G?C????????A???????????O?G????????@???????????B???????????@????????????_?_?????????W???????????@_???????????C????????????G?G??????????G?G??????????C????????????@_????????????E?????????????O?????????????_@????????????_@????????????O?????????????C?G????????????_@????????????A??????????????B??????????????A??????????????@?C?????????????O@?????????????A?G?????????????C???????????????G@??????????????E???????????????B????????????????O????????????????p???????????????@_???????????????@g,t|eMID`GH_b@A@B?__GK@?oC@?GB?G@_C?O@?E?G?W?_?o@??_@??w?_?C?G?@_@??E?C??K?G??G?G??K?C??B?@???W?G??@_?_??B?@???B?@???@_?_???[?G???@?@????M?C????M?G????C?G????E?C????@o@?????E?G?????[?_?????W@??????[@??????F__??????Ow??????F`???????FK,2,2
102,~?@esP@H?OC?O`?@??_?G?B??G??O??O??GC?E???_??A?_?K???G???C???@????W???@????A?G??A????@?????O????A?????G?????O?????o?????W?????C??????_?????A?C????C??????C?G????E??????@_??????G???????_?_????B???????B???????@????????O?G?????A????????G????????o????????O????????G?C??????A?????????O?G??????@?????????A?@???????A?????????@??????????O?G???????A??????????K??????????W??????????O??????????G??????????A?@?????????O??????????@??_????????B???????????@????????????_?_?????????W???????????@_???????????C????????????G?G??????????G?G??????????C????????????B?????????????K?????????????O?????????????_@????????????_@????????????O?????????????C?G????????????_@????????????A??????????????B??????????????A??????????????@?C?????????????O@?????????????A?G?????????????C???????????????G@??????????????E???????????????B????????????????O????????????????p???????????????@_???????????????@g,t|eMID`GH_a@E@A?`_GK@?oC@?GB?G@_C?O@?E?G?W?_?_@?@o@??O?_?K?G?@_@??E?C??K?G??G?G??K?C??B?@???W?G??@_?_??B?@???B?@???@??_???w?G???B?@????M?C????M?G????C?G????E?C????@o@?????E?G?????[?_?????W@??????[@??????F__??????Ow??????F`???????FK,2,2
102,~?@esP@H?OC?O`?@??_?G?B??G??OG?O??GC?E???_??A?_?K???G???C???@????G????_C??@????@?????_????G????@?????C?????W?????W?????G?????A?G????O?????@?C????E??????E??????A???????_@?????K???????o??????@???????@?@??????_???????G???????@????????C?C??????G????????G?G??????C????????@?@???????G?????????_????????@?@???????@??????????o?????????K?????????@??????????C?C????????G??????????G?G????????E???????????_??????????C?G?????????o???????????o???????????_???????????O?_?????????C????????????_???????????A????????????C?G??????????C????????????A?C???????????_@???????????C?????????????O?????????????_@????????????_?????????????W?????????????E??????????????o?????????????@_??????????????_??????????????_G?????????????o??????????????E???????????????o??????????????@???????????????A???????????????B@???????????????_???????????????K????????????????o???????????????BO???????????????@o,t|eMID`GH_b@A@B?_oGE@?OC@_G@_G?_C?W@?B?G?K?_?O@??o@??W?_?E?G??o@??A?C??K?G??K?G??E?C??@_@???K?G???o?_??@_@???@?@???@_?_???[?G???@o@????A?C????K?G????M?G????B?C?????o@?????E?G?????[?_?????P@??????}@??????B@???????wG??????Bb???????FS,2,2
102,~?@esP@H?OC?O`?@??_?G?B??G??OG?O??GC?E???_??A?_?K???G???C???@????G????_C??@????@?????_????G????@?????C?????W?????W?????G?????A?G????O?????@?C????E??????E??????A???????_@?????K???????o??????@???????@?@??????_???????G???????@????????C?C??????G????????G?G??????C????????@?@???????G?????????_????????@?@???????@??????????o?????????K?????????@??????????C?C????????G??????????G?G????????E???????????_??????????C?G?????????o???????????o???????????_???????????O?_?????????C?G??????????_???????????A????????????C?G??????????C????????????A?C???????????_@???????????C?????????????O?????????????_@????????????_?????????????K?????????????A??????????????O@????????????@_??????????????_??????????????_G?????????????o??????????????E???????????????o??????????????@???????????????A???????????????B@???????????????_???????????????GG??????????????@@???????????????EC???????????????L?,t|eMID`GH_b@A@B?_oGE@?OC@_G@_G?_C?W@?B?G?K?_?O@??o@??W?_?E?G??o@??A?C??K?G??K?G??E?C??@_@???K?G???o?_??@_@???@?@???@_?_???[?G???@o@????A?C????K?G????M?G????B?C?????w@?????B?G?????K?_?????P@??????}@??????B@???????wG??????B`???????F[,2,2
102,~?@esP@H?OC?O`?@??_?G?B??G??OG?O??GC?E???_??A?_?K???G???C???@????G????_C??@????@?????_????G????@?????C?????W?????W?????G?????A?G????O?????@?C????E??????E??????A???????_@?????K???????o??????@???????@?@??????_???????G???????@????????C?C??????G????????G?G??????C????????@?????????G?????????_????????@?@???????@??????????o?????????K?????????@??????????C?C????????G??????????G?G????????E??????????@_??????????G???????????_?_????????B???????????@_???????????_???????????G?G?????????@?@??????????C????????????G????????????G?G??????????C????????????@?@???????????G?????????????_?_??????????@?????????????@?@????????????_?_???????????G??????????????o?????????????B??????????????B??????????????@_??????????????O??????????????C@??????????????W??????????????@_??????????????@???????????????@@???????????????__??????????????GG??????????????@_???????????????B?????????????????w,t|eMID`GH_b@A@B?_oGE@?OC@_G@_G?_C?W@?B?G?K?_?O@??o@??W?_?E?G??o@??A?C??K?G??K?G??E?C??@_@???K?G???o?_??@_@???@?@???@_?_???[?G???@_@????E?C????G?G????W?G????M?C????@_@?????M?G?????[?_?????O@??????{@??????F@_??????_g??????N@???????NK,0,0
102,~?@esP@@?OC?O`?@?@_?O?A??W??_??_??O??C??@_??C???G@??G???K???A????O@??@????E????C????A?C??@_????G?????_????@?????@_?????_?????G?G???@??????E??????G??????G??????C?C????@???????G?G?????_??????B???????B???????@????????O?G?????A????????K????????O????????O?G??????G????????E?????????O????????@??_??????B?????????A?????????@??_???????O?????????A?@????????K??????????O??????????O?G????????G??????????B???????????O??????????@???????????A?@?????????A???????????@??_?????????O???????????B????????????C????????????G?G??????????G?G??????????E????????????@?????????????G?G???????????_?_??????????B?????????????@_?????????????W?????????????C??????????????_@????????????A?C????????????A??????????????A?G????????????@?C?????????????G??????????????@???????????????C?_?????????????G@??????????????G???????????????B????????????????K???????????????@_???????????????@c???????????????B_,t|eMID@WH?e@C@E?`?GW@@?CE?GE?GB?C?_@?K?G?o?_@_@?@_@??_?_?[?G?@?@??M?C??G?G??W?G??K?C??B?@???W?G??@??_??F?@???B?@???@_?_???W?G???A?@????[?C????[?G????G?G????M?C????@o@?????E?G?????[?_?????W@??????[@??????C__?????BoG??????Fa???????Fs,2,2
102,~?@esP@@?OC?O`?@?@_?O?A??W??_??_??O??C??@_??C???G@??G???K???A????O@??@????E????C????A?C??@_????G?????_????@?????@_?????_?????G?G???@??????E??????G??????G??????C?C????@???????G???????_?_????B???????B???????@????????O?G?????A????????K????????O????????O?G??????G?C??????E?????????O????????@??_??????E?????????A?????????@??????????O?G???????A??????????K??????????O??????????O?G????????G??????????@???????????G???????????_?_????????@???????????@????????????_?_?????????W???????????@_???????????C????????????G?G??????????G?G??????????E????????????@_????????????K?????????????W?????????????o?????????????O?????????????G?_???????????A?G????????????O??????????????_?????????????@?G????????????@?G?????????????_??????????????G@?????????????@???????????????C?_?????????????E???????????????E????????????????o???????????????E????????????????W????????????????o????????????????w,t|eMID@WH?e@C@E?`?GW@@?CE?GE?GB?C?_@?K?G?o?_@_@?@_@??_?_?[?G?@?@??K?C??W?G??W?G??K?C??B?@???W?G??@??_??F?@???B?@???@o?_???G?G???B_@????E?C????K?G????K?G????F?C?????o@?????E?G?????[?_?????[@??????GF??????M?_?????@_G??????N@???????K{,2,2
102,~?@esP@@?OC?O`?@?@_?O?A??W??_??_??O??C??@_??C???G@??G???K???A????O@??@????E????C????A?C??@_????G?????_????@?????@_?????_?????G?G???@??????E??????G??????G??????C?C????@???????G?G?????_??????B???????B???????@????????O?G?????A????????K????????O????????O?G??????G????????E?????????O????????@??_??????B?????????A?????????@??_???????O?????????A?@????????K??????????O??????????O?G????????G??????????B???????????O??????????@???????????A?@?????????A???????????@??_?????????O???????????B????????????C????????????G?G??????????G????????????E????????????@_????????????C?????????????o?????????????o?????????????W?????????????G?????????????A?G????????????O@????????????@_?????????????B??????????????@_??????????????_??????????????G??????????????@?G?????????????C?_?????????????G@??????????????C???????????????A?_??????????????o???????????????AB???????????????W????????????????EG,t|eMID@WH?e@C@E?`?GW@@?CE?GE?GB?C?_@?K?G?o?_@_@?@_@??_?_?[?G?@?@??M?C??G?G??W?G??K?C??B?@???W?G??@??_??F?@???B?@???@_?_???W?G???A?@????[?C????[?G????G?G????M?C????@o@?????E?G?????O?_????@o@??????wB??????KA_?????ABG??????{@???????{K,0,0
102,~?@esP@@?OC?O`?@@@_?O?A@?W??_??_G?O??C???_??A???C???C???A????_???C????OC??@_???@?????_C???W????B?????G?????O@????o?????W?????C??????_@????A??????C??????C??????A???????_@?????C???????O???????_???????_@??????O???????C????????_???????A?C??????K????????K????????C????????@?@???????K?????????o????????@?????????@?@????????o?????????K?????????@??????????C?C????????G??????????G??????????C?C????????@???????????G???????????_?_????????@???????????@????????????_???????????G?G?????????@?@??????????C????????????G????????????G?G??????????K????????????@_????????????K?????????????W?????????????o?????????????_?????????????O?_???????????B??????????????W??????????????_?????????????@?G????????????@?G?????????????_??????????????G@?????????????@?G?????????????C???????????????K???????????????C???????????????A?_??????????????W????????????????o???????????????B_???????????????@o,t|eMID@WH?e@E@A?`_GG@@oC@?GB?G@?C?w@?A?G?W?_?o@??o@??O?_?K?G?@_@??C?C??[?G??K?G??E?C??@?@???[?G???o?_??@_@???@_@????o?_???G?G???B?@????M?C????G?G????[?G????E?K????@_@?????G?G????@o?_????@o@??????w@??????GC_?????F_G??????Jb???????Fo,2,2
102,~?@esP@@?OC?O`?@@@_?O?A??W??_??_??O??C???_??A???C@??K???C???@?G??G???@_???A????A?G??B?????_????C?G???o?????_?????_?????O?????E??????_?????A??????C?G????C??????A???????_??????C???????O?_?????_@?????@_???????o???????G???????@?@??????C?C??????W????????G????????C?C??????B?????????W????????@?????????A?@???????@??????????_?????????G?????????@??????????A??????????C??????????C?G????????A???????????_??????????C???????????O???????????o???????????o???????????W???????????E????????????o???????????B????????????A????????????A?G??????????B?????????????o????????????E?????????????W?????????????O?????????????O?????????????G?????????????A?G????????????W??????????????_?????????????@?G????????????@???????????????_C?????????????K??????????????@_??????????????E???????????????E???????????????A@??????????????@_???????????????K????????????????`???????????????A_???????????????@W,t|eMID@WH?e@C@E?`?GW@@?CF?GA?GB?C?o@?E?G?W?_?o@??_@??w?_?C?G?@_@??E?C??G?G??[?G??E?C??@_@???K?G???o?_??@o@????_@????w?_???C?W???@_@????E?C????K?G????G?G????M?C????@_B?????K?G?????o?_????@o@??????gB??????M?_?????@oG??????D`???????E{,0,0
102,~?@esP@H?OC?O`?@??_?G?B??G??O??O??G??E???_??A?_?K???G???C???@?G??W???@????A?G??E????A?????_????C?????O?????_@????_?????o?????C??????_?????A??????C??????C?G????A??????@_??????K???????_??????@?@?????@_???????_???????G???????@?@??????K????????W????????O????????G?C??????B?????????O????????@??_??????A?????????A?????????@??????????O?G???????A??????????W??????????O??????????O??????????G?C????????A???????????O??????????@??_????????A???????????B???????????@_???????????W???????????@_???????????C????????????K????????????K????????????B?????????????_????????????C?G???????????W?????????????_?????????????_@????????????O?_???????????C??????????????_@????????????A?C????????????K??????????????C??????????????A?C?????????????_@?????????????E???????????????G???????????????K???????????????A???????????????@_???????????????C????????????????p???????????????B_???????????????B_,t|eMID`GH_a@E@A?`_GG@@_CB?GA?GB?C?o@?C?G?w?_?_@?@_@??o?_?G?G?B_@??C?C??W?G??W?G??K?C??A?@???w?G??@_?_??A?@???F?@???@?@_???w?G???B?@????G?C????w?G????O?W????[?C????B?@?????W?G????@o?_????@_@?????@O@??????]?_?????@OW??????F`???????Fk,2,2
102,~?@esP@H?OC?O`?@??_?G?B??G??O??O??G??E???_??A?_?K???G???C?_?@????W???@????A?G??E????A?????_????C?G???O?????_?????_?????W?????C??????_?????A?C????C??????C??????A?C????@_??????C???????O?_????@_??????@_???????_???????G?G?????@?@??????K????????G????????G?G??????K????????@?????????G?????????_?_??????@?????????@??????????_?????????G??????????_?????????A??????????C?G????????C??????????A???????????_@?????????K???????????O???????????_@?????????@_???????????o???????????K???????????@_???????????E????????????E????????????E????????????@?????????????W????????????@?????????????C?????????????G@????????????G?????????????C?_???????????@??????????????G@?????????????_?????????????@?G????????????B???????????????_C?????????????W??????????????@_??????????????B???????????????B???????????????@????????????????O_??????????????CG???????????????`???????????????AC???????????????EG,t|eMID`GH_a@E@A?`_GG@@_CB?GA?GB?C?o@?E?G?W?_?_@?@o@??O?_?K?G?@_@??E?C??M?G??C?G??E?C??@_@???K?G???w?_???_@???@o@????W?_???E?G????o@????B_C????A?W????E?G????B?C?????o@?????F?G?????G@_?????w@??????W@??????L?_??????oG??????FP???????B{,2,2
102,~?@esP@H?OC?O`?@??_?G?B??G??O??O??G??E???_??A?_?K???G???C?_?@????W???@????A?G??E????A?????_????C?????O?????_?????_?????W?????C??????_?????A?C????C??????C??????A??????@_??????K???????o??????@_??????@_???????_???????G?G?????@?@??????K????????G????????G?G??????K????????B?????????O????????@?????????A?@???????A?????????@??????????O?????????A??????????C??????????G??????????G?G????????C??????????@???????????G?G?????????_??????????B???????????@_???????????o???????????K???????????@_???????????E????????????K????????????E????????????B?????????????W????????????A?????????????G?_???????????O@????????????O?????????????G?_???????????A??????????????O@????????????@??????????????A?G????????????A??????????????@?C?????????????O??????????????@_??????????????B???????????????B???????????????@_???????????????W???????????????E????????????????P???????????????@C???????????????BG,t|eMID`GH_a@E@A?`_GG@@_CB?GA?GB?C?o@?E?G?W?_?_@?@o@??O?_?K?G?@_@??C?C??W?G??W?G??K?C??B?@???W?G??@_?_??B_@???@?@???@o?_???K?G???@o@????A?C????K?G????M?G????B?C?????o@?????E?G?????[?_?????OB??????w@??????M?_?????@?w??????]@???????\K,2,2
102,~?@esP@H?OC?O`?@??_?G?B??G??O??O??G??E???_??A?_?K???G???C?_?@????W???@????A?G??E????A?????_????C?????O?????_?????_?????W?????C??????_?????A?C????C??????C?G????A??????@_??????K???????o??????@_??????@_???????_???????G?G?????@????????K????????G????????G?G??????E????????@?????????G?????????_?_??????@?????????@??????????_?????????G?????????@_?????????C??????????G??????????G?G????????C??????????@?@?????????G??????????@_??????????@_??????????@_???????????o???????????K???????????@????????????C?C??????????G?G??????????W????????????E?????????????o????????????C?????????????O?????????????_@????????????_?????????????O?_???????????C??????????????_@????????????@??????????????A??????????????A?G????????????@?C?????????????O??????????????E???????????????K???????????????K???????????????E???????????????B????????????????KG??????????????@C???????????????E????????????????CW,t|eMID`GH_a@E@A?`_GG@@_CB?GA?GB?C?o@?E?G?W?_?_@?@o@??O?_?M?G??_@??E?C??K?G??K?G??E?C??@_@???K?G???o?_??@_@???@?@???@o?_???M?G????_@????E?C????M?G????E?G????B?C?????o@?????E?G?????[?_?????Q@??????{@??????E@??????@oG??????FB???????NS,2,2
102,~?@esP@H?OC?O`?@??_?G?B??G??O??O??G??E???_??A?_?K???G???C?_?@????W???@????A?G??E????A?????_????C?????O?????_?????_?????W?????C??????_?????A?C????C??????C?G????A??????@_??????K???????o??????@_??????@_???????_???????G?G?????@?@??????K????????G????????G?G??????E????????@?????????G?G???????_????????@?????????@??????????_?????????G??????????_?????????A??????????C?G????????C??????????A?C?????????_??????????E???????????W???????????o???????????o???????????W???????????E????????????o???????????@????????????A?G??????????B????????????@?????????????O@???????????A?????????????G?????????????O@????????????O?????????????G?_???????????A??????????????O@????????????@_?????????????@??????????????@_??????????????o??????????????E???????????????W???????????????_??????????????@`??????????????@????????????????__??????????????GG??????????????@@???????????????CC???????????????IG,t|eMID`GH_a@E@A?`_GG@@_CB?GA?GB?C?o@?E?G?W?_?_@?@o@??O?_?M?G??_@??E?C??K?G??K?G??E?C??@_@???K?G???w?_???_@???@o@????O?_???M?G????_B????F?C????E?G????E?G????B?C?????o@?????F?G?????G@_?????w@??????S@??????F?_??????oG??????FP???????B{,2,2
102,~?@esP@H?OC?O`?@??_?G?B??G??O??O??G??E???_??A?_?K???G???C???@?G??W???@????A?G??E????A?????_????C?????O?????_?????_@????o?????C??????_?????A?C????C??????C??????A?C????@_??????K???????_??????@?@?????B????????_???????G???????@?@??????K????????G????????G?G??????K????????@?????????G?????????_?_??????@?????????@??????????_?_???????G?G???????B??????????C??????????G??????????G?G????????C??????????@???????????G?G????????@_??????????@_??????????@????????????_?_?????????C????????????_???????????A?C??????????K????????????C????????????A?C??????????@_????????????C?????????????O?????????????_@????????????_@????????????W?????????????E??????????????O?????????????@_?????????????@??????????????@?G?????????????_C?????????????W???????????????_??????????????A?_?????????????E???????????????E???????????????@?_??????????????G???????????????@`???????????????B????????????????@g,t|eMID`GH_a@E@A?`_GG@@_CB?GA?GB?C?o@?C?G?w?_?_@?@o@??O?_?K?G?@_@??E?C??K?G??K?G??C?C??B?@???[?G???_?_??B_@???@?@???@o?_???G?W???B?@????K?C????W?G????[?G????E?C????@?@?????]?G?????O@_????@o@??????gB??????M?_?????@_G??????N@???????I{,2,2
102,~?@esP@@?OC?O`?@@@_?O?A??W??_??_??O??C???_??A???C???K???C???@?G??G???@_???A????A?G??B?????_????C?G???o????@_????@??????_?????G?????@_?????C??????G??????G?G????C??????@???????G?G?????_??????@?@?????@????????_???????W???????B????????G????????O?G??????O?G??????W????????A?????????O?G??????B?????????A?????????A?@???????@_?????????W?????????A??????????G?C????????O??????????O??????????C??????????@???????????G?G?????????_??????????@???????????@?@??????????_???????????G?G?????????@?@??????????C????????????K????????????K????????????E????????????@_????????????C?????????????O?_??????????@_?????????????_?????????????O?_???????????B??????????????O?????????????@?C????????????A??????????????A?G????????????@_??????????????G??????????????@?G?????????????C?_?????????????K???????????????C@??????????????B????????????????W???????????????@@???????????????A_???????????????@W,t|eMID@WH?e@C@E?`?GW@@?CF?GA?GB?C?_@?K?G?o?_@_@?@_@??_?_?[?G?@?@??K?C??W?G??[?G??E?C??@_@???G?G??@_?_??B?@???B?@???@o?_???G?G???B_@????C?K????W?G????W?G????M?C????@o@?????C?G?????w?_?????o@??????w@??????I@_?????@oG??????F`???????F[,0,0
102,~?@esP@@?PC?O`?@?@_?O?A??G??O??O??GC?E???_??A???C???K???C???@?G??W???@????A?G??A????@?????O????E?????W?????_?????_@????O?????C??????_?????A?C????C??????C?G????E??????@_??????G???????_??????@?@?????@????????o???????G???????@?@??????K????????G????????G?G??????C????????@?????????G?????????_????????B?????????@_?????????_?????????G?G???????@?@????????C??????????G??????????G?G????????E??????????@_??????????K???????????o??????????@???????????@?@??????????_?_?????????G????????????_???????????A?C??????????K????????????C????????????A?C???????????_????????????C?????????????O?_???????????_?????????????W?????????????K?????????????@??????????????G??????????????_C????????????@_?????????????@_??????????????W??????????????E???????????????W??????????????@_??????????????@???????????????@@???????????????__??????????????GG??????????????@_???????????????B?????????????????w,t|eMID@WH_a@E@A?`_GK@?oC@?GB?G@?C?o@?E?G?W?_?_@?@o@??O?_?K?G?@_@??E?C??K?G??G?G??M?C??@?@???[?G???o?_??@_@???@?@???@o?_???G?G???B_@????E?C????K?G????K?G????F?C?????_@?????N?G?????K@_?????OD??????w@??????G@_?????F?G??????[B???????xS,0,0
102,~?@esP@@?PC?O`?@?@_?O?A??G??O??O??GC?E???_??A???C???K???C???@?G??W???@????A?G??A????@?????O????E?????W?????_?????_@????O?????C??????_@????A??????C??????C?G????E??????@_??????G???????_??????@???????@????????o???????G???????@?@??????E????????G????????G?G??????C????????@?@???????G?????????_????????B?????????B?????????@_?????????O?????????A?@????????G?C????????O??????????O?G????????G??????????A???????????O?G????????@_??????????B???????????A???????????@??_?????????O???????????A?@??????????G????????????G????????????G?G??????????E????????????@?????????????G?G???????????_????????????@?@???????????@?@????????????_?????????????K??????????????o?????????????B??????????????A??????????????A?G????????????@?C?????????????W???????????????o??????????????A???????????????C@??????????????C@??????????????A?_??????????????_G??????????????A????????????????KC???????????????Go,t|eMID@WH_a@E@A?`_GK@?oC@?GB?G@?C?o@?E?G?W?_?o@??o@??O?_?K?G?@_@??E?C??K?G??G?G??K?C??B?@???O?G??B_?_??B?@???B?@???@_?_???W?G???A?@????W?C????w?G????W?G????K?C????B?@?????[?G?????_?_????Bo@??????oB??????[?_?????AKG??????}@???????Mw,0,0
102,~?@esP@@?PC?O`?@?@_?O?A??G??O??O??G??E???_??A???C???K???C???@?G??W???@????A?G??E????A?????_@???C?????o????@_????@??????_?_???G?????@??????C?C????G??????G??????C??????@???????K???????_??????@???????@?@??????_???????K???????@????????C?C??????K????????G????????C?C??????B?????????W????????@?????????A?@???????A?@???????B??????????W?????????A??????????G?C????????O?G????????O??????????G?C????????A???????????O??????????@???????????A?@?????????A????????????_???????????G???????????@?@??????????C????????????C????????????C?G??????????B?????????????_????????????C?G???????????o?????????????o?????????????o?????????????W?????????????B??????????????W??????????????_?????????????@?G????????????@?G?????????????_??????????????G@?????????????@?G?????????????C?_?????????????G???????????????G@??????????????E????????????????O???????????????A@???????????????BC???????????????B_,t|eMID@WH_a@E@A?`_GG@@_CB?GA?GB?C?_@?K?G?o?_@_@?@_@??o?_?G?G?B?@??K?C??O?G??w?G??K?C??A?@???w?G??@??_??F?@???B?@???@_?_???W?G???B?@????G?C????o?G????w?G????G?C????F_@?????G?W????@o?_????@?@?????Bo@??????W@_?????F?g??????Ox??????BsC,2,2
102,~?@esP@@?PC?O`?@?@_?O?A??G??O??O??GC?E???_??A???C???K???C???@?G??W???@????A?G??A????@?????O????E?????W?????_?????_@????O?????C??????_@????A??????C??????C?G????E??????@_??????G???????_??????@?@?????@????????o???????G???????@?@??????E????????G????????G?G??????C????????@?@???????G?????????_????????B?????????@_?????????_?????????G?G???????@??????????C??????????G?G????????G??????????C??????????@?@?????????K???????????o??????????@???????????@????????????_?_?????????G???????????@_???????????C????????????G?G??????????K????????????C????????????@?@???????????G?????????????_?_??????????@?@???????????@?????????????@_?????????????K?????????????@_?????????????A??????????????C??????????????C?G????????????A?C?????????????o??????????????@_??????????????C???????????????K???????????????E???????????????B????????????????G???????????????@`???????????????AW???????????????M?,t|eMID@WH_a@E@A?`_GK@?oC@?GB?G@?C?o@?E?G?W?_?o@??o@??O?_?K?G?@_@??E?C??K?G??G?G??M?C??@?@???[?G???o?_??@_@???@_@????o?_???G?G???B?@????M?C????K?G????K?G????C?C????B_@?????G?W????@o?_????@_B?????@_@??????w?_?????CWG?????@{@???????Tw,2,2
102,~?@esP@@?PC?O`?@?@_?O?A??G??O??O??GC?E???_??A???C???K???C???@?G??W???@????A?G??A????@?????O????E?????W?????_?????_@????O?????C??????_@????A??????C??????C?G????E??????@_??????G???????_??????@?@?????@????????o???????G???????@?@??????E????????G????????G?G??????C????????@?@???????G?????????_????????B?????????@_?????????_?????????G?G???????@?@????????C??????????G?G????????G??????????C??????????@?@?????????K???????????o??????????@???????????@????????????_?_?????????G????????????_???????????A?C??????????E????????????C????????????A?C???????????_????????????C?G???????????O?_???????????_????????????@_?????????????W?????????????E??????????????O?????????????@?C????????????A??????????????B???????????????W??????????????C???????????????_G?????????????A?_?????????????E???????????????B???????????????@????????????????WG??????????????@A???????????????B????????????????AW,t|eMID@WH_a@E@A?`_GK@?oC@?GB?G@?C?o@?E?G?W?_?o@??o@??O?_?K?G?@_@??E?C??K?G??G?G??M?C??@?@???[?G???o?_??@_@???@_@????o?_???G?G???B?@????M?C????K?G????K?G????C?C????B_@?????G?G????@w?_?????oB??????oD??????W?_?????CWG?????@{@???????[w,2,2
102,~?@esP@@?PC?O`?@?@_?O?A??G??O??O??GC?E???_??A???C???K???C???@?G??W???@????A?G??A????@?????O????E?????W?????_?????_@????O?????C??????_@????A??????C??????C?G????E??????@_??????G???????_??????@?@?????@????????o???????G???????@?@??????E????????G????????G?G??????C????????@?@???????G?????????_????????B?????????@_?????????_?????????G?G???????@?@????????C??????????G?G????????G??????????C??????????@?@?????????K???????????o??????????@???????????@?@??????????_?_?????????G????????????_???????????A?C??????????E????????????C????????????A?C???????????_????????????C?G???????????O?????????????_?????????????W?????????????K?????????????@??????????????G@?????????????_C????????????@_??????????????o??????????????W??????????????E???????????????O??????????????@?_?????????????@???????????????@@???????????????__??????????????GG??????????????@_???????????????B?????????????????w,t|eMID@WH_a@E@A?`_GK@?oC@?GB?G@?C?o@?E?G?W?_?o@??o@??O?_?K?G?@_@??E?C??K?G??G?G??M?C??@?@???[?G???o?_??@_@???@_@????o?_???G?G???B?@????M?C????K?G????K?G????F?C?????_@?????N?G?????K@_?????[@??????G@??????N?_??????oW??????FD???????Jc,0,0
102,~?@esP@@?OC?O`?@?@_?O?A??W??_??_??O??C??@_??C???G@??G???K???A????O@??@????E????C????A?C??@_????G?????_????@?????@_?????_?????G?G???@??????E??????G??????G??????C??????@???????G?G?????_??????B???????B???????@????????O?G?????A????????K????????O????????O?G??????G?C??????E?????????o????????A?????????C?@???????E?????????A??????????_?G???????C??????????O?C????????o??????????_??????????O?C????????C???????????O??????????@???????????A?@?????????A???????????@????????????O?G?????????A????????????K????????????G????????????G?G??????????C?C??????????@_????????????K?????????????o?????????????o?????????????o?????????????K?????????????A??????????????O@????????????@?C????????????@??????????????@?G?????????????_??????????????G@?????????????@?G?????????????C???????????????G@??????????????G@??????????????B????????????????W????????????????o????????????????o????????????????w,t|eMID@WH?e@C@E?`?GW@@?CE?GE?GB?C?_@?K?G?o?_@_@?@_@??_?_?W?G?B?@??G?C??w?G??O?G??W?C??E?@???o?G??B??_??C?@???M?@???B??_???w?G???A?@????[?C????W?G????[?G????C?C????B_@?????M?G?????W?_?????w@??????[@??????F?_??????wG??????Bp???????B{,2,2
102,~?@esP@@?OC?O`?@@@_?O?A??W??_??_??O??C???_??A???C@??K???C???@?G??G???@_???A????A?G??B?????_????C?G???o?????_?????_?????O?????E??????_?????A??????C??????C??????A???????_??????C???????O?_?????_@?????@_???????o???????G???????@?@??????C?C??????W????????W????????G????????A?@???????o????????B?????????C?????????C?@???????@??????????O?????????A??????????G??????????G??????????G??????????C?C????????@???????????G???????????_??????????@?@?????????@????????????o???????????K???????????@_???????????E????????????K????????????K????????????B?????????????_????????????C?G???????????o?????????????o?????????????o?????????????G?????????????A?G????????????O?????????????@??????????????A?G????????????A?G????????????@?C?????????????O??????????????A?G?????????????G?_?????????????W???????????????K???????????????E????????????????GG??????????????@@???????????????B????????????????AW,t|eMID@WH?e@C@E?`?GW@@?CF?GA?GB?C?o@?E?G?W?_?o@??_@??o?_?K?G?@?@??K?C??W?G??O?G??[?C??B?@???W?G??@_?_??B?@???B_@????_?_???[?G???@_@????C?C????W?G????[?G????C?C????B_@?????K?W?????o?_????@_@?????@o@??????]?_?????@?w??????]@???????VK,2,2
102,~?@esP@@?OC?O`?@?@_?O?A??W??_??_??O??C@?@_??C???G@??G???K???A????O@??@????E????C????A?C???_????C?????O?????o?????_?????O?_???C??????o?????A??????C??????C??????A???????_@?????K???????o??????@???????@?@??????_???????K???????@????????C?C??????G?G??????W????????K????????A?????????O?G??????@?????????A?????????A?????????@??_???????W?????????A??????????G?C????????O??????????G??????????C??????????@???????????G?G?????????o??????????@_??????????@_???????????O???????????C?G??????????_@??????????B????????????E????????????E????????????B?????????????O????????????A?G???????????G?????????????O?????????????O@????????????C?????????????@?G????????????G??????????????_C????????????@??????????????@?G?????????????o??????????????K???????????????o??????????????@_??????????????@_???????????????_???????????????O_??????????????CG???????????????`???????????????AC???????????????EG,t|eMID@WH?e@C@E?`?GW@@_CB?GB?G@?C?o@?E?G?W?_?o@??_@??o?_?K?G?@?@??K?C??W?G??W?G??K?C??B?@???O?G??B_?_??B?@???B_@????_?_???W?G???B_@????C?C????[?G????K?G????F?C?????o@?????F?G?????M?_?????K@??????M@??????A@_?????@oG??????FB???????NS,2,2
102,~?@esP@H?OC?O`?@??_?G?B??G??O??O??G??E???_??A?_?K???G???C?_?@????W???@????A?G??E????A?????_????C?????O?????_@????_?????W?????C??????_@????A??????C??????C??????A??????@_??????K???????_??????@?@?????@_???????_???????G?G?????@????????E????????K????????K????????E????????@?????????G?G???????_????????@?????????@??????????_?_???????G?????????@_?????????C??????????G?G????????G??????????C??????????@???????????G???????????o??????????@_??????????@_???????????W???????????C????????????_@??????????A????????????E????????????E????????????B?????????????o????????????C?????????????O?_???????????_@????????????_?????????????O?_???????????C??????????????o?????????????B??????????????A??????????????A?G????????????@???????????????O@?????????????@_??????????????B???????????????E???????????????B????????????????o???????????????E????????????????P???????????????@_???????????????@W,t|eMID`GH_a@E@A?`_GG@@_CB?GA?GB?C?o@?E?G?W?_?o@??o@??W?_?E?G??_@??E?C??K?G??K?G??C?C??B_@???K?G???o?_??@_@???@_@????o?_???K?G???@_@????C?C????[?G????K?G????E?C????@o@?????E?G?????W?_?????w@??????[@??????E?_?????@wG??????Bb???????Fs,0,0
102,~?@esP@H?OC?O`?@??_?G?B??G??O??O??G??E???_??A?_?K???G???C???@?G??W???@_???B????A????@?????O????A?????G?_???O?????o?????G?????A??????O?????@??????A??????E??????B???????_??????C?G?????W???????_???????_???????O?_?????K???????@_???????E????????K????????G????????C?C??????@?????????G?????????_????????@?@???????@?????????@_?????????G?????????@??????????C??????????G??????????G??????????C??????????@_??????????K???????????o???????????o???????????_???????????W???????????E????????????o???????????B????????????E????????????E????????????A?????????????_@???????????C?G???????????O?????????????_@????????????_?????????????o?????????????C??????????????_@????????????A??????????????C?G????????????C??????????????A?C?????????????W??????????????@_??????????????C???????????????K@??????????????E???????????????@_???????????????K????????????????`???????????????A_???????????????@W,t|eMID`GH_a@E@B?__GK@?oC@?GB?G@_C?O@?F?G?G?_?o@??o@??W?_?C?G?@_@??E?C??K?G??G?G??M?C??@_@???G?G??@o?_??@?B???B?@???@_?_???W?G???B?@????G?C????w?G????W?G????K?C????B_@?????K?G?????g?_?????w@??????[@??????E?_?????@wG??????Bb???????Fs,2,2
102,~?@esP@@?PC?O`?@?@_?O?A??G??O??O??G??E???_??A???C???K???C???@?G??W???@????A?G??E????A?????_????C?????o????@_????@??????_?_???G?????@??????C?C????G??????G??????C?C????@???????W??????@_??????A???????A???????@??_?????O???????B????????G????????O?G??????W????????G????????A?@???????W????????@?????????A?@???????A?????????@??????????o?????????B??????????G??????????O?G????????O?G????????G??????????A?@?????????O??????????@???????????A?@?????????A???????????@_???????????W???????????A????????????G?C??????????O?G??????????O????????????C????????????@?@???????????K?????????????o?????????????o?????????????_?????????????O?_???????????C?G????????????_?????????????@_?????????????B??????????????@???????????????_C?????????????G??????????????@?G?????????????C?_?????????????E???????????????E???????????????@_???????????????K????????????????W????????????????o????????????????w,t|eMID@WH_a@E@A?`_GG@@_CB?GA?GB?C?_@?K?G?o?_@_@?@_@??o?_?G?G?B_@??C?C??W?G??W?G??K?C??A?@???w?G??@??_??F?@???B?@???@_?_???W?G???B?@????M?C????G?G????[?G????E?C????@_@?????M?G?????O?_????@w@??????WB??????KA_?????B_G??????N@???????M[,2,2
102,~?@esP@H?OC?O`?@??_?G?B??G??O??O??G??E???_??A?_?K???G???C?_?@????W???@????A?G??E????A?????_????C?????O?????_?????_?????W?????C??????_?????A??????C??????C?G????A??????@_??????K???????o??????@_??????@_???????_???????G?G?????@?@??????K????????W????????O????????G?C??????B?????????O????????@?????????A?@???????A?????????@??????????O?????????A??????????C??????????G??????????G?G????????C??????????@???????????G?G?????????_??????????B???????????@_???????????o???????????K???????????@_???????????E????????????K????????????E????????????B?????????????W????????????A?????????????G?????????????O@????????????O?????????????G?_???????????A??????????????O?????????????@?C????????????A?G????????????A??????????????@?C?????????????O@?????????????E???????????????K???????????????K???????????????K???????????????@_???????????????C????????????????o???????????????@K???????????????B_,t|eMID`GH_a@E@A?`_GG@@_CB?GA?GB?C?o@?E?G?W?_?_@?@_@??o?_?G?G?B_@??C?C??W?G??W?G??K?C??B?@???W?G??@_?_??B_@???@?@???@o?_???K?G???@o@????A?C????K?G????M?G????B?C?????o@?????E?G?????[?_?????[@??????M@??????B?_??????wG??????Bb???????Fs,2,2
102,~?@esP@H?OC?O`?@??_?G?B??G??O??O??G??E???_??A?_?K???G???C?_?@????W???@????A?G??E????A?????_????C?????O?????_@????_?????W?????C??????_?????A??????C??????C?G????A??????@_??????K???????_??????@?@?????@_???????_???????G?G?????@?@??????K????????W????????O????????G?C??????B?????????O????????@??_??????A?????????A?????????@??????????O?G???????A??????????C??????????G??????????G??????????C??????????@???????????G?G?????????_??????????@_??????????@_???????????o???????????E????????????o???????????B????????????E????????????E????????????B?????????????W????????????A?????????????G?_???????????O@????????????O?????????????G?_???????????A??????????????O@????????????@??????????????A?G????????????A??????????????@?C?????????????O??????????????@_??????????????B???????????????B???????????????@_???????????????W???????????????E????????????????P???????????????@C???????????????BG,t|eMID`GH_a@E@A?`_GG@@_CB?GA?GB?C?o@?E?G?W?_?_@?@_@??o?_?G?G?B_@??C?C??W?G??W?G??K?C??A?@???w?G??@_?_??B_@???@?@???@_?_???W?G???B?@????M?C????G?G????[?G????E?C????@_@?????M?G?????[?_?????W@??????[@??????F?_??????_w??????N@???????NK,2,2
102,~?@esP@@?OC?O`?@@@_?O?A??W??_??_??O??C???_??A???C???K???C???@?G??G???@_???A????A?G??B?????_????C?G???o????@_????@??????_?_???G?????@_?????C??????G??????G??????C??????@???????G?G?????_??????@?@?????@????????_???????K???????@????????C?C??????G?G??????W????????K????????A?????????O?G??????B?????????A?????????A?@???????@_?????????W?????????A??????????G?C????????O??????????G??????????C??????????@?@?????????G???????????_??????????@???????????@?@??????????_???????????G?G?????????@?@??????????C????????????K????????????K????????????E?????????????o????????????C?????????????O?_??????????@_?????????????_?????????????O?_???????????B??????????????O?????????????@?C????????????A??????????????A?G????????????@?C?????????????O@?????????????A???????????????G?_?????????????O@??????????????W???????????????C???????????????@_???????????????@@???????????????CS???????????????F?,t|eMID@WH?e@C@E?`?GW@@?CF?GA?GB?C?_@?K?G?o?_@_@?@_@??_?_?W?G?B?@??G?C??o?G??o?G??[?C??B?@???W?G??@??_??F?@???B?@???@o?_???G?G???B_@????E?C????G?G????W?G????K?C????B_@?????M?G?????O?_????@o@??????w@??????N?_??????`w??????MP???????]C,0,0
102,~?@esP@H?OC?O`?@??_?G?B??G??O??O??G??E???_??A?_?K???G???C???@????W???@_???B????A????@?????O????A?????G?_???O?????o?????W?????C??????_@????A??????C??????C??????E??????@_??????G???????_?_????@_??????@????????_???????G?G?????@????????E????????K????????K????????C????????@?@???????G?????????_????????@?????????@?@????????_?????????W?????????@_?????????C??????????G?G????????G??????????C??????????@???????????K???????????o??????????@_???????????o???????????O???????????C????????????_@??????????A????????????E????????????E????????????B?????????????_????????????C?G???????????O?_???????????_?????????????_@????????????O?_???????????K??????????????o?????????????B??????????????A??????????????A?G????????????@???????????????K???????????????O??????????????@???????????????A@??????????????B????????????????o???????????????M????????????????o???????????????@_???????????????@W,t|eMID`GH_a@E@B?__GK@?oC@?GB?G@_C?O@?E?G?W?_?o@??o@??W?_?C?G?@_@??E?C??K?G??G?G??M?C??@_@???G?G??@o?_??@_@???@_@????o?_???K?G???@?@????M?C????K?G????K?G????F?C?????o@?????C?G?????w?_?????w@??????[@??????CC_?????BoG??????Fb???????Fo,2,2
102,~?@esP@@?OC?O`?@?@_?O?A@?W??_??_G?O??C@?@_??C???G@??G???C???@????G????_???@?G??@?????_????G????@_????C?????G@????W?????K?????A??????O@????@??????A?G????E??????B???????_??????C?G?????O???????_???????_???????O???????C????????_???????A?C??????C????????C????????A?????????_@???????E?????????O?????????_@???????@_?????????o?????????K?????????@_?????????A??????????C?G????????K??????????E???????????_??????????C?G?????????O???????????_???????????_???????????O?_?????????C????????????_???????????A?C??????????C????????????C????????????A?C???????????_@???????????E?????????????W?????????????o?????????????W?????????????K?????????????@??????????????G@????????????@_??????????????_??????????????_G?????????????O??????????????C???????????????_G?????????????A?_?????????????C@??????????????C???????????????B????????????????W???????????????B????????????????@c???????????????B_,t|eMID@WH?e@E@A?`_GK@?oC@_G@?G@oC?G@?B?G?K?_?W@??O@??W?_?E?G??o@??B?C??E?G??C?G??F?C???_@???K?G???o?_??@o@????_@????o?_???K?G???@_@????F?C????E?G????C?G????F?C?????_B?????M?G?????[?_?????OF??????o@??????W?_?????F_G??????KB???????hs,2,2
102,~?@esP@@?OC?O`?@?@_?O?A@?W??_??_??O??C??@_??C???G@??G???C???@????G@??@_???A????A?G??B?????_????C?G???O?????o?????_?????O?_???K??????_?????A??????C??????C??????A???????_??????E???????O???????_@??????_???????O???????C????????_@??????E????????K????????K????????E????????@_????????G?????????_?_??????@?@???????@_?????????_?????????G?G???????B??????????C??????????G??????????G??????????C??????????@???????????G?G?????????_???????????_???????????_@??????????O???????????C????????????o???????????B????????????E????????????E????????????B?????????????W????????????B?????????????E?????????????K?????????????K?????????????A??????????????_G????????????C??????????????O??????????????_G?????????????_??????????????OC?????????????C???????????????o??????????????@_??????????????B???????????????@_???????????????W???????????????E????????????????P???????????????@C???????????????BG,t|eMID@WH?e@C@E?`?GW@@?CE?GE?GB?C?_@?M?G?O?_@o@??_@??o?_?K?G?@_@??E?C??G?G??[?G??E?C??@_@???G?G??@o?_??@?@???B_@????_@_???W?G???B?@????K?C????[?G????G?G????N?C?????oB?????C?G?????w?_?????gB??????[@??????E?_?????@oG??????D`???????D{,2,2
102,~?@esP@@?OC?O`?@@@_?O?A@?W??_??_??O??C???_??A???C???C???A????_G??K????o???@_???@?????_C???W????B?????G?????O@????o?????G?????A??????O?????@??????A??????A??????@???????O??????A???????G???????O???????O@??????W???????E????????o???????B????????E????????E????????B?????????o????????C?????????O?_??????@_?????????_?????????O?????????C??????????_?????????A??????????C??????????C??????????A?C?????????_??????????C???????????O???????????o???????????o???????????W???????????E????????????o???????????B????????????E????????????B????????????@_????????????W????????????B?????????????C?????????????G@????????????G?????????????C?????????????@??????????????G@?????????????_C????????????@??????????????@???????????????o??????????????E???????????????o??????????????B???????????????@_??????????????@_???????????????o???????????????CG???????????????`???????????????B????????????????AW,t|eMID@WH?e@C@E?`_GG@@oC@?GB?G@?C?w@?A?G?[?_?O@??o@??W?_?E?G??_@??F?C??C?W??K?G??E?C??@?@???[?G???_?_??B_@???@?B???@_?_???W?G???B?@????K?C????S?G????M?G????B?C?????_@?????M?G?????S@_?????[@??????K@??????E?_?????@wG??????BB???????Js,2,2
102,~?@esP@@?OC?O`?@?@_?O?A@?W??_??_??O??C??@_??C???G@??G???C???@????G@??@_???A????A?G??B?????_????C?G???O?????o?????_?????O?_???K??????_?????A??????C?G????C??????A???????_??????E???????O???????_@??????_???????O???????C????????_@??????E????????C????????C?G??????E????????@_????????G?????????_?_??????@?@???????@_?????????_?????????G?G???????B??????????C??????????G??????????G?G????????C??????????@???????????G???????????_???????????_???????????_@??????????O???????????C????????????o???????????B????????????A????????????A?G??????????B?????????????o????????????E?????????????W?????????????W?????????????O?????????????G?_???????????E??????????????W??????????????_?????????????@?G????????????@???????????????_??????????????G@?????????????@?G?????????????C?_?????????????G???????????????K???????????????A@_??????????????o???????????????E????????????????AC???????????????Cg,t|eMID@WH?e@C@E?`?GW@@?CE?GE?GB?C?_@?M?G?O?_@o@??_@??w?_?C?G?@_@??E?C??G?G??[?G??E?C??@_@???G?G??@o?_??@?@???B_@????_@_???[?G???@?B????K?C????W?G????W?G????G?C????F_@?????K?W?????_?_????B_@?????@S@??????F?_??????oG??????Ep???????B{,0,0
102,~?@esP@@?OC?O`?@?@_?O?A@?W??_??_??O??C??@_??C???G@??G???C???@????G???@_???A????A?G??B?????_????C?G???O?????o?????_?????O?_???K?????@_?????C??????G??????G?G????C??????@???????G???????o??????@???????@?@??????_???????G???????@????????C?C??????G????????W????????C????????@?@???????W????????@_????????A?????????A?@???????@??_???????W?????????A??????????G?C????????o??????????W??????????G??????????A???????????O?G????????@???????????A???????????A???????????@??_?????????G???????????@?@??????????C????????????G????????????G?G??????????C?C??????????@?@???????????W?????????????_????????????@?@???????????B?????????????@_?????????????K??????????????o?????????????A??????????????C?G????????????@?G?????????????o??????????????C???????????????_G?????????????A???????????????C@??????????????C@??????????????A????????????????W???????????????@B???????????????E????????????????BG,t|eMID@WH?e@C@E?`?GW@@?CE?GE?GB?C?_@?M?G?O?_@_@?@_@??_?_?[?G?@?@??K?C??W?G??O?G??[?C??B?@???W?G??@??_??F?@???A?@???B_?_???W?G???A?@????[?C????O?W????o?G????W?C????E?@?????{?G?????o@_????@?@?????B_@??????{?_?????A_w??????MH???????ZC,2,2
102,~?@esP@H?OC?O`?@??_?G?B??G??O??O??G??E???_??A?_?K???G???C???@?G??W???@????A?G??E????A?????_@???C?????O?????_?????_?????o?????C??????_?????A?C????C??????C??????A???????o??????E???????W???????o???????_???????O???????C?G?????@_???????A????????C?G??????K????????E????????@?????????G?G???????_????????@?????????@??????????_?????????W?????????@??????????C??????????G?G????????G??????????C??????????@???????????G???????????o??????????@_??????????@_???????????o???????????G???????????@_???????????E????????????C????????????C?G??????????E????????????@_????????????K?????????????o?????????????_?????????????_@????????????O?????????????C?G???????????@_?????????????B??????????????A??????????????A?G????????????@???????????????O@?????????????B???????????????E???????????????C???????????????E???????????????@@_??????????????W???????????????@_???????????????AC???????????????Cg,t|eMID`GH_a@E@A?`_GG@@_CB?GA?GB?C?o@?C?G?w?_?_@?@o@??O?_?K?G?@_@??C?C??[?G??K?G??E?C??@_@???K?G???_?_??B_@???@?B???@o?_???G?W???B?@????K?C????W?G????O?G????[?C????B?B?????W?G????@_?_????B?@?????Ag@??????M?_?????@oG??????Dp???????B{,2,2
102,~?@esP@@?OC?O`?@?@_?O?A@?W??_??_??O??C??@_??C???G@??G???C???@????G@??@_???A????A?G??B?????_????C?????O?????o?????_?????O?_???K??????_?????A??????C?G????C??????A???????_??????K???????o??????@???????@?@??????_???????G???????@????????C?C??????W????????G????????C?C??????B?????????W????????@?????????A?????????A?@???????@??????????W?????????A??????????G?C????????o??????????O??????????G??????????A?@?????????O??????????@???????????A?@?????????A???????????B????????????W???????????B????????????C????????????G????????????K????????????E?????????????o????????????E?????????????K?????????????O?????????????O@????????????G?_???????????B??????????????W?????????????@_?????????????@??????????????@?G?????????????_??????????????G@?????????????@???????????????B???????????????A???????????????B????????????????o???????????????E????????????????w???????????????@_???????????????@g,t|eMID@WH?e@C@E?`?GW@@?CE?GE?GB?C?_@?M?G?O?_@o@??_@??w?_?C?G?@_@??E?C??G?G??W?G??K?C??B?@???W?G??@??_??F?@???A?@???B_?_???O?W???F?@????K?C????[?G????G?G????K?C????B_@?????M?G?????O?_????@o@??????gB??????M?_?????@oG??????CV???????}C,2,2
102,~?@esP@@?OC?O`?@?@_?O?A@?W??_??_??O??C??@_??C???G@??G???C???@????G@??@_???A????A?G??B?????_????C?????O?????o?????_?????O?_???K??????_?????A??????C??????C??????A???????_@?????K???????o??????@???????@?@??????_???????G???????@????????C?C??????W????????W????????K????????B?????????G?????????_????????@?@???????@??????????o?????????G?????????@?@????????K??????????G??????????G??????????C??????????@???????????G???????????_?_????????B???????????@_???????????o???????????C????????????_???????????B????????????E????????????E????????????B?????????????o????????????A?????????????G?????????????O@????????????W?????????????K?????????????B??????????????G??????????????_C????????????@??????????????@_??????????????o??????????????E???????????????O??????????????@_??????????????@_??????????????@_???????????????O???????????????EG???????????????o???????????????@C???????????????BG,t|eMID@WH?e@C@E?`?GW@@?CE?GE?GB?C?_@?M?G?O?_@o@??_@??o?_?K?G?@_@??E?C??K?G??K?G??E?C??@_@???G?G??@o?_??@?@???B_@????_@_???W?G???B?@????K?C????W?G????W?G????M?C????@o@?????C?G?????w?_?????gB??????[@??????E?_?????@oG??????F`???????D{,2,2
102,~?@esP@@?OC?O`?@?@_?O?A@?W??_??_??O??C??@_??C???G@??G???C???@????G@??@_???A????A?G??B?????_????C?????O?????o?????_?????O?_???K??????_?????A??????C?G????C??????A???????_@?????K???????o??????@???????@?@??????_???????G???????@????????C?C??????W????????G????????C?C??????B?????????G?????????_????????@?@???????@??????????o?????????G?????????@?@????????K??????????G??????????G??????????C?C????????@???????????G???????????_?_????????B???????????@_???????????_???????????G?G?????????@????????????C????????????K????????????K????????????A?????????????_@???????????K?????????????O?????????????_@????????????_@????????????O?????????????E??????????????o?????????????B??????????????B??????????????@???????????????_??????????????G@??????????????o??????????????B???????????????A???????????????B????????????????`_??????????????W???????????????@_???????????????B?????????????????w,t|eMID@WH?e@C@E?`?GW@@?CE?GE?GB?C?_@?M?G?O?_@o@??_@??w?_?C?G?@_@??E?C??K?G??K?G??E?C??@_@???G?G??@o?_??@?@???B_@????_@_???[?G???@?B????K?C????W?G????W?G????M?C????@_@?????K?G?????_?_????B_@?????@SB??????EA_?????@_G??????N@???????M[,2,2
102,~?@esP@@?OC?O`?@?@_?O?A@?W??_??_??O??C??@_??C???G???G???C???@????G@??@_???A????A?G??B?????_????C?????O????@_????@_?????_?????G?G???B??????C??????G??????G?G????C??????@???????G?G????@_??????B???????A???????@????????O?G?????A????????G????????O????????O?G??????W????????A?????????O?G??????B?????????A?????????A?????????@??_???????O?????????E??????????K??????????O??????????O?G????????W??????????A???????????O??????????@??_????????A???????????A???????????@??_?????????o???????????B????????????G????????????O?G??????????O?G??????????G?C??????????A?????????????W????????????@_????????????@?????????????@?@???????????@_?????????????G?????????????@?@????????????C?C????????????G??????????????A?G????????????@?C?????????????o??????????????B???????????????C???????????????G@??????????????G@??????????????B????????????????G???????????????@_???????????????AK???????????????B_,t|eMID@WH?e@C@E?`?GW@@?CE?GE?GA?C@_@?G?G@o?_@?@?B_@??_?_?[?G?@?@??K?C??W?G??W?G??K?C??B?@???O?G??B_?_??A?@???F?@???@??_???w?G???A?B????[?C????O?W????o?G????W?C????E?@?????w?G????@_?_????B_@?????@o@??????T?_??????wG??????Bp???????B{,0,0
102,~?@esP@@?OC?O`?@?@_?O?A@?W??_??_??O??C??@_??C???G@??G???C???@????G@??@_???A????A?G??B?????_????C?????O?????o?????_?????O?_???K??????_?????A??????C?G????C??????A???????_@?????K???????o??????@???????@?@??????_???????G???????@????????C?C??????W????????G????????C?C??????B?????????G?????????_????????@?????????@??????????o?????????G?????????@?@????????K??????????G??????????G??????????C?C????????@???????????G???????????_?_????????B???????????B???????????@_???????????W???????????@????????????C????????????K????????????K????????????A?????????????_@???????????K?????????????O?????????????_@????????????_?????????????O?_???????????E??????????????_?????????????A?C????????????K??????????????E??????????????@???????????????O@?????????????A?G?????????????K???????????????K???????????????C@??????????????A????????????????o???????????????AB???????????????CO???????????????IG,t|eMID@WH?e@C@E?`?GW@@?CE?GE?GB?C?_@?M?G?O?_@o@??_@??w?_?C?G?@_@??E?C??K?G??K?G??E?C??@_@???G?G??@o?_??@?@???B_@????_@_???[?G???@?B????K?C????W?G????W?G????K?C????B?@?????[?G?????_?_????B_@?????@S@??????F?_??????wG??????Bp???????B{,2,2
102,~?@esP@@?OC?O`?@?@_?O?A??W??_??_??O??C@?@_??C???G???G@??K???A????O???@?C??E????C????A?C???_????C?????O?_??@_?????_?????O?????C?????@_?????A??????C??????C?G????A???????_@?????K???????O???????_???????_@??????o???????K???????@????????C????????G?G??????W????????C????????@?@???????G?????????_????????@?@???????B??????????_?????????G?????????@??????????C??????????W??????????G??????????C??????????@?@?????????G???????????_?_????????B???????????@????????????o???????????K???????????@_???????????E????????????G????????????K????????????E?????????????_????????????C?G???????????O?????????????_?????????????_@????????????o?????????????C??????????????_@????????????A??????????????C?G????????????K??????????????B???????????????W??????????????B???????????????C???????????????K@??????????????E???????????????@????????????????W???????????????@B???????????????CO???????????????IG,t|eMID@WH?e@C@E?`?GW@@_CB?GA?GB?C?o@?E?G?O?_@o@??_@??w?_?C?G?@_@??E?C??M?G??C?G??E?C??@_@???K?G???o?_??@?@???B_@????_@_???[?G???@?B????K?C????W?G????[?G????C?C????B_@?????K?G?????o?_????@_@?????@S@??????F?_??????wG??????Bp???????B{,2,2
102,~?@esP@@?OC?O`?@?@_?O?A@?W??_??_??O??C??@_??C???G???G???C???@????G@??@_???A????A?G??B?????_????C?????O????@_????@_?????_?????G?G???B??????C??????G??????G?G????C??????@?@?????G??????@_??????B???????A???????@??_?????O???????A????????G????????O????????O?G??????W????????A?????????O?G??????@_????????A?????????A?????????@??_???????O?????????B??????????K??????????O??????????O?G????????W??????????A???????????O??????????@??_????????A???????????A?@?????????@????????????o???????????B????????????G????????????O?G??????????O?G??????????G????????????A?????????????W????????????@_????????????@_?????????????o?????????????O?????????????C??????????????_@????????????A?C????????????B??????????????B??????????????@_??????????????G??????????????@?G?????????????C?_?????????????G@??????????????W???????????????B????????????????O???????????????B????????????????@K???????????????B_,t|eMID@WH?e@C@E?`?GW@@?CE?GE?GA?C@_@?G?G@o?_@?@?B_@??_?_?[?G?@?@??M?C??G?G??W?G??K?C??B?@???W?G??@_?_??A?@???F?@???@??_???w?G???A?B????[?C????[?G????G?G????K?C????B_@?????K?G?????w?_?????_@?????@o@??????S@_?????BoG??????EJ???????^C,2,2
102,~?@esP@@?OC?O`?@@@_?O?A@?W??_??_??O??C???_??A???C???C???A????_G??K????o???@_???@?????_C???W????B?????G?????O@????o?????G?????A??????O?????@??????A??????A??????@???????O@?????A???????G???????O???????O@??????W???????E????????o???????B????????C????????C?G??????E?????????o????????C?????????O?_??????@_?????????_?????????O?????????C??????????_?????????A??????????C??????????C??????????A?C?????????_@?????????C???????????O???????????o???????????o???????????W???????????E????????????o???????????B????????????C????????????C?G??????????@_????????????O????????????A?G???????????W?????????????O?????????????O@????????????G?????????????A??????????????O@????????????@??????????????B??????????????@?G?????????????_??????????????K???????????????o??????????????B???????????????B???????????????A_???????????????O_??????????????K????????????????`???????????????AC???????????????DG,t|eMID@WH?e@C@E?`_GG@@oC@?GB?G@?C?w@?A?G?[?_?O@??o@??W?_?E?G??_@??F?C??C?G??M?G??A?C??@o@???C?G???w?_???_B???@_@????o?_???K?G???@_@????C?C????[?G????M?G????A?C????@o@?????D?G?????M?_?????K@??????M@??????A?_?????@wG??????Bb???????Fs,2,2
102,~?@esP@@?OC?O`?@@@_?O?A@?W??_??_??O??C???_??A???C???C???A????_G??K????o???@_???@?????_C???W????B?????G?????O@????o?????G?????A??????O?????@??????A??????A??????@???????O??????A?G?????G???????O???????O@??????W???????E????????o???????B????????E????????E????????B?????????O????????A?G???????W?????????O?????????O?????????G?????????A??????????O?????????@??????????A??????????A??????????@?C?????????O??????????A?G?????????G?_?????????o???????????o???????????W???????????E????????????o???????????B????????????E????????????A????????????@?C???????????G????????????@?????????????C?_???????????G?????????????G?????????????C?_???????????@??????????????G??????????????_C????????????@_?????????????@_??????????????W??????????????E???????????????W??????????????@_??????????????@_???????????????_???????????????O_??????????????CG???????????????`???????????????AC???????????????EG,t|eMID@WH?e@C@E?`_GG@@oC@?GB?G@?C?w@?A?G?[?_?O@??o@??W?_?E?G??_@??F?C??C?W??K?G??E?C??@o@???C?G???w?_???_@???@_@????o?_???K?G???@_@????D?C????E?G????E?G????B_C?????[@?????@?G?????M?_?????K@??????M@??????B?_??????qG??????F`???????Fw,2,2
102,~?@esP@@?OC?O`?@?@_?O?A@?W??_??_??O??C??@_??C???G???G???C???@????G@??@_???B????B????@?????O@???A?????W?????o?????_?????O?_???K??????_?????A??????C??????C??????A???????o??????C???????O???????_@??????_???????O???????C????????_@??????E????????K????????K????????E????????@?????????G?G???????_?_??????B?????????@_?????????_?????????G?G???????B??????????C??????????G??????????G??????????C??????????@???????????G?G?????????O???????????_???????????_@??????????O???????????C????????????o???????????B????????????E????????????E????????????B?????????????W????????????B?????????????E?????????????K?????????????K?????????????A??????????????_G????????????C??????????????O??????????????_G?????????????_??????????????OC?????????????C???????????????o??????????????@_??????????????B???????????????@_???????????????W???????????????E????????????????P???????????????@C???????????????BG,t|eMID@WH?e@C@E?`_GG@@_CB?GA?GB?C?_@?M?G?O?_@o@??_@??o?_?K?G?@_@??C?C??[?G??K?G??C?C??B_@???G?G??@o?_??@?@???B_@????_@_???W?G???B?@????K?C????W?G????]?G????A?K????@o@?????C?G?????w?_?????gB??????[@??????E?_?????@gG??????B`???????D{,2,2
102,~?@esP@@?OC?O`?@@@_?O?A@?W??_??_??O??C???_??A???C???C???A????_G??K????_???@?G??B????@?????O@???E?????W?????_?????_@????o?????C??????_?????A?C????C??????C??????A?C?????_??????C???????O???????_???????_???????O???????C?G?????@_???????A????????C?G??????K????????A?????????_@???????K?????????o????????@_????????@_?????????o?????????C??????????_?????????A?C????????C??????????C??????????A?C?????????_??????????C???????????O???????????_???????????_???????????W???????????E????????????O???????????@?C??????????E????????????B????????????@_????????????W????????????B?????????????K?????????????W?????????????G?????????????C?_???????????@??????????????G??????????????_C????????????@??????????????@?G?????????????_??????????????G@?????????????@_??????????????B???????????????E???????????????B????????????????o???????????????E????????????????P???????????????@_???????????????@W,t|eMID@WH?e@C@E?`?GW@@?CF?GA?GB?C?_@?M?G?O?_@o@??_@??w?_?C?G?@_@??E?C??M?G??C?G??E?C??@_@???G?G??@o?_??@?B???B_@????_@_???[?G???@?@????K?C????W?G????[?G????C?K????B?@?????W?G????@_?_????Ag@??????[@??????E?_?????@gG??????Bb???????Fs,2,2
102,~?@esP@@?OC?O`?@?@_?O?A@?W??_??_??O??C??@_??C???G???G???C???@????G@??@_???A????A?G??B?????_????C?????O?_??@_????@_?????_?????G?G???B??????C??????G??????G?G????C??????@???????G?G????@_??????@???????@????????_???????G?G?????@????????C????????G?G??????W????????C????????@?@???????W?????????_????????@?????????@?@???????@_?????????W?????????@??????????C?C????????W??????????G??????????C?C????????@?@?????????G???????????_??????????@?@?????????B????????????_???????????G?G?????????@????????????C?C??????????G????????????G????????????C?C???????????_????????????C?G???????????o?????????????_?????????????_@????????????O?_???????????E??????????????W?????????????@_?????????????@_??????????????_??????????????O??????????????C@??????????????O??????????????@?_?????????????A@??????????????A???????????????@__??????????????W???????????????@_???????????????@_????????????????w,t|eMID@WH?e@C@E?`?GW@@?CE?GE?GA?C@_@?G?G@o?_@?@?B_@??_?_?[?G?@?@??K?C??W?G??W?G??M?C??@?@???W?G??@_?_??B_@???@?@???@o?_???M?G????_@????E?C????K?G????K?G????F?C?????o@?????E?G?????[?_?????OB??????{@??????E@_?????@_G??????N@???????L[,2,2
102,~?@esP@@?OC?O`?@@@_?O?A@?W??_??_G?O??C???_??A???C???C???A????_???C????OC??@_???@?????_C???W????B?????G?????O@????o?????W?????C??????_@????A??????C?G????C??????A???????_??????C???????O?_?????_???????_???????O???????C????????_???????A?C??????E????????C????????A?C??????@_????????K?????????O?????????_@???????@_?????????o?????????K?????????@??????????C?C????????G??????????G?G????????C??????????@???????????G???????????_??????????@?@?????????@????????????_???????????G?G?????????@????????????C????????????K????????????E????????????B?????????????o????????????E?????????????K?????????????W?????????????K?????????????E?????????????@??????????????G@?????????????_C????????????@??????????????@???????????????_C?????????????G@?????????????@???????????????C?_?????????????G@??????????????G???????????????B?_??????????????o???????????????@_???????????????@_????????????????w,t|eMID@WH?e@E@A?`_GG@@oC@?GB?G@?C?w@?A?G?W?_?o@??o@??O?_?M?G??_@??F?C??C?G??K?G??E?C??@o@???C?G???o?_??@_@???@_@????o?_???M?G????_@????F?C????C?W????K?G????E?C????@o@?????C?W?????w?_?????o@??????o@??????[?_?????A_W??????M`???????Fk,0,0
102,~?@esP@@?PC?O`?@@@_?O?A??G??O??O??G??A???O??@???E???C???A?_?@_???G????_C??B????A????@?C???o????E?????O?????_?????_?????O?????C??????_@????A??????C??????C?G????A???????_??????C???????O?_????@_??????@_???????o???????K????????_???????A?C??????K????????C????????A?C??????@_????????K?????????O?????????_?????????_?????????O?????????C??????????_@????????A??????????C??????????C?G????????A???????????_??????????C???????????O?_????????@_??????????@_???????????o???????????K????????????_???????????A?C??????????K????????????E????????????B?????????????o????????????A?????????????G?_???????????O?????????????O@????????????G?????????????A?G????????????O?????????????@?C????????????A?G????????????A??????????????@?C?????????????O@?????????????B???????????????E???????????????C???????????????C@??????????????@_???????????????C????????????????`???????????????BC???????????????B_,t|eMID@WH_a@E@A?`_GG@@oC@?GB?G@?C?o@?E?G?W?_?_@?@o@??O?_?K?G?@_@??F?C??C?G??K?G??E?C??@_@???K?G???w?_???_@???@o@????O?_???K?G???@_@????F?C????C?W????K?G????E?C????@_@?????K?G?????w?_?????_B?????@o@??????O@_?????M_G??????MB???????\S,2,2
102,~?@esP@@?OC?O`?@@@_?O?A@?W??_??_??O??C???_??A???C???C???A????_???K????_???@?G??B????@?????O@???E?????W?????_?????_@????o?????K?????@??????C?C????G??????G??????C??????@?@?????G???????_??????@???????@?@??????_???????G???????@????????C????????K????????K????????E?????????_????????C?G???????o????????@_?????????_?????????O?_???????K?????????@_?????????E??????????G??????????G?G????????C??????????@???????????G?G?????????_??????????@???????????@????????????_?_?????????G???????????@????????????C?C??????????G????????????G????????????E????????????@_????????????E?????????????W?????????????o?????????????W?????????????K?????????????@_?????????????K??????????????o??????????????_??????????????_G?????????????O??????????????C@??????????????_G?????????????A???????????????C@??????????????C@??????????????B????????????????W????????????????o????????????????o????????????????w,t|eMID@WH?e@C@E?`?GW@@?CF?GA?GB?C?_@?M?G?O?_@_@?@_@??o?_?K?G?@_@??E?C??M?G??C?G??E?C??@_@???M?G???O?_??@_@???@_@????o?_???K?G???@_@????E?C????M?G????C?W????E?C????@_@?????M?G?????O@_????@o@??????o@??????[?_?????BOG??????FP???????B{,2,2
102,~?@esP@@?OC?O`?@@@_?O?A@?W??_??_??O??C???_??A???C???C???A????_G??K????_???@?G??B????@?????O@???E?????W?????_?????_@????o?????C??????_?????A??????C??????C??????A?C?????_??????C???????O???????_@??????_???????O???????C?G?????@_???????E????????G????????G?G??????K????????@?????????G?G??????@_????????B?????????@??????????_?_???????W?????????@??????????C?C????????G??????????G?G????????C??????????@???????????G?G?????????_??????????@???????????@????????????_?_?????????G???????????@????????????C?C??????????K????????????C????????????A?C??????????@_????????????E?????????????W?????????????o?????????????W?????????????K?????????????@??????????????G@?????????????_C????????????@??????????????@?G?????????????_C?????????????G??????????????@?G?????????????C?_?????????????G???????????????G@??????????????A?_??????????????_G??????????????B????????????????B?????????????????w,t|eMID@WH?e@C@E?`?GW@@?CF?GA?GB?C?_@?M?G?O?_@o@??_@??o?_?K?G?@?@??K?C??W?G??[?G??C?C??B?@???W?G??@o?_??@?@???B_@????o?_???M?G????_@????E?C????K?G????M?G????A?K????@_@?????K?G?????w?_?????_B?????@o@??????[?_?????A?w??????y@???????\K,2,2
102,~?@esP@@?OC?O`?@?@_?O?A@?W??_??_??O??C??@_??C???G???G???C???@????G@??@_???A????A?G??B?????_????C?????O?_??@_????@_?????_?????G?G???B??????C??????G??????G??????C??????@???????G?G????@_??????@???????@????????_???????G?G?????@????????C????????G?G??????W????????K????????B?????????W?????????_????????@?????????@?@???????@_?????????W?????????@??????????C?C????????W??????????G??????????C??????????@???????????G???????????_??????????@?@?????????B????????????_???????????G?G?????????@????????????C?C??????????G????????????K????????????E????????????@_????????????K?????????????o?????????????_?????????????_@????????????O?_???????????E??????????????W?????????????@_?????????????@??????????????@?G?????????????_??????????????G@?????????????@?G?????????????A???????????????C@??????????????C@??????????????B????????????????W????????????????o????????????????o????????????????w,t|eMID@WH?e@C@E?`?GW@@?CE?GE?GA?C@_@?G?G@o?_@?@?B_@??_?_?W?G?B?@??K?C??W?G??W?G??M?C??@?@???W?G??@_?_??B_@???@?@???@o?_???G?W???B?@????K?C????W?G????W?G????K?C????B_@?????K?G?????o?_????@o@??????gB??????M?_?????@oG??????F`???????E{,2,2
102,~?@esP@@?OC?O`?@@@_?O?A@?W??_??_??O??C???_??A???C???C???A????_G??K????o???@_???@?????_C???W????B?????G?????O@????o?????G?????A??????O?????@??????A??????A??????@???????O@?????A???????G???????O???????O@??????W???????E????????o???????B????????E????????E????????@_????????O????????A?G???????W?????????O?????????O?????????G?????????A??????????O?????????@??????????A??????????A?G????????@???????????O??????????A???????????G?_?????????o???????????o???????????W???????????E????????????o???????????B????????????B????????????B????????????@_????????????G????????????@?????????????C?_???????????G?????????????G?????????????C?_???????????@??????????????G@?????????????_?????????????@_?????????????@_??????????????W??????????????E???????????????W???????????????o??????????????@_???????????????_???????????????O_??????????????CG???????????????`???????????????AC???????????????EG,t|eMID@WH?e@C@E?`_GG@@oC@?GB?G@?C?w@?A?G?[?_?O@??o@??W?_?E?G??_@??F?C??C?W??M?G??A?C??@o@???C?G???w?_???_@???@_@????o?_???K?G???@_@????D?C????F?G????A?G????B_C?????OB?????F?G?????G@_?????w@??????W@??????M?_?????@oG??????DP???????B{,2,2
102,~?@esP@@?OC?O`?@@@_?O?A@?W??_??_??O??C???_??A???C???C???A????_G??K????o???@_???@?????_C???W????B?????G?????O@????o?????G?????A??????O?????@??????A?G????A??????@???????O??????A???????G???????O???????O@??????W???????E????????o???????@????????A?G??????E????????B?????????o????????C?????????O?_??????@_?????????_?????????O?????????C??????????_?????????A?C????????C??????????C?G????????A???????????_@?????????C???????????O???????????_???????????_@??????????o???????????K???????????@_???????????A????????????C?G??????????E????????????@_????????????W????????????B?????????????C?????????????G?????????????G@????????????C?????????????@?G????????????G??????????????_C????????????@?G????????????@???????????????o??????????????K???????????????o??????????????@???????????????A@??????????????@_???????????????o???????????????C????????????????p???????????????@_???????????????@g,t|eMID@WH?e@C@E?`_GG@@oC@?GB?G@?C?w@?A?G?[?_?O@??o@??W?_?E?G??w@??@?C??E?G??E?G??A?C??@o@???C?G???w?_???_@???@_@????o?_???K?G???@o@????B?C????F?G????A?G????B_C?????OB?????F?G?????G@_?????w@??????W@??????M?_?????@oG??????DP???????B{,0,0
102,~?@esP@@?OC?O`?@@@_?O?A??W??_??_??O??C???_??A???C???K???C???@????G@??@_???B????B????@?????O@???E?????W?????_?????_?????O?_???K??????_?????A??????C??????C??????A?C?????_??????C???????O???????_@?????@_???????O???????C????????_@??????E????????K????????K????????A?????????_@???????K?????????o?????????_?????????_?????????O?_???????K??????????_?????????A??????????C??????????C??????????A?C?????????_??????????C???????????O???????????_@?????????@_???????????O???????????C?G??????????_@??????????E????????????K????????????K????????????B?????????????o????????????E?????????????G?????????????O@????????????O@????????????C?????????????@??????????????G@?????????????_?????????????@?G????????????@???????????????_??????????????G@??????????????o??????????????B???????????????B???????????????@_???????????????o???????????????E????????????????O???????????????@c???????????????@o,t|eMID@WH?e@C@E?`_GG@@oC@?GB?G@?C?o@?E?G?O?_@o@??_@??o?_?K?G?@_@??F?C??C?G??K?G??E?C??@_@???M?G???O?_??@o@????_@????o?_???K?G???@_@????F?C????C?W????K?G????E?C????@_@?????M?G?????[?_?????O@??????w@??????L?_??????ow??????EH???????^C,2,2
102,~?@esP@@?OC?O`?@?@_?O?A@?W??_??_??O??C??@_??C???G???G???C???@????G@??@_???B????B????@?????O????A?G???W?????o?????_?????O?_???K??????_?????A??????C??????C??????A?C????@_??????C???????O???????_???????_@??????O???????C????????_@??????E????????K????????K????????A?????????_????????C?G???????o????????@_?????????_?????????O?_???????K??????????_?????????A??????????C??????????C??????????A?C????????@_??????????C???????????O?_?????????_???????????_@??????????O???????????E????????????o???????????B????????????E????????????A????????????@?????????????O@???????????B?????????????C?????????????G@????????????W?????????????C?????????????@?G????????????G??????????????_C????????????B??????????????@???????????????_C?????????????G@?????????????@???????????????E???????????????E???????????????A???????????????@_???????????????E????????????????o???????????????@c???????????????B_,t|eMID@WH?e@C@E?`_GG@@_CB?GA?GB?C?_@?M?G?O?_@o@??_@??o?_?K?G?@_@??E?C??M?G??C?G??E?C??@_@???M?G???O?_??@o@????_B????o?_???K?G???@_@????E?C????M?G????E?G????B?C?????w@?????A_G?????F?_?????E@??????E@??????B__??????WW??????B`???????Fk,2,2
102,~?@esP@@?OC?O`?@?@_?O?A@?W??_??_??O??C??@_??C???G???G???C???@????G@??@_???A????A?G??B?????_????C?G???O????@_????@_?????_?????G?G???B??????C??????G??????G?G????C??????@???????G???????o??????@???????@?@??????_???????G???????@????????C????????G?G??????W????????C????????@?@???????W????????@_????????A?????????A?@???????@??????????W?????????B??????????G??????????O?G????????o??????????G??????????A?@?????????O?G????????@???????????A?@?????????A???????????@??_?????????W???????????A????????????G?C??????????O?G??????????O????????????G????????????A?@???????????O?G???????????_????????????@?@???????????@_?????????????O?????????????C?G????????????_?????????????@_?????????????A??????????????A?G?????????????o??????????????C???????????????_G?????????????A?_?????????????E???????????????E???????????????@?_??????????????W???????????????@@???????????????B????????????????@W,t|eMID@WH?e@C@E?`?GW@@?CE?GE?GA?C@_@?G?G@o?_@?@?B_@??_?_?[?G?@?@??K?C??W?G??O?G??[?C??B?@???W?G??@_?_??A?@???F?@???@??_???w?G???B_@????C?C????[?G????K?G????F?C?????o@?????F?G?????G?_?????w@??????]@??????AB_?????@oG??????F@???????M[,2,2
102,~?@esP@@?PC?O`?@?@_?O?A??G??O??O??G??E???_??A???C???K???C???@?G??W???@????A?G??E????A?????_@???C?????o????@_????@??????_?????G?G???@??????C?C????G??????G??????C??????@???????K???????_??????@?@?????@????????_???????W???????@????????C?C??????K????????G????????C?C??????B?????????W????????@?????????A?@???????A?????????@_?????????W?????????A??????????G??????????O?G????????O??????????G?C????????A?@?????????O??????????@??_????????A???????????A?@?????????@_???????????O???????????A?@??????????G?C??????????O????????????o????????????G????????????A?@???????????G?????????????_?_??????????@_?????????????_?????????????O?_???????????C??????????????W?????????????@??????????????B??????????????@_??????????????O??????????????C@??????????????_G?????????????B???????????????E???????????????A@??????????????B????????????????OG??????????????A@???????????????E????????????????AW,t|eMID@WH_a@E@A?`_GG@@_CB?GA?GB?C?_@?K?G?o?_@_@?@_@??o?_?G?G?B?@??K?C??O?G??w?G??K?C??B?@???W?G??@??_??E?@???F?@???@_?_???[?G???@?@????M?C????K?G????M?G????B?C?????w@?????A?G?????W?_?????w@??????[B??????CE_?????B_G??????M@???????[[,2,2
102,~?@esP@H?OC?O`?@??_?G?B??G??OG?O??G??E???_??A?_?K???G???C???@????G????_C??B????A????@?C???O????A?????G?????O?????o?????W?????C??????_@????A??????C??????C??????B???????o??????E???????W???????_???????_???????O???????C????????_???????A?C??????K????????K????????C????????@?@???????G?????????_????????@?@???????@?????????@_?????????W?????????B??????????K??????????G??????????G??????????C?C????????@???????????K???????????o???????????o???????????_???????????O???????????C?G??????????_???????????A????????????C?G??????????K????????????B?????????????_????????????C?G???????????O?????????????_@????????????_@????????????o?????????????E??????????????o?????????????@??????????????A?G????????????A?G????????????@???????????????W???????????????_??????????????A???????????????C@??????????????C@??????????????A?_??????????????W???????????????B_???????????????E????????????????@g,t|eMID`GH_b@A@B?__GK@?oC@?GB?G@_C?O@?E?G?W?_?o@??_@??o?_?K?G?@?@??M?C??K?G??K?G??E?C??@_@???G?G??@_?_??B?@???B_@????_?_???W?G???B_@????C?C????[?G????K?G????F?C?????o@?????C?G?????w?_?????w@??????OF??????]?_?????@AW??????[@???????{K,2,2
102,~?@esP@H?OC?O`?@??_?G?B??G??O??O??G??E???_??A?_?K???G???C???@?G??W???@????A?G??E????A?????_@???C?????O?????_?????_?????o?????C??????_?????A??????C??????C??????A???????o??????E???????W???????o???????_???????O???????C?G?????@_???????E????????G????????G?G??????K????????B?????????O????????@??_??????A?????????A?????????@??_???????O?????????E??????????G??????????O??????????O?G????????G??????????A???????????O?G????????@???????????A?@?????????B???????????@_???????????K???????????@????????????C?C??????????G?G??????????W????????????E????????????@?????????????G?G???????????o?????????????_?????????????_@????????????O?????????????C?G????????????_?????????????@??????????????A?G????????????A?G????????????@?C?????????????O??????????????A?G?????????????G?_?????????????W???????????????K???????????????E????????????????GG??????????????@@???????????????B????????????????AW,t|eMID`GH_a@E@A?`_GG@@_CB?GA?GB?C?o@?C?G?w?_?_@?@_@??o?_?G?G?B?@??K?C??O?G??w?G??K?C??B?@???W?G??@_?_??A?@???F?@???@??_???w?G???B?@????G?C????w?G????W?G????M?C????@_@?????M?G?????W?_?????w@??????]@??????AB_?????@oG??????F@???????M[,2,2
102,~?@esP@H?OC?O`?@??_?G?B??G??O??O??G??E???_??A?_?K???G???C???@?G??W???@????A?G??E????A?????_@???C?????O?????_?????_?????o?????C??????_?????A??????C??????C??????A???????o??????E???????W???????o???????_???????O???????C?G?????@_???????E????????G????????G?G??????K????????B?????????O????????@??_??????A?????????A?????????@??_???????O?????????E??????????G??????????O??????????O??????????G?C????????A???????????O?G????????@???????????A?@?????????B???????????@_???????????K???????????@????????????E????????????K????????????K????????????A?????????????_@???????????E?????????????G?????????????O@????????????O?????????????G?_???????????A??????????????o?????????????@??????????????A?G????????????A?G????????????@???????????????O@?????????????A?G?????????????K???????????????K???????????????G???????????????E?_??????????????OO??????????????A@???????????????E????????????????CW,t|eMID`GH_a@E@A?`_GG@@_CB?GA?GB?C?o@?C?G?w?_?_@?@_@??o?_?G?G?B?@??K?C??O?G??w?G??K?C??B?@???W?G??@_?_??A?@???F?@???@?@_???o?G???F?@????G?C????w?G????W?G????M?C????@_@?????M?G?????W?_?????g@??????]@??????AB_?????@oG??????F@???????M[,2,2
102,~?@esP@H?OC?O`?@??_?G?B??G??O??O??G??E???_??A?_?K???G???C???@?G??W???@????A?G??E????A?????_@???C?????O?????_?????_?????o?????C??????_?????A??????C??????C??????A???????o??????E???????W???????o???????_???????O???????C?G?????@_???????E????????K????????K????????E????????@?????????G?G???????_????????@?????????@?@????????_?????????W?????????@??????????C??????????G??????????G??????????C??????????@???????????G?G?????????o??????????@_???????????o???????????O???????????E????????????o???????????B????????????E????????????E????????????B?????????????O????????????A?G???????????G?????????????O@????????????O@????????????W?????????????A??????????????O@????????????@??????????????A?G????????????A??????????????@?C?????????????W???????????????_??????????????B???????????????B???????????????@_???????????????O???????????????EG???????????????o???????????????@C???????????????BG,t|eMID`GH_a@E@A?`_GG@@_CB?GA?GB?C?o@?C?G?w?_?_@?@_@??o?_?K?G?@_@??C?C??[?G??K?G??E?C??@_@???K?G???_?_??B_@???@?B???@_?_???W?G???B?@????K?C????W?G????[?G????E?C????@o@?????E?G?????S?_?????[@??????M@??????B?_??????wG??????Bp???????B{,2,2
102,~?@esP@@?OC?O`?@@@_?O?A@?W??_??_??O??C???_??A???C???C???A????_G??K????o???@_???@?????_C???W????B?????G?????O@????o?????G?????A??????O?????@??????A??????A??????@???????O??????A???????G???????O???????O@??????W???????E????????o???????B????????E????????E????????B?????????o????????C?????????O?_??????@_?????????_?????????O?????????C??????????_?????????A??????????C??????????C??????????A?C?????????_??????????C???????????O???????????o???????????o???????????W???????????E????????????o???????????B????????????E????????????B????????????@_????????????W????????????B?????????????C?????????????G@????????????G?????????????C?????????????@?G????????????G??????????????_C????????????@??????????????@???????????????o??????????????E???????????????o??????????????@_??????????????@_??????????????@_???????????????o???????????????CG???????????????_???????????????BC???????????????Ao,t|eMID@WH?e@C@E?`_GG@@oC@?GB?G@?C?w@?A?G?[?_?O@??o@??W?_?E?G??_@??F?C??C?W??K?G??E?C??@?@???[?G???_?_??B_@???@?B???@_?_???W?G???B?@????K?C????S?G????M?G????B?C?????_@?????M?G?????S@_?????[@??????K@??????F?_??????wG??????BF???????Jc,0,0
102,~?@esP@@?OC?O`?@@@_?O?A@?W??_??_??O??C???_??A???C???C???A????_???K????o???@_???@?????_C???W????B?????G?????O@????o?????W?????C??????_?????A??????C??????C??????A???????_??????C???????O???????_???????_@??????O???????C?G?????@_???????E????????K????????K????????E????????@_????????K?????????o????????@?????????@?@????????o?????????C??????????_?????????A??????????C??????????C??????????A???????????_??????????C?G?????????O???????????_???????????_???????????O?_?????????C?G?????????@_???????????E????????????K????????????K????????????E????????????@_????????????E?????????????W?????????????o?????????????G?????????????C?_???????????@??????????????G@?????????????_?????????????@?G????????????@???????????????_C?????????????G??????????????@_??????????????B???????????????B???????????????@_???????????????W???????????????E????????????????P???????????????@C???????????????BG,t|eMID@WH?e@C@E?`_GG@@oC@?GB?G@?C?w@?A?G?W?_?o@??_@??o?_?K?G?@_@??C?C??[?G??G?W??K?C??B?@???O?G??B_?_??B?@???B_@????_?_???W?G???B?@????K?C????W?G????S?G????F?C?????o@?????C?G?????w?_?????wB??????WD??????M?_?????@oG??????F@???????K{,2,2
102,~?@esP@@?PC?O`?@?@_?O?A??G??O??O??G??E???_??A?_?C???K???C???@?G??W???@_???B????A????@?????O????B?????G?????O@????O?????G?????A??????O?????@??????A?G????E??????B???????_??????C?G?????O???????o???????_???????O?_?????K???????@_???????E????????C????????C????????A?????????_????????E?????????O?????????_@????????_@????????O?????????C??????????_?????????A??????????C?G????????K??????????E??????????@_??????????G???????????_?_????????@????????????_???????????O?_?????????K???????????@_???????????E????????????C????????????C?G??????????A?????????????_@???????????C?????????????W?????????????o?????????????O?????????????G?????????????A??????????????O@????????????@?C????????????B??????????????@_??????????????o??????????????E???????????????o??????????????B???????????????@???????????????@@???????????????__??????????????K????????????????_???????????????BC???????????????@o,t|eMID@WH_a@E@B?__GK@?oC@_G@?G@_C?W@?B?G?G?_?o@??o@??W?_?E?G??o@??B?C??E?G??C?G??F?C???o@???E?G???O?_??@_@???@_@????o?_???K?G???@_@????E?C????K?G????K?G????C?C????Bo@?????E?W?????OA_????@_@?????@o@??????[?_?????B_G??????MP???????B{,2,2
102,~?@esP@@?OC?O`?@?@_?O?A@?W??_??_??O??C??@_??C???G???G???C???@????G@??@_???B????B????@?????O????A?G???W?????o?????_?????O?_???K??????_?????A??????C??????C??????A?C????@_??????C???????O???????_???????_???????O???????C?G??????_@??????E????????K????????K????????A?????????_????????C?G???????o????????@_????????@_?????????_?????????G?G????????_?????????A??????????C??????????C??????????A?C????????@_??????????C???????????O???????????_???????????_@??????????O???????????E????????????o???????????B????????????E????????????A????????????@?C???????????O@???????????E?????????????W?????????????W?????????????W?????????????C?????????????@??????????????G??????????????_C?????????????_??????????????_G?????????????O??????????????C@??????????????o??????????????B???????????????E???????????????B????????????????o???????????????E????????????????P???????????????@_???????????????@W,t|eMID@WH?e@C@E?`_GG@@_CB?GA?GB?C?_@?M?G?O?_@o@??_@??o?_?K?G?@_@??E?C??M?G??C?G??E?C??@_@???G?G??@o?_??@o@????_@????o?_???K?G???@_@????E?C????M?G????C?G????E?C????@o@?????C_G?????{?_?????WA??????W@??????K?_?????BoG??????EF???????\c,0,0
102,~?@esP@@?OC?O`?@?@_?O?A@?W??_??_??O??C??@_??C???G???G???C???@????G???@_???B????B????@?????O????A?G???W?????o?????_?????O?_???K?????@_?????C??????G??????G??????C??????@?@?????W???????_??????@???????@????????_???????G???????@?@??????C????????G?G??????W????????K????????B?????????G?????????_????????@?@???????B?????????@_?????????W?????????A??????????G?C????????W??????????G??????????C??????????@???????????G???????????_?_????????B???????????@????????????_?_?????????G???????????@?@??????????C????????????G????????????G?G??????????C?C??????????B?????????????W????????????@_????????????@?????????????@?@????????????_?_???????????K??????????????o?????????????B??????????????@??????????????@?G?????????????_??????????????G@?????????????@?G?????????????A???????????????C@??????????????C@??????????????B????????????????W????????????????o????????????????o????????????????w,t|eMID@WH?e@C@E?`_GG@@_CB?GA?GB?C?_@?M?G?O?_@_@?@_@??_?_?W?G?B?@??K?C??W?G??[?G??C?C??B?@???W?G??@??_??F?@???B?@???@o?_???G?G???B?@????K?C????W?G????W?G????M?C????@_@?????M?G?????O?_????@o@??????wB??????KA_?????B_G??????N@???????M[,0,0
102,~?@esP@@?OC?O`?@?@_?O?A@?W??_??_??O??C??@_??C???G@??G???C???@????G???@_???B????B????@?????O????A?????K?????O?????O@????W?????E??????_?????A?C????C??????C??????A??????@_??????K???????_??????@?@?????@????????_???????G?G?????@????????C????????K????????K????????E????????@?????????G?????????_????????@?????????@_?????????_?????????G?G???????@_?????????E??????????G??????????G?G????????C?C????????@???????????G??????????@_??????????B???????????B???????????@_???????????G???????????@????????????C?C??????????G????????????G????????????B?????????????o????????????C?????????????O?_???????????_?????????????_@????????????W?????????????E??????????????W?????????????@_?????????????B??????????????@?G?????????????_??????????????K???????????????o??????????????@???????????????A@??????????????A????????????????o_??????????????G???????????????@@???????????????EC???????????????E_,t|eMID@WH?e@C@E?`_GG@@_CB?GB?G@?C?w@?A?G?W?_?o@??o@??W?_?E?G??_@??E?C??K?G??K?G??E?C??@?@???[?G???o?_??@_@???@_@????w?_???E?G????_@????E?C????K?G????K?G????F?C?????_@?????M?G?????W@_?????o@??????{@??????C@_?????B_G??????N@???????J[,2,2
102,~?@esP@@?OC?O`?@?@_?O?A@?W??_??_??O??C??@_??C???G@??G???C???@????G@??@_???B????B????@?????O????A?????K?????O?????O@????W?????A??????O?????@??????A??????A??????B???????o??????C???????O?_?????_???????_???????O???????C?G?????@_???????E????????K????????K????????C????????@?@???????G?????????_????????@_????????@??????????_?_???????W?????????@??????????C??????????G?G????????G??????????C??????????@???????????K???????????o??????????@_???????????_???????????O???????????C????????????_@??????????E????????????E????????????E????????????B?????????????_????????????C?G???????????O?_???????????o?????????????o?????????????W?????????????A??????????????O@????????????@?C????????????A??????????????A?G????????????@???????????????K???????????????_??????????????A???????????????C@??????????????B????????????????o???????????????M????????????????o???????????????@_???????????????@W,t|eMID@WH?e@C@E?`_GG@@_CB?GB?G@?C?w@?A?G?[?_?O@??o@??W?_?E?G??_@??E?C??K?G??K?G??E?C??@?@???[?G???_?_??B_@???@?@???@o?_???K?G???@_@????C?C????[?G????K?G????F?C?????_@?????M?G?????O@_????@o@??????w@??????M?_?????@DG??????^@???????Bw,2,2
102,~?@esP@H?OC?O`?@??_?G?B??G??O??O??GC?E???_??A?_?K???G???C???@?G??W???@????A?G??A????@?????O????A?????G?????O@????o?????G?????A??????O?????@??????A?G????E??????B???????_??????C?G?????o???????_???????_???????O?_?????K???????@_???????C????????G?G??????G????????C?C??????@?????????G?????????_????????@?????????@?@???????@_?????????G?????????@??????????C??????????G??????????G??????????C?C????????@_??????????K???????????o??????????@_???????????_???????????W???????????E????????????o???????????B????????????E????????????A????????????@?C???????????O@???????????A?????????????G?????????????O@????????????o?????????????G?????????????A?G????????????O?????????????@??????????????A?G????????????@_??????????????o??????????????C???????????????o??????????????@_??????????????B???????????????@_???????????????W???????????????E????????????????P???????????????@C???????????????BG,t|eMID`GH_a@E@A?`_GK@?oC@?GB?G@_C?O@?F?G?G?_?o@??o@??O?_?K?G?@_@??E?C??K?G??G?G??K?C??B_@???G?G??@o?_??@?B???B?@???@_?_???W?G???B?@????M?C????K?G????K?G????E?C????@o@?????D?G?????M?_?????K@??????K@??????F__??????WW??????B`???????Fk,2,2
102,~?@esP@@?OC?O`?@?@_?O?A@?W??_??_??O??C@?@_??C???G@??G???C???@????G???@_???A????A?G??@?????O????A?????K?????O?????O@????W?????E??????_?????A??????C?G????C??????A?C????@_??????K???????_??????@?@?????@????????_???????G???????@?@??????C????????W????????G????????C?C??????@?????????G?????????_????????@?????????@_?????????_?????????G?G???????B??????????E??????????G??????????G??????????C?C????????@_??????????K???????????o??????????@_??????????@_???????????O???????????C????????????_???????????A?C??????????C?G??????????K????????????A?????????????_@???????????C?????????????O?????????????_@????????????o?????????????W?????????????E??????????????G??????????????_?????????????@?G????????????@_??????????????o??????????????E???????????????O??????????????@_??????????????B???????????????@_???????????????O???????????????EG???????????????o???????????????@C???????????????BG,t|eMID@WH?e@C@E?`?GW@@_CB?GB?G@?C?w@?A?G?W?_?o@??_@??w?_?C?G?@_@??E?C??K?G??K?G??E?C??@?@???[?G???_?_??B_@???@_@????_?_???[?G???@?@????M?C????K?G????K?G????F?C?????_@?????M?G?????O@_????@w@??????OB??????[?_?????B_G??????N@???????I{,2,2
102,~?@esP@@?OC?O`?@?@_?O?A@?W??_??_??O??C@?@_??C???G@??G???C???@????G???@_???A????A?G??@?????O????A?????K?????O?????O@????W?????E??????_?????A?C????C??????C??????A?C????@_??????K???????_??????@?@?????@????????_???????G???????@?@??????C????????K????????G????????C?C??????@?????????G?????????_????????@?????????@_?????????_?????????G?G???????B??????????E??????????G??????????G?G????????C??????????@???????????G?G????????@_??????????B???????????B???????????@_???????????G???????????@????????????C????????????G?G??????????G?G??????????E????????????@_????????????C?????????????O?_???????????_?????????????_@????????????W?????????????E??????????????o??????????????_?????????????@?G????????????@???????????????_C?????????????K???????????????o??????????????@???????????????B???????????????@_???????????????O???????????????CG???????????????p???????????????B????????????????BG,t|eMID@WH?e@C@E?`?GW@@_CB?GB?G@?C?w@?A?G?W?_?o@??o@??W?_?C?G?@_@??E?C??K?G??K?G??E?C??@?@???[?G???_?_??B_@???@_@????o?_???K?G???@_@????E?C????K?G????K?G????F?C?????_@?????M?G?????O@_????@w@??????WB??????K?_?????B_G??????N@???????I{,0,0
102,~?@esP@H?OC?O`?@??_?G?B??G??O??O??GC?E???_??A?_?K???G???C???@?G??W???@????A?G??A????@?????O????A?????G?????O@????o?????G?????A??????O?????@??????A?G????E??????B???????_??????C?G?????o???????_???????_???????O?_?????K???????@_???????C????????G?G??????G????????C?C??????@?????????G?????????_????????@?????????@?@???????@_?????????G?????????@??????????C??????????G?G????????G??????????C?C????????@_??????????K???????????o??????????@_???????????_???????????O?_?????????C?G?????????@_???????????E????????????C????????????C?G??????????A?????????????_@???????????C?G???????????O?????????????_?????????????_@????????????G?????????????A??????????????O@????????????@?C????????????A??????????????A?G?????????????o??????????????K???????????????o??????????????B???????????????@???????????????@@???????????????o???????????????C????????????????`???????????????BC???????????????B_,t|eMID`GH_a@E@A?`_GK@?oC@?GB?G@_C?O@?F?G?G?_?o@??o@??O?_?K?G?@_@??E?C??K?G??G?G??K?C??B_@???G?G??@o?_??@?@???B?@???@o?_???G?G???B?@????M?C????K?G????K?G????E?C????@o@?????F?G?????G?_?????{@??????GB??????K?_?????BoG??????EF???????]c,2,2
102,~?@esP@@?PC?O`?@@@_?O?A??G??O??O??G??A???O??@???E???C???A?_?@_???G????_C??B????A????@?C???o????E?????O?????_?????_@????O?????C??????_@????A??????C??????C??????A???????_??????C???????O?_????@_???????_???????O?_?????K????????_???????A?C??????K????????K????????C????????@?@???????W????????@_????????@?????????@??????????_?_???????G?????????@??????????C?C????????G??????????G??????????C?C????????@???????????G???????????_??????????@?@?????????@?@?????????@_???????????G???????????@?@??????????K????????????K????????????K????????????B?????????????o????????????E?????????????C?????????????G?????????????G@????????????C?????????????@??????????????G@?????????????_?????????????@?G????????????@???????????????o??????????????K???????????????o??????????????B???????????????B???????????????@_???????????????o???????????????CG???????????????`???????????????B????????????????AW,t|eMID@WH_a@E@A?`_GG@@oC@?GB?G@?C?o@?E?G?W?_?_@?@o@??O?_?K?G?@_@??C?C??[?G??G?G??K?C??B?@???W?G??@o?_??@_@???@?@???@o?_???K?G???@o@????A?C????M?G????C?W????F?C?????o@?????F?G?????K?_?????O@??????w@??????M@_?????@Og??????F@???????NK,2,2
102,~?@esP@H?OC?O`?@??_?G?B??G??O??O??G??E???_??A?_?K???G???C???@?G??W???@????A?G??E????A?????_@???C?????O?????_?????_?????o?????C??????_?????A?C????C??????C??????A???????o??????E???????W???????o???????_???????O???????C?G?????@_???????A????????C?G??????K????????E????????@?????????G?G???????_????????@?????????@??????????_?????????W?????????@??????????C??????????G?G????????G??????????C??????????@???????????G???????????o??????????@_??????????@_???????????o???????????G???????????@_???????????E????????????E????????????E????????????B?????????????o????????????E?????????????G?????????????O@????????????O?????????????G?_???????????E??????????????O?????????????@?C????????????A??????????????A??????????????@?C?????????????W??????????????@_??????????????A???????????????E???????????????B???????????????@_???????????????K????????????????`???????????????AS???????????????M?,t|eMID`GH_a@E@A?`_GG@@_CB?GA?GB?C?o@?C?G?w?_?_@?@o@??O?_?K?G?@_@??C?C??[?G??K?G??E?C??@_@???K?G???_?_??B_@???@?B???@o?_???K?G???@_@????E?C????G?G????[?G????E?K????@_@?????K?G?????o?_????@O@??????w@??????K@_?????B_G??????J`???????F[,2,2
102,~?@esP@@?OC?O`?@?@_?O?A@?W??_??_??O??C??@_??C???G???G???C???@????G@??@_???A????A?G??B?????_????C?????O????@_????@_?????_?????G?G???B??????C??????G??????G?G????C??????@???????G?G????@_??????B???????A???????@????????O?G?????A????????G????????O????????O?G??????W????????A?????????O?G??????B?????????A?????????A?????????@??_???????O?????????E??????????K??????????O??????????O?G????????W??????????A???????????O??????????@??_????????A???????????A???????????@??_?????????o???????????B????????????G????????????O?G??????????O?G??????????G?C??????????A?????????????W????????????@_????????????@_????????????@_?????????????O?????????????C?G????????????_@????????????A??????????????@?G????????????@?G????????????@_??????????????G??????????????@?G?????????????C???????????????G@??????????????E????????????????_???????????????K????????????????o???????????????@o???????????????@o,t|eMID@WH?e@C@E?`?GW@@?CE?GE?GA?C@_@?G?G@o?_@?@?B_@??_?_?[?G?@?@??K?C??W?G??W?G??K?C??B?@???O?G??B_?_??A?@???F?@???@??_???w?G???A?B????[?C????W?G????W?G????K?C????B_@?????K?G?????w?_?????w@??????S@??????F?_??????oW??????F`???????Fk,2,2
102,~?@esP@@?OC?O`?@?@_?O?A@?W??_??_??O??C??@_??C???G@??G???C???@????G???@_???A????A?G??B?????_????C?????O?????o?????_?????O?_???K?????@_?????C??????G??????G?G????C??????@???????G?G????@_??????B???????A???????@??_?????O???????A????????G????????O????????O?G??????W????????A?????????O?G??????B?????????A?????????A?????????@??_???????O?????????B??????????G??????????O?G????????o??????????W??????????A???????????O??????????@??_????????A???????????A???????????@??_?????????o???????????B????????????K????????????G????????????G????????????C????????????@?@???????????G?G??????????@_????????????@_????????????@_?????????????O?????????????C?G????????????_@????????????B??????????????E??????????????E???????????????_??????????????G@?????????????@?G?????????????C???????????????G@??????????????E???????????????@????????????????W????????????????o???????????????@o???????????????@o,t|eMID@WH?e@C@E?`?GW@@?CE?GE?GB?C?_@?M?G?O?_@_@?@_@??_?_?[?G?@?@??K?C??W?G??W?G??K?C??B?@???W?G??@??_??F?@???A?@???B??_???w?G???A?@????[?C????W?G????W?G????K?C????B_@?????M?G?????O?_????@o@??????_B??????{?_?????B_W??????KT???????}C,2,2
102,~?@esP@@?OC?O`?@@@_?O?A@?W??_??_??O??C???_??A???C???C???A????_G??K????o???@_???@?????_C???W????B?????G?????O@????o?????G?????A??????O?????@??????A??????A??????@???????O??????A???????G???????O???????O@??????W???????E????????o???????B????????C????????C?G??????E????????@_????????K?????????_????????@?@???????B??????????_?????????G?????????@??????????C??????????G??????????G?G????????C??????????@?@?????????G???????????_?_????????@???????????@????????????o???????????K???????????@_???????????E????????????K????????????C????????????A?C???????????o????????????B?????????????K?????????????W?????????????G?????????????C?????????????@?G????????????G??????????????_C????????????@??????????????@?G?????????????_C?????????????G??????????????@_??????????????E???????????????E???????????????B????????????????W???????????????E????????????????P???????????????@C???????????????BG,t|eMID@WH?e@C@E?`_GG@@oC@?GB?G@?C?w@?A?G?[?_?O@??o@??W?_?E?G??_@??F?C??C?G??K?G??E?C??@?@???[?G???_?_??B_@???@?B???@_?_???W?G???B?@????K?C????[?G????K?G????F?C?????_@?????M?G?????S@_?????W@??????[@??????E?_?????@oG??????FB???????Js,2,2
102,~?@esP@@?OC?O`?@?@_?O?A@?W??_??_??O??C@?@_??C???G???G???C???@????G@??@_???A????A?G??@?????O????A?????W?????o?????_?????O?_???K??????_?????A??????C?G????C??????A?C????@_??????K???????_??????@???????@????????_?_?????G???????@????????C?C??????W????????G????????C?C??????@?????????G?????????_?_??????@?????????B?????????@_?????????G?????????@?@????????K??????????G??????????G??????????C?C????????@???????????G?G????????@_??????????@_??????????@????????????_?_?????????G???????????@?@??????????C????????????G?G??????????G?G??????????K????????????@_????????????C?????????????O?????????????_@????????????_?????????????W?????????????A??????????????O@?????????????_?????????????@??????????????@?G?????????????_C?????????????W??????????????@_??????????????C???????????????K@??????????????E???????????????B????????????????GG??????????????@_???????????????A_????????????????w,t|eMID@WH?e@C@E?`?GW@@_CB?GA?GB?C?_@?M?G?O?_@o@??_@??w?_?C?G?@_@??E?C??K?G??K?G??C?C??B?@???W?G??@o?_??@?@???B_@????_?_???[?G???@_@????E?C????M?G????E?G????B?C?????o@?????F?G?????M?_?????G@??????[@??????E@_?????@oG??????EJ???????^C,2,2
102,~?@esP@@?OC?O`?@?@_?O?A??W??_??_??O??C@?@_??C???G???G@??K???A????O???@?C??E????C????A?C???_????C?????O?_??@_?????_?????O?????C?????@_?????A??????C??????C?G????A???????_@?????K???????O???????_???????_@??????o???????K???????@????????C????????G?G??????W????????C????????@?@???????G?????????_????????@?@???????B??????????_?????????G?G???????@??????????C??????????W??????????G??????????C??????????@?@?????????G???????????_?_????????B???????????@????????????_???????????G?G?????????@_???????????E????????????G????????????K????????????E?????????????o????????????A?????????????G?????????????O@????????????o?????????????G?????????????A?G????????????O@????????????@??????????????E??????????????A??????????????@?C?????????????O@?????????????E???????????????G???????????????W???????????????E???????????????A????????????????o???????????????@B???????????????EO???????????????M?,t|eMID@WH?e@C@E?`?GW@@_CB?GA?GB?C?o@?E?G?O?_@o@??_@??w?_?C?G?@_@??E?C??M?G??C?G??E?C??@_@???K?G???o?_??@?@???B_@????_@_???[?G???@_@????E?C????M?G????C?G????E?C????@o@?????E?G?????W?_?????g@??????[@??????E@_?????@oG??????CZ???????}C,2,2
102,~?@esP@@?OC?O`?@?@_?O?A@?W??_??_??O??C??@_??C???G???G???C???@????G@??@_???A????A?G??B?????_????C?G???O????@_????@_?????_?????G?G???B??????C??????G??????G?G????C??????@???????G???????o??????@???????@????????_?_?????G???????@????????C????????G?G??????W????????C????????@?@???????W????????@_????????A?????????A?@???????@??_???????o?????????B??????????G??????????O?G????????o??????????G??????????A???????????O?G????????@???????????A???????????A???????????@??_?????????G???????????@????????????C?C??????????G?G??????????G????????????E????????????@_????????????E?????????????W?????????????o?????????????W?????????????K??????????????_?????????????C@?????????????o??????????????_??????????????_G?????????????O??????????????C???????????????_G?????????????B???????????????A???????????????B????????????????o???????????????K????????????????o???????????????@K???????????????F?,t|eMID@WH?e@C@E?`?GW@@?CE?GE?GA?C@_@?G?G@o?_@?@?B_@??_?_?[?G?@?@??K?C??W?G??O?G??[?C??B?@???O?G??B_?_??A?@???F?@???@??_???w?G???A?B????[?C????W?G????W?G????K?C????Bo@?????C?W?????w?_?????w@??????S@??????F?_??????oW??????E`???????Fk,2,2
102,~?@esP@@?OC?O`?@?@_?O?A@?W??_??_??O??C@?@_??C???G???G???C???@????G@??@_???A????A?G??@?????O????A?????W?????o?????_?????O?_???K??????_?????A??????C?G????C??????A?C????@_??????K???????_??????@???????@?@??????_???????G???????@????????C?C??????W????????G????????C?C??????@?????????G?????????_?_??????@?????????B??????????o?????????G?????????@?@????????K??????????G??????????G??????????C?C????????@???????????G?G????????@_??????????@_??????????@????????????_???????????G?G?????????@?@??????????C????????????K????????????K????????????B?????????????O????????????A?????????????G?_???????????O?????????????o?????????????C?????????????@?G????????????W??????????????_?????????????@?G????????????@?G????????????@_??????????????K??????????????@???????????????E?_?????????????C???????????????E????????????????_???????????????K????????????????g???????????????@o???????????????@o,t|eMID@WH?e@C@E?`?GW@@_CB?GA?GB?C?_@?M?G?O?_@o@??_@??w?_?C?G?@_@??E?C??K?G??K?G??C?C??B_@???G?G??@o?_??@?@???B_@????_@_???[?G???@_@????E?C????M?G????E?G????A?C????@o@?????F?G?????I?_?????M@??????E@??????B__??????WW??????Bp???????Bk,2,2
102,~?@esP@@?OC?O`?@?@_?O?A@?W??_??_??O??C@?@_??C???G???G???C???@????G@??@_???A????A?G??@?????O????A?????W?????o?????_?????O?_???K??????_?????A??????C?G????C??????A?C????@_??????K???????_??????@???????@?@??????_???????G???????@????????C?C??????W????????G????????C?C??????@?????????G?????????_????????@?????????B??????????o?????????G?????????@?@????????K??????????G??????????G??????????C?C????????@???????????G?G????????@_??????????B???????????B???????????@????????????O?G?????????A?@??????????G?C??????????O????????????W????????????K????????????@_????????????C?????????????O?????????????_@????????????_?????????????O?????????????@?G????????????G@????????????@_?????????????@??????????????@?G?????????????_C?????????????W??????????????@_??????????????E???????????????A???????????????B????????????????O???????????????CG???????????????`???????????????BC???????????????F?,t|eMID@WH?e@C@E?`?GW@@_CB?GA?GB?C?_@?M?G?O?_@o@??_@??w?_?C?G?@_@??E?C??K?G??K?G??C?C??B_@???G?G??@o?_??@?@???B_@????_@_???[?G???@_@????E?C????K?G????K?G????E?C????@o@?????F?G?????I?_?????M@??????E@??????B__??????WG??????Bp???????B{,0,0
102,~?@esP@@?OC?O`?@?@_?O?A??W??_??_??O??C@?@_??C???G???G@??K???A????O???@?C??E????C????A?C???_????C?????O?_??@_?????_?????O?????C?????@_?????A??????C??????C?G????A???????_@?????K???????O???????_???????_@??????o???????K???????@????????C????????G?G??????W????????C????????@?@???????G?????????_????????@?@???????B??????????_?????????G?????????@??????????C??????????W??????????G??????????C??????????@?@?????????G???????????_?_????????B???????????@????????????o???????????K???????????@_???????????E????????????G????????????K????????????E?????????????o????????????A?????????????G?????????????O@????????????o?????????????G?????????????A?G????????????O?????????????@?C????????????E??????????????A??????????????@?C?????????????O@?????????????E???????????????G???????????????W@??????????????K???????????????A????????????????o???????????????@B???????????????CO???????????????IG,t|eMID@WH?e@C@E?`?GW@@_CB?GA?GB?C?o@?E?G?O?_@o@??_@??w?_?C?G?@_@??E?C??M?G??C?G??E?C??@_@???K?G???o?_??@?@???B_@????_@_???[?G???@_@????E?C????M?G????C?G????F?C?????o@?????E?G?????W?_?????g@??????[@??????E@_?????@oG??????F`???????F[,2,2
102,~?@esP@@?OC?O`?@?@_?O?A@?W??_??_??O??C@?@_??C???G???G???C???@????G???@_???A????A?G??@?????O????A?????W?????o?????_?????O?_???K?????@_?????C??????G??????G?G????C??????@?@?????W??????@_??????A???????A?@?????@????????O???????A????????G????????O????????O?G??????W????????A?????????O?G??????@?????????A?????????A?@???????@??????????W?????????B??????????G??????????O?G????????o??????????W??????????A???????????O??????????@??_????????A???????????A?@?????????B????????????W???????????A????????????G?C??????????O?G??????????O????????????G????????????A?????????????O?G??????????@??_??????????E?????????????B??????????????_?????????????G?????????????@?@????????????C?C????????????E??????????????E??????????????B???????????????G??????????????@?G?????????????C?_?????????????G@??????????????W???????????????B????????????????O???????????????B????????????????@K???????????????B_,t|eMID@WH?e@C@E?`?GW@@_CB?GA?GB?C?_@?M?G?O?_@_@?@_@??_?_?[?G?@?@??K?C??W?G??W?G??K?C??B?@???W?G??@??_??F?@???A?@???B??_???w?G???A?@????[?C????W?G????W?G????M?C????@_@?????M?G?????O?_????@o@??????_B??????{?_?????B_W??????KT???????}C,2,2
102,~?@esP@@?OC?O`?@?@_?O?A@?W??_??_??O??C@?@_??C???G???G???C???@????G???@_???A????A?G??@?????O????A?????W?????o?????_?????O?_???K?????@_?????C??????G??????G?G????C??????@?@?????W??????@_??????A???????A?@?????@????????O???????A????????G????????O?G??????O????????W????????A?????????O?G??????@?????????A?????????A?@???????@??????????W?????????B??????????G??????????O?G????????o??????????K??????????A???????????O??????????@??_????????A???????????A?@?????????B????????????W???????????A????????????G?C??????????O?G??????????O????????????G????????????A?@???????????O?G??????????@??_??????????E?????????????B??????????????_?????????????G?????????????@?@????????????C?C????????????E??????????????C??????????????A?C?????????????G@?????????????@???????????????C?_?????????????G@??????????????W???????????????B????????????????O???????????????@_???????????????@K???????????????B_,t|eMID@WH?e@C@E?`?GW@@_CB?GA?GB?C?_@?M?G?O?_@_@?@_@??_?_?[?G?@?@??K?C??W?G??W?G??K?C??B?@???W?G??@??_??F?@???A?@???B_?_???W?G???A?@????[?C????W?G????W?G????M?C????@_@?????M?G?????O?_????@o@??????{@??????CB_?????B_G??????KR???????}C,2,2
102,~?@esP@@?OC?O`?@?@_?O?A@?W??_??_??O??C??@_??C???G@??G???C???@????G@??@_???A????A?G??B?????_????C?????O?????o?????_?????O?_???K??????_?????A??????C?G????C??????A???????_@?????K???????o??????@???????@?@??????_???????G???????@????????C?C??????W????????G????????C?C??????B?????????G?????????_????????@?????????@??????????o?????????G?????????@?@????????K??????????G??????????G??????????C?C????????@???????????G???????????_?_????????B???????????B???????????@_???????????W???????????@????????????C????????????K????????????K????????????B?????????????o????????????A?????????????G?_???????????O?????????????O@????????????K?????????????A??????????????O@????????????B??????????????A??????????????A?G????????????@???????????????O@?????????????B???????????????E???????????????C@??????????????C???????????????B????????????????W???????????????@C???????????????DC???????????????B_,t|eMID@WH?e@C@E?`?GW@@?CE?GE?GB?C?_@?M?G?O?_@o@??_@??w?_?C?G?@_@??E?C??K?G??K?G??E?C??@_@???G?G??@o?_??@?@???B_@????_@_???[?G???@_@????E?C????K?G????K?G????E?C????@o@?????C?G?????w?_?????g@??????[@??????E@_?????@oG??????F`???????F[,2,2
102,~?@esP@@?OC?O`?@?@_?O?A@?W??_??_??O??C??@_??C???G@??G???C???@????G@??@_???B????B????@?????O????A?????K?????O?????O@????W?????A??????O?????@??????A??????A??????B???????o??????C???????O?_?????_???????_???????O???????C?G?????@_???????E????????K????????K????????C????????@?@???????G?????????_????????@_????????@_?????????o?????????C??????????_?????????A??????????C?G????????C??????????A???????????o??????????E???????????O???????????_@??????????_???????????O???????????C?G?????????@_???????????E????????????E????????????E????????????A?????????????_@???????????C?G???????????O?????????????o?????????????o?????????????G?????????????A??????????????O?????????????@?C????????????A?G????????????A???????????????o??????????????K???????????????o??????????????B???????????????E???????????????@_???????????????o???????????????E????????????????O???????????????@c???????????????@o,t|eMID@WH?e@C@E?`_GG@@_CB?GB?G@?C?w@?A?G?[?_?O@??o@??W?_?E?G??_@??E?C??K?G??K?G??E?C??@?@???[?G???_@_??B_@???@?@???@_?_???[?G???@_@????C?C????[?G????K?G????E?C????@_@?????I?G?????[?_?????OB??????o@??????]?_?????@?w??????]@???????\K,2,2
102,~?@esP@@?OC?O`?@?@_?O?A@?W??_??_??O??C@?@_??C???G@??G???C???@????G???@_???A????A?G??@?????O????A?????K?????O?????O@????W?????E??????_?????A??????C?G????C??????A?C????@_??????K???????_??????@?@?????@????????_???????G???????@????????C?C??????W????????G????????C?C??????@?????????G?G???????_????????@?????????@_?????????o?????????K?????????@_?????????A??????????C??????????C?G????????A???????????_@?????????E???????????W???????????_???????????_@??????????O???????????C????????????_???????????A?C??????????K????????????C????????????A?C???????????_????????????C?G???????????O?_???????????_?????????????o?????????????W?????????????E??????????????O?????????????@_?????????????@??????????????@?G?????????????W??????????????E???????????????O??????????????@?_?????????????A@??????????????E???????????????@?_??????????????W???????????????@_???????????????@O????????????????w,t|eMID@WH?e@C@E?`?GW@@_CB?GB?G@?C?w@?A?G?W?_?o@??_@??w?_?C?G?@_@??E?C??K?G??K?G??E?C??@?@???[?G???_@_??B?@???B_@????_?_???[?G???@?B????K?C????[?G????K?G????E?C????@_@?????I?G?????W?_?????w@??????S@??????E?_?????@wG??????Bb???????Fs,2,2
102,~?@esP@@?OC?O`?@?@_?O?A@?W??_??_??O??C@?@_??C???G@??G???C???@????G???@_???A????A?G??@?????O????A?????K?????O?????O@????W?????E??????_?????A??????C??????C??????A?C????@_??????K???????_??????@?@?????@????????_???????G???????@?@??????C????????W????????W????????G????????A?@???????O????????@??_??????A?????????A?????????@_?????????W?????????B??????????E??????????G??????????G??????????C?C????????@???????????G???????????_?_????????@_??????????@_???????????_???????????G?G?????????@????????????C????????????G?G??????????G?G??????????K????????????@_????????????K?????????????O?????????????_@????????????_@????????????O?????????????E??????????????o??????????????_?????????????@??????????????@?G?????????????_??????????????G@??????????????o??????????????B???????????????B???????????????B????????????????o???????????????E????????????????W????????????????o????????????????w,t|eMID@WH?e@C@E?`?GW@@_CB?GB?G@?C?w@?A?G?W?_?o@??_@??o?_?K?G?@?@??K?C??W?G??W?G??K?C??B?@???O?G??B_?_??A?B???F?@???@_?_???O?G???F?@????K?C????W?G????[?G????E?C????@_@?????K?G?????g?_?????{@??????GB??????M?_?????@_W??????N@???????Mk,2,2
102,~?@esP@@?OC?O`?@?@_?O?A@?W??_??_??O??C??@_??C???G@??G???C???@????G???@_???A????A?G??B?????_????C?????O?????o?????_?????O?_???K?????@_?????C??????G??????G?G????C??????@?@?????G??????@_??????B???????A???????@??_?????O?G?????A????????G????????O????????O?G??????W????????A?????????O?G??????@_????????A?????????A?@???????@??????????O?????????@??????????C?C????????W??????????W??????????C??????????@???????????G?G?????????_??????????@?@?????????@????????????o???????????K???????????@_???????????A????????????C????????????C?G??????????A?C??????????@_????????????C?????????????O?_???????????o?????????????_?????????????O?_???????????C?G????????????_?????????????A?C????????????K??????????????A??????????????@?C?????????????O@?????????????B???????????????C???????????????E???????????????A???????????????@_???????????????C????????????????p???????????????B_???????????????B_,t|eMID@WH?e@C@E?`?GW@@?CE?GE?GB?C?_@?M?G?O?_@_@?@_@??_?_?[?G?@?@??M?C??G?G??W?G??K?C??B?@???W?G??@o?_??@?@???B?@???@o?_???G?G???B_@????C?C????[?G????G?W????M?C????@_@?????K?G?????w?_?????_@?????@w@??????M@_?????@Og??????F`???????FK,2,2
102,~?@esP@@?OC?O`?@?@_?O?A@?W??_??_??O??C??@_??C???G@??G???C???@????G???@_???B????B????@?????O????A?????K?????O?????O@????W?????E??????_?????A?C????C??????C??????A??????@_??????K???????_??????@?@?????@?@??????_???????G???????@????????C????????K????????K????????E????????@?????????G?G???????_????????@??????????_?????????O?_???????K?????????@_?????????E??????????G??????????G?G????????C?C????????@???????????G???????????o??????????@_??????????@_???????????O???????????C????????????_@??????????A????????????C????????????B????????????@_????????????O????????????A?G???????????G?_???????????O?????????????O@????????????W?????????????B??????????????W?????????????@_?????????????@??????????????@???????????????W??????????????A???????????????O??????????????@?_?????????????A@??????????????B???????????????@_???????????????[???????????????@_???????????????@_???????????????@W,t|eMID@WH?e@C@E?`_GG@@_CB?GB?G@?C?w@?A?G?W?_?o@??o@??W?_?E?G??_@??E?C??K?G??K?G??E?C??@o@???C?G???o?_??@_@???@_@????w?_???E?G????_@????F?C????E?G????E?G????B_C?????O@?????F?G?????K?_?????[@??????K@??????CG_?????BoG??????FB???????No,0,0
102,~?@esP@@?OC?O`?@?@_?O?A@?W??_??_??O??C??@_??C???G@??G???C???@????G???@_???B????B????@?????O????A?????K?????O?????O@????W?????E??????_?????A?C????C??????C??????A??????@_??????K???????_??????@?@?????@?@??????_???????G???????@????????C????????K????????K????????E????????@?????????G?????????_????????@??????????_?????????O?_???????K?????????@_?????????E??????????G??????????G?G????????C?C????????@???????????G??????????@_??????????B???????????B???????????@_???????????G???????????@????????????C?C??????????G????????????G????????????B?????????????o????????????C?????????????O?_???????????_?????????????_@????????????W?????????????E??????????????W?????????????@_?????????????B??????????????@?G?????????????_??????????????K???????????????o??????????????@???????????????A@??????????????A????????????????o_??????????????G???????????????@@???????????????EC???????????????E_,t|eMID@WH?e@C@E?`_GG@@_CB?GB?G@?C?w@?A?G?W?_?o@??o@??W?_?E?G??_@??E?C??K?G??K?G??E?C??@o@???C?G???o?_??@_@???@_@????w?_???E?G????_@????E?C????K?G????K?G????E?C????@o@?????C?W?????w?_?????o@??????{@??????C@_?????B_G??????M`???????F[,2,2
102,~?@esP@@?OC?O`?@?@_?O?A@?W??_??_??O??C@?@_??C???G???G???C???@????G???@_???A????A?G??@?????O????A?G???W?????o?????_?????O?_???K?????@_?????C??????G??????G?G????C??????@?@?????W???????_??????@???????@????????_?_?????G???????@????????C????????G?G??????W????????C????????@?@???????G?????????_????????@?@???????B?????????@_?????????G?????????@?@????????K??????????W??????????G??????????C??????????@?@?????????G???????????_?_????????B???????????@????????????_???????????G???????????@?@??????????C????????????G????????????G?G??????????C?C??????????B?????????????K?????????????O?????????????o?????????????o?????????????W?????????????B??????????????W??????????????O??????????????_??????????????_G?????????????OC?????????????K???????????????_??????????????A?_?????????????C@??????????????E???????????????B????????????????GG??????????????@_???????????????@_????????????????w,t|eMID@WH?e@C@E?`?GW@@_CB?GA?GB?C?_@?M?G?O?_@_@?@_@??_?_?[?G?@?@??K?C??W?G??[?G??C?C??B?@???W?G??@o?_??@?@???B?@???@o?_???G?G???B_@????E?C????K?G????M?G????A?K????@_@?????K?G?????w?_?????_B?????@w@??????G@_?????F?G??????YB???????\S,0,0
102,~?@esP@@?OC?O`?@@@_?O?A@?W??_??_??O??C???_??A???C???C???A????_G??K????o???@_???@?????_C???W????B?????G?????O@????o?????G?????A??????O?????@??????A??????A??????@???????O@?????A???????G???????O???????O@??????W???????E????????o???????B????????C????????C?G??????E?????????o????????C?????????O?_??????@_?????????_?????????O?????????C??????????_?????????A??????????C??????????C??????????A?C?????????_@?????????C???????????O???????????o???????????o???????????W???????????E????????????o???????????B????????????C????????????C?G??????????@_????????????O????????????A?G???????????W?????????????O?????????????O?????????????G?_???????????A??????????????O@????????????@??????????????B??????????????@?G?????????????_??????????????K??????????????@_??????????????B???????????????B???????????????A_???????????????O_??????????????K????????????????`???????????????AC???????????????DG,t|eMID@WH?e@C@E?`_GG@@oC@?GB?G@?C?w@?A?G?[?_?O@??o@??W?_?E?G??_@??F?C??C?G??M?G??A?C??@o@???C?G???w?_???_B???@_@????o?_???K?G???@_@????C?C????[?G????M?G????A?C????@o@?????D?G?????K?_?????[@??????M@??????A?_?????@wG??????Bb???????Fs,2,2
102,~?@esP@@?OC?O`?@@@_?O?A??W??_??_??O??C???_??A???C@??K???C???@????G@??@_???B????B????@?????O@???E?????G?????O?????O?????W?????A??????O?????@??????A??????A?G????@???????O??????A?G?????W???????o???????_???????O???????C?G?????@_???????E????????K????????C????????A?C??????@_????????C?????????O?????????_?????????_?????????o?????????C??????????_?????????A??????????C??????????C?G????????A???????????o??????????E???????????W???????????o???????????_???????????W???????????E????????????o???????????B????????????A????????????A?G??????????B?????????????O????????????A?G???????????G?????????????O@????????????o?????????????G?????????????A??????????????O@????????????@?C????????????A??????????????B???????????????o??????????????C???????????????o??????????????B???????????????@???????????????@@??????????????@_???????????????GG??????????????@D???????????????K????????????????KG,t|eMID@WH?e@C@E?`_GG@@oC@?GB?G@_C?W@?A?G?[?_?O@??o@??W?_?E?G??w@??@?C??E?G??E?G??B?C???o@???C?G???w?_???_B???@_@????o?_???K?G???@o@????A?C????M?G????E?G????B?C?????o@?????D?G?????K?_?????[@??????M@??????A?_?????@wG??????Bb???????Fs,2,2
102,~?@esP@H?OC?O`?@??_?G?B??G??O??O??G??E???_??A?_?K???G???C???@?G??W???@_???B????A????@?????O????A?????G?_???O?????o?????G?????A??????O?????@??????A?G????E??????B???????_??????C?G?????W???????_???????_???????O?_?????K???????@_???????E????????C????????C????????A?????????_????????C?????????O?_???????_????????@_?????????O?????????C??????????_?????????A??????????C?G????????K??????????E??????????@_??????????K???????????W???????????_???????????_@??????????O?_?????????K???????????@_???????????E????????????C????????????C?G??????????A?????????????_????????????C?????????????O?_???????????_?????????????O?????????????G?_???????????A??????????????O@????????????@?C????????????B??????????????B??????????????@_??????????????K??????????????@_??????????????B???????????????@???????????????@@???????????????__??????????????K????????????????_???????????????BC???????????????@o,t|eMID`GH_a@E@B?__GK@?oC@?GB?G@_C?O@?F?G?G?_?o@??o@??W?_?E?G??o@??B?C??C?G??M?G??B?C???_@???M?G???O?_??@_@???@_@????o?_???K?G???@_@????E?C????K?G????M?G????B?C?????w@?????B?G?????M?_?????M@??????E@??????B?_??????wG??????Bb???????Fs,2,2
102,~?@esP@@?OC?O`?@@@_?O?A@?W??_??_??O??C???_??A???C???C???A????_???K????_???@?G??B????@?????O@???E?????W?????_?????_@????o?????K?????@??????C??????G?G????G??????C??????@?@?????G???????_??????@???????@?@??????_???????G???????@????????C?C??????W????????G????????C?C??????B?????????G?????????_?_??????B?????????B??????????_?????????G?G???????B??????????K??????????G??????????G??????????C?C????????@???????????G???????????_?_????????@???????????@????????????_???????????G?G?????????@????????????C????????????G?G??????????G?G??????????K????????????@?????????????G?G??????????@_????????????@_????????????@_?????????????o?????????????E??????????????o??????????????_?????????????@_??????????????_??????????????OC?????????????C@??????????????_??????????????A?_?????????????C@??????????????E???????????????B????????????????OG??????????????@_???????????????@_????????????????w,t|eMID@WH?e@C@E?`?GW@@?CF?GA?GB?C?_@?M?G?O?_@_@?@_@??_?_?[?G?@?@??K?C??W?G??[?G??C?C??B?@???W?G??@o?_??@?@???B?@???@o?_???G?G???B_@????C?K????W?G????W?G????M?C????@?B?????W?G????@_?_????B_@?????@?B?????@w?_?????D?W??????\@???????Mk,2,2
102,~?@esP@@?OC?O`?@@@_?O?A@?W??_??_??O??C???_??A???C???C???A????_???K????o???@_???@?????_C???W????B?????G?????O@????o?????W?????C??????_?????A??????C??????C?G????A???????_??????C???????O?_?????_???????_???????O???????C?G?????@_???????E????????K????????C????????A?C??????@_????????K?????????O?????????_@???????@_?????????o?????????C??????????_?????????A??????????C??????????C?G????????A???????????_??????????C???????????O?_?????????_???????????_???????????O?_?????????C?G?????????@_???????????E????????????K????????????E????????????B?????????????o????????????A?????????????G?_???????????o?????????????G?????????????C?_???????????@??????????????G??????????????_C????????????@??????????????@?G?????????????_C?????????????G??????????????@_??????????????B???????????????E???????????????B????????????????W???????????????E????????????????P???????????????@C???????????????BG,t|eMID@WH?e@C@E?`_GG@@oC@?GB?G@?C?w@?A?G?W?_?o@??_@??o?_?K?G?@_@??F?C??C?G??K?G??E?C??@o@???C?G???o?_??@o@????_@????o?_???K?G???@_@????F?C????C?W????K?G????E?C????@o@?????C?G?????{?_?????WB??????W@??????L?_??????wG??????B`???????D{,2,2
102,~?@esP@@?OC?O`?@@@_?O?A@?W??_??_??O??C???_??A???C???C???A????_???K????o???@_???@?????_C???W????B?????G?????O@????o?????W?????C??????_?????A??????C??????C?G????A???????_??????C???????O?_?????_???????_???????O???????C?G?????@_???????E????????K????????C????????A?C??????@_????????K?????????O?????????_@???????@_?????????o?????????C??????????_?????????A??????????C??????????C?G????????A???????????_??????????C???????????O?_?????????_???????????_???????????O?_?????????C?G?????????@_???????????E????????????K????????????C????????????A?C??????????@_????????????K?????????????W?????????????o?????????????G?????????????C?????????????@??????????????G@?????????????_C????????????@??????????????@???????????????_C?????????????G@?????????????@_??????????????E???????????????K???????????????B???????????????@_???????????????E????????????????O???????????????@c???????????????@o,t|eMID@WH?e@C@E?`_GG@@oC@?GB?G@?C?w@?A?G?W?_?o@??_@??o?_?K?G?@_@??F?C??C?G??K?G??E?C??@o@???C?G???o?_??@o@????_@????o?_???K?G???@_@????F?C????C?G????K?G????E?C????@o@?????C?W?????{?_?????OB??????o@??????[?_?????B_G??????GN??????@tC,2,2
102,~?@esP@@?OC?O`?@?@_?O?A@?W??_??_??O??C??@_??C???G???G???C???@????G???@_???B????B????@?????O????A?G???W?????o?????_?????O?_???K?????@_?????C??????G??????G??????C??????@?@?????W???????_??????@???????@????????_?_?????G???????@????????C????????G?G??????W????????K????????B?????????G?????????_????????@?@???????B?????????@_?????????G?????????@?@????????K??????????W??????????G??????????C??????????@???????????G???????????_?_????????B???????????@????????????_?_?????????G???????????@?@??????????C????????????G????????????G?G??????????C?C??????????B?????????????W????????????@_????????????@?????????????@?@????????????_?_???????????K??????????????o?????????????B??????????????@??????????????@?G?????????????_??????????????G@?????????????@?G?????????????A???????????????C@??????????????C@??????????????B????????????????W????????????????o????????????????o????????????????w,t|eMID@WH?e@C@E?`_GG@@_CB?GA?GB?C?_@?M?G?O?_@_@?@_@??_?_?W?G?B?@??K?C??W?G??[?G??C?C??B?@???W?G??@o?_??@?@???B?@???@o?_???G?G???B?@????K?C????W?G????W?G????M?C????@_@?????K?G?????w?_?????_B?????@w@??????K@_?????B_G??????N@???????L[,2,2
102,~?@esP@@?OC?O`?@@@_?O?A@?W??_??_??O??C???_??A???C???C???A????_G??K????_???@?G??B????@?????O@???E?????W?????_?????_@????o?????C??????_?????A?C????C??????C??????A?C?????_??????C???????O???????_???????_???????O???????C?G?????@_???????A????????C?G??????K????????A?????????_@???????K?????????o????????@_????????@??????????_?_???????W?????????@??????????C?C????????G?G????????G??????????C??????????@?@?????????G???????????_?_????????@???????????@?@??????????_???????????G???????????@????????????C?C??????????C????????????C?G??????????E?????????????_????????????C?G???????????W?????????????W?????????????W?????????????K?????????????@_?????????????C??????????????OC?????????????_G?????????????_??????????????OC?????????????C@??????????????_??????????????A???????????????C@??????????????C@??????????????@????????????????OG??????????????@`???????????????E????????????????BG,t|eMID@WH?e@C@E?`?GW@@?CF?GA?GB?C?_@?M?G?O?_@o@??_@??w?_?C?G?@_@??E?C??M?G??C?G??E?C??@_@???G?G??@o?_??@?@???B_@????w?_???C?G???@_@????E?C????M?G????E?G????B_C?????O@?????F?G?????G@_?????{@??????GB??????M?_?????@oG??????F@???????I{,2,2
102,~?@esP@@?OC?O`?@@@_?O?A@?W??_??_??O??C???_??A???C???C???A????_G??K????_???@?G??B????@?????O@???E?????W?????_?????_@????o?????C??????_?????A?C????C??????C??????A?C?????_??????C???????O???????_???????_???????O???????C?G?????@_???????A????????C?G??????K????????A?????????_@???????K?????????o????????@_????????@_?????????o?????????C??????????_?????????A?C????????C??????????C??????????A?C?????????_??????????C???????????O???????????_???????????_???????????W???????????E????????????O???????????@?C??????????E????????????B????????????@_????????????W????????????B?????????????K?????????????W?????????????G?????????????C?_???????????@??????????????G@?????????????_C????????????@??????????????@?G?????????????_??????????????G@?????????????@_??????????????A???????????????C@??????????????B????????????????o???????????????E????????????????P???????????????@_???????????????@W,t|eMID@WH?e@C@E?`?GW@@?CF?GA?GB?C?_@?M?G?O?_@o@??_@??w?_?C?G?@_@??E?C??M?G??C?G??E?C??@_@???G?G??@o?_??@?B???B_@????_@_???[?G???@?@????K?C????W?G????[?G????C?K????B?@?????W?G????@_?_????Ag@??????[@??????C?_?????BgG??????Bb???????Fs,2,2
102,~?@esP@@?OC?O`?@?@_?O?A@?W??_??_??O??C??@_??C???G???G???C???@????G@??@_???A????A?G??B?????_????C?????O?_??@_????@_?????_?????G?G???B??????C??????G??????G?G????C??????@???????G?G????@_??????@???????@????????_???????G?G?????@????????C????????G?G??????W????????C????????@?@???????W?????????_????????@?????????@?@???????@_?????????W?????????@??????????C?C????????W??????????G??????????C?C????????@?@?????????G???????????_??????????@?@?????????B????????????_???????????G?G?????????@????????????C?C??????????G????????????G????????????C?C???????????_????????????C?G???????????o?????????????_?????????????_@????????????O?_???????????E??????????????W?????????????@_?????????????@_??????????????_??????????????OC?????????????C@??????????????O??????????????@?_?????????????A@??????????????A???????????????@?_??????????????OG??????????????@_???????????????@_????????????????w,t|eMID@WH?e@C@E?`?GW@@?CE?GE?GA?C@_@?G?G@o?_@?@?B_@??_?_?[?G?@?@??K?C??W?G??W?G??M?C??@?@???W?G??@_?_??B_@???@?@???@o?_???M?G????_@????E?C????K?G????K?G????F?C?????o@?????E?G?????[?_?????OB??????{@??????C@_?????B_G??????N@???????L[,2,2
102,~?@esP@H?OC?O`?@??_?G?B??G??O??O??G??E???_??A?_?K???G???C???@?G??W???@_???B????A????@?C???O????A?????G?????O?????o?????G?????A??????O?????@??????A??????B??????@???????O@?????E???????W???????_???????_???????O?_?????K???????@_???????E????????K????????G????????C?C??????@?@???????G?????????_????????@?@???????@?????????@_?????????G?????????@??????????C??????????G??????????G??????????C???????????_??????????C?G?????????o???????????o???????????_???????????W???????????E????????????o???????????B????????????E????????????E????????????B?????????????O????????????A?????????????G?_???????????O@????????????o?????????????G?????????????A??????????????O@????????????@??????????????A?G????????????B??????????????@_??????????????C???????????????o??????????????B???????????????B???????????????@_???????????????W???????????????E????????????????P???????????????@C???????????????BG,t|eMID`GH_a@E@B?__GK@?oC@?GB?G@_C?O@?F?G?G?_?o@??o@??W?_?C?G?@o@??B?C??C?G??K?G??E?C??@_@???G?G??@o?_??@?B???B?@???@_?_???W?G???B?@????G?C????{?G????G?W????K?C????B_@?????K?G?????g?_?????o@??????w@??????M?_?????@WG??????Bp???????B{,2,2
102,~?@esP@@?OC?O`?@?@_?O?A@?W??_??_??O??C??@_??C???G???G???C???@????G@??@_???B????B????@?????O????A?G???W?????o?????_?????O?_???K??????_?????A??????C??????C??????A?C????@_??????C???????O???????_???????_@??????O???????C????????_@??????E????????K????????K????????A?????????_????????C?G???????o????????@_?????????_?????????O?_???????K??????????_?????????A??????????C??????????C??????????A?C????????@_??????????C???????????O?_?????????_???????????_@??????????O???????????E????????????o???????????B????????????E????????????A????????????@?????????????O@???????????B?????????????C?????????????G@????????????W?????????????C?????????????@??????????????G@?????????????_C????????????B??????????????@???????????????_C?????????????G@?????????????@???????????????E???????????????K???????????????A???????????????@_???????????????E????????????????o???????????????@c???????????????B_,t|eMID@WH?e@C@E?`_GG@@_CB?GA?GB?C?_@?M?G?O?_@o@??_@??o?_?K?G?@_@??E?C??M?G??C?G??E?C??@_@???M?G???O?_??@o@????_B????o?_???K?G???@_@????E?C????M?G????E?G????B?C?????w@?????A_G?????E?_?????M@??????E@??????B__??????WW??????B`???????Fk,2,2
102,~?@esP@@?OC?O`?@?@_?O?A@?W??_??_??O??C??@_??C???G???G???C???@????G@??@_???B????B????@?????O????A?G???W?????o?????_?????O?_???K??????_?????A??????C??????C??????A?C????@_??????C???????O???????_???????_@??????O???????C????????_@??????E????????K????????K????????A?????????_????????C?G???????o????????@_?????????_?????????O?_???????K??????????_?????????A??????????C??????????C??????????A?C????????@_??????????C???????????O???????????_???????????_@??????????O???????????E????????????o???????????B????????????E????????????A????????????@?C???????????O@???????????E?????????????W?????????????W?????????????W?????????????C?????????????@??????????????G??????????????_C?????????????_??????????????_G?????????????O??????????????C@??????????????o??????????????B???????????????E???????????????B????????????????o???????????????E????????????????P???????????????@_???????????????@W,t|eMID@WH?e@C@E?`_GG@@_CB?GA?GB?C?_@?M?G?O?_@o@??_@??o?_?K?G?@_@??E?C??M?G??C?G??E?C??@_@???M?G???O?_??@o@????_B????o?_???K?G???@_@????E?C????M?G????C?G????E?C????@_@?????M?G?????S@_?????W@??????W@??????K?_?????BoG??????EF???????Zc,2,2
102,~?@esP@@?OC?O`?@@@_?O?A@?W??_??_??O??C???_??A???C???C???A????_???K????o???@_???@?????_C???W????B?????G?????O@????o?????W?????C??????_?????A??????C??????C??????A???????_??????C?G?????O???????_???????_???????O?_?????C???????@_???????E????????K????????K????????E????????@_????????E?????????O?????????_@???????@_?????????W?????????C??????????_?????????A??????????C??????????C??????????A???????????_??????????C?G?????????O???????????_???????????_@??????????O?_?????????C?G?????????@_???????????E????????????K????????????K????????????E????????????@_????????????E?????????????O?????????????_@????????????G@????????????C?????????????@??????????????G@?????????????_?????????????@?G????????????@???????????????_C?????????????G???????????????o??????????????B???????????????B???????????????@_???????????????W???????????????E????????????????P???????????????@C???????????????BG,t|eMID@WH?e@C@E?`_GG@@oC@?GB?G@?C?w@?A?G?W?_?o@??_@??o?_?K?G?@_@??C?C??[?G??G?W??M?C??@?@???[?G???_?_??B_@???@_@????_?_???W?G???B?@????K?C????W?G????S?G????F?C?????_@?????M?G?????]?_?????GF??????W@??????M?_?????@oG??????F@???????H{,2,2
102,~?@esP@@?OC?O`?@@@_?O?A@?W??_??_??O??C???_??A???C???C???A????_???K????o???@_???@?????_C???W????B?????G?????O@????o?????W?????C??????_?????A??????C??????C?G????A???????_??????C???????O???????_???????_???????O?_?????C???????@_???????E????????K????????C????????A?C??????@_????????K?????????o????????@?????????@?@???????@_?????????K?????????@??????????C??????????G??????????G??????????C?C????????@???????????G???????????_??????????@???????????@?@??????????_???????????G?G?????????@?@??????????C?C??????????W????????????W????????????K????????????@_????????????K?????????????o????????????@_?????????????_?????????????O?_???????????@?G????????????G??????????????_?????????????@?G????????????@?G?????????????_??????????????G@?????????????@???????????????C?_?????????????E???????????????E????????????????o???????????????E????????????????W????????????????o????????????????w,t|eMID@WH?e@C@E?`_GG@@oC@?GB?G@?C?w@?A?G?W?_?o@??_@??o?_?K?G?@_@??F?C??C?G??K?G??E?C??@?@???[?G???_?_??B_@???@_@????_?_???W?G???B?@????K?C????[?G????G?W????K?C????B?@?????W?G????@o?_????@w@??????OF??????W?_?????FOG??????FB???????Ks,2,2
102,~?@esP@@?OC?O`?@?@_?O?A@?W??_??_??O??C??@_??C???G@??G???C???@????G@??@_???A????A?G??B?????_????C?????O?????o?????_?????O?_???K??????_?????A??????C?G????C??????A???????_??????K???????o??????@???????@?@??????_?_?????G???????@????????C?C??????W????????G????????C?C??????B?????????W????????@?????????A?@???????A?????????@??????????G?????????@?@????????K??????????G??????????G??????????C?C????????@???????????G?G?????????_??????????@???????????@_???????????o???????????K????????????_???????????A?C??????????C?G??????????K????????????A?????????????_@???????????E?????????????W?????????????_?????????????_@????????????O?_???????????C??????????????_@????????????@??????????????B??????????????@???????????????_C?????????????G@?????????????@???????????????B???????????????B???????????????B????????????????__??????????????E????????????????o???????????????@C???????????????@g,t|eMID@WH?e@C@E?`?GW@@?CE?GE?GB?C?_@?M?G?O?_@o@??_@??w?_?C?G?@_@??E?C??G?G??W?G??K?C??B?@???W?G??@o?_??@?@???B_@????_?_???[?G???@?B????M?C????K?G????G?G????M?C????@_@?????K?G?????w?_?????w@??????S@??????F__??????OW??????F`???????Fk,2,2
102,~?@esP@@?OC?O`?@?@_?O?A@?W??_??_??O??C??@_??C???G@??G???C???@????G@??@_???B????B????@?????O????A?????K?????O?????O@????W?????A??????O?????@??????A??????A??????B???????o??????C???????O?_?????_???????_???????O???????C?G?????@_???????E????????K????????K????????C????????@?@???????G?????????_????????@_????????@??????????_?_???????W?????????@??????????C??????????G??????????G?G????????C??????????@???????????K???????????o??????????@???????????@?@??????????_?_?????????G???????????@?@??????????C?C??????????W????????????W????????????E????????????@_????????????G?????????????_?_??????????@?@???????????@??????????????O?????????????C?G????????????O?????????????@?C????????????A??????????????A?G????????????@?C?????????????O??????????????@_??????????????E???????????????E???????????????B????????????????W???????????????E????????????????P???????????????@C???????????????BG,t|eMID@WH?e@C@E?`_GG@@_CB?GB?G@?C?w@?A?G?[?_?O@??o@??W?_?E?G??_@??E?C??K?G??K?G??E?C??@?@???[?G???_?_??B_@???@?@???@_?_???[?G???@_@????C?C????[?G????K?G????E?C????@_@?????M?G?????[?_?????W@??????]@??????A@_?????@wG??????BB???????NS,0,0
102,~?@esP@@?OC?O`?@?@_?O?A@?W??_??_??O??C??@_??C???G@??G???C???@????G@??@_???B????B????@?????O????A?????K?????O?????O@????W?????A??????O?????@??????A??????A??????B???????o??????C???????O?_?????_???????_???????O???????C?G?????@_???????E????????K????????K????????C????????@?????????G?G???????_????????@_????????@??????????_?_???????W?????????@??????????C?C????????G??????????G??????????C??????????@?@?????????W???????????o??????????@_???????????_???????????O???????????C????????????_@??????????B????????????E????????????E????????????@?????????????O????????????A?G???????????K?????????????W?????????????W?????????????C?????????????@?G????????????G@?????????????_?????????????@?G????????????B???????????????o??????????????C???????????????_??????????????A?_?????????????B???????????????@????????????????__??????????????KG??????????????@_???????????????B????????????????AW,t|eMID@WH?e@C@E?`_GG@@_CB?GB?G@?C?w@?A?G?[?_?O@??o@??W?_?E?G??_@??E?C??K?G??K?G??E?C??@?@???[?G???_?_??B_@???@_@????o?_???K?G???@_@????E?C????M?G????F?G????@?C?????w@?????A?W?????[?_?????[@??????K@??????E?_?????@wG??????Af???????Fc,2,2
102,~?@esP@@?OC?O`?@?@_?O?A@?W??_??_??O??C??@_??C???G@??G???C???@????G@??@_???A????A?G??B?????_????C?????O?????o?????_?????O?_???K??????_?????A??????C??????C??????A?C?????_??????K???????o??????@???????@?@??????_???????G???????@?@??????C?C??????W????????W????????G????????A?@???????W????????@?????????A?????????A?????????@??????????W?????????A??????????G?C????????G??????????G??????????C??????????@???????????G???????????_?_????????@?@?????????B???????????@_???????????W???????????B????????????C????????????K????????????K????????????E????????????@_????????????K?????????????G?????????????O?????????????O@????????????G?????????????B??????????????W??????????????_?????????????@?G????????????@???????????????o??????????????K???????????????o??????????????B???????????????B???????????????@_???????????????o???????????????CG???????????????`???????????????B????????????????AW,t|eMID@WH?e@C@E?`?GW@@?CE?GE?GB?C?_@?M?G?O?_@o@??_@??o?_?K?G?@?@??M?C??G?G??W?G??K?C??B?@???W?G??@??_??F?@???B_@????_?_???W?G???B?@????K?C????[?G????K?G????E?C????@_@?????M?G?????Q?_????@w@??????[A??????E?_?????@oG??????FB???????Ms,2,2
102,~?@esP@@?OC?O`?@@@_?O?A@?W??_??_??O??C???_??A???C???C???A????_G??K????_???@?G??B????@?????O@???E?????W?????_?????_@????o?????C??????_?????A??????C??????C??????A???????_??????C???????O?_?????_???????_???????O???????C?G?????@_???????E????????G????????G?G??????K????????B?????????O????????@??_??????E?????????B?????????@_?????????W?????????@??????????C??????????G??????????G?G????????C??????????@?@?????????G???????????_??????????@???????????@?@??????????_?_?????????G???????????@????????????C?C??????????W????????????W????????????C????????????@?@???????????K?????????????o????????????@?????????????@?@????????????W?????????????E??????????????O?????????????@??????????????A?G????????????A?G????????????@???????????????O@?????????????A?G?????????????G???????????????W???????????????G@??????????????CA_?????????????B????????????????E????????????????E?????????????????w,t|eMID@WH?e@C@E?`?GW@@?CF?GA?GB?C?_@?M?G?O?_@o@??_@??o?_?K?G?@?@??K?C??W?G??O?G??[?C??A?@???w?G??@??_??F?@???A?B???B_?_???O?G???E?@????[?C????O?G????w?G????K?C????A?@?????w?G????@o?_????@O@??????w@??????GG_?????F_G??????NB???????No,2,2
102,~?@esP@@?OC?O`?@@@_?O?A@?W??_??_??O??C???_??A???C???C???A????_G??K????_???@?G??B????@?????O@???E?????W?????_?????_@????o?????C??????_?????A??????C??????C??????A???????_??????C???????O?_?????_???????_???????O?_?????C?G?????@_???????E????????G????????G?G??????K????????B?????????O????????@??_??????E?????????B?????????@??????????O?G???????@??????????C??????????G??????????G?G????????C??????????@?@?????????G???????????_??????????@???????????@????????????_?_?????????G?G?????????@_???????????E????????????K????????????C????????????A?C???????????o????????????E?????????????W?????????????o?????????????G?????????????C?_???????????@??????????????G??????????????_C????????????@??????????????@?G?????????????_C?????????????G??????????????@_??????????????B???????????????E???????????????B????????????????W???????????????E????????????????P???????????????@C???????????????BG,t|eMID@WH?e@C@E?`?GW@@?CF?GA?GB?C?_@?M?G?O?_@o@??_@??o?_?K?G?@?@??K?C??W?G??O?G??[?C??A?@???w?G??@??_??F?@???B_@????_?_???W?G???B_@????C?C????[?G????K?G????C?C????B_@?????G?W????@o?_????@w@??????OF??????W?_?????F?G??????]@???????S{,2,2
102,~?@esP@@?OE?O?_@_?_?G?B??G??O??O??W??C???_??A???K???G???C???@?G??W???@_???A????A????@?????o????E?????O?????_@????_?????o?????C??????_?????A??????C??????K??????E??????@???????G???????_?_????@???????@_???????_???????G?G?????@?@??????K????????W????????W????????G????????A?@???????O????????@?????????E?????????B?????????@??????????O?G???????A??????????C??????????G??????????G??????????C?C????????@???????????K???????????o??????????@???????????@????????????_?_?????????G?G?????????@_???????????E????????????K????????????K????????????B?????????????_????????????C?G???????????O?_???????????_????????????@_?????????????G?????????????A?G????????????O?????????????@??????????????A??????????????A?G????????????@?C?????????????K??????????????@???????????????E???????????????E???????????????E???????????????B????????????????K????????????????c???????????????F????????????????@o,t|fIID`GH_a@E@A?`_GK@?_CB?GA?GB?C?o@?C?G?w?_?_@?@_@??o?_?G?G?B?@??K?C??W?G??O?G??[?C??A?@???w?G??@_?_??B_@???@?@???@_?_???[?G???@?@????M?C????K?G????K?G????C?C????B_@?????M?G?????[?_?????OH??????o@??????[?_?????BoG??????EN???????^?,2,2
102,~?@esP@@?OE?O?_@_?_?GGB??G??O??O??W??C???_??A???C???C???A???@_???K????_???@????@????@_????W????A?????G?_???o?????o?????O?????C??????_?????A??????K??????K??????C??????@???????G?G?????_??????@???????@?@??????_???????G?G?????B????????K????????W????????O????????G?C??????A?????????O????????B?????????B?????????A?????????@??_???????W?????????@??????????C??????????G??????????G?G????????C??????????@_??????????K???????????_??????????@???????????@?@??????????_?_?????????G???????????@?@??????????C?C??????????W????????????W????????????E????????????@?????????????G?G???????????_?_??????????@?????????????B??????????????O?????????????C?G????????????O?????????????@??????????????A??????????????A?G????????????@?C?????????????K??????????????@???????????????E???????????????E???????????????E???????????????B????????????????K????????????????c???????????????F????????????????@o,t|fIID`GH_a@E@A?`_GK@?_CB?GA?GB_C?O@?E?G?W?_?_@?@_@??o?_?G?G?B?@??K?C??W?G??O?G??[?C??A?@???w?G??@_?_??B_@???@?@???@_?_???[?G???@?@????M?C????K?G????K?G????C?C????B_@?????M?G?????[?_?????OH??????o@??????[?_?????BoG??????EN???????^?,2,2
102,~?@esP@@?OE?O?_@_?_?GGB??G??O??O??W??C???_??A???C???C???A?_?@_???K????_???@????@????@_????W????A?????G?_???o?????O?????G?????A??????O?????B??????E??????C??????A???????_@?????C???????O???????_@??????_@??????o???????K???????@_???????C????????G?G??????G????????C????????B?????????K?????????_????????@?@????????_?????????O?????????C??????????_@????????A??????????E??????????E??????????A???????????_??????????C?G?????????O???????????o???????????o???????????W???????????B????????????O???????????@?C??????????A?G??????????A????????????B?????????????W????????????A?????????????G?_???????????O?????????????O?????????????G?_???????????A??????????????K??????????????_?????????????@?G????????????@?G?????????????_C?????????????K??????????????@_??????????????B???????????????E???????????????A????????????????O_??????????????CG???????????????o???????????????@_????????????????w,t|fIID`GH_a@E@A?`_GK@?_CB?GA?GB_C?O@?F?G?G?_?o@??o@??O?_?K?G?@_@??E?C??G?G??[?G??C?C??B_@???M?G???O?_??@_@???@o@????O?_???M?G????o@????B?C????C?G????M?G????A?C????@w@?????A?W?????W?_?????w@??????OB??????]?_?????@_W??????M`???????Ek,2,2
102,~?@esP@H?OC?O`?@??_?G?B??G??O??O??GC?E???_??A?_?K???G???C???@?G??W???@????A?G??A????@?????O????A?????G?????O?????o?????G?????A??????O?????@??????A?G????E??????B???????o??????E???????W???????_???????_@??????O?_?????K???????@_???????C????????G?G??????G????????C?C??????@?????????G?????????_????????@?????????@??????????O?????????C??????????_?????????A?C????????C??????????C?G????????B???????????o??????????E???????????W???????????o???????????o???????????W???????????E????????????O???????????@?C??????????A????????????A?G??????????@?????????????O????????????A?G???????????G?????????????O@????????????O?????????????G?????????????A?G????????????O?????????????@?C????????????B??????????????B???????????????o??????????????E???????????????o??????????????@_??????????????@_???????????????_???????????????O_??????????????CG???????????????`???????????????AC???????????????EG,t|eMID`GH_a@E@A?`_GK@?oC@?GB?G@_C?O@?F?G?G?_?o@??o@??O?_?K?G?@_@??E?C??K?G??K?G??E?C??@_@???M?G???O?_??@_@???@o@????O?_???K?G???@o@????B?C????E?G????E?G????B?C?????w@?????A?W?????W?_?????w@??????W@??????M?_?????@_W??????M`???????Fk,2,2
102,~?@esP@@?PC?O`?@?@_?O?A??G??O??O??G??E???_??A???C@??K???C???@?G??W???@????A?G??E????A?????_????C?????o?????_?????_?????O?????C??????_?????A?C????C??????C??????A?C????@_??????K???????_??????@?@?????@?@?????@_???????W???????B????????K????????G????????G?G??????K????????@?????????G?????????_?_??????@??????????_?????????O?????????C??????????_?????????A??????????C?G????????C??????????A???????????_@?????????K???????????W???????????o???????????o???????????W???????????E????????????o???????????@????????????A?G??????????E????????????@?????????????O????????????A?G???????????G?????????????O?????????????O@????????????G?????????????B??????????????G??????????????_C????????????@?G????????????B???????????????o??????????????K???????????????o??????????????B???????????????A@??????????????@????????????????__??????????????GG??????????????@@???????????????CC???????????????EG,t|eMID@WH_a@E@A?`_GG@@_CB?GA?GB?C?o@?E?G?W?_?_@?@o@??O?_?K?G?@_@??E?C??K?G??K?G??E?C??@_@???K?G???w?_???_@???@o@????O@_???K?G???@_@????E?C????M?G????E?G????B?C?????o@?????F?G?????I?_?????M@??????E@??????B__??????WG??????Bp???????B{,0,0
102,~?@esP@@?OE?O?_@_?_?G?B??G??O??O??W??C???_G?A???K???G???C???@?G??W???@_???A????A?G??@?????W????A?????G?????O?????o?????G?????A??????O?????@??????B??????A??????@?C?????O??????E???????W???????_???????_???????O?_?????K???????@_???????E????????G????????G?G??????C?C??????@_????????G?????????_????????@?????????@?@???????@_?????????G?????????@??????????C??????????G??????????G??????????A???????????_@?????????C???????????o??????????@_???????????_???????????W???????????E????????????o???????????B????????????E????????????E????????????@_????????????O????????????A?????????????G?_???????????O@????????????o?????????????G?????????????A?G????????????O?????????????@??????????????B??????????????@??????????????@_??????????????C???????????????o??????????????@_??????????????B???????????????B_???????????????_???????????????KG??????????????@_???????????????AC???????????????DG,t|fIID`GH_a@E@A?`_GK@?oC@?GB?G@_C?O@?F?G?G?_?o@??o@??O?_?M?G??o@??B?C??C?G??K?G??E?C??@_@???G?G??@o?_??@?B???B?@???@_?_???W?G???A?@????]?C????K?W????G?g????K?C????B?@?????[?G?????g?_?????w@??????W@??????K__??????WG??????Bp???????B{,0,0
102,~?@esP@@?OE?O?_@_?_?GGB??G??O??O??W??C???_??A???C???C???A?_?@_???K????_???@????@????@_????W????A?????G?_???o?????O?????G?????A??????O?????B??????E??????C??????A???????_@?????C???????O???????_???????_@??????o???????K???????@_???????C????????G?G??????G????????C????????B?????????K?????????o????????@_?????????_?????????O?????????C??????????_?????????A??????????E??????????E??????????A???????????_??????????C?G?????????O???????????o???????????o???????????W???????????E????????????o???????????A????????????C?G??????????C?G??????????A????????????@_????????????E?????????????W?????????????O?????????????O?????????????G?_???????????A??????????????O@?????????????o?????????????@??????????????@?G?????????????_C?????????????K??????????????@_??????????????B???????????????B???????????????@????????????????W???????????????A????????????????P???????????????@c???????????????B_,t|fIID`GH_a@E@A?`_GK@?_CB?GA?GB_C?O@?F?G?G?_?o@??o@??O?_?K?G?@_@??E?C??G?G??[?G??C?C??B_@???G?W??@o?_??@?B???B?@???@_?_???W?G???A?@????[?C????W?G????W?G????G?C????F?@?????T?G?????K?_?????[@??????K@??????F__??????WW??????Bp???????Bk,0,0
102,~?@esP@@?OC?O`?@?@_?O?A@?W??_??_??O??C@?@_??C???G???G???C???@????G???@_???A????A?G??@?????O????A?G???W?????o?????_?????O?_???K?????@_?????C??????G?G????G??????C??????@?@?????W???????_??????@???????@?@??????_???????G???????@????????C?C??????G????????K????????C????????@?@???????G?????????_????????@?@???????B??????????o?????????K?????????@_?????????B??????????C??????????C?G????????A???????????o??????????E???????????G???????????O???????????O@??????????G???????????A????????????O@??????????@????????????B????????????A????????????@?C???????????O????????????A?G???????????W?????????????W?????????????W?????????????E?????????????@??????????????G@?????????????_C????????????@_??????????????_??????????????OC?????????????C@??????????????_??????????????A?_?????????????C@??????????????A???????????????@?_??????????????OG??????????????@_???????????????@_????????????????w,t|eMID@WH?e@C@E?`?GW@@_CB?GA?GB?C?_@?M?G?O?_@_@?@_@??o?_?K?G?@?@??K?C??W?G??[?G??C?C??B_@???G?G??@o?_??@?B???B_@????o?_???K?G???@_@????C?C????[?G????M?G????A?C????@o@?????D?G?????M?_?????K@??????M@??????A?_?????@wG??????Bb???????Fs,2,2
102,~?@esP@@?OE?O?_@_?_?GGB??G??O??O??W??C???_??A???C???C???A???@_???K????_???@????@?G??@_????W????A?????G?_???o?????o?????O?????C?G????_?????A??????K??????C??????A???????_??????C?G?????O???????_@??????_???????O???????E????????o???????A????????C????????C?G??????E????????@_????????C?????????O?_???????o?????????o?????????O?????????C?G????????_?????????A??????????K??????????C??????????A???????????_??????????C?G?????????O???????????_@??????????_???????????O???????????E????????????o???????????A????????????C?G??????????C?G??????????E????????????@_????????????E?????????????K?????????????W?????????????O?????????????G?_???????????A?G????????????O??????????????_?????????????@?G????????????@???????????????_C?????????????G@?????????????@???????????????C?_?????????????E???????????????E???????????????@_???????????????E????????????????W????????????????c???????????????@g,t|fIID`GH_a@E@A?`_GK@?_CB?GA?GB_C?O@?E?G?W?_?o@??o@??O?_?K?G?@o@??A?C??K?G??K?G??F?C???o@???E?G???W?_???o@????o@????O?_???K?G???@o@????A?C????K?G????K?G????F?C?????oB?????E?G?????W?_?????w@??????O@??????]?_?????@_W??????L`???????Fk,0,0
102,~?@esP@@?OC?O`?@?@_?O?A??W??_??_??O??C@?@_??C???G@??G???K???A????O???@????E????C????A?C???_????C?????O?????o?????_?????O?_???C?????@_?????E??????G??????G??????C?C????@???????G?G????@_??????B???????A???????@??_?????O???????B????????G????????O?G??????O????????G?C??????E?????????O????????@??_??????A?????????A?@???????@??????????O?????????B??????????G??????????O?G????????O??????????K??????????@???????????G???????????_?_????????@???????????@?@??????????o???????????K???????????@_???????????A????????????E????????????C????????????A?C???????????_@???????????K?????????????O?????????????_@????????????_?????????????O?_???????????C?G????????????o?????????????A??????????????C?G????????????C?G????????????@???????????????W??????????????@???????????????C?_?????????????E???????????????A????????????????o???????????????K????????????????`???????????????B_???????????????BO,t|eMID@WH?e@C@E?`?GW@@_CB?GB?G@?C?o@?E?G?O?_@_@?@_@??_?_?[?G?@?@??K?C??W?G??W?G??K?C??B?@???O?G??B_?_??B?@???B?@???@o?_???G?G???B_@????C?K????W?G????[?G????E?C????@o@?????C?G?????w?_?????o@??????w@??????I?_?????@aG??????N`???????Fw,0,0
102,~?@esP@@?OC?O`?@?@_?O?A@?W??_??_??O??C??@_??C???G???G???C???@????G???@_???A????A?G??B?????_????C?G???O????@_????@_?????_?????G?G???B??????K??????O??????O??????G?C????A???????O?G????@???????B???????A???????@????????O?G?????A????????G????????O?G??????O????????G?C??????E?????????O????????@??_??????B?????????A?????????@??_???????O?????????E??????????K??????????O??????????O?G????????K??????????@???????????G???????????_?_????????@???????????@?@??????????_???????????K???????????@????????????C????????????G?G??????????G????????????C????????????@?@???????????G?G??????????@_????????????@_?????????????o?????????????O?????????????C?G????????????_@????????????E??????????????E??????????????E???????????????_??????????????G??????????????@?G?????????????C?_?????????????G@??????????????C???????????????B????????????????W???????????????B????????????????@c???????????????B_,t|eMID@WH?e@C@E?`?GW@@?CE?GE?GA?C@_@?G?G@o?_@?@?B?@?@_?_?O?G?F?@??G?C??w?G??O?G??[?C??B?@???O?G??B_?_??A?@???F?@???@_?_???[?G???@?@????M?C????M?G????C?G????F?C?????o@?????C?G?????w?_?????_B?????@o@??????[@_?????AAg??????{@???????{K,2,2
102,~?@esP@@?OC?O`?@?@_?O?A??W??_??_G?O??C@?@_??C???G???G@??K???A????O@??@????A????A?G??@?????O????A?????W?????O?????O?????G?????B??????O?????@?C????A??????A?G????B???????o??????C???????O???????_@?????@_???????o???????G???????@?@??????C????????G????????G?G??????C????????@?@???????G?????????_?_??????B?????????@??????????_?????????G?????????@?@????????E??????????G??????????G?G????????C??????????@?@?????????K???????????O???????????_???????????_@??????????o???????????K????????????_???????????A?C??????????C????????????C????????????A?C???????????_????????????C?G???????????O?_??????????@_?????????????_?????????????O?????????????C?G????????????_@????????????B??????????????E??????????????B???????????????O??????????????E???????????????o???????????????_??????????????@@??????????????@????????????????o_??????????????K????????????????o???????????????@_????????????????w,t|eMID@WH?e@E@A?`_GK@?oC@?GB?G@_C?W@?B?G?K?_?W@??O@??W?_?E?G??o@??B?C??C?G??K?G??E?C??@_@???K?G???o?_??@_@???@_@????_?_???W?G???B_@????F?C????C?G????K?G????E?C????@_@?????M?G?????W?_?????w@??????P@??????^?_??????wO??????Bp???????Bk,2,2
102,~?@esP@@?OC?O`?@?@_?O?A??W??_??_G?O??C@?@_??C???G???G@??K???A????O???@????A????A?G??@?????O????A?????W?????O?????O?????G?????E??????o?????A??????C?G????C??????A?C????@_??????K???????_??????@???????@?@?????@_???????W???????A????????G????????O?G??????O????????G????????A?@???????O????????@??_??????A?????????A?????????B??????????O?????????A?@????????G??????????O??????????o??????????K??????????A???????????O?G????????@???????????A?@?????????B???????????@_???????????O???????????A?@??????????G?C??????????W????????????W????????????G????????????A?@???????????O?G??????????@??_??????????A?????????????A?@???????????@??????????????O?G???????????A?@????????????G??????????????G??????????????G?G????????????C?C????????????@???????????????A?G?????????????G?_?????????????W???????????????E???????????????B????????????????K????????????????O???????????????@c???????????????@o,t|eMID@WH?e@E@A?`_GK@?oC@?GB?G@_C?W@?A?G?W?_?o@??o@??O?_?K?G?@_@??E?C??K?G??G?G??K?C??B?@???W?G??@_?_??A?@???F?@???@_?_???W?G???A?@????W?C????w?G????W?G????K?C????B?@?????[?G?????o?_????@_@?????@w@??????K@_?????AKG??????}@???????NW,2,2
102,~?@esP@@?OC?O`?@?@_?O?A??W??_??_G?O??C??@_??C???G???G@??K???A????O@??@????A????A?G??B?????_????C?????O????@_?????_?????O?????C??????o?????A??????C?G????C??????A?C?????_??????K???????o??????@???????@????????_?_?????W???????B????????G????????O?G??????O????????G????????A?@???????W????????@?????????A?@???????A?????????@??????????o?????????A??????????G?C????????O??????????O??????????K??????????A???????????O?G????????@???????????A?@?????????A???????????@_???????????W???????????A????????????G?C??????????O?G??????????W????????????K????????????B?????????????G?????????????o?????????????o?????????????_?????????????O?_???????????C?G????????????_?????????????@??????????????A?G????????????A?G????????????@_??????????????O??????????????A?G?????????????G?_?????????????O@??????????????K???????????????E????????????????W???????????????@????????????????@c???????????????@o,t|eMID@WH?e@E@A?`_GG@@_CB?GA?GB?C?o@?E?G?W?_?o@??o@??O?_?M?G??_@??E?C??K?G??K?G??C?C??B?@???W?G??@_?_??B?@???B?@???@_?_???W?G???B_@????C?C????[?G????K?G????E?C????@_@?????M?G?????W?_?????w@??????W@??????M?_?????@wG??????BF???????Nc,2,2
102,~?@esP@@?OC?O`?@?@_?O?A??W??_??_??O??C@?@_??C???G???G@??K???A????O@??@????E????C????A?C???_????C?????O????@_?????_?????O?????C??????o?????A??????C??????C?G????A???????_@?????K???????o??????@???????@????????_?_?????W???????B????????G????????O?G??????O????????W????????A?????????O?G??????@?????????A?@???????A?????????@??????????o?????????A??????????G?C????????O??????????O??????????K??????????A???????????O??????????@??_????????A???????????A?@?????????@_???????????W???????????A????????????G?C??????????O?G??????????W????????????K????????????B?????????????G????????????@_????????????@_?????????????_?????????????O?_???????????C?G????????????_?????????????@??????????????A?G????????????A?G????????????@_??????????????O??????????????A?G?????????????G?_?????????????O@??????????????K???????????????E????????????????W???????????????@????????????????@c???????????????@o,t|eMID@WH?e@C@E?`?GW@@_CB?GA?GB?C?o@?E?G?W?_?o@??_@??w?_?C?G?@_@??E?C??K?G??K?G??C?C??B?@???W?G??@_?_??B?@???B?@???@_?_???O?G???F?@????K?C????[?G????K?G????E?C????@_@?????M?G?????W?_?????w@??????W@??????M?_?????@wG??????BF???????Nc,2,2
102,~?@esP@@?OC?O`?@?@_?O?A??W??_??_G?O??C??@_??C???G???G@??K???A????O@??@????A????A?G??B?????_????C?G???O????@_?????_?????O?????C??????o?????A??????C?G????C??????A???????_??????E???????O???????_???????_@??????o???????K???????@????????C?C??????G????????G????????C?C??????B?????????W????????@?????????A?@???????A?@???????B??????????O?????????A?@????????G??????????O??????????W??????????G??????????A?@?????????O??????????@???????????A?@?????????A????????????_???????????G???????????@?@??????????E????????????K????????????K????????????A?????????????_????????????C?G???????????o?????????????o?????????????o?????????????W?????????????A??????????????O@????????????@?C????????????B??????????????B???????????????_??????????????G@?????????????@?G?????????????C?_?????????????G???????????????G@??????????????B????????????????O???????????????A@???????????????BC???????????????B_,t|eMID@WH?e@E@A?`_GG@@_CB?GA?GB?C?o@?E?G?W?_?o@??o@??O?_?K?G?@_@??C?C??[?G??K?G??C?C??B?@???W?G??@_?_??B?@???B?@???@_?_???W?G???A?@????W?C????w?G????O?G????]?C????@?B?????W?G????@o?_????@_@?????@o@??????[?_?????AEG??????|@???????Fw,2,2
102,~?@esP@@?OC?O`?@?@_?O?A??W??_??_G?O??C@?@_??C???G???G@??K???A????O@??@????A????A?G??@?????O????A?????W?????O?????O?????G?????B??????O?????@?C????A??????A?G????B???????o??????C???????O???????_@?????@_???????o???????G???????@?@??????C????????G????????G?G??????C????????@?@???????G?????????_????????B?????????@??????????_?_???????G?????????@??????????E??????????G??????????G?G????????C??????????@?@?????????K???????????o??????????@???????????@????????????_?_?????????K???????????@_???????????E????????????C????????????C????????????A?C???????????_????????????C?G???????????O?_???????????_????????????@_?????????????O?????????????C?G????????????_@????????????B??????????????C??????????????C?G????????????B???????????????K??????????????@???????????????C?_?????????????G@??????????????E???????????????@????????????????O???????????????B@???????????????CW???????????????F?,t|eMID@WH?e@E@A?`_GK@?oC@?GB?G@_C?W@?B?G?K?_?W@??O@??W?_?E?G??o@??B?C??C?G??K?G??E?C??@_@???K?G???o?_??@_@???@_@????_?_???W?G???B_@????E?C????K?G????G?G????K?C????B_@?????K?G?????w?_?????o@??????o@??????P__?????N_G??????EM???????^C,2,2
102,~?@esP@@?OC?O`?@?@_?O?A??W??_??_G?O??C@?@_??C???G???G@??K???A????O???@????A????A?G??@?????O????A?????W?????O?????O?????G?????E??????o?????A??????C?G????C??????A?C????@_??????K???????_??????@???????@?@?????@_???????W???????A????????G????????O?G??????O????????G????????A?@???????O????????@??_??????A?????????A?????????B??????????O?????????A??????????G?C????????O??????????o??????????K??????????A???????????O?G????????@???????????A?@?????????B???????????@_???????????O???????????A?@??????????G?C??????????o????????????W????????????G????????????A?@???????????O?G??????????@??_??????????A?????????????A?@???????????@??????????????O?G???????????A?@????????????G??????????????G??????????????G?G????????????C?C????????????@???????????????A?G?????????????G?_?????????????W???????????????E???????????????B????????????????K????????????????O???????????????@c???????????????@o,t|eMID@WH?e@E@A?`_GK@?oC@?GB?G@_C?W@?A?G?W?_?o@??o@??O?_?K?G?@_@??E?C??K?G??G?G??K?C??B?@???W?G??@_?_??A?@???F?@???@_?_???W?G???A?@????W?C????w?G????W?G????K?C????B?@?????W?G????@o?_????@_@?????@w@??????K@_?????AKG??????}@???????NW,2,2
102,~?@esP@@?OC?O`?@?@_?O?A??W??_??_G?O??C??@_??C???G???G@??K???A????O@??@????A????A?G??B?????_????C?????O????@_?????_?????O?????C??????o?????A??????C?G????C??????A?C?????_??????K???????o??????@???????@????????_?_?????W???????B????????G????????O?G??????O????????G????????A?@???????W????????@?????????A?@???????A?????????@??????????o?????????A??????????G??????????O?G????????O??????????K??????????A???????????O?G????????@???????????A?@?????????A???????????@_???????????W???????????A????????????G?C??????????O?G??????????o????????????K????????????B?????????????G?????????????o?????????????o?????????????_?????????????O?_???????????C?G????????????_?????????????@??????????????A?G????????????A?G????????????@_??????????????O??????????????A?G?????????????G?_?????????????O@??????????????K???????????????E????????????????W???????????????@????????????????@c???????????????@o,t|eMID@WH?e@E@A?`_GG@@_CB?GA?GB?C?o@?E?G?W?_?o@??o@??O?_?M?G??_@??E?C??K?G??K?G??C?C??B?@???W?G??@_?_??B?@???B?@???@_?_???W?G???B_@????C?C????[?G????K?G????E?C????@_@?????K?G?????w?_?????w@??????W@??????M?_?????@wG??????BF???????Nc,2,2
102,~?@esP@@?OC?O`?@?@_?O?A??W??_??_G?O??C??@_??C???G???G@??K???A????O@??@????A????A?G??B?????_????C?G???O????@_?????_?????O?????C??????o?????A??????C?G????C??????A???????_??????E???????O???????_???????_@??????o???????K???????@????????C?C??????G????????G????????C?C??????B?????????W????????@?????????A?@???????A?@???????B??????????O?????????A??????????G?C????????O??????????W??????????G??????????A?@?????????O??????????@???????????A?@?????????A????????????_???????????G???????????@?@??????????K????????????K????????????K????????????A?????????????_????????????C?G???????????o?????????????o?????????????o?????????????W?????????????A??????????????O@????????????@?C????????????B??????????????B???????????????_??????????????G@?????????????@?G?????????????C?_?????????????G???????????????G@??????????????B????????????????O???????????????A@???????????????BC???????????????B_,t|eMID@WH?e@E@A?`_GG@@_CB?GA?GB?C?o@?E?G?W?_?o@??o@??O?_?K?G?@_@??C?C??[?G??K?G??C?C??B?@???W?G??@_?_??B?@???B?@???@_?_???W?G???A?@????W?C????w?G????O?G????]?C????@?B?????W?G????@_?_????B_@?????@o@??????[?_?????AEG??????|@???????Fw,0,0
102,~?@esP@@?OC?O`?@?@_?O?A??W??_??_G?O??C@?@_??C???G???G???K???A????O@??@????A????A?G??@?????O????A?????W?????o?????_?????O?_???C??????o?????A??????C?G????C??????A?C????@_??????K???????_??????@???????@????????_???????K???????@????????C?C??????G????????G????????C?C??????@?????????G?G???????_????????@?????????B?????????@_?????????W?????????A??????????G?C????????O?G????????W??????????G??????????A?@?????????O??????????@??_????????B???????????B???????????@????????????O?G?????????A????????????G????????????O?G??????????G????????????C?C??????????@?????????????G?????????????_?_??????????@?????????????@?@????????????_?_???????????G?????????????@_?????????????E??????????????E??????????????B??????????????@_??????????????K???????????????W??????????????@???????????????A@??????????????A@??????????????@?_??????????????OG??????????????A????????????????KC???????????????Go,t|eMID@WH?e@E@A?`_GK@?oC@?GB?G@?C?o@?E?G?W?_?o@??o@??O?_?K?G?@_@??E?C??K?G??G?G??K?C??B?@???O?G??B_?_??B?@???B?@???@_?_???W?G???A?@????W?C????w?G????W?G????K?C????B?@?????W?G????@_?_????Bo@??????oB??????[?_?????AKG??????}@???????Mw,0,0
102,~?@esP@@?OC?O`?@?@_?O?A??W??_??_G?O??C@?@_??C???G???G???K???A????O???@????A????A?G??@?????O????A?????W?????o?????_?????O?????C?G???@_?????E??????G??????G?G????C??????@?@?????W??????@_??????A???????A?@?????@????????O???????E????????G????????O????????O?G??????G????????A?????????O?G??????@?????????A?@???????A?????????@??????????W?????????B??????????G??????????O?G????????O?G????????W??????????B???????????O??????????@??_????????A???????????A?@?????????@_???????????W???????????A????????????G?C??????????O?G??????????O????????????C????????????@?????????????G?G???????????_?_??????????@?????????????@?@????????????_?????????????G?G???????????@?@????????????C??????????????E??????????????E??????????????B???????????????G??????????????@?G?????????????E???????????????B???????????????B????????????????_???????????????KG???????????????_???????????????BC???????????????BO,t|eMID@WH?e@E@A?`_GK@?oC@?GB?G@?C?o@?E?G?O?_@_@?@_@??o?_?G?G?B?@??K?C??W?G??W?G??K?C??B?@???O?G??B??_??F?@???A?@???B_?_???W?G???B?@????G?C????o?G????w?G????K?C????B?@?????[?G?????_?_????Bo@??????_B??????{?_?????B@W??????Pp??????BwC,2,2
102,~?@esP@@?OC?O`?@?@_?O?A??W??_??_G?O??C@?@_??C???G???G@??K???A????O???@????A????A?G??@?????O????A?????W?????O?????O?????G?????E??????o?????A??????C?G????C??????A?C????@_??????K???????_??????@???????@?@?????@_???????W???????A????????G????????O?G??????O????????G????????A?@???????O????????@??_??????A?????????A?@???????B??????????O?????????A??????????G??????????O?G????????o??????????K??????????A???????????O?G????????@???????????A?@?????????B????????????_???????????K???????????@_???????????E????????????C????????????C????????????A?C???????????_????????????C?????????????O?_???????????_?????????????_@????????????O?_???????????K??????????????_?????????????A?C????????????C?G????????????K??????????????B???????????????o??????????????B???????????????A???????????????E???????????????@????????????????o???????????????C????????????????p???????????????B_???????????????B_,t|eMID@WH?e@E@A?`_GK@?oC@?GB?G@_C?W@?A?G?W?_?o@??o@??O?_?K?G?@_@??E?C??K?G??G?G??K?C??B?@???W?G??@_?_??A?@???F?@???@_?_???W?G???A?@????W?C????w?G????[?G????C?C????B_@?????K?G?????w?_?????_@?????@o@??????[@_?????AGg??????}@???????^G,2,2
102,~?@esP@H?OC?O`?@??_?G?B??G??O??O??GC?E???_??A?_?K???G???C?_?@????W???@????A?G??A????@?????O????A?????G?_???O?????W?????G?????A??????O?????@??????A?G????E??????B???????_??????C?G?????W???????_???????_@??????O?_?????K???????@_???????C????????G?G??????G????????C?C??????@?????????G?????????_????????@?@???????@??????????O?????????C??????????_?????????A??????????C??????????C?G????????B???????????o??????????C???????????O?_?????????o???????????o???????????W???????????E????????????o???????????A????????????C?G??????????C????????????A?C???????????_@???????????C?????????????O?????????????_@????????????_?????????????O?_???????????C??????????????_?????????????A?C????????????E??????????????@_??????????????_??????????????G@?????????????@_??????????????B???????????????E???????????????A???????????????@__??????????????GO??????????????@_???????????????AC???????????????Cg,t|eMID`GH_a@E@A?`_GK@?oC@?GB?G@_C?W@?B?G?G?_?o@??o@??O?_?K?G?@_@??E?C??K?G??G?G??M?C??@_@???M?G???O?_??@_@???@_@????o?_???G?G???B?@????M?C????K?G????K?G????C?C????B_@?????M?G?????W?_?????o@??????w@??????Go_?????FoG??????A]???????]C,0,0
102,~?@esP@H?OC?O`?@??_?G?B??G??O??O??GC?E???_??A?_?K???G???C???@????W???@????A?G??A????@?????O????A?????G?????O@????o?????W?????C??????_?????A??????C??????C?G????E??????@_??????K???????o???????_???????_???????O?_?????C???????@_???????E????????G????????G?G??????C????????@?@???????G?????????_????????@?????????@?@???????@_?????????K?????????@??????????C??????????G??????????G?G????????C??????????@?@?????????K???????????o??????????@_???????????_???????????O???????????C?G??????????_@??????????E????????????K????????????C????????????A?C???????????_????????????C?G???????????O?_???????????_?????????????_@????????????o?????????????A??????????????O?????????????@?C????????????A?G????????????A??????????????@?C?????????????K???????????????_??????????????B???????????????E???????????????@????????????????__??????????????K????????????????b???????????????E????????????????EG,t|eMID`GH_a@E@A?`_GK@?oC@?GB?G@_C?O@?E?G?W?_?_@?@_@??o?_?G?G?B?@??K?C??W?G??W?G??K?C??B_@???G?G??@o?_??@_@???@?@???@_?_???[?G???@?@????K?C????[?G????K?G????E?C????@o@?????C?G?????{?_?????OB??????{@??????CD_?????B?G??????]@???????[[,2,2
102,~?@esP@H?OC?O`?@??_?G?B??G??O??O??GC?E???_??A?_?K???G???C???@????W???@????A?G??A????@?????O????A?????G?????O@????o?????W?????C??????_?????A?C????C??????C?G????E??????@_??????K???????o???????_???????_???????O???????C???????@_???????A????????C?G??????C????????A?C???????_????????C?????????O?????????_@???????@_?????????o?????????K?????????@??????????C??????????G?G????????G??????????C?C????????@_??????????K???????????o???????????_???????????_???????????O?_?????????C????????????_@??????????E????????????C????????????C?G??????????A?????????????_@???????????C?????????????O?_???????????_@???????????@_?????????????W?????????????A??????????????W??????????????_?????????????@?G????????????@_??????????????G??????????????A???????????????OG?????????????@?_?????????????E???????????????A@??????????????@????????????????WG??????????????B????????????????AC???????????????BG,t|eMID`GH_a@E@A?`_GK@?oC@?GB?G@_C?O@?E?G?W?_?_@?@o@??O?_?K?G?@_@??E?C??K?G??K?G??F?C???_@???K?G???o?_??@_@???@?@???@o?_???G?W???B?@????M?C????K?G????K?G????F?C?????_@?????M?G?????[?_?????S@??????K@??????F?_??????{G??????@N???????NC,2,2
102,~?@esP@@?OC?O`?@?@_?O?A??W??_??_G?O??C@?@_??C???G???G???K???A????O???@????A????A?G??@?????O????A?????W?????o?????_?????O?_???C?????@_?????E??????G??????G?G????C??????@?@?????W??????@_??????A???????A???????@??_?????O???????B????????G????????O????????O?G??????G????????A?????????O?G??????@?????????A?@???????A?????????@??_???????o?????????B??????????G??????????O?G????????O?G????????W??????????B???????????O??????????@??_????????A???????????A?@?????????@_???????????G???????????@????????????C?C??????????G????????????C????????????A?????????????_@???????????C?????????????O?????????????_@????????????_?????????????O?_???????????C?G???????????@_?????????????B??????????????E??????????????E??????????????@_??????????????W??????????????@_??????????????@???????????????B???????????????@????????????????o???????????????C????????????????p???????????????B_???????????????B_,t|eMID@WH?e@E@A?`_GK@?oC@?GB?G@?C?o@?E?G?O?_@_@?@_@??o?_?G?G?B?@??K?C??W?G??W?G??G?C??F?@???O?G??B_?_??B?@???A?@???B_?_???W?G???B?@????G?C????o?G????w?G????M?C????@?@?????[?G?????_@_????Bo@??????_B??????w?_?????F?W??????PT??????BwC,2,2
102,~?@esP@@?OC?O`?@?@_?O?A??W??_??_G?O??C@?@_??C???G@??G???K???A????O???@????A????A?G??@?????O????A?????K?????O?????O@????G?????E??????o?????A??????C?G????C??????A?C????@_??????K???????_??????@?@?????@????????o???????G???????@????????C?C??????G????????G????????C?C??????@?????????G?G???????_????????@?????????@_?????????_?????????G?G???????@??????????K??????????K??????????G??????????C?C????????@???????????G?G?????????o??????????@_??????????@_???????????O???????????E????????????_???????????A????????????C?G??????????C????????????A?????????????_@???????????C?????????????O?_???????????_?????????????o?????????????W?????????????A??????????????o?????????????@_?????????????B??????????????@_??????????????W??????????????E???????????????W??????????????@???????????????B???????????????@????????????????__??????????????GG??????????????@_???????????????AK???????????????M?,t|eMID@WH?e@E@A?`_GK@?oC@_G@?G@_C?W@?A?G?W?_?o@??o@??O?_?K?G?@_@??E?C??K?G??K?G??C?C??B_@???K?G???_?_??B_@???@_@????o?_???G?G???B?@????M?C????K?G????M?G????A?C????@o@?????E?W?????O?_????@o@??????wB??????GA_?????F_G??????MB???????US,2,2
102,~?@esP@@?OC?O`?@?@_?O?A??W??_??_G?O??C@?@_??C???G@??G???K???A????O???@????A????A?G??@?????O????A?????K?????O?????O@????G?????E??????o?????A??????C?G????C??????A?C????@_??????K???????_??????@?@?????@????????o???????G???????@????????C?C??????G????????G????????C?C??????@?????????G?????????_????????@?@???????@_?????????_?????????G?G???????@?@????????K??????????K??????????G??????????C?C????????@???????????G?G????????@_??????????B???????????@????????????_?_?????????G????????????_???????????A????????????C?G??????????C????????????A?????????????_@???????????C?????????????O?????????????_@????????????_@????????????W?????????????E??????????????o?????????????@_?????????????B??????????????@_??????????????o??????????????A???????????????OG?????????????@???????????????B???????????????@????????????????__??????????????K????????????????o???????????????B_???????????????@o,t|eMID@WH?e@E@A?`_GK@?oC@_G@?G@_C?W@?A?G?W?_?o@??o@??O?_?K?G?@_@??E?C??K?G??K?G??C?C??B_@???K?G???_?_??B_@???@_@????o?_???G?G???B?@????K?C????W?G????[?G????E?C????@?@?????]?G?????O@_????@o@??????wB??????GI_?????F?G??????]@???????W[,2,2
102,~?@esP@@?OC?O`?@?@_?O?A??W??_??_??O??C@?@_??C???G@??G???K???A????O???@????E????C????A?C???_????C?????O?????o?????_?????O?_???C?????@_?????E??????G??????G??????C?C????@???????G?G????@_??????B???????A???????@??_?????O???????B????????G????????O????????O?G??????G????????E?????????O????????@??_??????A?????????A?@???????@??????????O?G???????B??????????G??????????O?G????????O?G????????W??????????B???????????O??????????@???????????A?@?????????A???????????@??_?????????W???????????@????????????C?C??????????G????????????C????????????A?????????????_@???????????C?????????????o?????????????o?????????????O?????????????G?_???????????A?G????????????W?????????????@_?????????????B??????????????@_??????????????_??????????????G@?????????????@?G?????????????C?_?????????????C???????????????C@??????????????A?_??????????????o???????????????A????????????????BC???????????????@o,t|eMID@WH?e@C@E?`?GW@@_CB?GB?G@?C?o@?E?G?O?_@_@?@_@??_?_?[?G?@?@??K?C??W?G??W?G??K?C??B?@???O?G??B_?_??B?@???A?@???B_?_???W?G???A?@????[?C????W?G????[?G????F?C?????o@?????C?G?????{?_?????OB??????w@??????K@_?????B_G??????N@???????L[,0,0
102,~?@esP@@?OC?O`?@?@_?O?A??W??_??_G?O??C@?@_??C???G@??G???K???A????O???@????A????A?G??@?????O????A?????K?????O?????O@????G?????E??????o?????A??????C?G????C??????A?C????@_??????K???????_??????@?@?????@????????o???????G???????@????????C????????G????????G????????C?C??????@?????????G?G???????_????????@?@???????@_?????????_?????????G?G???????@?@????????K??????????W??????????W??????????G??????????A?@?????????O??????????@??_????????B???????????@????????????_?_?????????G????????????_???????????A????????????C?G??????????C????????????A?????????????_????????????C?G???????????O?????????????_@????????????_@????????????W?????????????E??????????????o?????????????@_?????????????B??????????????B???????????????o??????????????A???????????????OG?????????????@???????????????A@??????????????A@??????????????@?_??????????????O???????????????B@???????????????E????????????????@g,t|eMID@WH?e@E@A?`_GK@?oC@_G@?G@_C?W@?A?G?W?_?o@??o@??O?_?K?G?@_@??E?C??K?G??K?G??C?C??B_@???K?G???_?_??B?@???B?@???@_?_???W?G???A?@????W?C????w?G????[?G????E?C????@?@?????]?G?????O@_????@o@??????o@??????[?_?????AKG??????}@???????Jw,2,2
102,~?@esP@@?OC?O`?@?@_?O?A@?W??_??_G?O??C@?@_??C???G???G???C???@????G????_???@?G??@?????_????G????B?????K?????O?????O@????W?????E??????_?????A?C????C??????C?G????E??????@_??????G???????_??????@?@?????@????????_???????G?G?????@????????C????????G????????G?G??????C????????@?@???????G?????????_????????B?????????@_?????????_?????????G?G???????@_?????????E??????????G??????????G?G????????C??????????@?@?????????K???????????o??????????@???????????@????????????_?_?????????G?G?????????@????????????C?C??????????G????????????G????????????C????????????@?@???????????G?????????????_?_??????????@?@???????????@?????????????@_?????????????C??????????????_@????????????B??????????????E??????????????E??????????????@_??????????????E???????????????_??????????????B???????????????A???????????????A@??????????????@?_??????????????O???????????????B@???????????????CW???????????????[?,t|eMID@WH?e@E@A?`_GK@?oC@?GB?G@?C?w@?A?G?W?_?o@??o@??O?_?K?G?@_@??E?C??K?G??G?G??M?C??@?@???[?G???o?_??@_@???@_@????o?_???G?G???B?@????M?C????K?G????K?G????C?C????B_@?????M?G?????W?_?????o@??????w@??????Go_?????FoG??????A]???????]C,2,2
102,~?@esP@H?OC?O`?@??_?G?B??G??OG?O??G??E???_??A?_?K???G???C???@????G????_C??B????A????@?????O????A?????G?_???O?????o?????W?????C??????_@????A??????C?G????C??????E??????@_??????G???????_?_????@_??????@????????_???????G???????@????????C????????G?G??????K????????C????????@?@???????G?????????_????????@?????????@?@????????_?_???????W?????????B??????????K??????????O??????????O?G????????G??????????A?@?????????O??????????@_??????????B???????????A???????????@??_?????????G???????????@????????????C?C??????????G????????????G????????????E?????????????o????????????C?????????????O?_???????????_@????????????_?????????????W?????????????E??????????????W?????????????@_?????????????A??????????????A?G????????????@?C?????????????O@?????????????@_??????????????C???????????????G@??????????????G@??????????????C?_?????????????@?G??????????????G????????????????KC???????????????Go,t|eMID`GH_b@A@B?__GK@?oC@?GB?G@_C?O@?E?G?W?_?o@??_@??w?_?C?G?@_@??E?C??K?G??G?G??M?C??@_@???G?G??@_?_??B?@???B?@???@_?_???[?G???@?@????M?C????K?G????K?G????C?C????Bo@?????C?W?????w?_?????o@??????o@??????[?_?????BoG??????EF???????Vc,2,2
102,~?@esP@H?OC?O`?@??_?G?B??G??O??O??GC?E???_??A?_?K???G???C???@????W???@????A?G??A????@?????O????A?????G?_???O?????o?????W?????C??????_@????A??????C??????C?G????E??????@_??????G???????_?_????@_??????@????????_???????G???????@????????E????????G????????G?G??????C????????@?@???????G?????????_????????@?????????@?@????????_?_???????W?????????B??????????K??????????O??????????O?G????????G??????????A???????????O?G????????@_??????????B???????????A???????????@??_?????????G???????????@????????????C?C??????????G????????????G?G??????????E????????????@?????????????G?G???????????_????????????@?@???????????@?@????????????_?????????????K?????????????@_?????????????B??????????????A??????????????A?G????????????@?C?????????????W???????????????o??????????????A???????????????C@??????????????C@??????????????A?_??????????????_G??????????????A????????????????KC???????????????Go,t|eMID`GH_a@E@A?`_GK@?oC@?GB?G@_C?O@?E?G?W?_?o@??o@??O?_?K?G?@_@??E?C??K?G??G?G??M?C??@_@???G?G??@_?_??B?@???B?@???@_?_???W?G???A?@????W?C????w?G????W?G????K?C????A?@?????{?G?????_@_????B_@?????@o@??????[?_?????AKG??????}@???????Jw,2,2
102,~?@esP@H?OC?O`?@??_?G?B??G??O??O??GC?E???_??A?_?K???G???C???@?G??W???@????A?G??A????@?????O????A?????G?_???O?????o?????G?????A??????O?????@??????A?G????E??????B???????_??????C?G?????W???????_???????_@??????O?_?????K???????@_???????C????????G?G??????G????????C?C??????@?????????G?????????_????????@?@???????@??????????O?????????C??????????_?????????A??????????C??????????C?G????????B???????????o??????????C???????????O?_?????????o???????????o???????????W???????????E????????????o???????????A????????????C?G??????????C????????????A?C???????????_@???????????C?????????????O?????????????_@????????????_?????????????O?_???????????C??????????????_?????????????A?C????????????E??????????????@_??????????????_??????????????G@?????????????@_??????????????B???????????????E???????????????A???????????????@__??????????????GO??????????????@_???????????????AC???????????????Cg,t|eMID`GH_a@E@A?`_GK@?oC@?GB?G@_C?O@?F?G?G?_?o@??o@??O?_?K?G?@_@??E?C??K?G??G?G??M?C??@_@???M?G???O?_??@_@???@_@????o?_???G?G???B?@????M?C????K?G????K?G????C?C????B_@?????M?G?????W?_?????o@??????w@??????Go_?????FoG??????A]???????]C,2,2
102,~?@esP@H?OC?O`?@??_?G?B??G??O??O??GC?E???_??A?_?K???G???C???@????W???@????A?G??A????@?????O????A?????G?_???O?????o?????W?????C??????_@????A??????C??????C?G????E??????@_??????G???????_?_????@_??????@????????_???????G?G?????@????????E????????G????????G?G??????C????????@?@???????G?????????_????????@?????????@?@????????_?????????W?????????@_?????????C??????????G?G????????G??????????C??????????@?@?????????K???????????o??????????@???????????@?@??????????o???????????G???????????@????????????C?C??????????G?G??????????K????????????C????????????@?@???????????G?????????????_?_??????????@?@???????????@??????????????_?????????????G?G???????????@?@????????????K??????????????C??????????????C?G????????????A???????????????o??????????????@_??????????????E???????????????A???????????????B????????????????o???????????????G???????????????@`???????????????BG???????????????F?,t|eMID`GH_a@E@A?`_GK@?oC@?GB?G@_C?O@?E?G?W?_?o@??o@??O?_?K?G?@_@??E?C??K?G??G?G??M?C??@_@???G?G??@o?_??@_@???@_@????o?_???G?G???B?@????M?C????K?G????K?G????C?C????B_@?????K?G?????_?_????Bo@??????oB??????WA_?????CWG?????@{@???????]W,2,2
102,~?@esP@H?OC?O`?@??_?G?B??G??O??O??GC?E???_??A?_?K???G???C???@????W???@????A?G??A????@?????O????A?????G?_???O?????o?????W?????C??????_@????A??????C??????C?G????E??????@_??????G???????_?_????@_??????@????????_???????G?G?????@????????E????????G????????G?G??????C????????@?@???????G?????????_????????@?????????@?@????????_?????????W?????????@_?????????C??????????G?G????????G??????????C??????????@?@?????????K???????????o??????????@???????????@?@??????????o???????????G???????????@????????????C?C??????????G?G??????????K????????????C????????????@?@???????????G?????????????_?_??????????@?????????????@?@????????????o?????????????C?????????????@_?????????????@??????????????A?G????????????A?G????????????@_??????????????K???????????????_??????????????B?_?????????????C???????????????E????????????????_???????????????GG??????????????@@???????????????DC???????????????F?,t|eMID`GH_a@E@A?`_GK@?oC@?GB?G@_C?O@?E?G?W?_?o@??o@??O?_?K?G?@_@??E?C??K?G??G?G??M?C??@_@???G?G??@o?_??@_@???@_@????o?_???G?G???B?@????M?C????K?G????K?G????C?C????B_@?????K?W?????_?_????Bo@??????wB??????GA_?????F_G??????MB???????US,0,0
102,~?@esP@@?OC?O`?@?@_?O?A??W??_??_??O??C@?@_??C???G@??G???K???A????O???@????E????C????A?C???_????C?????O?????o?????_?????O?_???C?????@_?????E??????G??????G?G????C??????@???????G?G????@_??????B???????A???????@??_?????O???????B????????G????????O????????O?G??????G????????B?????????O????????@??_??????A?????????A?@???????@??????????O?G???????B??????????G??????????O?G????????O?G????????W??????????B???????????O??????????@??_????????A???????????A???????????@??_?????????W???????????@????????????C?C??????????G????????????C????????????A?????????????_@???????????C?G???????????W?????????????_?????????????_@????????????O?????????????C?G????????????_@????????????B??????????????E??????????????E???????????????_??????????????G@?????????????@?G?????????????E???????????????A???????????????A@??????????????@?_??????????????W????????????????_???????????????BC???????????????@o,t|eMID@WH?e@C@E?`?GW@@_CB?GB?G@?C?o@?E?G?O?_@_@?@_@??o?_?K?G?@?@??K?C??W?G??W?G??K?C??B?@???O?G??B_?_??B?@???A?@???B_?_???W?G???B?@????K?C????O?G????o?G????[?C????B_@?????K?G?????_?_????Bo@??????_B??????{?_?????B_W??????Gt??????@{C,2,2
102,~?@esP@H?OC?O`?@??_?G?B??G??O??O??G??E???_??A?_?K???G???C???@?G??W???@_???B????A????@?????O????A?????G?_???O?????o?????G?????A??????O?????@??????A??????E??????B???????_??????C?G?????W???????_???????_@??????O?_?????K???????@_???????E????????K????????G????????C?C??????@?????????G?????????_????????@?@???????@??????????O?????????C??????????_@????????A??????????C??????????C??????????B???????????o??????????C???????????O?_?????????o???????????o???????????W???????????B????????????W???????????@_???????????A????????????A?G??????????@?C???????????O????????????A?????????????G?_???????????O?????????????O?????????????G?_???????????A??????????????O?????????????@?C????????????@_?????????????@_??????????????W??????????????E???????????????W??????????????@_??????????????@_???????????????_???????????????O_??????????????CG???????????????`???????????????AC???????????????EG,t|eMID`GH_a@E@B?__GK@?oC@?GB?G@_C?O@?F?G?G?_?o@??o@??W?_?C?G?@_@??E?C??K?G??G?G??M?C??@_@???M?G???O?_??@o@????o@????W?_???C?G???@o@????B?C????E?G????C?G????F?C?????w@?????A?G?????[?_?????W@??????W@??????N?_??????oW??????F`???????Fk,2,2
102,~?@esP@H?OC?O`?@??_?G?B??G??O??O??GC?E???_??A?_?K???G???C???@?G??W???@????A?G??A????@?????O????A?????G?????O?????o?????G?????A??????O?????@??????A?G????E??????B???????_??????C?G?????o??????@_??????@????????_?_?????G?G?????B????????K????????O????????O?G??????G????????A?@???????O????????@?????????A?????????A?????????@??_???????O?????????@??????????C?C????????G??????????G??????????C??????????@?@?????????K???????????o??????????@???????????@?@?????????@_???????????K???????????@_???????????B????????????E????????????C????????????A?C???????????_????????????C?G???????????O?_???????????_?????????????_?????????????O?????????????C?G????????????_?????????????A?C????????????C??????????????C?G????????????B???????????????K??????????????@_??????????????E???????????????E???????????????B????????????????_???????????????KG???????????????a???????????????B????????????????AW,t|eMID`GH_a@E@A?`_GK@?oC@?GB?G@_C?O@?F?G?G?_?o@??o@??O?_?K?G?@_@??E?C??K?G??G?G??K?C??B?@???W?G??@o?_??@_@???@_@????o?_???G?G???B?@????M?C????K?G????K?G????C?C????B?@?????[?G?????w?_?????o@??????w@??????Go_?????FoG??????BM???????NC,2,2
102,~?@esP@H?OC?O`?@??_?G?B??G??O??O??GC?E???_??A?_?K???G???C???@?G??W???@????A?G??A????@?????O????A?????G?_???O?????o?????G?????A??????O?????@??????A?G????E??????B???????_??????C?G?????W???????_???????_@??????O?_?????K???????@_???????C????????G?G??????G????????C?C??????@?????????G?????????_????????@?@???????@??????????O?????????C?G????????_?????????A??????????C??????????C?G????????B???????????o??????????C???????????O?_?????????o???????????o???????????K???????????B????????????O???????????@?C??????????A????????????A?G??????????@?????????????O????????????A?????????????G?_???????????O?????????????O@????????????G?????????????A?G????????????W??????????????o?????????????@_?????????????@_??????????????W??????????????B???????????????G???????????????__?????????????@@??????????????@@???????????????_???????????????GG??????????????@@???????????????CC???????????????BG,t|eMID`GH_a@E@A?`_GK@?oC@?GB?G@_C?O@?F?G?G?_?o@??o@??O?_?K?G?@_@??E?C??K?G??G?G??M?C??@_@???M?G???W?_???o@????o@????O?_???K?G???@o@????B?C????E?G????C?G????F?C?????w@?????B?G?????M?_?????G@??????]@??????B@_??????og??????F`???????FK,0,0
102,~?@esP@@?OC?O`?@?@_?O?A??W??_??_??O??C@?@_??C???G@??G???K???A????O???@?C??E????C????A?C???_????C?????O?????o?????_?????O?_???C?????@_?????A??????C??????C??????A???????_@?????K???????o??????@???????@?@??????_???????K???????@????????C?C??????G?G??????W????????K????????A?????????O?G??????@?????????A?@???????A?????????@??_???????W?????????A??????????G?C????????O??????????G??????????C?C????????@???????????G???????????_??????????@?@?????????@_???????????O???????????C?G??????????_???????????B????????????E????????????B????????????@_????????????O????????????A?G???????????G?????????????O@????????????O@????????????K?????????????A??????????????O@????????????@??????????????A?G????????????A??????????????@?C?????????????W???????????????_??????????????A?_?????????????C@??????????????E???????????????@_???????????????G???????????????@`???????????????@G???????????????BG,t|eMID@WH?e@C@E?`?GW@@_CB?GB?G@?C?o@?E?G?O?_@o@??_@??o?_?K?G?@?@??K?C??W?G??W?G??K?C??B?@???O?G??B_?_??B?@???B_@????o?_???K?G???@_@????C?C????W?G????[?G????F?C?????o@?????C?G?????w?_?????w@??????W@??????M?_?????@EG??????^@???????Fw,2,2
102,~?@esP@@?OC?O`?@?@_?O?A??W??_??_??O??C??@_??C???G@??G???K???A????O???@????E????E????B?????_????C?G???O?????o?????_?????O?_???C?????@_?????E??????G??????G?G????C??????@???????G???????o??????@???????@?@??????_???????K???????@????????C????????G?G??????G????????E????????@_????????K?????????_????????@?@???????@?@????????o?????????G?????????@?@????????C??????????W??????????K??????????C??????????@?@?????????G???????????_??????????@????????????_???????????O?_?????????C????????????o???????????A????????????C????????????C?G??????????A?C???????????o????????????E?????????????W?????????????o?????????????W?????????????K?????????????@??????????????W??????????????O??????????????_G?????????????_??????????????O??????????????C@??????????????_G?????????????B???????????????C???????????????E???????????????@_???????????????W????????????????o???????????????@K???????????????F?,t|eMID@WH?e@C@E?`_GG@@_CB?GB?G@?C?o@?E?G?O?_@_@?@_@??o?_?K?G?@_@??C?C??[?G??K?G??E?C??@?@???[?G???o?_??@?@???B_@????o?_???K?G???@_@????E?C????G?G????]?G????B?K?????_@?????M?G?????W@_?????_@?????@w@??????K@_?????B?g??????Z@???????JK,2,2
102,~?@esP@@?PC?O`?@?@_?O?A??G??O??O??G??E???_??A?_?C???K???C???@?G??W???@????A?G??E????A?????_????C?????W?????_?????_?????O?????C??????_?????A?C????C??????C??????A?C????@_??????K???????_??????@?@?????@???????@_???????W???????B????????K????????G????????G?G??????K????????@?????????G?????????_????????@?@???????@_?????????_?????????G?G???????@??????????C??????????G??????????G?G????????C??????????@???????????G?G????????@_??????????B???????????@????????????_?_?????????G???????????@_???????????E????????????K????????????E????????????B?????????????O????????????A?G???????????G?????????????O@????????????W?????????????G?????????????A?G????????????O@????????????@??????????????A?G????????????A??????????????@?C?????????????W??????????????@_??????????????A???????????????B???????????????@_???????????????O???????????????CG???????????????p???????????????B????????????????BG,t|eMID@WH_a@E@A?`_GG@@_CB?GB?G@?C?o@?E?G?W?_?_@?@o@??O?_?K?G?@_@??E?C??K?G??K?G??E?C??@?@???W?G??@_?_??B_@???@?@???@o?_???K?G???@_@????E?C????K?G????M?G????B?C?????_@?????M?G?????[?_?????OF??????w@??????K?_?????B_G??????N@???????H{,2,2
102,~?@esP@@?OC?O`?@?@_?O?A??W??_??_??O??C??@_??C???G@??G???K???A????O@??@????E????C????A?C??@_????G?????_????@?????@_?????_?????G?G???@??????E??????G??????G??????C?C????@???????G???????_?_????B???????B???????@????????O?G?????A????????K????????O????????O?G??????G?C??????E?????????O????????@??_??????E?????????A?????????@??????????O?????????A?@????????K??????????O??????????O?G????????G?C????????@???????????G???????????_?_????????@???????????@????????????_?_?????????W???????????B????????????C????????????G?G??????????G????????????B?????????????o????????????B?????????????K?????????????G?????????????G@????????????C?????????????@?G????????????K??????????????o??????????????_??????????????_G?????????????O??????????????C@??????????????o??????????????@???????????????A@??????????????B????????????????o???????????????C????????????????p???????????????@_???????????????@g,t|eMID@WH?e@C@E?`?GW@@?CE?GE?GB?C?_@?K?G?o?_@_@?@_@??_?_?[?G?@?@??K?C??W?G??W?G??K?C??B?@???W?G??@??_??F?@???B?@???@o?_???G?G???B_@????E?C????K?G????K?G????E?C????@o@?????E?G?????P?_????@{@??????MA??????B?_??????wG??????B`???????E{,0,0
102,~?@esP@@?PC?O`?@?@_?O?A??G??O??O??G??E???_??A???C@??K???C???@?G??W???@????A?G??E????A?????_????C?????o?????_?????_?????O?_???C??????_?????A?C????C??????C??????A?C????@_??????K???????_??????@???????@?@?????@_???????G???????@?@??????K????????G????????G?G??????K????????@?????????G?????????_????????@?@???????B??????????_?????????G?G???????@?@????????C??????????G??????????G?G????????C??????????@???????????G?G????????@_??????????B???????????@????????????_???????????G?G??????????_???????????A?C??????????K????????????E????????????B?????????????O????????????A?G???????????G?????????????O@????????????o?????????????K?????????????@??????????????G??????????????_C????????????@??????????????@?G?????????????o??????????????C???????????????_??????????????B?_?????????????E???????????????B????????????????_???????????????KG??????????????@_???????????????@C???????????????BG,t|eMID@WH_a@E@A?`_GG@@_CB?GA?GB?C?o@?E?G?W?_?_@?@o@??O?_?K?G?@_@??E?C??K?G??K?G??C?C??B?@???W?G??@o?_??@_@???@?@???@o?_???K?G???@_@????E?C????K?G????M?G????A?C????@_@?????N?G?????K@_?????OL??????w@??????K?_?????B_G??????M@???????P{,2,2
102,~?@esP@H?OC?O`?@??_?G?B??G??O??O??G??E???_??A?_?K???G???C???@????W???@????A?G??E????A?????_@???C?????O?????_@????_?????o?????K?????@??????C??????G?G????G??????C??????@???????K???????_??????@?@?????@_???????_???????G?G?????@????????C?C??????W????????G????????C?C??????B?????????W????????@?????????A?@???????A?????????@??????????O?G???????A??????????K??????????G??????????G??????????C?C????????@???????????G???????????_?_????????@???????????@_???????????o???????????E????????????_???????????A?C??????????C?G??????????K????????????B?????????????o????????????B?????????????G?????????????O@????????????O?????????????G?_???????????A??????????????G@?????????????_?????????????@?G????????????@???????????????_C?????????????G@?????????????@_??????????????B???????????????B???????????????@_???????????????G???????????????AG???????????????P???????????????@C???????????????BG,t|eMID`GH_a@E@A?`_GG@@_CB?GA?GB?C?o@?C?G?o?_@_@?@?@?@o?_?G?G?B?@??K?C??O?G??w?G??K?C??A?@???w?G??@_?_??B?@???B_@????_?_???[?G???@_@????F?C????C?G????M?G????B?C?????w@?????B?G?????M?_?????GB??????[@??????F?_??????wG??????Bh???????@{,2,2
102,~?@esP@@?PC?O`?@?@_?O?A??G??O??O??G??E???_??A???C@??K???C???@?G??W???@????A?G??E????A?????_????C?????o?????_?????_?????O?_???C??????_?????A?C????C??????C??????A??????@_??????K???????_??????@???????@?@?????@_???????G???????@?@??????K????????G????????G?G??????K????????B?????????O????????@??_??????A?????????A?@???????B??????????O?????????A?@????????G?C????????O??????????O??????????G?C????????A???????????O??????????@??_????????A???????????B????????????_???????????G???????????@?@??????????A????????????C?G??????????K????????????B?????????????o????????????B?????????????G?????????????O@????????????O@????????????W?????????????B??????????????G??????????????_?????????????@?G????????????@???????????????_C?????????????G@??????????????_??????????????A???????????????E@??????????????E???????????????@_???????????????E????????????????o????????????????c???????????????@g,t|eMID@WH_a@E@A?`_GG@@_CB?GA?GB?C?o@?E?G?W?_?_@?@o@??O?_?K?G?@_@??C?C??W?G??W?G??K?C??A?@???o?G??B??_??F?@???B?@???@??_???w?G???B?@????M?C????G?G????[?G????F?C?????_@?????K?G?????{?_?????WB??????OL??????[?_?????B_G??????N@???????G{,2,2
102,~?@esP@H?OC?O`?@??_?G?B??G??O??O??G??E???_??A?_?K???G???C???@????W???@????A?G??E????A?????_@???C?????O?????_@????_?????o?????K?????@??????C??????G?G????G??????C??????@???????K???????_??????@?@?????@_???????_???????G?G?????@????????C?C??????W????????G????????C?C??????B?????????W????????@?????????A?@???????A?????????@??????????O?G???????A??????????K??????????G??????????G??????????C?C????????@???????????G???????????_?_????????@???????????@_???????????o???????????E????????????_???????????A?C??????????C?G??????????K????????????B?????????????o????????????B?????????????G?????????????O@????????????O?????????????G?_???????????A??????????????G@?????????????_?????????????@?G????????????@???????????????_C?????????????G??????????????@_??????????????B???????????????B???????????????@_???????????????W???????????????E????????????????P???????????????@C???????????????BG,t|eMID`GH_a@E@A?`_GG@@_CB?GA?GB?C?o@?C?G?o?_@_@?@?@?@o?_?G?G?B?@??K?C??O?G??w?G??K?C??A?@???w?G??@_?_??B?@???B_@????_?_???[?G???@_@????F?C????C?G????M?G????B?C?????w@?????B?G?????M?_?????GB??????[@??????F?_??????_w??????M@???????\K,2,2
102,~?@esP@@?PC?O`?@?@_?O?A??G??O??O??G??E???_??A?_?C???K???C???@?G??W???@????A?G??E????A?????_????C?????W?????_?????_@????O?????C??????_?????A??????C??????C??????A?C????@_??????K???????_??????@?@?????@????????o???????K???????@_???????E????????K????????K????????A?????????_????????C?????????O?_???????o?????????_?????????O?_???????C??????????_?????????A??????????C??????????C??????????A?C????????@_??????????K???????????O???????????_@??????????_???????????W???????????E????????????o???????????B????????????E????????????A????????????@?????????????O????????????A?G???????????K?????????????W?????????????G?????????????C?????????????@?G????????????K??????????????o?????????????@_??????????????_??????????????OC?????????????E???????????????o??????????????@_??????????????@???????????????@_???????????????W???????????????A????????????????X???????????????@_???????????????@g,t|eMID@WH_a@E@A?`_GG@@_CB?GB?G@?C?o@?E?G?W?_?_@?@_@??o?_?K?G?@_@??E?C??K?G??K?G??E?C??@?@???[?G???w?_???_@???@_@????o?_???K?G???@_@????E?C????K?G????M?G????B?C?????c@?????N?G?????K@??????[@??????M@??????B?_??????wG??????BR???????Bs,0,0
102,~?@esP@@?PC?O`?@?@_?O?A??G??O??O??G??E???_??A?_?C???K???C???@?G??W???@????A?G??E????A?????_????C?????W?????_?????_?????O?????C??????_?????A?C????C??????C??????A??????@_??????K???????_??????@?@?????@???????@_???????W???????B????????K????????G????????G?G??????K????????B?????????O????????@??_??????A?????????A?@???????@_?????????O?????????A?@????????G??????????O??????????O??????????G?C????????A???????????O??????????@??_????????A???????????B????????????_???????????G?G?????????@????????????E????????????K????????????K????????????B?????????????o????????????B?????????????G?????????????O@????????????O@????????????K?????????????A??????????????O@????????????@?C????????????A??????????????A?G????????????@???????????????O@?????????????A???????????????E???????????????C???????????????B????????????????o???????????????E????????????????w???????????????@_???????????????@g,t|eMID@WH_a@E@A?`_GG@@_CB?GB?G@?C?o@?E?G?W?_?_@?@o@??O?_?K?G?@_@??C?C??W?G??W?G??K?C??B?@???O?G??B??_??E?@???F?@???@??_???w?G???B?@????M?C????G?G????[?G????F?C?????o@?????C?G?????w?_?????w@??????OF??????[?_?????B_G??????Gf??????@{C,2,2
102,~?@esP@@?OC?O`?@?@_?O?A??W??_??_??O??C??@_??C???G@??G???K???A????O@??@????E????C????A?C??@_????G?????_????@?????@_?????_?????G?G???@??????E??????G??????G??????C?C????@???????G???????_??????B???????B???????@????????O?G?????A????????K????????O????????O?G??????G?C??????E?????????O????????@??_??????E?????????E?????????A??????????_?G???????C??????????O?C????????o??????????_??????????O?C????????C?@?????????O??????????@???????????A?@?????????A???????????@????????????O?G?????????A????????????K????????????G????????????G?G??????????C?????????????o????????????E?????????????K?????????????W?????????????K?????????????C?????????????@?G????????????G@?????????????o?????????????@_??????????????_??????????????OC?????????????C???????????????_G?????????????A???????????????A@??????????????A@??????????????@_???????????????K????????????????o????????????????o????????????????w,t|eMID@WH?e@C@E?`?GW@@?CE?GE?GB?C?_@?K?G?o?_@_@?@_@??_?_?[?G?@?@??K?C??W?G??O?G??W?C??E?@???o?G??B??_??C?@???M?@???B??_???w?G???A?@????[?C????W?G????[?G????C?C????B_@?????M?G?????W?_?????a@?????@{@??????F@???????wG??????AZ???????]C,0,0
102,~?@esP@@?PC?O`?@?@_?O?A??G??O??O??G??E???_??A???C@??K???C???@?G??W???@????A?G??E????A?????_????C?????o?????_?????_?????O?_???C??????_?????A?C????C??????C??????A??????@_??????K???????_??????@???????@?@?????@_???????G???????@?@??????K????????G????????G?G??????K????????B?????????O????????@??_??????A?????????A?@???????B??????????O?????????A?@????????G?C????????O??????????O??????????G?C????????A???????????O??????????@??_????????A???????????B????????????_???????????G???????????@?@??????????A????????????C?G??????????K????????????B?????????????o????????????B?????????????G?????????????O@????????????O@????????????W?????????????B??????????????G??????????????_?????????????@?G????????????@???????????????_C?????????????G???????????????_G?????????????A???????????????E@??????????????E???????????????@_???????????????K????????????????o????????????????c???????????????@g,t|eMID@WH_a@E@A?`_GG@@_CB?GA?GB?C?o@?E?G?W?_?_@?@o@??O?_?K?G?@_@??C?C??W?G??W?G??K?C??A?@???o?G??B??_??F?@???B?@???@??_???w?G???B?@????M?C????G?G????[?G????F?C?????_@?????K?G?????{?_?????WB??????OL??????[?_?????B_G??????HF??????@wC,2,2
102,~?@esP@@?PC?O`?@?@_?O?A??G??O??O??GC?E???_??A???C???K???C???@?G??W???@????A?G??A????@?????O????E?????W?????_?????_?????O?_???C??????_?????A?C????C??????C?G????E??????@_??????G???????_??????@???????@???????@_???????G???????@?@??????K????????G????????G?G??????C????????@?@???????G?????????_?_??????B?????????B?????????@_?????????O?????????A?@????????G?C????????O??????????O??????????G?C????????A???????????O?G????????@_??????????@???????????@????????????_???????????G?G?????????@????????????A????????????C?G??????????K????????????B?????????????O????????????A?G???????????G?_???????????o?????????????o?????????????K?????????????B??????????????G??????????????_?????????????@?G????????????@?G?????????????O??????????????C???????????????_G?????????????A?_?????????????E???????????????E????????????????o???????????????K????????????????W????????????????o????????????????w,t|eMID@WH_a@E@A?`_GK@?oC@?GB?G@?C?o@?E?G?W?_?_@?@o@??O?_?K?G?@_@??E?C??K?G??G?G??K?C??B?@???O?G??B??_??F?@???B?@???@??_???w?G???B?@????M?C????M?G????C?G????E?C????@o@?????C?G?????{?_?????WB??????OD??????[?_?????BoG??????CF???????{c,2,2
102,~?@esP@@?PC?O`?@?@_?O?A??G??O??O??GC?E???_??A???C???K???C???@?G??W???@????A?G??A????@?????O????E?????W?????_?????_@????O?????C??????_?????A?C????C??????C?G????E??????@_??????G???????_??????@?@?????@????????o???????G???????@?@??????K????????G????????G?G??????C????????@?@???????G?????????_????????B?????????@_?????????_?????????G?G???????@??????????C??????????G??????????G?G????????C??????????@?@?????????K???????????o??????????@???????????@?@??????????_?_?????????G???????????@_???????????C????????????G?G??????????W????????????E?????????????_????????????C?G???????????O?????????????_?????????????W?????????????K?????????????@??????????????G??????????????_?????????????@?G????????????@?G?????????????o??????????????K??????????????@_??????????????B???????????????E???????????????E????????????????__??????????????GG??????????????@????????????????EC???????????????Co,t|eMID@WH_a@E@A?`_GK@?oC@?GB?G@?C?o@?E?G?W?_?_@?@o@??O?_?K?G?@_@??E?C??K?G??G?G??M?C??@?@???[?G???o?_??@_@???@?@???@o?_???K?G???@o@????B?C????E?G????F?G????@?C?????w@?????B?W?????K?_?????O@??????w@??????M@_?????@_g??????M@???????VK,2,2
102,~?@esP@@?OC?O`?@?@_?O?A??W??_??_G?O??C@?@_??C???G???G@??K???A????O@??@????A????A?G??@?????O????A?????W?????O?????O?????G?????B??????O?????@?C????A??????A?G????B???????o??????C???????O???????_@?????@_???????o???????G???????@?@??????C????????G????????G?G??????C????????@?@???????G?????????_?_??????B?????????@??????????_?????????G?????????@?@????????E??????????G??????????G?G????????C??????????@?@?????????K???????????O???????????_???????????_@??????????o???????????K????????????_???????????A?C??????????C????????????E????????????@?????????????O@???????????A?G???????????W?????????????O?????????????O?????????????G?_???????????A?G????????????W?????????????@??????????????A?G????????????A?G?????????????_??????????????K??????????????@_??????????????@???????????????A@??????????????A????????????????o_??????????????K????????????????o???????????????@_????????????????w,t|eMID@WH?e@E@A?`_GK@?oC@?GB?G@_C?W@?B?G?K?_?W@??O@??W?_?E?G??o@??B?C??C?G??K?G??E?C??@_@???K?G???o?_??@_@???@_@????o?_???M?G????w@????@?C????E?G????E?G????B?C?????w@?????B?G?????K?_?????W@??????]@??????AB_?????@oG??????F`???????E[,2,2
102,~?@esP@@?OC?O`?@?@_?O?A@?W??_??_??O??C??@_??C???G@??G???C???@????G@??@_???A????A?G??B?????_????C?????O?????o?????_?????O?_???K??????_?????A??????C??????C??????A???????_@?????K???????o??????@???????@?@??????_???????G???????@????????C?C??????W????????W????????G????????A?@???????o????????@?????????A?????????A?@???????@??????????W?????????B??????????K??????????G??????????G?G????????C??????????@???????????G???????????_?_????????@?@?????????B????????????o???????????G???????????@?@??????????C????????????G????????????G?G??????????E????????????@_????????????G?????????????_?_???????????_?????????????_@????????????O?_???????????C??????????????o?????????????B??????????????A??????????????A?G????????????@?C?????????????O??????????????B???????????????B???????????????C???????????????C@??????????????B????????????????K???????????????@G???????????????EC???????????????B_,t|eMID@WH?e@C@E?`?GW@@?CE?GE?GB?C?_@?M?G?O?_@o@??_@??o?_?K?G?@?@??K?C??W?G??W?G??K?C??B?@???W?G??@??_??F?@???A?B???B_?_???W?G???B?@????K?C????O?G????w?G????K?C????B_@?????K?G?????o?_????@O@??????w@??????M@_?????@`g??????Gp??????@{C,2,2
102,~?@esP@@?OC?O`?@?@_?O?A@?W??_??_G?O??C??@_??C???G???G???C???@????G????_???@?G??B????@?????O????A?G???W?????o?????_?????O?_???K?????@_?????C??????G?G????G??????C??????@?@?????W???????_??????@???????@????????_?_?????G???????@????????C?C??????G????????G????????C?C??????B?????????G?????????_????????@?@???????B?????????@_?????????G?????????@?@????????K??????????K??????????G??????????C?C????????@???????????G?G?????????_?_????????B???????????@????????????_???????????G???????????@?@??????????C????????????G?G??????????G?G??????????C????????????@?????????????G?G???????????O?????????????o?????????????o?????????????W?????????????A??????????????O@?????????????o?????????????@_??????????????o??????????????W??????????????A???????????????OG?????????????@?_?????????????B???????????????@????????????????__??????????????K????????????????O???????????????@c???????????????@o,t|eMID@WH?e@E@A?`_GG@@_CB?GA?GB?C?_@?M?G?O?_@_@?@_@??o?_?G?G?B?@??K?C??W?G??[?G??C?C??B?@???W?G??@o?_??@?@???B_@????o?_???K?G???@?@????M?C????K?G????M?G????A?K????@_@?????K?G?????w?_?????w@??????[@??????C?_?????BgG??????Bb???????Fs,2,2
102,~?@esP@@?OC?O`?@?@_?O?A@?W??_??_G?O??C??@_??C???G@??G???C???@????G????_???@?G??B????@?????O????A?????K?????O?????O@????W?????E??????_?????A?C????C??????C??????A?C????@_??????K???????_??????@?@?????@????????_???????G???????@?@??????C????????G????????G?G??????K????????@?????????G?????????_????????@?????????@_?????????_?????????G?G???????B??????????E??????????G??????????G?G????????C??????????@?@?????????G?G????????@_??????????B???????????B???????????@????????????O?G?????????A?@??????????G????????????O?G??????????O?G??????????G????????????A?????????????O?G???????????_????????????@?@???????????@??????????????_?_???????????G??????????????_?????????????A?C????????????B??????????????B???????????????o??????????????E???????????????W??????????????@_??????????????@_???????????????_???????????????O_??????????????CG???????????????`???????????????AC???????????????EG,t|eMID@WH?e@E@A?`_GG@@_CB?GB?G@?C?w@?A?G?W?_?o@??o@??O?_?K?G?@_@??E?C??K?G??K?G??E?C??@?@???[?G???_?_??B_@???@_@????o?_???G?G???B_@????E?C????K?G????K?G????E?C????@_@?????M?G?????[?_?????[@??????G@??????N?_??????wW??????BD???????Nc,2,2
102,~?@esP@@?OC?O`?@?@_?O?A@?W??_??_??O??C??@_??C???G???G???C???@????G???@_???B????B????@?????O????A?????W?????o?????_?????O?_???K?????@_?????C??????G??????G??????C??????@?@?????W??????@_??????A???????A???????@??_?????O???????A????????G????????O????????O?G??????W????????E?????????o????????@?????????A?????????A?@???????@??????????o?????????B??????????K??????????W??????????W??????????C??????????@???????????G?G?????????_??????????@?@?????????B????????????o???????????G???????????@????????????C?C??????????G????????????G????????????C?C??????????@?@???????????W?????????????o?????????????_?????????????_@????????????O?_???????????C?????????????@_?????????????B??????????????E??????????????@???????????????_??????????????G@?????????????@?G?????????????B???????????????C???????????????E???????????????@_???????????????W????????????????o???????????????@K???????????????F?,t|eMID@WH?e@C@E?`_GG@@_CB?GA?GB?C?_@?M?G?O?_@_@?@_@??_?_?W?G?B?@??K?C??W?G??W?G??K?C??A?@???w?G??@??_??F?@???A?B???B??_???w?G???A?@????[?C????W?G????W?G????M?C????@_@?????G?G????@o?_????@OB??????{@??????CD_?????B_G??????N@???????K[,2,2
102,~?@esP@@?OE?O?_@_?_?GGB??G??O??O??W??C???_??A???C???C???A???@_???K????_???@?G??@????@_????W????A?????G?_???o?????o?????O?????C??????_?????A??????E??????C??????A?C?????_??????C???????O???????_???????_???????O?_?????K???????@_???????E????????G????????G?G??????C????????@_????????K?????????o????????@_????????@_?????????O?????????C??????????_?????????A??????????C??????????E??????????A???????????_@?????????C???????????O???????????_???????????_@??????????O?_?????????K???????????@_???????????E????????????K????????????K????????????A?????????????o????????????E?????????????W?????????????G?????????????G?????????????C?_???????????@??????????????G@?????????????o?????????????@??????????????@?G?????????????_C?????????????K??????????????@_??????????????B???????????????B???????????????@????????????????W???????????????A????????????????P???????????????@c???????????????B_,t|fIID`GH_a@E@A?`_GK@?_CB?GA?GB_C?O@?E?G?W?_?_@?@_@??o?_?G?G?B_@??E?C??K?G??K?G??C?C??B_@???G?W??@_?_??B_@???@?@???@_?_???W?G???B?@????G?C????w?G????W?W????K?C????B?@?????S?G?????{?_?????OB??????w@??????M?_?????@WG??????Bh???????@{,2,2
102,~?@esP@@?PC?O`?@?@_?O?A??G??O??O??G??E???_??A???C???K???C???@?G??W???@????A?G??E????A?????_????C?????o????@_????@??????_?_???G?????@??????C?C????G??????G??????C??????@?@?????W??????@_??????A???????A?@?????@????????O???????B????????G????????O?G??????W????????G????????A?@???????o????????@?????????A?????????A?@???????@??????????W?????????B??????????G??????????O?G????????O??????????G??????????A?@?????????O?G????????@???????????A???????????A?@?????????B????????????W???????????A????????????G?C??????????O?G??????????O????????????K????????????B?????????????C?????????????O?_??????????@_?????????????_?????????????O?_???????????C?G????????????_?????????????@_?????????????A??????????????A?G????????????@_??????????????G??????????????@?G?????????????C?_?????????????E???????????????E???????????????@?_??????????????W???????????????@@???????????????B????????????????@W,t|eMID@WH_a@E@A?`_GG@@_CB?GA?GB?C?_@?K?G?o?_@_@?@_@??o?_?G?G?B?@??K?C??W?G??W?G??K?C??B?@???W?G??@??_??F?@???B?@???@_?_???[?G???@?@????K?C????W?G????W?G????M?C????@_@?????M?G?????O?_????@o@??????{@??????CB_?????B_G??????N@???????M[,2,2
102,~?@esP@@?OC?O`?@?@_?O?A??W??_??_??O??C??@_??C???G???G???K???A????O@??@????E????E????B?????_????C?????O????@_????@_?????_?????G?????@??????E??????G??????G??????C??????@???????G?G????@_??????B???????A???????@??_?????O???????A????????W????????o????????_????????O?C??????C?@??????@_????????E?????????K?????????C?????????A??????????_?G???????C??????????W??????????o??????????_??????????O?C????????C???????????_?G????????@???????????A???????????A?@?????????@????????????O?G?????????E????????????K????????????O????????????O?G??????????G?C??????????A?????????????W?????????????o????????????@_?????????????o?????????????G?????????????A?G????????????O@????????????@??????????????@_?????????????@???????????????_C?????????????G@?????????????@???????????????C?_?????????????G@??????????????E???????????????B????????????????OG??????????????@_???????????????@_????????????????w,t|eMID@WH?e@C@E?`_GG@@_CB?GA?GB?C?_@?K?G?o?_@_@?@_@??_?_?W?G?B?@??K?C??W?G??W?G??K?C??B?@???W?G??@??_??E?@???E?@???B??_???w?G???A?@????[?C????W?G????W?G????M?C????@_@?????M?G?????O?_????@o@??????{@??????CB_?????B_G??????N@???????M[,2,2
102,~?@esP@@?OE?O?_@_?_?G?B??G??O??O??W??C???_??A???K???G???C?_?@????W???@_???A????A????@?????o????E?????O?????_?????_?????W?????C??????_?????A??????C?G????K??????E??????@???????G?G?????_??????@???????B???????@_???????O???????A?@??????G?C??????o????????o????????G????????A?????????O?G??????@?????????B?????????B?????????@??????????O?????????A??????????G?C????????G??????????G??????????C??????????@?@?????????W???????????o??????????@???????????@?@??????????_?_?????????G???????????B????????????K????????????K????????????K????????????E?????????????_????????????C?G???????????O?_???????????_?????????????W?????????????G?????????????A??????????????O@????????????@?C????????????A??????????????A??????????????@?C?????????????K??????????????@_??????????????A?_?????????????K???????????????B???????????????@_???????????????K????????????????P???????????????@_???????????????@W,t|fIID`GH_a@E@A?`_GK@?_CB?GA?GB?C?o@?E?G?W?_?_@?@_@??o?_?K?G?@_@??E?C??K?G??K?G??C?C??B?@???W?G??@_?_??B_@???@?@???@_?_???W?G???B?@????M?C????K?G????M?G????A?C????@_@?????K?G?????{?_?????OF??????o@??????W?_?????F_G??????MB???????Xs,2,2
102,~?@esP@@?OE?O?_@_?_?GGB??G??O??O??W??C???_??A???C???C???A???@_???K????_???@????@????@_????W????A?????G?_???o?????o?????O?????C??????_?????A?C????K??????K??????C??????@???????G?G?????_??????@???????@????????_???????G?G?????B????????K????????G????????G????????C?C??????@?????????W?????????o????????@?????????@?@???????@_?????????W?????????@??????????C??????????G??????????G?G????????K??????????@_??????????G???????????_??????????@?@?????????@????????????_???????????G???????????@?@??????????C?C??????????W????????????W????????????C????????????@?@???????????G?G???????????_????????????B?????????????@_?????????????o?????????????K??????????????O?????????????@??????????????A?G????????????A?G?????????????o??????????????G??????????????@_??????????????A???????????????E???????????????E????????????????o???????????????C???????????????@o???????????????BG???????????????B_,t|fIID`GH_a@E@A?`_GK@?_CB?GA?GB_C?O@?E?G?W?_?_@?@_@??o?_?K?G?@_@??E?C??G?G??[?G??C?C??B_@???G?G??@_?_??B_@???@?@???@_?_???W?G???B?@????M?C????K?G????G?G????M?C????@?B?????[?G?????_@_????Bo@??????_B??????w?_?????F_G??????KF???????ic,0,0
102,~?@esP@@?OE?O?_@_?_?G?B??G??O??O??W??C???_??A???K???G???C?_?@????W???@_???A????A????@?????o????E?????O?????_?????_?????W?????C??????_?????A??????C?G????K??????E??????@???????G?G?????_??????@???????B???????@_???????O???????A?@??????G????????o????????o????????G????????A?????????O?G??????@?????????B?????????B?????????@??????????O?G???????A??????????G?C????????W??????????O??????????G?C????????A???????????O?G????????B???????????B???????????A???????????@??_?????????O?G?????????A????????????K????????????G????????????G?G??????????C????????????@_????????????C?????????????O?????????????_@????????????_?????????????K?????????????A??????????????O@????????????@?C????????????B??????????????A??????????????@_C?????????????W??????????????@_??????????????E???????????????C@??????????????A???????????????@?_??????????????OG??????????????@@???????????????CC???????????????EG,t|fIID`GH_a@E@A?`_GK@?_CB?GA?GB?C?o@?E?G?W?_?_@?@_@??o?_?K?G?@_@??E?C??K?G??K?G??C?C??B?@???W?G??@_?_??B?@???B?@???@_?_???W?G???B?@????M?C????K?G????M?G????A?C????@o@?????F?G?????K?_?????W@??????[@??????F?_??????wG??????Bp???????B{,2,2
102,~?@esP@@?OE?O?_@_?_?G?B??G??O??O??W??C???_??A???K???G???C?_?@????W???@_???A????A????@?????o????E?????O?????_?????_?????W?????C??????_?????A??????C?G????K??????E??????@???????G?G?????_??????@???????B???????@_???????O???????A?@??????G?C??????o????????o????????G????????A?????????O????????@?????????B?????????B?????????@??????????O?G???????A??????????G?C????????G??????????G??????????C??????????@?@?????????W??????????@_??????????B???????????A???????????@??_?????????O?G?????????A????????????K????????????K????????????K????????????E?????????????_????????????C?G???????????O?????????????_@????????????_?????????????K?????????????A??????????????O@????????????@?C????????????A??????????????A?G????????????@?C?????????????W??????????????@_??????????????E???????????????C???????????????B????????????????O???????????????CG???????????????`???????????????BC???????????????F?,t|fIID`GH_a@E@A?`_GK@?_CB?GA?GB?C?o@?E?G?W?_?_@?@_@??o?_?K?G?@_@??E?C??K?G??K?G??C?C??B?@???W?G??@_?_??B_@???@?@???@_?_???W?G???B?@????K?C????W?G????W?G????M?C????@?@?????[?G?????{?_?????OF??????w@??????M?_?????@oG??????F@???????H{,2,2
102,~?@esP@@?OC?O`?@@@_?O?A??W??_??_??O??C???_??A???C???K???C???@????G@??@_???A????A?G??B?????_????C?G???o????@_????@??????_?_???G?????B??????C??????G??????G?G????C??????@???????G???????_??????@???????@?@??????_???????K???????@????????C????????G?G??????W????????C????????@?@???????W????????@_????????B?????????B??????????o?????????G?????????@?@????????C?C????????W??????????G??????????C??????????@?@?????????G???????????_??????????@?@?????????@????????????_???????????G?G?????????@????????????A????????????E????????????E????????????@?????????????O@???????????E?????????????K?????????????W?????????????K?????????????E?????????????@_?????????????C??????????????OC?????????????_??????????????_G?????????????OC?????????????C???????????????_G?????????????A???????????????E???????????????A???????????????@?_??????????????K????????????????o???????????????B_???????????????@o,t|eMID@WH?e@C@E?`?GW@@?CF?GA?GB?C?_@?K?G?o?_@?@?B_@??_?_?[?G?@?@??K?C??W?G??O?G??[?C??A?B???w?G??@??_??F?@???B?@???@??_???w?G???A?B????[?C????O?G????o?G????[?C????A_@?????M?G?????O?_????@w@??????SB??????F?_??????`W??????N@???????MK,2,2
102,~?@esP@@?OE?O?_@_?_?G?B??G??O??O??W??C???_??A???K???G???C???@?G??W???@_???A????A????@?????o????E?????O?????_?????_?????o?????C??????_?????A?C????C??????K??????E??????@???????G?G?????_??????@???????B???????@_???????O???????A????????G?C??????o????????W????????G????????A?????????O?G??????@?????????B?????????B?????????@??????????O?G???????A??????????G?C????????o??????????O??????????G??????????A?@?????????O??????????B???????????B???????????A???????????@??_?????????O?G?????????A????????????K????????????G????????????K????????????E?????????????o????????????C?????????????O?_???????????_@????????????_?????????????K?????????????A??????????????O@????????????@?C????????????E??????????????A??????????????@?C?????????????O??????????????@_??????????????E???????????????C@??????????????A???????????????@_???????????????K???????????????@_???????????????@c???????????????B_,t|fIID`GH_a@E@A?`_GK@?_CB?GA?GB?C?o@?C?G?w?_?_@?@o@??O?_?K?G?@_@??E?C??K?G??K?G??C?C??B?@???W?G??@_?_??A?@???F?@???@?@_???w?G???A?@????W?C????w?G????W?G????M?C????@?@?????[?G?????w?_?????g@??????[@??????C@_?????BoG??????FB???????NS,2,2
102,~?@esP@@?OE?O?_@_?_?G?B??G??O??O??W??C???_??A???K???G???C???@?G??W???@_???A????A????@?????o????E?????O?????_@????_?????o?????C??????_?????A?C????C??????K??????E??????@???????G?G?????_??????@???????@_???????_???????G???????@?@??????K????????K????????G????????C????????@?@???????G?????????o????????@_????????@??????????_?_???????G?G???????B??????????C??????????G??????????G?G????????C??????????B???????????K???????????_??????????@?@?????????@????????????_???????????C????????????o???????????B????????????B????????????A????????????@?????????????O@???????????A?????????????K?????????????W?????????????W?????????????K?????????????@??????????????G@?????????????_?????????????B??????????????@_??????????????o??????????????C???????????????_??????????????B???????????????B???????????????A???????????????@_???????????????K???????????????@c???????????????F????????????????B_,t|fIID`GH_a@E@A?`_GK@?_CB?GA?GB?C?o@?C?G?w?_?_@?@o@??O?_?K?G?@_@??E?C??K?G??K?G??C?C??B_@???K?G???_?_??B_@???@?B???@o?_???G?G???B?@????M?C????K?G????K?G????E?C????@?@?????]?G?????S@_?????[@??????GJ??????K?_?????B_G??????MB???????Ws,2,2
102,~?@esP@@?OC?O`?@@@_?O?A??W??_??_??O??C???_??A???C???K???C???@?G??G???@_???A????A?G??B?????_????C?G???o????@_????@??????_?_???G?????@_?????C??????G??????G??????C??????@???????G???????_??????@???????@?@??????_???????K???????@????????C?C??????G????????W????????K????????B?????????W????????@_????????B?????????B??????????o?????????G?????????@?@????????C?C????????K??????????G??????????C?C????????@???????????G???????????_??????????@?@?????????@????????????_???????????G?G?????????@????????????A????????????C?G??????????C????????????B?????????????o????????????E?????????????K?????????????W?????????????K?????????????E??????????????o?????????????C??????????????OC?????????????_G?????????????_??????????????OC?????????????C???????????????_G?????????????A???????????????C@??????????????C@??????????????@_???????????????K????????????????o????????????????o????????????????w,t|eMID@WH?e@C@E?`?GW@@?CF?GA?GB?C?_@?K?G?o?_@_@?@_@??_?_?W?G?B?@??K?C??W?G??O?G??[?C??A?B???w?G??@??_??F?@???B?@???@_?_???W?G???B?@????K?C????W?G????[?G????D?C?????w@?????A?G?????]?_?????KB??????K@??????F?_??????wG??????B`???????D{,2,2
102,~?@esP@@?OE?O?_@_?_?GGB??G??O??O??W??C???_??A???C???C???A???@_???K????_???@????@????@_????W????A?????G?_???o?????o?????O?????C??????_?????A?C????K??????K??????C??????@???????G?G?????_??????@???????@????????_???????G???????B????????K????????G????????G????????C?C??????@?????????W?????????o????????@_????????@_?????????o?????????K?????????@??????????C?C????????G??????????G?G????????K??????????@_??????????G???????????_??????????@?@?????????@????????????_???????????G?G?????????@????????????C????????????K????????????C????????????A?????????????_@???????????C?????????????o?????????????o?????????????o?????????????K?????????????B??????????????O?????????????@_C????????????B??????????????@_??????????????_??????????????K???????????????_??????????????A?_?????????????C???????????????C@??????????????@?_??????????????OG??????????????A@???????????????[????????????????KO,t|fIID`GH_a@E@A?`_GK@?_CB?GA?GB_C?O@?E?G?W?_?_@?@_@??o?_?K?G?@_@??E?C??G?G??[?G??C?C??B_@???G?W??@_?_??B?@???B?@???@_?_???W?G???B?@????M?C????K?G????G?G????M?C????@OB?????F?G?????K?_?????W@??????[@??????F?_??????oG??????Dp???????B{,2,2
102,~?@esP@@?OC?O`?@@@_?O?A??W??_??_??O??C???_??A???C???K???C???@?G??G???@_???A????A?G??B?????_????C?G???o????@_????@??????_?_???G?????@_?????C??????G??????G??????C??????@???????G???????_??????@???????@?@??????_???????K???????@????????C?C??????G????????W????????K????????B?????????W????????@_????????B?????????B??????????o?????????G?????????@?@????????C?C????????K??????????G??????????C??????????@???????????G???????????_??????????@?@?????????@????????????_???????????G?G?????????@????????????A????????????C?G??????????C?G??????????E????????????@_????????????K?????????????o?????????????o?????????????o?????????????K?????????????B??????????????C??????????????O??????????????_G?????????????_??????????????OC?????????????C@??????????????_??????????????A?_?????????????E???????????????E???????????????@_???????????????E????????????????W????????????????c???????????????@g,t|eMID@WH?e@C@E?`?GW@@?CF?GA?GB?C?_@?K?G?o?_@_@?@_@??_?_?W?G?B?@??K?C??W?G??O?G??[?C??A?B???w?G??@??_??F?@???B?@???@_?_???W?G???A?@????W?C????o?G????o?G????[?C????A_@?????M?G?????O?_????@w@??????[B??????CA_?????B_G??????N@???????M[,0,0
102,~?@esP@@?OC?O`?@?@_?O?A??W??_??_??O??C??@_??C???G???G???K???A????O@??@????E????E????B?????_????C?????O????@_????@_?????_?????G?G???@??????E??????G??????G??????C??????@???????G?G????@_??????B???????A???????@??_?????O???????A????????K????????O????????O?G??????G????????E?????????o????????B?????????A?????????A?????????@??_???????O?????????B??????????K??????????O??????????O?G????????G?C????????B???????????O??????????@???????????A?@?????????A???????????@??_?????????o???????????B????????????G????????????O?G??????????O?G??????????G????????????@?????????????G?G???????????_?_??????????B?????????????@_?????????????O?????????????C?G????????????_@????????????A??????????????B??????????????B???????????????O??????????????C???????????????_G?????????????A?_?????????????B???????????????B????????????????o???????????????K????????????????W????????????????o????????????????w,t|eMID@WH?e@C@E?`_GG@@_CB?GA?GB?C?_@?K?G?o?_@_@?@_@??_?_?W?G?B?@??K?C??W?G??W?G??K?C??B?@???W?G??@??_??F?@???B?@???@_?_???W?G???A?@????[?C????W?G????W?G????M?C????@_@?????M?G?????O?_????@w@??????[B??????CA_?????B_G??????N@???????M[,2,2
102,~?@esP@@?OC?O`?@?@_?O?A??W??_??_G?O??C??@_??C???G???G???K???A????O@??@????A????A?G??B?????_????C?????O????@_????@_?????_?????G?G???@??????E??????G??????G?G????C??????@???????G?G????@_??????B???????A???????@??_?????O???????A????????K????????O????????O?G??????G????????A?????????O?G??????B?????????A?????????A?????????@??_???????O?????????B??????????K??????????O??????????O?G????????G?C????????B???????????W???????????_??????????@???????????@?@?????????@_???????????K???????????@????????????C?C??????????G?G??????????G????????????A?????????????_@???????????C?????????????O?_??????????@_?????????????_?????????????O?_???????????C?G????????????_?????????????@_?????????????B??????????????@_??????????????O??????????????C@??????????????_G?????????????@_??????????????B???????????????@????????????????__??????????????GG???????????????o???????????????@_????????????????w,t|eMID@WH?e@E@A?`_GG@@_CB?GA?GB?C?_@?K?G?o?_@_@?@_@??o?_?G?G?B?@??K?C??W?G??W?G??K?C??B?@???W?G??@??_??F?@???B?@???@_?_???[?G???@?@????K?C????W?G????W?G????M?C????@_@?????M?G?????O?_????@w@??????[B??????CA_?????B_G??????N@???????M[,2,2
102,~?@esP@@?OE?O?_@_?_?G?B??G??O??O??W??C???_??A???K???G???C?_?@????W???@_???A????A????@?????o????E?????O?????_?????_?????W?????C??????_?????A??????C?G????K??????E??????@???????G?G?????_??????@???????B???????@_???????O???????A?@??????G????????o????????o????????G????????A?????????O?G??????@?????????B?????????B?????????@??????????O?G???????A??????????G?C????????W??????????O??????????G??????????A???????????O?G????????B???????????B???????????A???????????@??_?????????O?G?????????A????????????K????????????G????????????G?G??????????C?C??????????B?????????????W?????????????_????????????@?@???????????@?@????????????_?????????????E??????????????_?????????????A?C????????????C?G????????????A??????????????@???????????????O@?????????????A?G?????????????E???????????????K???????????????C???????????????@__??????????????W????????????????o???????????????@_????????????????w,t|fIID`GH_a@E@A?`_GK@?_CB?GA?GB?C?o@?E?G?W?_?_@?@_@??o?_?K?G?@_@??E?C??K?G??K?G??C?C??B?@???W?G??@_?_??B?@???B?@???@??_???o?G???E?@????W?C????w?G????W?G????M?C????@?@?????[?G?????w?_?????w@??????OH??????[?_?????BoG??????FF???????N_,2,2
102,~?@esP@@?OE?O?_@_?_?GGB??G??O??O??W??C???_??A???C???C???A???@_???K????_???@????@????@_????W????A?????G?_???o?????o?????O?????C??????_?????A?C????K??????K??????C??????@???????G?G?????_??????@???????@????????_???????G???????B????????K????????G????????G????????C?C??????@?????????W?????????o????????@_????????@_?????????o?????????K?????????@??????????C??????????G??????????G?G????????K??????????@_??????????G???????????_??????????@?@?????????@????????????_???????????G?G?????????@????????????C?C??????????W????????????W????????????C????????????@?@???????????G?G???????????_????????????B?????????????@_?????????????o?????????????E??????????????O?????????????@??????????????A?G????????????A?G?????????????o??????????????G??????????????@_??????????????A???????????????C@??????????????C@??????????????E????????????????W???????????????@C???????????????M????????????????@o,t|fIID`GH_a@E@A?`_GK@?_CB?GA?GB_C?O@?E?G?W?_?_@?@_@??o?_?K?G?@_@??E?C??G?G??[?G??C?C??B_@???G?W??@_?_??B?@???B?@???@??_???o?G???E?@????W?C????w?G????W?G????G?C????F?@?????S?W?????w?_?????w@??????O@??????[?_?????BoG??????EF???????Vc,2,2
102,~?@esP@@?OE?O?_@_?_?G?B??G??O??O??W??C???_??A???K???G???C?_?@????W???@_???A????A????@?????o????E?????O?????_@????_?????W?????C??????_?????A??????C?G????K??????E??????@???????G???????_??????@???????@_???????_???????G?G?????@????????K????????W????????G????????C????????@?@???????G????????@_????????B?????????B?????????@??????????O?G???????A?@????????K??????????O??????????O??????????G??????????A?@?????????o??????????@_??????????A???????????A?@?????????@????????????O?G?????????A????????????C????????????G?G??????????G?G??????????K????????????B?????????????G?????????????_?_??????????@?@???????????@??????????????o?????????????E??????????????o??????????????_?????????????@??????????????@?G?????????????_C?????????????E???????????????_??????????????A?_?????????????C@??????????????E???????????????B????????????????K????????????????_???????????????@c???????????????@o,t|fIID`GH_a@E@A?`_GK@?_CB?GA?GB?C?o@?E?G?W?_?_@?@_@??o?_?K?G?@_@??E?C??G?G??W?G??K?C??A?@???w?G??@_?_??B?@???B?@???@??_???o?G???E?@????W?C????w?G????W?G????K?C????B_@?????G?G????@w?_?????wB??????OD??????[?_?????BoG??????EF???????[c,0,0
102,~?@esP@@?OE?O?_@_?_?G?B??G??O??O??W??C???_??A???K???G???C?_?@????W???@_???A????A????@?????o????E?????O?????_@????_?????W?????C??????_?????A??????C?G????K??????E??????@???????G?G?????_??????@???????@_???????_???????G?G?????@????????K????????W????????G????????C????????@?@???????G?????????o????????@_????????@??????????_?_???????G?G???????@_?????????C??????????G??????????G??????????C?C????????B???????????K???????????_??????????@?@?????????@????????????_???????????C????????????_@??????????A????????????K????????????K????????????A?????????????_@???????????C?G???????????O?????????????o?????????????o?????????????W?????????????B??????????????O?????????????@??????????????A?G????????????A?G?????????????o??????????????G??????????????@?G?????????????C?_?????????????K???????????????C???????????????E????????????????W???????????????@C???????????????B_???????????????@o,t|fIID`GH_a@E@A?`_GK@?_CB?GA?GB?C?o@?E?G?W?_?_@?@_@??o?_?K?G?@_@??E?C??K?G??K?G??C?C??B_@???K?G???o?_??@_@???@?@???@_?_???W?G???B?@????M?C????K?G????K?G????E?C????@?@?????]?G?????W@_?????oD??????_@??????w?_?????F_G??????KF???????xc,2,2
102,~?@esP@@?OE?O?_@_?_?G?B??G??O??O??W??C???_??A???K???G???C???@?G??W???@_???A????A????@?????o????E?????O?????_?????_@????o?????C??????_?????A??????C?G????K??????E??????@???????G?G?????_??????@???????B????????_???????G???????@?@??????K????????W????????G????????C????????@?@???????G?????????o????????@_????????@??????????_?????????G?G???????B??????????C??????????G??????????G??????????C?C????????B???????????K???????????_??????????@?@?????????@????????????_?_?????????W???????????@????????????C?C??????????G?G??????????W????????????K????????????@?????????????G?G???????????_?_??????????@?????????????@_?????????????O?????????????C??????????????_@????????????@??????????????A?G????????????A??????????????@?C?????????????K??????????????@_??????????????A?_?????????????K???????????????E???????????????@_???????????????K????????????????P???????????????@_???????????????@W,t|fIID`GH_a@E@A?`_GK@?_CB?GA?GB?C?o@?C?G?w?_?_@?@_@??o?_?K?G?@_@??E?C??K?G??K?G??C?C??B?@???[?G???_?_??B_@???@?@???@_?_???W?G???B?@????M?C????K?G????K?G????E?C????@_@?????M?G?????[?_?????W@??????W@??????N?_??????wW??????BL???????NC,0,0
102,~?@esP@@?OE?O?_@_?_?G?B??G??O??O??W??C???_G?A???K???G???C???@????W???@_???A????A????@?????W????A?????G?????O@????o?????W?????C??????_@????A??????C?G????K??????E??????@???????G?G?????_??????B???????@????????_???????G???????@????????E????????C????????C????????A?C???????_????????E?????????O?????????_?????????_@????????o?????????K?????????@_?????????C??????????G?G????????G?G????????K??????????@_??????????G???????????_?_????????@?@?????????B????????????_???????????G?G?????????@????????????C????????????G????????????C?G??????????A?????????????_@???????????C?????????????G?????????????O?????????????O@????????????K?????????????B??????????????W??????????????o??????????????o??????????????o??????????????W??????????????A???????????????OG?????????????@?_?????????????A???????????????A@??????????????@?_??????????????OG??????????????B????????????????B?????????????????w,t|fIID`GH_a@E@A?`_GK@?oC@?GB?G@_C?O@?E?G?W?_?o@??o@??W?_?E?G??o@??B?C??C?G??K?G??F?C???_@???K?G???o?_??@_@???@_@????o?_???M?G????o@????B?C????E?G????F?G????@_C?????W@?????B?G?????M?_?????M@??????E@??????B?_??????wG??????Bb???????Fs,2,2
102,~?@esP@@?OC?O`?@?@_?O?A??W??_??_??O??C@?@_??C???G@??G???K???A????O???@????E????C????A?C???_????C?????O?????o?????_?????O?_???C?????@_?????E??????G??????G?G????C??????@???????G?G????@_??????B???????A???????@??_?????O???????B????????G????????O?G??????O????????G????????B?????????O????????@??_??????A?????????A?????????@??_???????O?????????B??????????G??????????O?G????????O??????????K??????????B???????????O??????????@??_????????A?@?????????B???????????@_???????????K???????????@????????????C?C??????????G?G??????????K????????????C????????????@?@???????????G?????????????_?_???????????_?????????????_@????????????O?????????????C?G????????????_?????????????@??????????????A?G????????????A?G????????????@_??????????????K???????????????o??????????????@_??????????????B????????????????_???????????????O_??????????????CG???????????????`???????????????AC???????????????EG,t|eMID@WH?e@C@E?`?GW@@_CB?GB?G@?C?o@?E?G?O?_@_@?@_@??o?_?K?G?@?@??K?C??W?G??W?G??K?C??B?@???O?G??B_?_??B?@???B?@???@_?_???W?G???B_@????C?C????[?G????M?G????B?C?????o@?????F?G?????K?_?????W@??????]@??????A@_?????@wG??????BB???????NS,2,2
102,~?@esP@@?OE?O?_@_?_?G?B??G??O??O??W??C???_G?A???K???G???C???@?G??W???@_???A????A????@?????W????A?????G?????O@????o?????G?????A??????O?????@??????E??????E??????A???????_@?????C???????o???????_???????_???????O?_?????K???????@_???????E????????G????????G????????C?C??????@?????????K?????????_????????@?????????@?@???????@_?????????G?????????@??????????C??????????G?G????????G??????????K??????????@_??????????G???????????_?_????????@?@?????????B????????????_???????????G?G?????????@?@??????????K????????????W????????????K????????????C????????????@?@???????????G?G???????????_?????????????_?????????????_?????????????O?_???????????A??????????????O?????????????@?C????????????A?G????????????A???????????????o??????????????K??????????????@_??????????????B???????????????E???????????????@_???????????????o???????????????CG???????????????o???????????????@_????????????????w,t|fIID`GH_a@E@A?`_GK@?oC@?GB?G@_C?O@?F?G?G?_?o@??o@??O?_?K?G?@_@??E?C??K?G??G?G??K?C??B_@???G?G??@o?_??@?@???B?@???@o?_???G?G???B?@????M?C????K?G????K?G????E?C????@o@?????F?G?????G?_?????{@??????GB??????N?_??????oW??????ET???????]C,2,2
102,~?@esP@@?OE?O?_@_?_?G?B??G??O??O??W??C???_??A???K???G???C???@????W???@_???A????A????@?C???o????E?????O?????_@????_?????o?????K?????@??????C?C????G??????G?G????K??????@???????G???????_??????@???????@_???????_???????G?G?????@????????C????????K????????C????????A?????????_@???????K?????????o????????@_????????@??????????_?_???????G?????????@_?????????E??????????G??????????G?G????????C?C????????B???????????G???????????_?_????????@???????????@????????????_?_?????????K???????????@????????????C?C??????????G????????????G?G??????????A?????????????_????????????C?G???????????W?????????????o?????????????O?????????????G?_???????????A?G????????????W??????????????o?????????????@_??????????????_??????????????OC?????????????C???????????????_G?????????????@???????????????A@??????????????A@??????????????@_???????????????K????????????????o????????????????o????????????????w,t|fIID`GH_a@E@A?`_GK@?_CB?GA?GB?C?o@?C?G?o?_@_@?@_@??o?_?K?G?@o@??A?C??K?G??K?G??C?C??B_@???K?G???o?_??@_@???@_@????o?_???K?G???@o@????B?C????E?G????E?G????B_C?????W@?????B?G?????M?_?????K@??????M@??????B@_??????oG??????F`???????F[,2,2
102,~?@esP@@?OE?O?_@_?_?G?B??G??O??O??W??C???_??A???K???G???C???@????W???@_???A????A????@?????o????E?????O?????_@????_?????o?????K?????@??????C?C????G??????G??????K??????B???????O??????@??_????A???????A???????@_???????O???????A?@??????G????????O????????W????????K????????A?????????O????????@??_??????A?????????B?????????@_?????????O?????????A?@????????G??????????W??????????W??????????G??????????A?@?????????O?G????????@???????????E???????????B???????????@????????????O?G?????????A????????????G?C??????????W????????????O????????????G?C??????????A?????????????O?G???????????o????????????@?????????????@?@????????????_?_???????????G?????????????@_?????????????A??????????????C?G????????????C?G????????????B???????????????W??????????????@???????????????B???????????????E???????????????A@???????????????_???????????????GG??????????????@`???????????????E????????????????BG,t|fIID`GH_a@E@A?`_GK@?_CB?GA?GB?C?o@?C?G?o?_@_@?@_@??o?_?G?G?B?@??K?C??W?G??W?G??K?C??A?@???w?G??@_?_??B?@???B?@???@_?_???[?G???@?@????K?C????[?G????K?G????E?C????@_@?????M?G?????W?_?????o@??????{@??????C@_?????BoG??????FB???????NS,2,2
102,~?@esP@@?OE?O?_@_?_?G?B??G??O??O??W??C???_G?A???K???G???C???@????W???@_???A????A????@?????W????A?????G?_???O?????o?????W?????C??????_?????A?C????C??????K??????E??????@???????G?G?????_??????@_??????@????????_?_?????G???????@????????K????????K????????G????????C?C??????@?????????G?????????o????????@?????????@?@????????_?????????K?????????@_?????????C??????????G??????????G?G????????C??????????@_??????????K???????????_??????????@?@?????????@?@??????????o???????????G???????????@?@??????????C????????????G?G??????????W????????????E????????????@?????????????G?G???????????_????????????@??????????????_?????????????O?_???????????C?G????????????o?????????????@??????????????B??????????????@???????????????o??????????????K??????????????@_??????????????@???????????????A@??????????????A@??????????????B_???????????????W???????????????@????????????????EC???????????????Ao,t|fIID`GH_a@E@A?`_GK@?oC@?GB?G@_C?O@?E?G?W?_?_@?@o@??O?_?K?G?@_@??E?C??K?G??G?G??M?C??@_@???K?G???o?_??@_@???@?@???@o?_???G?W???B_@????E?C????K?G????K?G????F?C?????o@?????E?G?????[?_?????S@??????M@??????B@_??????oG??????F`???????F[,2,2
102,~?@esP@@?OC?O`?@?@_?O?A@?W??_??_??O??C??@_??C???G???G???C???@????G???@_???A????A?G??B?????_????C?????O????@_????@_?????_?????G?G???B??????K??????O??????O??????G?C????A???????O?G????@???????E???????E???????A????????_?G?????C????????O?C??????_????????_?G??????O????????C?@??????@_????????A?????????C?@???????E?????????A??????????_?????????C?@????????O??????????o??????????O??????????G?C????????B???????????G???????????_??????????@?@?????????@????????????_?_?????????G???????????B????????????E????????????G????????????G?G??????????C?C??????????@?????????????G?G???????????_?_??????????B?????????????@??????????????_?_???????????K?????????????@??????????????C?C????????????G?G????????????G??????????????A?C?????????????_@?????????????A???????????????K???????????????K???????????????C???????????????@_???????????????E????????????????o???????????????@c???????????????B_,t|eMID@WH?e@C@E?`?GW@@?CE?GE?GA?C@_@?G?G@o?_@?@?B?@?@_?_?O?G?F?@??G?C??w?G??O?G??W?C??E?@???o?G??B??_??E?@???F?@???@_?_???[?G???@?@????M?C????G?W????[?G????C?K????B?@?????[?G?????o?_????@_@?????@o@??????[?_?????AgG??????Bp???????B{,2,2
102,~?@esP@@?PC?O`?@?@_?O?A??G??O??O??G??E???_??A?_?C???K???C???@?G??W???@_???B????A????@?????O????B?????G?????O?????O?????G?????A??????O?????@??????A??????E??????B???????_??????C?G?????O?_????@_??????@_???????_???????G?G?????B????????K????????W????????W????????G????????A?????????O?G??????@?????????@?????????@??????????_?_???????G?????????@??????????C??????????G?G????????G??????????C??????????@???????????W???????????o??????????@_??????????@_???????????W???????????E????????????o???????????@_???????????B????????????B????????????@?????????????O@???????????A?G???????????G?????????????O?????????????O@????????????G?????????????A??????????????O@????????????@??????????????A?G????????????A???????????????o??????????????K???????????????o??????????????B???????????????B???????????????@_???????????????o???????????????CG???????????????`???????????????B????????????????AW,t|eMID@WH_a@E@B?__GK@?oC@_G@?G@_C?W@?B?G?G?_?o@??o@??W?_?C?G?@_@??E?C??K?G??K?G??E?C??@_@???K?G???o?_??@?@???B_@????o?_???K?G???@?@????K?C????[?G????K?G????E?C????@o@?????F?G?????G?_?????w@??????[B??????CA_?????BoG??????EB???????]S,2,2
102,~?@esP@@?OE?O?_@_?_?G?B??G??O??O??W??C???_G?A???K???G???C???@????W???@_???A????A????@?????W????A?????G?_???O?????o?????W?????C??????_?????A??????C?G????K??????E??????@???????G?G?????_??????@_??????@????????_???????G???????@?@??????K????????W????????G????????C????????@?????????G?????????o????????@?????????@?@????????_?????????W?????????B??????????C??????????G??????????G?G????????C?C????????B???????????W??????????@_??????????A???????????A?@?????????@??_?????????W???????????A????????????G????????????O?G??????????O?G??????????W????????????@?????????????G?????????????_?_??????????@?????????????@?@????????????O?????????????C?G????????????_@????????????E??????????????A??????????????B??????????????@_??????????????K???????????????o???????????????_??????????????@_??????????????@_???????????????O???????????????CG???????????????p???????????????B????????????????BG,t|fIID`GH_a@E@A?`_GK@?oC@?GB?G@_C?O@?E?G?W?_?_@?@_@??o?_?K?G?@_@??E?C??K?G??G?G??M?C??@_@???G?G??@_?_??B_@???@?@???@o?_???K?G???@_@????E?C????K?G????K?G????F?C?????o@?????C?G?????{?_?????OB??????w@??????M?_?????@oG??????F`???????D{,2,2
102,~?@esP@@?OE?O?_@_?_?G?B??G??O??O??W??C???_??A???K???G???C?_?@????W???@_???A????A?G??@?????o????E?????O?????_?????_?????W?????C??????_?????A??????C??????E??????A???????_??????C???????O?_????@_??????@_???????_???????G?G?????@?@??????K????????W????????W????????G????????A?@???????O????????B?????????E?????????A?????????@??????????O?????????A?@????????C??????????G??????????G??????????C?C????????@???????????K???????????_??????????@?@?????????@????????????_?_?????????W???????????B????????????E????????????K????????????K????????????B?????????????o????????????A?????????????K?????????????G?????????????G@????????????C?????????????@?G????????????G??????????????_?????????????@?G????????????@_??????????????_??????????????G@?????????????@?G?????????????E???????????????E???????????????E???????????????@_???????????????GG???????????????_???????????????BC???????????????Ao,t|fIID`GH_a@E@A?`_GK@?_CB?GA?GB?C?o@?E?G?W?_?_@?@_@??o?_?G?G?B_@??E?C??G?G??W?G??K?C??B?@???W?G??@_?_??B_@???@?@???@_?_???[?G???@?@????M?C????K?W????K?G????E?C????@_@?????K?G?????{?_?????OB??????o@??????[?_?????AoG??????EF???????\c,2,2
102,~?@esP@@?OC?O`?@?@_?O?A??W??_??_G?O??C??@_??C???G@??G???K???A????O@??@????A????A?G??B?????_????C?????O?????o?????_?????O?_???C??????o?????A??????C?G????C??????A?C?????_??????K???????o??????@???????@?@??????_???????K???????@????????C?C??????G????????G????????C?C??????@_????????G?????????_????????@?????????@?@????????o?????????G?????????@?@????????C??????????K??????????K??????????A???????????_@?????????C???????????o??????????@_???????????_???????????O?_?????????C????????????o???????????A????????????C?G??????????C????????????A?C???????????o????????????C?????????????O?_???????????_?????????????_@????????????W?????????????C??????????????_@????????????A?C????????????E??????????????B???????????????_??????????????K???????????????o??????????????@???????????????@???????????????@@???????????????o_??????????????G???????????????@@???????????????EC???????????????K_,t|eMID@WH?e@E@A?`_GG@@_CB?GB?G@?C?o@?E?G?W?_?o@??o@??O?_?M?G??_@??E?C??K?G??K?G??E?C??@?@???[?G???o?_??@_@???@o@????O?_???M?G????_B????E?C????K?G????M?G????B?C?????_@?????M?G?????W?_?????w@??????S@??????F?_??????{G??????@F???????Nc,2,2
102,~?@esP@@?OE?O?_@_?_?G?B??G??O??O??W??C???_G?A???K???G???C?_?@????W???@_???A????A????@?????W????A?????G?????O?????W?????G?????A??????O@????@??????E??????E??????A???????_@?????C???????o??????@_??????@????????_?_?????G???????B????????E????????G????????G????????C????????@?@???????K?????????_????????@?@???????@??????????_?????????K?????????@??????????C??????????G?G????????G??????????K??????????B???????????G???????????_?_????????@???????????@_???????????o???????????G???????????@?@??????????C?C??????????W????????????K????????????C????????????@?@???????????G?????????????_?_??????????@_????????????@??????????????_?_???????????G?????????????@?@????????????A??????????????E??????????????A??????????????@_??????????????K???????????????_??????????????B???????????????B???????????????B_???????????????_???????????????GG??????????????@`???????????????E????????????????DG,t|fIID`GH_a@E@A?`_GK@?oC@?GB?G@_C?W@?B?G?G?_?w@??O@??W?_?E?G??o@??B?C??C?G??K?G??E?C??@_@???K?G???o?_??@?@???B_@????_@_???W?G???B?@????M?C????K?G????G?G????M?C????@_@?????K?G?????w?_?????g@??????[@??????F__??????Ow??????F@???????NK,2,2
102,~?@esP@@?OE?O?_@_?_?G?B??G??O??O??W??C???_G?A???K???G???C?_?@????W???@_???A????A????@?????W????A?????G?_???O?????W?????G?????A??????O?????@?C????E??????E??????A???????_@?????C???????W???????_???????_@??????O???????K???????@_???????A????????C????????C?G??????A?????????o????????C?????????O?_???????_?????????o?????????O?????????C??????????_?????????A?C????????K??????????E??????????A???????????_@?????????C???????????W???????????_???????????_@??????????O?_?????????K???????????@_???????????A????????????C????????????C?G??????????A?????????????o????????????C?????????????O?_???????????_@????????????O?????????????G?????????????A?G????????????O@????????????B??????????????B??????????????B???????????????_??????????????E???????????????o???????????????_??????????????@@??????????????@@???????????????o???????????????K????????????????o????????????????o????????????????w,t|fIID`GH_a@E@A?`_GK@?oC@?GB?G@_C?W@?B?G?G?_?o@??o@??W?_?E?G??o@??B?C??C?G??M?G??B?C???o@???E?G???O?_??@_@???@_@????o?_???M?G????o@????B?C????C?G????M?G????B?C?????w@?????A?G?????[?_?????W@??????[@??????F?_??????aG??????N`???????Fw,0,0
102,~?@esP@@?OE?O?_@_?_?G?B??G??O??O??W??C???_??A?_?K???G???C?_?@????W???@_???A????A????@?????o????A?????G?????O?????W?????G?????A??????O@????@??????E??????E??????A???????_@?????C?G?????o??????@_??????@????????_?_?????G???????B????????E????????G????????G????????C????????@?????????C?????????O?????????_?????????_?????????W?????????C??????????_?????????A?C????????C??????????K??????????E??????????@_??????????K???????????o??????????@_??????????@_???????????o???????????C???????????@_???????????B????????????C????????????C?G??????????A?????????????_@???????????C?????????????O?_???????????_?????????????_?????????????W?????????????C??????????????o?????????????@??????????????B??????????????@_??????????????W??????????????E???????????????o??????????????@?_?????????????F???????????????A???????????????@?_??????????????OG??????????????A@???????????????GC???????????????IG,t|fIID`GH_a@E@A?`_GK@?_CB?GB?G@_C?W@?B?G?G?_?w@??O@??W?_?E?G??o@??B?C??E?G??E?G??B?C???o@???E?G???O?_??@o@????_B????o?_???K?G???@_@????E?C????K?G????K?G????E?C????@o@?????E?G?????S?_?????[@??????M@??????B__??????WG??????Bp???????B{,0,0
102,~?@esP@@?PC?O`?@?@_?O?A??G??O??O??G??E???_??A???C???K???C???@?G??W???@????A?G??E????A?????_????C?????o????@_????@??????_?????G?G???@??????C?C????G??????G??????C??????@?@?????W??????@_??????A???????A?@?????@????????O???????E????????G????????O?G??????W????????G????????A?@???????o????????@?????????A?????????A?@???????@??????????W?????????B??????????G??????????O??????????O?G????????G??????????A?@?????????O?G????????@???????????A???????????A?@?????????B????????????W???????????A????????????G?C??????????O?G??????????O????????????W????????????B?????????????C?????????????O?_??????????@_?????????????_?????????????O?_???????????C?G????????????_?????????????@_?????????????A??????????????A??????????????@_C?????????????G??????????????@???????????????C?_?????????????E???????????????E???????????????@?_??????????????s???????????????@_???????????????B????????????????@W,t|eMID@WH_a@E@A?`_GG@@_CB?GA?GB?C?_@?K?G?o?_@_@?@_@??o?_?G?G?B?@??K?C??W?G??W?G??K?C??B?@???W?G??@??_??E?@???F?@???@_?_???[?G???@?@????K?C????W?G????W?G????M?C????@_@?????M?G?????O?_????@a@?????@{@??????EB??????@_G??????N@???????M[,0,0
102,~?@esP@@?OE?O?_@_?_?G?B??G??O??O??W??C???_??A?_?K???G???C?_?@????W???@_???A????A????@?????o????A?????G?????O?????W?????G?????A??????O@????@??????E??????E??????A???????_??????C?G?????o??????@_??????@????????_?_?????G?G?????B????????E????????G????????G?G??????C????????@?????????W?????????_????????@?????????@??????????_?????????C??????????_?????????A?C????????C??????????E??????????B???????????_??????????E???????????W???????????o???????????o???????????W???????????E????????????W???????????@????????????A?G??????????A?G??????????@?????????????o????????????A?????????????G?????????????O@????????????O?????????????G?????????????A?G????????????O??????????????o?????????????@??????????????@_G?????????????o??????????????E???????????????o??????????????@_??????????????B???????????????@????????????????O_??????????????CG???????????????`???????????????AC???????????????EG,t|fIID`GH_a@E@A?`_GK@?_CB?GB?G@_C?W@?B?G?G?_?w@??O@??W?_?E?G??o@??A?C??K?G??K?G??E?C??@_@???M?G???O?_??@o@????_@????w?_???E?G????o@????A?C????M?G????E?G????B?C?????w@?????A?G?????[?_?????O@??????{@??????E@_?????@oG??????F`???????F[,2,2
102,~?@esP@@?OE?O?_@_?_?G?B??G??O??O??W??C???_??A?_?K???G???C?_?@????W???@_???A????A????@?????o????A?????G?????O?????W?????G?????A??????O@????@??????E??????E??????A???????_@?????C?G?????o??????@_??????@????????_?_?????G???????B????????E????????G????????G????????C????????@?????????C?????????O?????????_?????????_@????????W?????????C??????????_@????????A?C????????C??????????K??????????E??????????@_??????????K???????????o??????????@_???????????_???????????O?_?????????C????????????W???????????@????????????A?G??????????A????????????@?????????????O@???????????A?????????????G?????????????O@????????????W?????????????K?????????????@??????????????K??????????????o??????????????o??????????????o??????????????G??????????????A@??????????????W??????????????@???????????????A@??????????????A@??????????????@?_??????????????W???????????????@_???????????????AC???????????????@g,t|fIID`GH_a@E@A?`_GK@?_CB?GB?G@_C?W@?B?G?G?_?w@??O@??W?_?E?G??o@??B?C??E?G??E?G??B?C???o@???E?G???[?_???O@????o@????W?_???E?G????o@????B?C????E?G????F?G????@_C?????[@?????@?G?????M?_?????K@??????M@??????B?_??????wG??????Bb???????Fs,2,2
102,~?@esP@@?OE?O?_@_?_?G?B??G??O??O??W??C???_??A?_?K???G???C?_?@????W???@_???A????A????@?????o????A?????G?????O?????W?????G?????A??????O@????@??????E??????E??????A???????_@?????C?G?????o??????@_??????@????????_?_?????G???????B????????E????????G????????G????????C????????@?????????C?????????O?????????_?????????_@????????W?????????C??????????_@????????A?C????????C??????????K??????????E??????????@_??????????K???????????o??????????@_???????????_???????????O?_?????????C????????????W???????????@????????????A????????????A????????????@?C???????????O????????????A?????????????G?????????????O@????????????W?????????????K?????????????@?G????????????W?????????????@_?????????????@_?????????????@_??????????????o??????????????C???????????????_G?????????????@?_?????????????A???????????????A@??????????????@?_??????????????OG??????????????B????????????????B?????????????????w,t|fIID`GH_a@E@A?`_GK@?_CB?GB?G@_C?W@?B?G?G?_?w@??O@??W?_?E?G??o@??B?C??E?G??E?G??B?C???o@???E?G???[?_???O@????o@????W?_???E?G????o@????B?C????E?G????F?G????@_C?????[@?????@_G?????E?_?????M@??????E@??????B?_??????wG??????Bb???????Fs,2,2
102,~?@esP@@?OE?O?_@_?_?GGB??G??O??O??W??C???_??A???C???C???A???@_???K????_???@????@????@_????W????A?????G?_???o?????o?????O?????C??????_@????A??????K??????K??????C??????@?@?????G???????_??????@???????@?@??????_???????G?G?????B????????E????????G????????G????????C????????@?????????K?????????o????????@?????????@?@????????o?????????C??????????_?????????A?C????????C?G????????K??????????E??????????@_??????????G???????????_?_????????@???????????@????????????_???????????G?G?????????@?@??????????K????????????C????????????C????????????A?????????????_@???????????C?????????????W?????????????o?????????????o?????????????C?????????????@_?????????????K??????????????o??????????????o??????????????o??????????????G??????????????B???????????????W???????????????_??????????????@@??????????????@@???????????????o???????????????K????????????????o????????????????o????????????????w,t|fIID`GH_a@E@A?`_GK@?_CB?GA?GB_C?O@?E?G?W?_?_@?@o@??O?_?K?G?@_@??E?C??K?G??K?G??C?C??B_@???K?G???w?_???_@???@o@????W?_???E?G????o@????B?C????E?G????E?G????A?C????@o@?????F?W?????GA_?????w@??????W@??????M?_?????@oG??????EP???????B{,0,0
102,~?@esP@@?OE?O?_@_?_?GGB??G??O??O??W??C???_??A???C???C???A???@_???K????_???@?G??@????@_????W????A?????G?_???o?????o?????O?????C??????_@????A??????E??????C??????A???????_??????C???????O???????_???????_???????O?_?????K????????o???????A????????C?G??????C????????E????????@_????????K?????????_????????@?@???????B?????????@_?????????G?????????@??????????C?C????????G??????????K??????????C??????????@???????????G?G?????????_??????????@?@?????????@????????????_???????????G?G?????????@?@??????????K????????????K????????????G????????????C?C??????????@?@???????????W?????????????o?????????????_?????????????_@????????????o?????????????A??????????????O?????????????@?C????????????A?G????????????@???????????????_??????????????G@?????????????@?G?????????????C???????????????K@??????????????K???????????????@_???????????????W????????????????`???????????????AC???????????????BG,t|fIID`GH_a@E@A?`_GK@?_CB?GA?GB_C?O@?E?G?W?_?_@?@o@??O?_?M?G??o@??A?C??K?G??K?G??C?C??B_@???G?G??@_?_??B_@???@?@???@o?_???G?G???B_@????E?C????G?G????[?G????E?C????@o@?????C?G?????{?_?????OB??????w@??????N?_??????_w??????M@???????\K,2,2
102,~?@esP@@?OE?O?_@_?_?GGB??G??O??O??W??C???_??A???C???C???A???@_???K????_???@?G??@????@_????W????A?????G?_???o?????o?????O?????C??????_?????A??????E??????C??????A???????_??????C?G?????O???????_???????_???????O?_?????K???????@_???????E????????G????????G?G??????C????????B?????????W?????????_????????@?@???????B?????????@_?????????G?????????@??????????C?C????????G??????????G??????????E??????????@???????????G???????????_?_????????@?@?????????@????????????_???????????G?G?????????@?@??????????K????????????K????????????K????????????C????????????@?@???????????G?G??????????@_?????????????_?????????????_@????????????o?????????????A??????????????O?????????????@?C????????????A??????????????A?G?????????????_??????????????K???????????????_??????????????B???????????????E???????????????B????????????????o???????????????M????????????????o???????????????@_???????????????@W,t|fIID`GH_a@E@A?`_GK@?_CB?GA?GB_C?O@?E?G?W?_?_@?@_@??o?_?G?G?B_@??E?C??G?G??W?G??K?C??B_@???G?G??@_?_??B_@???@?@???@o?_???K?G???@?@????M?C????K?G????G?G????M?C????@o@?????C?G?????{?_?????OB??????w@??????K@_?????BoG??????Cj???????{C,2,2
102,~?@esP@@?OE?O?_@_?_?GGB??G??O??O??W??C???_??A???C???C???A???@_???K????_???@????@?G??@_????W????A?????G?_???o?????o?????O?????C??????_@????A??????K??????C??????A???????_@?????C???????O???????_???????_???????O?_?????K????????o???????A????????C????????C?G??????E?????????o????????C?????????O?_??????@_????????@_?????????O?????????C??????????_@????????A??????????K??????????C??????????A???????????_@?????????C???????????O???????????_???????????_@??????????O?_?????????K????????????o???????????A????????????C????????????C?G??????????E?????????????o????????????C?????????????O?_??????????@_?????????????O?????????????G?????????????A?G????????????O@????????????B??????????????A??????????????B???????????????_??????????????G??????????????@_??????????????E???????????????A???????????????B???????????????@o???????????????K???????????????@_???????????????BC???????????????E_,t|fIID`GH_a@E@A?`_GK@?_CB?GA?GB_C?O@?E?G?W?_?_@?@o@??O?_?K?G?@o@??A?C??M?G??C?G??F?C???_@???K?G???w?_???_@???@o@????O?_???K?G???@o@????A?C????M?G????C?W????F?C?????_@?????N?G?????G@_?????w@??????W@??????M?_?????@OW??????F@???????Jk,2,2
102,~?@esP@@?OC?O`?@?@_?O?A??W??_??_??O??C@?@_??C???G???G@??K???A????O@??@????E????C????A?C???_????C?????O????@_?????_?????O?????C??????o?????A??????C??????C?G????A???????_@?????K???????o??????@???????@?@??????_?_?????W???????B????????G????????O?G??????O?G??????W????????A?????????O?G??????@?????????A?????????A?@???????@??????????G?????????@??????????C??????????G??????????C??????????A???????????_@?????????C???????????O?_????????@_???????????o???????????W???????????E????????????o???????????B????????????E????????????E????????????@_????????????G????????????@?????????????C?_???????????G?????????????G@????????????C?????????????@??????????????G@?????????????_?????????????@?G????????????@?G????????????@_??????????????K???????????????o??????????????B???????????????B????????????????_???????????????O_??????????????CG???????????????`???????????????AC???????????????EG,t|eMID@WH?e@C@E?`?GW@@_CB?GA?GB?C?o@?E?G?W?_?o@??_@??w?_?C?G?@_@??E?C??K?G??K?G??E?C??@_@???K?G???o?_??@o@????_@????w?_???E?G????o@????B_C????B?G????B?G????@_C?????W@?????B_G?????C@_?????[@??????K@??????F?_??????wG??????BP???????B{,2,2
102,~?@esP@@?OE?O?_@_?_?G?B??G??O??O??W??C???_??A?_?K???G???C?_?@????W???@_???A????A????@?????o????A?????G?????O?????W?????G?????A??????O@????@??????E??????E??????A???????_??????C?G?????o??????@_??????@????????_?_?????G?G?????B????????E????????G????????G?G??????C????????@?@???????W?????????_????????@?????????@??????????_?????????C??????????_?????????A?C????????C??????????E??????????@???????????O??????????A?G?????????W???????????o???????????o???????????W???????????E????????????W???????????@????????????A?G??????????A?G??????????B?????????????O????????????A?G???????????G?????????????O?????????????O@????????????G?????????????A?G????????????O??????????????_?????????????@?G????????????@?G?????????????o??????????????K???????????????o??????????????@_??????????????B????????????????_???????????????O_??????????????CG???????????????`???????????????AC???????????????EG,t|fIID`GH_a@E@A?`_GK@?_CB?GB?G@_C?W@?B?G?G?_?w@??O@??W?_?E?G??o@??A?C??K?G??K?G??E?C??@_@???M?G???O?_??@o@????_@????w?_???F?G????O@????B?C????E?G????E?G????B?C?????w@?????A?W?????[?_?????O@??????{@??????E@_?????@oG??????E`???????F[,2,2
102,~?@esP@@?OE?O?_@_?_?G?B??G??O??O??W??C???_??A?_?K???G???C?_?@????W???@_???A????A????@?C???o????A?????G?????O?????W?????G?????A??????O?????@?C????E??????A??????@???????O@?????E???????W???????_???????_@??????O?_?????K???????@_???????A????????C????????C?G??????E?????????_????????C?????????O?????????_?????????O?????????G?????????A??????????O@????????B??????????A??????????A??????????@?C?????????o??????????E???????????W???????????o???????????o???????????W???????????A????????????O???????????@?C??????????E????????????A????????????@?C???????????O????????????A?????????????G?_???????????O?????????????W?????????????K?????????????@??????????????G@?????????????_C????????????@_?????????????@_??????????????W??????????????E???????????????O??????????????@?_?????????????@???????????????@@???????????????__??????????????GG??????????????@_???????????????B?????????????????w,t|fIID`GH_a@E@A?`_GK@?_CB?GB?G@_C?W@?B?G?G?_?o@??o@??W?_?F?G??O@??B?C??E?G??E?G??B?C???w@???A?G???W?_???o@????o@????[?_???A?G????o@????B?C????E?G????E?G????B_C?????OB?????E?G?????[?_?????[@??????K@??????F?_??????sG??????@f???????Fc,2,2
102,~?@esP@@?OE?O?_@_?_?G?B??G??O??O??W??C???_??A?_?K???G???C???@????W???@_???A????A????@?????o????A?????G?????O?????o?????W?????C??????_?????A?C????C??????K??????E??????@???????G?G?????_?_????B???????B???????@????????O?G?????A????????G?C??????o????????W????????G????????A?????????O????????@?????????@?????????@??????????_?????????G?????????@_?????????A??????????C??????????C?G????????A?C????????@_??????????K???????????o??????????@_??????????@_???????????o???????????K???????????@????????????C?C??????????G?G??????????W????????????A?????????????_????????????C?????????????O?_???????????_?????????????_@????????????O?????????????C?G????????????_?????????????@?C????????????B??????????????B??????????????@_??????????????K???????????????o??????????????@_??????????????@_???????????????_???????????????O_??????????????CG???????????????`???????????????AC???????????????EG,t|fIID`GH_a@E@A?`_GK@?_CB?GB?G@_C?O@?E?G?W?_?_@?@o@??O?_?K?G?@_@??E?C??K?G??K?G??E?C??@_@???K?G???w?_???_@???@o@????W?_???E?G????o@????B?C????E?G????E?G????B?C?????o@?????F?G?????G@_?????w@??????W@??????M?_?????@oG??????FP???????B{,0,0
102,~?@esP@@?PC?O`?@?@_?O?A??G??O??O??G??E???_??A???C@??K???C???@?G??W???@????A?G??E????A?????_????C?????o?????_?????_?????O?????C??????_?????A?C????C??????C??????A?C????@_??????K???????_??????@?@?????@?@?????@_???????W???????B????????K????????G????????G?G??????K????????@?????????G?????????_????????@??????????_?????????O?????????C??????????_?????????A??????????C?G????????C??????????A?C?????????_@?????????K???????????o??????????@_??????????@_???????????o???????????K???????????@_???????????E????????????C????????????C?G??????????@?????????????O????????????A?????????????G?_???????????O?????????????O@????????????G?????????????A??????????????W??????????????o?????????????@_?????????????@_??????????????W??????????????B???????????????W??????????????@_??????????????@@??????????????@????????????????__??????????????GG??????????????@@???????????????CC???????????????EG,t|eMID@WH_a@E@A?`_GG@@_CB?GA?GB?C?o@?E?G?W?_?_@?@o@??O?_?K?G?@_@??E?C??K?G??K?G??E?C??@_@???K?G???w?_???_@???@o@????O@_???M?G????o@????B?C????E?G????E?G????B?C?????o@?????F?G?????I?_?????M@??????E@??????B__??????[G??????@p???????B{,2,2
102,~?@esP@@?OC?O`?@?@_?O?A??W??_??_??O??C@?@_??C???G???G@??K???A????O???@?C??E????C????A?C???_????C?????O????@_?????_?????O?????C?????@_?????A??????C??????C??????A???????_@?????K???????o??????@???????@?@??????_?_?????W???????B????????G????????O????????O?G??????W????????E?????????o????????@?????????A?????????A?@???????@??????????G?????????@??????????C??????????G?G????????W??????????C??????????@???????????G?G?????????_??????????@?@?????????B????????????o???????????K???????????@_???????????E????????????C????????????E????????????B?????????????W????????????@?????????????C?????????????G@????????????G?????????????C?_???????????@??????????????G@????????????@_?????????????@??????????????@?G?????????????_C?????????????W??????????????@_??????????????B???????????????A???????????????B????????????????O???????????????CG???????????????`???????????????BC???????????????F?,t|eMID@WH?e@C@E?`?GW@@_CB?GA?GB?C?o@?E?G?O?_@o@??_@??o?_?K?G?@_@??E?C??K?G??K?G??E?C??@_@???K?G???o?_??@?@???B_@????_@_???[?G???@_@????E?C????M?G????E?G????B?C?????o@?????F?G?????I?_?????M@??????E@??????B__??????[G??????@p???????B{,2,2
102,~?@esP@@?OE?O?_@_?_?G?B??G??O??O??W??C???_??A?_?K???G???C???@?G??W???@_???A????A????@?????o????A?????G?????O?????o?????G?????A??????O?????@?C????E??????E??????A???????_??????C?G?????o??????@_??????@????????_???????G?G?????B????????K????????G????????G????????C????????@?????????W?????????_????????@?????????@?@????????_?????????W?????????@??????????C??????????G?G????????G?G????????K??????????B???????????W??????????@???????????B???????????B????????????o???????????G???????????@_???????????E????????????A????????????A????????????@?????????????O@???????????A?????????????W?????????????O?????????????O@????????????G?????????????E??????????????W?????????????@_?????????????B??????????????@_??????????????_??????????????K@??????????????o??????????????A???????????????E???????????????A???????????????@?_??????????????OG??????????????A_???????????????AK???????????????M?,t|fIID`GH_a@E@A?`_GK@?_CB?GB?G@_C?O@?F?G?G?_?o@??o@??W?_?E?G??o@??A?C??K?G??K?G??E?C??@_@???G?G??@o?_??@?B???B_@????o?_???K?G???@_@????E?C????G?G????[?G????F?C?????o@?????D?G?????M?_?????K@??????M@??????B?_??????{G??????@b???????Fs,2,2
102,~?@esP@@?PC?O`?@?@_?O?A??G??O??O??G??E???_??A?_?C???K???C???@?G??W???@????A?G??E????A?????_????C?????W?????_?????_?????O?????C??????_@????A??????C??????C??????A?C????@_??????K???????_??????@?@?????@???????@_???????W???????A????????G?C??????W????????O????????G?C??????E?????????O????????@?????????A?????????A?????????@_?????????O?????????A?@????????G??????????O??????????O??????????G?C????????A?@?????????O??????????@??_????????A?@?????????E???????????B????????????o???????????E????????????G????????????W????????????W????????????K?????????????_????????????C?G???????????G?????????????O?????????????O?????????????G?_???????????B??????????????O?????????????@?C????????????A??????????????B???????????????o??????????????K??????????????@_??????????????B???????????????A@??????????????B???????????????@_???????????????GG??????????????@@???????????????D????????????????AW,t|eMID@WH_a@E@A?`_GG@@_CB?GB?G@?C?o@?E?G?W?_?o@??o@??O?_?K?G?@_@??E?C??K?G??K?G??E?C??@?@???W?G??@_?_??B?@???B?@???@o?_???G?G???B_@????E?C????K?G????K?G????F?C?????_@?????M?G?????W?_?????{@??????GB??????M?_?????@_W??????N@???????Mk,2,2
102,~?@esP@@?OC?O`?@?@_?O?A@?W??_??_??O??C??@_??C???G@??G???C???@????G???@_???A????A?G??B?????_????C?G???O?????o?????_?????O?_???K?????@_?????C??????G??????G??????C??????@?@?????G???????o??????@???????@?@??????_???????G???????@????????C????????G?G??????W????????K????????A?????????O?G??????@_????????A?????????A?@???????@??????????W?????????B??????????K??????????W??????????G??????????C??????????@?@?????????G???????????_??????????@?@?????????@????????????o???????????G???????????@?@??????????C????????????G????????????G?G??????????C?C??????????B?????????????K?????????????_????????????@?@???????????@_?????????????o?????????????C??????????????o?????????????B??????????????@??????????????@?G?????????????_C?????????????G??????????????@_??????????????B???????????????C???????????????C@??????????????B????????????????K???????????????@G???????????????EC???????????????B_,t|eMID@WH?e@C@E?`?GW@@?CE?GE?GB?C?_@?M?G?O?_@_@?@_@??_?_?W?G?B?@??G?C??w?G??O?G??[?C??B?@???W?G??@??_??F?@???A?B???B??_???w?G???A?@????[?C????W?G????O?G????[?C????A?B?????w?G????@_@_????B?@?????A_@??????{?_?????B_W??????KL???????jC,2,2
102,~?@esP@@?PC?O`?@?@_?O?A??G??O??O??G??E???_??A?_?C???K???C???@?G??W???@????A?G??E????A?????_@???C?????W?????_?????_?????O?????C??????_@????A??????C??????C??????A???????o??????C???????O?_?????_??????@_???????o???????G???????@?@??????E????????K????????K????????E????????@?????????G?G???????_????????@_????????@??????????_?????????G?G???????@??????????C??????????G?G????????G??????????C??????????@???????????G???????????o??????????@???????????@?@??????????_?_?????????W???????????@_???????????C????????????G?G??????????K????????????E????????????@_????????????K?????????????o?????????????_?????????????O?????????????G?????????????A?G????????????O@????????????@_?????????????@??????????????@???????????????_C?????????????K??????????????@_??????????????E???????????????A???????????????B@??????????????@_???????????????K????????????????`???????????????B????????????????@W,t|eMID@WH_a@E@A?`_GG@@_CB?GB?G@?C?o@?E?G?W?_?o@??o@??W?_?E?G??_@??F?C??E?G??E?G??A?C??@_@???K?G???o?_??@_@???@_@????o?_???K?G???@_@????C?C????[?G????K?W????E?C????@_@?????M?G?????W?_?????w@??????W@??????M?_?????@WG??????BF???????Nc,2,2
102,~?@esP@@?PC?O`?@?@_?O?A??G??O??O??G??E???_??A?_?C???K???C???@?G??W???@????A?G??E????A?????_????C?????W?????_?????_?????O?????C??????_?????A??????C??????C?G????A??????@_??????K???????_??????@?@?????@???????@_???????W???????B????????K????????W????????O????????G?C??????B?????????O????????@?????????A?@???????A?????????@_?????????O?????????A??????????G?C????????O??????????O??????????G?C????????A???????????O??????????@??_????????A???????????E???????????@_???????????W???????????@????????????K????????????K????????????K????????????B?????????????_????????????C?G???????????W?????????????_?????????????_@????????????O?_???????????E??????????????_?????????????A??????????????C?G????????????C?G????????????A?C?????????????_??????????????E???????????????G???????????????K???????????????C???????????????E????????????????KG??????????????@C???????????????EC???????????????M?,t|eMID@WH_a@E@A?`_GG@@_CB?GB?G@?C?o@?E?G?W?_?_@?@_@??o?_?G?G?B_@??C?C??W?G??W?G??K?C??B?@???O?G??B??_??E?@???F?@???@??_???w?G???B?@????G?C????w?G????O?W????W?C????F?@?????[?G?????_?_????B?@?????Bo@??????[@_?????B@g??????SP???????}C,2,2
102,~?@esP@@?PC?O`?@?@_?O?A??G??O??O??G??E???_??A???C???K???C???@?G??W???@????A?G??E????A?????_@???C?????o????@_????@??????_?????G?????@??????C??????G??????G??????C?C????@???????K???????_??????@?@?????@????????_???????W???????B????????K????????W????????W????????G????????A?@???????W????????@?????????A?@???????A?????????@_?????????W?????????A??????????G??????????O?G????????O??????????G??????????A?@?????????O??????????@???????????A?@?????????A???????????@_???????????O???????????A?@??????????G????????????O?G??????????o????????????K????????????B?????????????K?????????????_????????????@?@???????????@_?????????????o?????????????C??????????????o?????????????@??????????????A??????????????A?G????????????@?C?????????????O@?????????????A???????????????K???????????????K???????????????K???????????????A?_?????????????@_???????????????@`???????????????CO???????????????KG,t|eMID@WH_a@E@A?`_GG@@_CB?GA?GB?C?_@?K?G?o?_@_@?@?@?@_?_?W?G?A?@??[?C??O?G??w?G??K?C??B?@???W?G??@??_??E?@???E?@???B_?_???O?G???F?@????K?C????O?G????w?G????G?K????F?@?????W?W????@_?_????B?@?????B?@?????@w?_?????F?W??????WL??????@VC,2,2
102,~?@esP@@?OC?O`?@@@_?O?A@?W??_??_G?O??C???_??A???C???C???A????_???C????OC??@_???@?????_C???W????B?????G?????O@????o?????W?????C??????_@????A??????C??????C?G????A???????_??????C???????O???????_???????_???????O???????C?G??????_???????A?C??????K????????C????????A?C??????@_????????K?????????o????????@_????????@_?????????o?????????C??????????_@????????A??????????C??????????C?G????????A???????????_@?????????C???????????O???????????_???????????_???????????O?_?????????C?G??????????_???????????A?C??????????K????????????C????????????A?C???????????o????????????E?????????????W?????????????o?????????????G?????????????C?_???????????@??????????????G@?????????????_C????????????@??????????????@?G?????????????_??????????????G@?????????????@_??????????????A???????????????C@??????????????B????????????????o???????????????E????????????????P???????????????@_???????????????@W,t|eMID@WH?e@E@A?`_GG@@oC@?GB?G@?C?w@?A?G?W?_?o@??o@??O?_?K?G?@_@??F?C??C?G??K?G??E?C??@?@???[?G???_@_??B?@???B_@????o?_???G?G???B?@????K?C????[?G????K?G????E?C????@_@?????I?G?????]?_?????KB??????G@??????M?_?????@oG??????EF???????\c,2,2
102,~?@esP@@?OC?O`?@?@_?O?A??W??_??_??O??C??@_??C???G???G@??K???A????O@??@????E????C????A?C??@_????G?????_????@?@???B??????_?????G?????@??????E??????G??????G??????C?C????@???????G?G?????_??????B???????@????????_???????G?G?????B????????K????????O????????O?G??????G?C??????E?????????O????????@??_??????B?????????A?????????@??????????O?G???????E??????????G??????????O??????????O??????????G?C????????@???????????G???????????_?_????????@???????????@?@??????????_???????????W???????????@????????????C?C??????????G?G??????????W????????????K????????????@_????????????K?????????????W?????????????W?????????????O?????????????G?_???????????A?G????????????G??????????????_C????????????@??????????????@?G?????????????_??????????????G@?????????????@?G?????????????C???????????????E???????????????B????????????????o???????????????B????????????????W????????????????c???????????????@g,t|eMID@WH?e@C@E?`?GW@@?CE?GE?GA?C@_@?K?G?o?_@_@?@_@??_?_?[?G?@?@??M?C??G?G??W?G??M?C??@?@???W?G??@_?_??B?@???B?@???@o?_???G?G???B_@????F?C????C?G????K?G????F?C?????o@?????E?G?????W?_?????{@??????GB??????N?_??????_W??????N@???????Mk,2,2
102,~?@esP@@?OC?O`?@@@_?O?A@?W??_??_??O??C???_??A???C???C???A????_???K????_???@?G??B????@?????O@???E?????W?????_?????_@????o?????K?????@??????C??????G?G????G??????C?C????@???????G???????_??????@???????@????????_???????G???????@????????C?C??????W????????G????????C?C??????@_????????G?????????_?_??????B?????????B?????????@_?????????W?????????B??????????K??????????G??????????G??????????C?C????????@???????????G?G?????????_??????????@???????????@????????????_?_?????????G???????????@????????????C????????????G?G??????????G?G??????????K????????????@_????????????E?????????????W?????????????o?????????????W?????????????K?????????????B??????????????C??????????????O??????????????_G?????????????_G?????????????O??????????????C???????????????_G?????????????A?_?????????????E???????????????E????????????????o???????????????K????????????????W????????????????o????????????????w,t|eMID@WH?e@C@E?`?GW@@?CF?GA?GB?C?_@?M?G?O?_@_@?@_@??_?_?[?G?@?@??M?C??G?G??[?G??C?C??B?@???W?G??@??_??F?@???A?B???B??_???w?G???A?@????[?C????[?G????G?G????M?C????@?B?????[?G?????o?_????@O@??????{@??????C@_?????BoG??????DB???????NS,2,2
102,~?@esP@@?OC?O`?@?@_?O?A@?W??_??_??O??C??@_??C???G???G???C???@????G???@_???A????A?G??B?????_????C?G???O????@_????@_?????_?????G?G???B??????K??????O??????O??????G?C????A???????O?G????@???????B???????A???????@????????O?G?????A????????G????????O????????O????????G?C??????E?????????O????????@??_??????B?????????A?????????@??_???????O?????????E??????????K??????????W??????????W??????????K??????????@???????????G???????????_?_????????@???????????@?@??????????_???????????K???????????@????????????C????????????G?G??????????G????????????C????????????@?@???????????G?G??????????@_????????????@_?????????????o?????????????W?????????????A??????????????o?????????????@_?????????????B???????????????_??????????????O??????????????C@??????????????_G?????????????B???????????????C???????????????E???????????????@_???????????????W????????????????o???????????????@K???????????????F?,t|eMID@WH?e@C@E?`?GW@@?CE?GE?GA?C@_@?G?G@o?_@?@?B?@?@_?_?O?G?F?@??G?C??w?G??O?G??[?C??B?@???O?G??B_?_??A?@???F?@???@?@_???o?G???F?@????G?C????w?G????[?G????C?C????B_@?????K?W?????_?_????B_@?????@OB??????]?_?????@@W??????]@???????UK,2,2
102,~?@esP@@?OC?O`?@?@_?O?A??W??_??_??O??C??@_??C???G???G???K???A????O@??@????E????C????A?C??@_????G?????_?_??@?????B?????@_?????O?????A?@????G??????W??????O??????G??????A?@?????O??????@???????A???????B???????@????????O?G?????A????????G????????W????????O????????G?C??????A?@???????o????????@?????????A?@???????E?????????B??????????_?????????C?@????????O??????????o??????????o??????????O??????????C?@?????????_?G????????@???????????A???????????A?@?????????@????????????O???????????A?@??????????G????????????W????????????O????????????G?C??????????A?@???????????O?????????????o????????????@_?????????????o?????????????W?????????????B??????????????W??????????????_??????????????o??????????????o??????????????G??????????????A@??????????????O??????????????@?_?????????????B???????????????B????????????????o???????????????E????????????????W????????????????o????????????????w,t|eMID@WH?e@C@E?`?GW@@?CE?GE?GA?C@_@?G?G@_?_B?@?B?@?@_?_?O?G?F?@??G?C??o?G??o?G??O?C??M?@???o?G??B??_??E?@???C?@???F??_???o?G???F?@????G?C????w?G????W?G????M?C????@?@?????[?G?????o@_????@o@??????a@??????}?_?????@oO??????F@???????Jk,0,0
102,~?@esP@@?PC?O`?@?@_?O?A??G??O??O??G??E???_??A?_?C???K???C???@?G??W???@????A?G??E????A?????_@???C?????W?????_?????_?????O?????C??????_?????A??????C??????C?G????A???????o??????C???????O?_?????_??????@_???????o???????K???????@_???????E????????G????????G?G??????E????????@?????????G?G???????_????????@_????????@??????????_?????????G?G???????@??????????C??????????G??????????G??????????C??????????@?@?????????G???????????o??????????@???????????@?@??????????_?_?????????W???????????@_???????????E????????????K????????????K????????????C????????????@?@???????????K?????????????o?????????????_?????????????O?????????????G?????????????A?G????????????O@????????????@??????????????A?G????????????A??????????????@_??????????????K??????????????@_??????????????E???????????????B???????????????@_???????????????_???????????????KG???????????????a???????????????B????????????????AW,t|eMID@WH_a@E@A?`_GG@@_CB?GB?G@?C?o@?E?G?W?_?_@?@_@??o?_?G?G?B_@??C?C??[?G??K?G??E?C??@?@???W?G??@_?_??B_@???@?@???@_?_???W?G???B?@????G?C????w?G????O?W????[?C????B?B?????W?G????@_?_????Bo@??????oB??????[?_?????B?G??????T`???????E{,2,2
102,~?@esP@@?OC?O`?@?@_?O?A??W??_??_G?O??C??@_??C???G???G???K???A????O@??@????A????A?G??B?????_????C?G???O????@_????@_?????_?????G?????@??????E??????G??????G?G????C??????@?@?????G???????o??????@???????@?@??????_???????G???????B????????K????????O????????O?G??????G????????A?????????O?G??????@_????????A?????????A?@???????@??????????W?????????B??????????G??????????O?G????????O??????????G?C????????B???????????O??????????@??_????????A???????????A?@?????????@????????????W???????????A????????????G?C??????????O?G??????????O????????????K????????????@?????????????G?G???????????_?_??????????@?????????????@?@????????????o?????????????K??????????????_?????????????@_?????????????A??????????????A?G????????????@?C?????????????G??????????????@?G?????????????E???????????????E???????????????E???????????????@????????????????KG???????????????_???????????????BC???????????????BO,t|eMID@WH?e@E@A?`_GG@@_CB?GA?GB?C?_@?K?G?o?_@_@?@_@??o?_?G?G?B_@??C?C??[?G??K?G??E?C??@_@???G?G??@_?_??B?@???B?@???@_?_???W?G???B?@????G?C????w?G????O?W????[?C????B?B?????[?G?????_?_????B_@?????@o@??????[?_?????B@G??????Tp???????Bw,2,2
102,~?@esP@@?OC?O`?@@@_?O?A@?W??_??_G?O??C???_??A???C???C???A????_???C????OC??@_???@?????_C???W????B?????G?????O@????o?????W?????C??????_@????A??????C?G????C??????A???????_??????C???????O???????_???????_???????O???????C????????_???????A?C??????E????????C????????A?C??????@_????????K?????????o????????@_????????@_?????????o?????????K?????????@??????????C?C????????G??????????G?G????????C??????????@???????????G???????????_?_????????@???????????@????????????_???????????G?G?????????@????????????C?C??????????G????????????G?G??????????E????????????@_????????????K?????????????W?????????????o?????????????o?????????????K?????????????@??????????????G@?????????????o??????????????_??????????????_??????????????OC?????????????C@??????????????_??????????????A?_?????????????C@??????????????C???????????????B?_??????????????o???????????????@_???????????????@_????????????????w,t|eMID@WH?e@E@A?`_GG@@oC@?GB?G@?C?w@?A?G?W?_?o@??o@??O?_?M?G??_@??F?C??C?G??K?G??E?C??@?@???[?G???_@_??B?@???B?@???@_?_???W?G???A?@????[?C????O?W????w?G????G?K????F?@?????W?G????@O?_????@o@??????w@??????K?_?????AgG??????Bp???????B{,0,0
102,~?@esP@@?OC?O`?@?@_?O?A@?W??_??_G?O??C??@_??C???G???G???C???@????G????_???@?G??B????@?????O@???A?????W?????o?????_?????O?_???K?????@_?????C??????G?G????G??????C?C????@???????K???????_??????@???????@?@??????_???????G???????@????????C????????G????????G????????C?C??????@_????????G?????????_?_??????@?????????B??????????o?????????K?????????@_?????????E??????????K??????????G??????????C?C????????@???????????G?G?????????_??????????@_??????????@????????????_???????????G?G?????????@????????????C????????????G?G??????????G????????????C?C??????????@?????????????G?G???????????o????????????@_?????????????_?????????????o?????????????E??????????????o?????????????@_?????????????@??????????????@?G?????????????o??????????????E???????????????_??????????????B???????????????A???????????????A@??????????????@?_??????????????O???????????????B@???????????????CW???????????????[?,t|eMID@WH?e@E@A?`_GG@@_CB?GA?GB?C?_@?M?G?O?_@_@?@_@??o?_?G?G?B_@??C?C??[?G??K?G??C?C??B_@???G?G??@o?_??@?B???B?@???@_?_???W?G???B?@????G?C????w?G????O?W????[?C????B?B?????O?G????B_?_????A_B?????@o@??????[?_?????B?G??????T`???????D{,2,2
102,~?@esP@@?OC?O`?@?@_?O?A??W??_??_G?O??C??@_??C???G???G???K???A????O@??@????A????A?G??B?????_????C?G???O????@_????@_?????_?????G?G???@??????E??????G??????G?G????C??????@?@?????G???????o??????@???????@????????_???????G???????@_???????C????????G?G??????G????????C????????@?@???????K?????????_????????@?@???????@?????????@_?????????W?????????B??????????G??????????O?G????????O?G????????K??????????A???????????O?G????????@???????????A?@?????????A???????????@_???????????O???????????A?@??????????G????????????O?G??????????O????????????C????????????@?@???????????G?G???????????_????????????@?@???????????@_?????????????o?????????????C??????????????o?????????????@_?????????????B???????????????_??????????????OC?????????????E???????????????W??????????????@???????????????A@??????????????A@??????????????@_???????????????G???????????????@`???????????????AG???????????????BG,t|eMID@WH?e@E@A?`_GG@@_CB?GA?GB?C?_@?K?G?o?_@_@?@_@??o?_?G?G?B_@??C?C??[?G??K?G??C?C??B?@???W?G??@??_??F?@???B?@???@_?_???W?G???B?@????G?C????w?G????O?W????[?C????B?B?????W?G????@o?_????@?@?????Bo@??????[@_?????B?g??????T`???????FK,2,2
102,~?@esP@@?OC?O`?@?@_?O?A??W??_??_G?O??C??@_??C???G???G???K???A????O@??@????A????A?G??B?????_????C?G???O????@_????@_?????_?????G?G???@??????E??????G??????G?G????C??????@?@?????G???????o??????@???????@?@??????_???????G???????@_???????C????????G?G??????G????????C????????@?@???????K?????????_????????@?@???????@??????????o?????????K?????????@??????????C?C????????G?G????????K??????????C??????????@?@?????????G???????????_?_????????@???????????@_???????????_???????????G?G?????????@????????????C????????????C????????????C?G??????????A?????????????_????????????C?G???????????W?????????????o?????????????O?????????????K?????????????B??????????????W??????????????o?????????????@??????????????@?G?????????????o??????????????E???????????????_??????????????A?_?????????????C@??????????????E???????????????@????????????????O???????????????B@???????????????CW???????????????F?,t|eMID@WH?e@E@A?`_GG@@_CB?GA?GB?C?_@?K?G?o?_@_@?@_@??o?_?G?G?B_@??C?C??[?G??K?G??E?C??@_@???G?G??@o?_??@_@???@_@????o?_???K?G???@?@????M?C????G?W????[?G????E?K????@_@?????K?G?????_?_????Bo@??????oB??????WA_?????E?G??????j@???????M[,2,2
102,~?@esP@@?OC?O`?@?@_?O?A??W??_??_G?O??C??@_??C???G???G???K???A????O@??@????A????A?G??B?????_????C?G???O????@_????@_?????_?????G?G???@??????E??????G??????G?G????C??????@?@?????G???????o??????@???????@?@??????_???????G???????@_???????C????????G?G??????G????????C????????@?@???????K?????????_????????@?@???????@??????????o?????????K?????????@??????????C?C????????G?G????????K??????????C??????????@?@?????????G???????????_?_????????@???????????@_???????????_???????????G?G?????????@????????????C????????????C????????????C?G??????????A?C???????????_????????????C?G???????????W?????????????o?????????????O?????????????K?????????????B??????????????W??????????????O??????????????_G?????????????_??????????????OC?????????????E???????????????o??????????????@???????????????B???????????????@????????????????__??????????????K????????????????o???????????????B_???????????????@o,t|eMID@WH?e@E@A?`_GG@@_CB?GA?GB?C?_@?K?G?o?_@_@?@_@??o?_?G?G?B_@??C?C??[?G??K?G??E?C??@_@???G?G??@o?_??@_@???@_@????o?_???K?G???@?@????M?C????G?G????[?G????E?K????@_@?????K?G?????_?_????Bo@??????wB??????KA_?????ABG??????w@??????@[K,2,2
102,~?@esP@@?PC?O`?@?@_?O?A??G??O??O??G??E???_??A?_?C???K???C???@?G??W???@????A?G??E????A?????_@???C?????W?????_?????_?????O?????C??????_?????A??????C??????C??????A???????o??????C???????O?_?????_??????@_???????o???????K???????@_???????E????????G????????G?G??????K????????B?????????O????????@??_??????A?@???????B?????????@??????????O?G???????A??????????G??????????O??????????O??????????G?C????????A???????????O??????????@???????????A?@?????????@????????????_?_?????????G???????????@_???????????E????????????K????????????K????????????A?????????????_@???????????K?????????????o?????????????o?????????????W?????????????G?????????????A?G????????????O@????????????@??????????????A?G????????????A?G????????????@???????????????O??????????????A?G?????????????G?_?????????????O@??????????????O???????????????E????????????????W???????????????B????????????????@c???????????????B_,t|eMID@WH_a@E@A?`_GG@@_CB?GB?G@?C?o@?E?G?W?_?_@?@_@??o?_?G?G?B?@??K?C??O?G??w?G??K?C??B?@???O?G??B??_??E?@???F?@???@??_???o?G???F?@????G?C????o?G????o?G????W?C????F_@?????K?W?????_?_????B_@?????@o@??????OB_?????N?G??????WR??????@uC,2,2
102,~?@esP@@?OC?O`?@?@_?O?A@?W??_??_G?O??C??@_??C???G@??G???C???@????G????_???@?G??B????@?????O????A?????K?????O?????O@????W?????E??????_?????A?C????C??????C??????A?C????@_??????K???????_??????@?@?????@????????_???????G???????@????????C????????G????????G?G??????K????????@?????????G?????????_????????@?@???????@_?????????o?????????K?????????@_?????????E??????????G??????????G?G????????C??????????@???????????G?G????????@_??????????B???????????@????????????_?_?????????G???????????@????????????C?C??????????G????????????G?G??????????E????????????@_????????????C?????????????O?????????????_@????????????_@????????????W?????????????E??????????????W??????????????_?????????????@?G????????????@_??????????????o??????????????A???????????????OG?????????????@???????????????A@??????????????A@??????????????@_???????????????K????????????????o????????????????c???????????????@g,t|eMID@WH?e@E@A?`_GG@@_CB?GB?G@?C?w@?A?G?W?_?o@??o@??O?_?K?G?@_@??E?C??K?G??K?G??E?C??@?@???[?G???_@_??B?@???B?@???@_?_???W?G???B?@????K?C????W?G????W?G????M?C????@_@?????I?G?????[?_?????[@??????K@??????F?_??????{G??????@f???????Fc,2,2
102,~?@esP@@?OC?O`?@?@_?O?A??W??_??_G?O??C@?@_??C???G@??G???K???A????O@??@????A????A?G??@?????O????A?????K?????O?????O?????G?????B??????O?????@?C????A??????A?G????B???????o??????C???????O?_?????_??????@_???????o???????G???????@?@??????C????????G????????G?G??????C????????@?????????G?????????_?_??????@_????????@??????????_?_???????G?????????@??????????E??????????G??????????G?G????????C??????????@?@?????????W??????????@_??????????@???????????@?@??????????_???????????K???????????@_???????????E????????????C????????????E????????????@?????????????O????????????A?G???????????G?_???????????W?????????????O?????????????G?_???????????A?G????????????W?????????????@??????????????A?G????????????A?G????????????B???????????????G??????????????@?G?????????????C???????????????E???????????????A????????????????_???????????????KG???????????????o???????????????B_???????????????BO,t|eMID@WH?e@E@A?`_GK@?oC@_G@?G@_C?W@?B?G?K?_?W@??O@??W?_?E?G??o@??B?C??E?G??C?G??E?C??@_@???K?G???o?_??@_@???@_@????o?_???K?G???@_@????F?C????E?G????C?G????F?C?????o@?????F?G?????K?_?????W@??????W@??????N?_??????ow??????CX???????}C,2,2
102,~?@esP@@?OC?O`?@?@_?O?A@?W??_??_G?O??C@?@_??C???G@??G???C???@????G????_???@?G??@?????_????G????@_????C?????G@????W?????K?????A??????O@????@??????A?G????E??????B???????_??????C?G?????O???????_???????_???????O???????C????????_???????A?C??????C????????C????????A?????????_@???????E?????????O?????????_@???????@_?????????o?????????K?????????@??????????C?C????????G??????????G?G????????K??????????B???????????G???????????_?_????????@???????????@????????????_???????????G?G?????????@????????????C?C??????????K????????????C????????????A?????????????_@???????????C?G???????????W?????????????o?????????????o?????????????K?????????????@??????????????G@?????????????_C????????????B???????????????_??????????????OC?????????????C???????????????_??????????????A?_?????????????C@??????????????A???????????????@_???????????????K???????????????@_???????????????@c???????????????B_,t|eMID@WH?e@E@A?`_GK@?oC@_G@?G@oC?G@?B?G?K?_?W@??O@??W?_?E?G??o@??B?C??E?G??C?G??F?C???_@???K?G???o?_??@_@???@_@????o?_???K?G???@_@????F?C????E?G????C?G????F?C?????_B?????M?G?????[?_?????W@??????W@??????N?_??????oW??????DL???????NC,2,2
102,~?@esP@@?OC?O`?@?@_?O?A@?W??_??_??O??C@?@_??C???G@??G???C???@????G@??@_???A????A?G??@?????O????A?????K?????O?????O@????W?????A??????O?????@??????A??????A?G????B???????o??????C???????O?_?????_???????_???????O?_?????C?G?????@_???????E????????G????????G?G??????C????????@?????????G?????????_?_??????@_????????@??????????_?_???????C??????????_?????????A??????????C??????????C??????????A?C????????@_??????????K???????????O???????????_@??????????_???????????W???????????E????????????o???????????B????????????E????????????A????????????@?????????????O@???????????A?G???????????K?????????????O?????????????O@????????????G?_???????????A??????????????O@????????????@??????????????A?G????????????E???????????????_??????????????G@?????????????@???????????????B???????????????B???????????????@????????????????o_??????????????E????????????????o???????????????@C???????????????Ag,t|eMID@WH?e@C@E?`?GW@@_CB?GB?G@?C?w@?A?G?[?_?O@??o@??W?_?C?G?@_@??E?C??K?G??K?G??E?C??@?@???[?G???w?_???_@???@_@????o?_???K?G???@_@????E?C????K?G????M?G????B?C?????_@?????N?G?????K@_?????[@??????K@??????E?_?????@wG??????BF???????Jc,2,2
102,~?@esP@@?OC?O`?@?@_?O?A@?W??_??_G?O??C@?@_??C???G@??G???C???@????G????_???@?G??@?????_????G????@_????C?????G@????W?????K?????A??????O@????@??????A?G????E??????B???????_??????C?G?????O???????_???????_???????O???????C????????_???????A?C??????C????????C????????A?????????_????????E?????????W?????????o?????????o?????????W?????????C??????????_@????????A??????????C?G????????K??????????E??????????@_??????????G???????????_?_????????@???????????@????????????_?_?????????G???????????@?@??????????E????????????C????????????C????????????A?C???????????_????????????C?G???????????W?????????????o?????????????W?????????????C?????????????@?G????????????G@????????????@_?????????????@_??????????????_??????????????OC?????????????C???????????????_G?????????????A?_?????????????A???????????????A@??????????????@?_??????????????OG??????????????B????????????????B?????????????????w,t|eMID@WH?e@E@A?`_GK@?oC@_G@?G@oC?G@?B?G?K?_?W@??O@??W?_?E?G??o@??B?C??E?G??C?G??F?C???_B???K?G???o?_??@_@???@_@????o?_???K?G???@_@????E?C????K?G????K?G????D?C?????w@?????B_G?????E?_?????K@??????M@??????B__??????WG??????Bp???????B{,0,0
102,~?@esP@@?OC?O`?@@@_?O?A@?W??_??_??O??C???_??A???C???C???A????_G??K????_???@?G??B????@?????O@???E?????W?????_?????_@????o?????C??????_?????A??????C??????C?G????A???????_??????C???????O???????_???????_???????O???????C?G?????@_???????E????????G????????G?G??????E????????@?????????G?G??????@_????????B?????????B?????????@_?????????W?????????@??????????C??????????G?G????????G??????????C??????????@?@?????????G?G?????????_??????????@???????????@?@??????????_???????????G???????????@_???????????E????????????E????????????C????????????A?C???????????O????????????A?G???????????W?????????????W?????????????W?????????????K?????????????@??????????????G@?????????????_?????????????@_??????????????_??????????????OC?????????????C@??????????????_??????????????B???????????????B???????????????B????????????????__??????????????E????????????????o???????????????@C???????????????@g,t|eMID@WH?e@C@E?`?GW@@?CF?GA?GB?C?_@?M?G?O?_@o@??_@??o?_?K?G?@?@??M?C??G?G??[?G??C?C??B?@???W?G??@??_??F?@???A?B???B_?_???O?W???F?@????K?C????O?G????w?G????M?C????@?@?????[?G?????o?_????@S@??????M@??????B?_??????{G??????@r???????Bs,2,2
102,~?@esP@@?PC?O`?@?@_?O?A??G??O??O??G??E???_??A?_?C???K???C???@?G??W???@????A?G??E????A?????_????C?????W?????_?????_?????O?????C??????_?????A?C????C??????C??????A?C????@_??????K???????_??????@?@?????@???????@_???????W???????B????????K????????G????????G?G??????K????????@?????????G?????????_????????@?@???????@_?????????_?????????G?G???????@??????????C??????????G??????????G?G????????C??????????@???????????G?G????????@_??????????B???????????@????????????_?_?????????G???????????@_???????????E????????????K????????????C????????????A?C??????????@_????????????C?????????????O?????????????_@????????????_@????????????W?????????????C??????????????_@????????????A?C????????????E??????????????A??????????????@_??????????????W???????????????_??????????????A?_?????????????C???????????????B????????????????`_??????????????W???????????????@_???????????????B?????????????????w,t|eMID@WH_a@E@A?`_GG@@_CB?GB?G@?C?o@?E?G?W?_?_@?@o@??O?_?K?G?@_@??E?C??K?G??K?G??E?C??@?@???W?G??@_?_??B_@???@?@???@o?_???G?W???B?@????K?C????W?G????W?G????M?C????@_@?????G?G????@o?_????@o@??????gF??????KC_?????B_G??????N@???????K[,2,2
102,~?@esP@@?OC?O`?@?@_?O?A@?W??_??_??O??C??@_??C???G@??G???C???@????G@??@_???A????A?G??B?????_????C?????O?????o?????_?????O?_???K??????_?????A??????C??????C??????A???????_@?????K???????o??????@???????@?@??????_???????G???????@????????C?C??????W????????W????????K????????B?????????G?????????_????????@?????????@?@????????o?????????K?????????@_?????????A??????????C??????????C?G????????A???????????_??????????C?G?????????o??????????@_???????????_???????????O?_?????????C????????????_???????????A?C??????????K????????????E????????????B?????????????O????????????A?????????????G?_???????????O@????????????W?????????????K?????????????@??????????????G@?????????????_C????????????@??????????????@?G????????????@_??????????????C???????????????_G?????????????A???????????????C@??????????????B????????????????_???????????????K????????????????o???????????????@o???????????????@o,t|eMID@WH?e@C@E?`?GW@@?CE?GE?GB?C?_@?M?G?O?_@o@??_@??o?_?K?G?@_@??E?C??K?G??K?G??E?C??@_@???G?G??@o?_??@?B???B_@????_?_???[?G???@_@????E?C????K?G????K?G????F?C?????o@?????D?G?????M?_?????M@??????E@??????B?_??????{G??????@b???????Fs,2,2
102,~?@esP@@?OC?O`?@?@_?O?A@?W??_??_??O??C??@_??C???G@??G???C???@????G@??@_???A????A?G??B?????_????C?????O?????o?????_?????O?_???K??????_?????A??????C??????C??????A???????_??????K???????o??????@???????@?@??????_???????G???????@????????C?C??????W????????W????????K????????B?????????W????????@?????????A?????????A?????????@??_???????W?????????B??????????K??????????G??????????G??????????C?C????????@???????????G???????????_??????????@?@?????????B???????????@_???????????G???????????@?@??????????C????????????K????????????K????????????B?????????????o????????????E?????????????G?????????????O?????????????O@????????????G?_???????????B??????????????W??????????????_?????????????@?G????????????@???????????????_C?????????????G@?????????????B???????????????A???????????????C@??????????????E???????????????@_???????????????C????????????????p???????????????@_???????????????@g,t|eMID@WH?e@C@E?`?GW@@?CE?GE?GB?C?_@?M?G?O?_@o@??_@??o?_?K?G?@_@??E?C??G?G??W?G??K?C??B?@???W?G??@??_??F?@???A?B???B_?_???O?W???F?@????K?C????W?G????W?G????K?C????B?@?????[?G?????o?_????@S@??????M@??????B__??????WG??????Bp???????B{,2,2
102,~?@esP@@?OC?O`?@?@_?O?A@?W??_??_??O??C??@_??C???G@??G???C???@????G@??@_???A????A?G??B?????_????C?????O?????o?????_?????O?_???K??????_?????A??????C??????C??????A???????_@?????K???????o??????@???????@?@??????_???????G???????@????????C?C??????W????????W????????G????????A?@???????o????????@?????????A?????????A?????????@??_???????W?????????B??????????K??????????G??????????G??????????C?C????????@???????????G???????????_?_????????@?@?????????B???????????@_???????????G???????????@?@??????????C????????????K????????????K????????????B?????????????_????????????C?G???????????G?????????????O@????????????O?????????????G?_???????????B??????????????W??????????????_?????????????@?G????????????@???????????????o??????????????E???????????????O??????????????@?_?????????????B???????????????@_???????????????o???????????????CG???????????????`???????????????B????????????????AW,t|eMID@WH?e@C@E?`?GW@@?CE?GE?GB?C?_@?M?G?O?_@o@??_@??o?_?K?G?@?@??K?C??W?G??W?G??K?C??B?@???W?G??@??_??F?@???A?B???B_?_???O?W???F?@????K?C????O?G????w?G????K?C????B?@?????[?G?????o?_????@S@??????M@??????B?_??????{G??????@r???????Bs,2,2
102,~?@esP@@?OC?O`?@?@_?O?A@?W??_??_??O??C@?@_??C???G???G???C???@????G@??@_???A????A?G??@?????O????A?????W?????o?????_?????O?_???K??????_?????A??????C?G????C??????A?C????@_??????K???????_??????@???????@????????_???????G???????@????????C?C??????W????????G????????C?C??????@?????????G?G???????_????????@?@???????B?????????@_?????????W?????????B??????????K??????????G??????????G??????????C?C????????@???????????G?G?????????o???????????_???????????_???????????O?_?????????C????????????_???????????B????????????E????????????A????????????@?C???????????O????????????A?G???????????G?_???????????o?????????????W?????????????K?????????????B??????????????G??????????????_C????????????@??????????????@?G?????????????O??????????????C@??????????????_G?????????????A???????????????E???????????????B????????????????o???????????????B????????????????W????????????????c???????????????@g,t|eMID@WH?e@C@E?`?GW@@_CB?GA?GB?C?_@?M?G?O?_@o@??_@??w?_?C?G?@_@??E?C??K?G??K?G??C?C??B?@???W?G??@??_??F?@???A?B???B_?_???O?W???F?@????G?C????o?G????w?G????M?C????@?@?????[?G?????o?_????@S@??????M@??????B?_??????{G??????@r???????Bs,2,2
102,~?@esP@@?OC?O`?@@@_?O?A@?W??_??_??O??C???_??A???C???C???A????_G??K????_???@?G??B????@?????O@???E?????W?????_?????_@????o?????C??????_?????A??????C??????C??????A???????_??????C???????O???????_???????_???????O???????C?G?????@_???????E????????G????????G?G??????K????????B?????????W????????@_????????B?????????B?????????@_?????????W?????????@??????????C??????????G?G????????G??????????C??????????@?@?????????G???????????_??????????@???????????@?@??????????_???????????G???????????@_???????????E????????????E????????????C????????????A?C???????????o????????????E?????????????W?????????????W?????????????W?????????????K?????????????@??????????????G@?????????????_C????????????@??????????????@?G?????????????_??????????????G@?????????????@?G?????????????C???????????????K???????????????A???????????????@?_??????????????W????????????????o???????????????B_???????????????@o,t|eMID@WH?e@C@E?`?GW@@?CF?GA?GB?C?_@?M?G?O?_@o@??_@??o?_?K?G?@?@??K?C??W?G??O?G??[?C??A?B???o?G??B??_??C?@???M?@???A?@_??@o?G???C?B????w?C????o?G????_?G????w?C????E?@?????g?G????@o?_????@_@?????@S@??????F__??????Ow??????F@???????NK,2,2
102,~?@esP@@?OC?O`?@@@_?O?A@?W??_??_??O??C???_??A???C???C???A????_G??K????_???@?G??B????@?????O@???E?????W?????_?????_@????o?????C??????_?????A??????C??????C?G????A???????_??????C???????O???????_???????_???????O???????C?G?????@_???????E????????G????????G?G??????E????????@_????????K?????????o????????@_????????@??????????_?_???????W?????????@??????????C??????????G?G????????G??????????C??????????@?@?????????G???????????_??????????@?@?????????@????????????_?_?????????G???????????@_???????????E????????????E????????????C????????????A?C???????????o????????????E?????????????K?????????????G?????????????G@????????????K?????????????@??????????????G@?????????????_C????????????@??????????????@?G?????????????_??????????????G@?????????????@?G?????????????C???????????????K???????????????A???????????????@?_??????????????W????????????????`???????????????AS???????????????M?,t|eMID@WH?e@C@E?`?GW@@?CF?GA?GB?C?_@?M?G?O?_@o@??_@??o?_?K?G?@?@??M?C??G?G??[?G??C?K??B?@???W?G??@??_??F?@???A?@???B_?_???O?W???F?@????K?C????O?G????w?G????I?C????@o@?????E?G?????[?_?????S@??????N@??????@@_??????wG??????B`???????F[,2,2
102,~?@esP@H?OC?O`?@??_?G?B??G??O??O??GC?E???_??A?_?K???G???C???@?G??W???@????A?G??A????@?????O@???A?????G?????O?????o?????G?????A??????O?????@??????A?G????E??????@???????O@?????E???????W???????_???????_???????O?_?????K???????@_???????C????????G?G??????G????????C????????@?@???????G?????????_????????@?????????@?@???????@_?????????G?????????@??????????C?C????????G??????????G??????????C?C????????B???????????G???????????_?_????????B???????????B????????????_???????????K???????????@_???????????B????????????C????????????C?G??????????A?????????????o????????????A?????????????G?_???????????O?????????????O@????????????W?????????????A??????????????O@????????????@?C????????????A??????????????A?G????????????B???????????????O@?????????????B???????????????C???????????????K???????????????A???????????????@?_??????????????S????????????????`???????????????AS???????????????M?,t|eMID`GH_a@E@A?`_GK@?oC@?GB?G@_C?O@?F?G?G?_?o@??o@??O?_?K?G?@_@??F?C??C?G??K?G??E?C??@_@???G?G??@o?_??@?B???B_@????o?_???G?G???B?@????K?C????[?G????G?W????K?C????B?@?????[?G?????g?_?????{@??????GB??????K?_?????BOG??????FB???????Ms,2,2
102,~?@esP@@?PC?O`?@?@_?O?A??G??O??O??G??E???_??A?_?C???K???C???@?G??W???@????A?G??E????A?????_@???C?????W?????_?????_?????O?????C??????_?????A?C????C??????C??????A???????o??????C???????O?_?????_??????@_???????o???????K???????@_???????A????????C?G??????K????????E????????@?????????G?G???????_?_??????@_????????@??????????_?????????G?????????@??????????C??????????G?G????????G??????????C??????????@???????????G???????????O???????????_@??????????_@??????????o???????????K???????????@_???????????E????????????C????????????C?G??????????E????????????@_????????????K?????????????o?????????????O?????????????O?????????????G?????????????A?G????????????W??????????????_?????????????@?G????????????@???????????????_??????????????K@?????????????@_??????????????E???????????????E???????????????A@??????????????@_???????????????W????????????????`???????????????A_???????????????@W,t|eMID@WH_a@E@A?`_GG@@_CB?GB?G@?C?o@?E?G?W?_?_@?@o@??O?_?K?G?@_@??C?C??[?G??K?G??E?C??@?@???W?G??@_?_??B_@???@?@???@o?_???G?W???B?@????K?C????W?G????O?G????]?C????@_B?????K?G?????o?_????@o@??????gB??????M?_?????@_G??????L`???????E{,2,2
102,~?@esP@@?PC?O`?@?@_?O?A??G??O??O??G??E???_??A?_?C???K???C???@?G??W???@????A?G??E????A?????_@???C?????W?????_?????_?????O?????C??????_?????A??????C??????C??????A???????o??????C???????O?_?????_??????@_???????o???????K???????@_???????E????????G????????G?G??????K????????B?????????O????????@??_??????A?@???????B?????????@??????????O?G???????A??????????G??????????O??????????O?G????????G??????????A???????????O??????????@???????????A?@?????????@????????????_?_?????????G???????????@_???????????E????????????K????????????E????????????A?????????????_@???????????K?????????????o?????????????o?????????????W?????????????G?????????????A?G????????????O?????????????@?C????????????A?G????????????A?G????????????@???????????????O@?????????????A???????????????G?_?????????????O@??????????????O???????????????K????????????????OG??????????????AD???????????????K????????????????EG,t|eMID@WH_a@E@A?`_GG@@_CB?GB?G@?C?o@?E?G?W?_?_@?@_@??o?_?G?G?B?@??K?C??O?G??w?G??K?C??B?@???O?G??B??_??E?@???F?@???@??_???w?G???B?@????G?C????o?G????o?G????W?C????F_@?????K?W?????_?_????B_@?????@o@??????]?_?????@@w??????[P???????uC,2,2
102,~?@esP@@?OC?O`?@?@_?O?A@?W??_??_??O??C??@_??C???G@??G???C???@????G???@_???B????B????@?????O@???A?????K?????O?????O@????W?????E??????_?????A??????C??????C??????A???????o??????C???????O?_?????_???????_???????O???????C????????_???????E????????K????????K????????E????????@?????????G?G???????_????????@_????????@_?????????o?????????K?????????@_?????????C??????????G??????????G??????????C?C????????@???????????G???????????o??????????@_???????????_???????????O???????????C?G??????????_???????????A?C??????????K????????????K????????????B?????????????o????????????C?????????????O?_???????????o?????????????o?????????????K?????????????@??????????????G??????????????_C????????????@?G????????????@???????????????_C?????????????K???????????????_??????????????A?_?????????????C@??????????????K???????????????@_???????????????G???????????????@`???????????????@G???????????????BG,t|eMID@WH?e@C@E?`_GG@@_CB?GB?G@?C?w@?A?G?W?_?o@??_@??o?_?K?G?@_@??C?C??[?G??K?G??E?C??@?@???[?G???_@_??B?@???B?@???@_?_???O?G???E?@????[?C????W?G????O?G????[?C????B_@?????I?G?????[?_?????[@??????G@??????N?_??????oW??????F`???????Fk,2,2
102,~?@esP@@?OC?O`?@?@_?O?A@?W??_??_G?O??C??@_??C???G@??G???C???@????G????_???@?G??B????@?????O????A?????K?????O?????O@????W?????E??????_?????A?C????C??????C?G????A??????@_??????K???????_??????@?@?????@????????_???????G???????@????????C????????G????????G?G??????E????????@?????????G?????????_?_??????@?????????@_?????????o?????????K?????????@_?????????E??????????G??????????G?G????????C??????????@?@?????????G??????????@_??????????@_??????????@????????????_?_?????????G???????????@????????????C?C??????????G????????????G?G??????????E?????????????o????????????C?????????????O?_???????????_@????????????_?????????????W?????????????E??????????????W??????????????_?????????????@?G????????????@?G?????????????_??????????????E???????????????o??????????????@???????????????A@??????????????A@???????????????o???????????????K????????????????o????????????????o????????????????w,t|eMID@WH?e@E@A?`_GG@@_CB?GB?G@?C?w@?A?G?W?_?o@??o@??O?_?M?G??_@??E?C??K?G??K?G??E?C??@?@???[?G???_@_??B?@???B?@???@_?_???W?G???B_@????C?C????W?G????[?G????E?C????@_@?????I?G?????[?_?????[@??????M@??????A?_?????@wG??????Bb???????Fs,0,0
102,~?@esP@@?OC?O`?@?@_?O?A@?W??_??_G?O??C??@_??C???G@??G???C???@????G????_???@?G??B????@?????O????A?????K?????O?????O@????W?????E??????_?????A?C????C??????C?G????A??????@_??????K???????_??????@?@?????@????????_???????G???????@????????C????????G????????G?G??????E????????@?????????G?????????_?_??????@?????????@_?????????o?????????K?????????@_?????????E??????????G??????????G?G????????C??????????@?@?????????G??????????@_??????????@_??????????@_???????????O???????????C????????????_???????????A????????????C?G??????????E????????????@_????????????O????????????A?????????????G?_???????????W?????????????W?????????????K?????????????B??????????????G??????????????_C????????????@?G????????????@??????????????@_??????????????K???????????????_??????????????A?_?????????????C???????????????C@??????????????@__??????????????O???????????????A@???????????????KC???????????????K_,t|eMID@WH?e@E@A?`_GG@@_CB?GB?G@?C?w@?A?G?W?_?o@??o@??O?_?M?G??_@??E?C??K?G??K?G??E?C??@?@???[?G???_@_??B?@???B?@???@_?_???W?G???B_@????C?C????W?G????[?G????F?C?????g@?????B?G?????K?_?????[@??????M@??????AB_?????@_G??????N@???????M[,0,0
102,~?@esP@H?OC?O`?@??_?G?B??G??O??O??G??E???_??A?_?K???G???C???@?G??W???@????A?G??E????A?????_????C?????O?????_?????_?????o?????C??????_?????A??????C??????C??????A?C????@_??????K???????o??????@_??????@_???????_???????G???????@?@??????K????????W????????W????????K????????@?????????G?????????_????????@?????????@??????????_?????????G?G???????B??????????C??????????G??????????G?G????????C??????????@???????????G?G????????@_??????????B???????????B???????????@_???????????W???????????@????????????E????????????K????????????E????????????B?????????????O????????????A?????????????G?????????????O@????????????O?????????????G?_???????????A?G????????????o?????????????@??????????????A?G????????????B??????????????@_??????????????W??????????????@_??????????????@???????????????B???????????????@_???????????????O???????????????CG???????????????p???????????????B????????????????BG,t|eMID`GH_a@E@A?`_GG@@_CB?GA?GB?C?o@?C?G?w?_?_@?@_@??o?_?K?G?@_@??E?C??K?G??K?G??E?C??@_@???K?G???_?_??B_@???@?B???@o?_???K?G???@_@????E?C????K?G????K?G????E?C????@_@?????M?G?????S?_?????[@??????M@??????B?_??????wG??????Bp???????B{,2,2
102,~?@esP@H?OC?O`?@??_?G?B??G??O??O??G??E???_??A?_?K???G???C???@?G??W???@????A?G??E????A?????_@???C?????O?????_?????_?????o?????C??????_?????A??????C??????C??????A???????o??????E???????W???????o???????_???????O???????C?G?????@_???????E????????G????????G?G??????K????????B?????????O????????@??_??????A?????????A?????????@??????????O?G???????E??????????G??????????O??????????O?G????????G??????????A???????????O?G????????@???????????A?@?????????B???????????@_???????????W???????????@????????????E????????????K????????????E????????????A?????????????_@???????????E?????????????G?????????????O@????????????O?????????????G?_???????????A?G????????????o?????????????@??????????????A?G????????????A?G????????????@???????????????O@?????????????A?G?????????????K???????????????C???????????????E????????????????_???????????????GG???????????????`???????????????BC???????????????F?,t|eMID`GH_a@E@A?`_GG@@_CB?GA?GB?C?o@?C?G?w?_?_@?@_@??o?_?G?G?B?@??K?C??O?G??w?G??K?C??B?@???W?G??@_?_??A?@???F?@???@?@_???w?G???B?@????G?C????w?G????W?G????M?C????@_@?????K?G?????w?_?????g@??????]@??????A@_?????@oG??????FB???????NS,2,2
102,~?@esP@H?OC?O`?@??_?G?B??G??O??O??G??E???_??A?_?K???G???C???@?G??W???@????A?G??E????A?????_@???C?????O?????_?????_?????o?????C??????_?????A??????C??????C??????A???????o??????E???????W???????o???????_???????O???????C?G?????@_???????E????????K????????K????????E????????@?????????G?G???????_????????@?????????@??????????_?????????W?????????@??????????C??????????G?G????????G??????????C??????????@???????????G???????????o??????????@_??????????@_???????????o???????????G???????????@_???????????E????????????E????????????E????????????B?????????????o????????????E?????????????G?????????????O@????????????O?????????????G?_???????????E??????????????O?????????????@?C????????????A??????????????A??????????????@?C?????????????W??????????????@_??????????????A???????????????E???????????????B???????????????@_???????????????K????????????????`???????????????AS???????????????M?,t|eMID`GH_a@E@A?`_GG@@_CB?GA?GB?C?o@?C?G?w?_?_@?@_@??o?_?K?G?@_@??C?C??[?G??K?G??E?C??@_@???K?G???_?_??B_@???@?B???@o?_???K?G???@_@????E?C????G?G????[?G????E?K????@_@?????K?G?????o?_????@O@??????w@??????K@_?????B_G??????J`???????F[,0,0
102,~?@esP@H?OC?O`?@??_?G?B??G??O??O??G??E???_??A?_?K???G???C???@?G??W???@????A?G??E????A?????_@???C?????O?????_?????_?????o?????C??????_?????A??????C??????C??????A???????o??????E???????W???????o???????_???????O???????C?G?????@_???????E????????K????????K????????E????????@?????????G?G???????_????????@?????????@??????????_?_???????W?????????@??????????C??????????G?G????????G??????????C??????????@???????????G???????????o??????????@_??????????@_???????????O???????????C????????????_@??????????E????????????E????????????E????????????B?????????????o????????????E?????????????G?????????????O@????????????O@????????????W?????????????A??????????????O?????????????@?C????????????A?G????????????A??????????????@???????????????W???????????????_??????????????B???????????????E???????????????@_???????????????o???????????????M????????????????o???????????????@_???????????????@W,t|eMID`GH_a@E@A?`_GG@@_CB?GA?GB?C?o@?C?G?w?_?_@?@_@??o?_?K?G?@_@??C?C??[?G??K?G??E?C??@_@???K?G???_?_??B_@???@?@???@o?_???K?G???@_@????E?C????G?G????[?G????E?K????@_@?????M?G?????O?_????@o@??????_B??????{?_?????B?W??????WT??????@]C,2,2
102,~?@esP@@?PC?O`?@?@_?O?A??G??O??O??G??E???_??A?_?C???K???C???@?G??W???@????A?G??E????A?????_@???C?????W?????_?????_?????O?????C??????_?????A?C????C??????C??????A???????o??????C???????O?_?????_??????@_???????o???????K???????@_???????A????????C?G??????K????????E????????@?????????G?G???????_????????@_????????@??????????_?_???????G?????????@??????????C??????????G?G????????G??????????C??????????@???????????G?G?????????o??????????@???????????@?@??????????_???????????K???????????@_???????????E????????????C????????????C?G??????????E????????????@_????????????C?????????????O?_???????????_?????????????o?????????????O?????????????C?G????????????_@????????????B??????????????A??????????????A??????????????@?C?????????????O@?????????????B???????????????K???????????????G???????????????E???????????????@@_??????????????o???????????????@_???????????????B?????????????????w,t|eMID@WH_a@E@A?`_GG@@_CB?GB?G@?C?o@?E?G?W?_?_@?@o@??O?_?K?G?@_@??C?C??[?G??K?G??E?C??@?@???W?G??@_?_??B_@???@?@???@o?_???G?W???B?@????K?C????W?G????[?G????E?C????@_@?????G?G????@o?_????@o@??????gF??????KC_?????B_G??????M@???????[[,2,2
102,~?@esP@@?OC?O`?@?@_?O?A@?W??_??_??O??C??@_??C???G@??G???C???@????G@??@_???A????A?G??B?????_????C?G???O?????o?????_?????O?_???K??????_?????A??????C??????C??????A???????_??????E???????O???????_@??????_???????O???????C????????_@??????E????????K????????K????????E????????@_????????G?????????_?_??????@?????????@_?????????o?????????K??????????_?????????A??????????C??????????C??????????A???????????_??????????C?G?????????W???????????_???????????_@??????????O???????????E????????????o???????????B????????????E????????????E????????????B?????????????O????????????A?G???????????G?????????????W?????????????W?????????????C?????????????@??????????????G@?????????????_?????????????@?G????????????@?G?????????????o??????????????K???????????????o??????????????B???????????????B????????????????_???????????????O_??????????????E????????????????O???????????????@c???????????????@o,t|eMID@WH?e@C@E?`?GW@@?CE?GE?GB?C?_@?M?G?O?_@o@??_@??o?_?K?G?@_@??E?C??G?G??[?G??E?C??@_@???G?G??@o?_??@?B???B_@????_@_???W?G???B?@????K?C????W?G????W?G????M?C????@_@?????K?G?????i?_?????K@??????M@??????B__??????[G??????@x???????@{,2,2
102,~?@esP@@?OC?O`?@?@_?O?A@?W??_??_??O??C??@_??C???G@??G???C???@????G@??@_???A????A?G??B?????_????C?G???O?????o?????_?????O?_???K??????_?????A??????C??????C??????A???????_??????E???????O???????_@??????_???????O???????C????????_@??????E????????K????????K????????E????????@_????????G?????????_?_??????@?????????@_?????????o?????????K??????????_?????????A??????????C??????????C??????????A???????????_??????????C?G?????????W???????????_???????????_@??????????O???????????E????????????o???????????B????????????E????????????E????????????B?????????????O????????????A?G???????????G?????????????W?????????????W?????????????C?????????????@?G????????????G??????????????_?????????????@?G????????????@?G?????????????o??????????????G??????????????@?G?????????????E???????????????E???????????????E????????????????o???????????????C????????????????o???????????????@K???????????????B_,t|eMID@WH?e@C@E?`?GW@@?CE?GE?GB?C?_@?M?G?O?_@o@??_@??o?_?K?G?@_@??E?C??G?G??[?G??E?C??@_@???G?G??@o?_??@?B???B_@????_@_???W?G???B?@????K?C????W?G????W?G????M?C????@_@?????K?G?????i?_?????M@??????E@??????B__??????[G??????@f???????Fc,2,2
102,~?@esP@@?OC?O`?@?@_?O?A@?W??_??_??O??C??@_??C???G@??G???C???@????G@??@_???A????A?G??B?????_????C?G???O?????o?????_?????O?_???K??????_?????A??????C??????C??????A???????_??????E???????O???????_@??????_???????O???????C????????_@??????E????????K????????K????????E????????@_????????G?????????_?_??????@?????????@_?????????o?????????K??????????_?????????A??????????C?G????????C??????????A???????????_??????????C?G?????????W???????????_???????????_@??????????O???????????C????????????_@??????????E????????????E????????????E????????????B?????????????O????????????A?G???????????G?????????????W?????????????W?????????????C?????????????@??????????????G@?????????????_?????????????@?G????????????@?G?????????????o??????????????K???????????????o??????????????B???????????????B????????????????_???????????????O_??????????????E????????????????O???????????????@c???????????????@o,t|eMID@WH?e@C@E?`?GW@@?CE?GE?GB?C?_@?M?G?O?_@o@??_@??o?_?K?G?@_@??E?C??G?G??[?G??E?C??@_@???G?G??@o?_??@?B???B_@????_?_???[?G???@_@????E?C????K?G????M?G????B?C?????o@?????D?G?????M?_?????GB??????[@??????F?_??????wG??????Bh???????@{,2,2
102,~?@esP@@?OC?O`?@?@_?O?A@?W??_??_??O??C??@_??C???G@??G???C???@????G@??@_???A????A?G??B?????_????C?G???O?????o?????_?????O?_???K??????_?????A??????C??????C??????A???????_??????E???????O???????_@??????_???????O???????C????????_@??????E????????K????????K????????E????????@_????????G?????????_?_??????@?????????@_?????????o?????????K??????????_?????????A??????????C?G????????C??????????A???????????_??????????C?G?????????W???????????_???????????_@??????????O???????????C????????????_@??????????E????????????E????????????E????????????B?????????????O????????????A?G???????????G?????????????W?????????????W?????????????C?????????????@?G????????????G@?????????????_?????????????@??????????????@?G?????????????o??????????????K???????????????_??????????????A?_?????????????B???????????????B????????????????o???????????????E????????????????W????????????????c???????????????@g,t|eMID@WH?e@C@E?`?GW@@?CE?GE?GB?C?_@?M?G?O?_@o@??_@??o?_?K?G?@_@??E?C??G?G??[?G??E?C??@_@???G?G??@o?_??@?B???B_@????_?_???[?G???@_@????E?C????K?G????M?G????B?C?????o@?????D?G?????M?_?????M@??????E@??????B?_??????wG??????Bb???????Fs,2,2
102,~?@esP@@?OC?O`?@?@_?O?A@?W??_??_G?O??C@?@_??C???G@??G???C???@????G????_???@?G??@?????_????G????@_????C?????G@????W?????K?????A??????O@????@??????A?G????E??????B???????_??????C?G?????O???????_???????_???????O???????C????????_???????A?C??????C????????C????????A?????????_????????E?????????W?????????o?????????o?????????W?????????C??????????_@????????A??????????C?G????????K??????????E??????????@_??????????G???????????_?_????????@???????????@????????????_?_?????????G???????????@?@??????????E????????????C????????????C????????????A?C???????????_????????????C?????????????W?????????????o?????????????W?????????????C?????????????@?G????????????G@????????????@_?????????????@_?????????????@_??????????????o??????????????C???????????????_G?????????????A?_?????????????A???????????????A@??????????????@?_??????????????OG??????????????B????????????????B?????????????????w,t|eMID@WH?e@E@A?`_GK@?oC@_G@?G@oC?G@?B?G?K?_?W@??O@??W?_?E?G??o@??B?C??E?G??C?G??F?C???_B???K?G???o?_??@_@???@_@????o?_???K?G???@_@????E?C????K?G????K?G????D?C?????w@?????B_G?????E?_?????K@??????M@??????B?_??????wG??????Bp???????B{,2,2
102,~?@esP@@?OE?O?_@_?_?GGB??G??O??O??W??C???_??A???C???C???A???@_???K????_???@?G??@????@_????W????A?????G?_???o?????o?????O?????C??????_?????A??????E??????C??????A???????_??????C???????O???????_???????_???????O?_?????K???????@_???????E????????G????????G?G??????C????????B?????????W????????@_????????B?????????B?????????@_?????????G?????????@??????????C??????????G?G????????G??????????E??????????@???????????G?G?????????_??????????@???????????@????????????_???????????G?G?????????@?@??????????K????????????W????????????K????????????E?????????????_????????????E?????????????W?????????????o?????????????o?????????????C?????????????@??????????????G??????????????_C????????????@_?????????????@???????????????_C?????????????G@?????????????@???????????????E?_?????????????K???????????????K???????????????B????????????????O???????????????@_???????????????@K???????????????B_,t|fIID`GH_a@E@A?`_GK@?_CB?GA?GB_C?O@?E?G?W?_?_@?@_@??o?_?G?G?B_@??E?C??G?G??W?G??K?C??A?@???w?G??@?@_??E?@???F?@???@??_???o?G???F?@????G?C????w?G????W?W????K?C????B?@?????W?G????@O?_????@w@??????OF??????W?_?????F?G??????UB???????[s,2,2
102,~?@esP@@?OE?O?_@_?_?G?B??G??O??O??W??C???_??A???K???G???C???@????W???@_???A????A????@?C???o????E?????O?????_@????_?????o?????K?????@??????C??????G??????G??????K??????@???????G???????_??????@???????@_???????_???????G???????@????????C?C??????W????????W????????K????????A?????????O?G??????@??_??????E?????????E?????????B??????????_?????????C?@????????O?C???????@_?????????@_??????????O??????????C???????????_?G????????A???????????C???????????A???????????@??_?????????O???????????A?@??????????G????????????G????????????G????????????C?C??????????@?@???????????W?????????????o????????????@_????????????@_?????????????W?????????????B??????????????W?????????????@_??????????????_??????????????_??????????????OC?????????????C@??????????????_??????????????A?_?????????????C@??????????????C???????????????B?_??????????????o???????????????@_???????????????@_????????????????w,t|fIID`GH_a@E@A?`_GK@?_CB?GA?GB?C?o@?C?G?o?_@_@?@?@?@_?_?W?G?A?@??W?C??w?G??O?G??W?C??E?@???_?G??F??_??E?@???C?@???E??_??@o?G???C?@????w?C????o?G????_?G????{?C????B?B?????[?G?????_?_????Bo@??????_B??????{?_?????A@W??????{@???????mK,2,2
102,~?@esP@@?OE?O?_@_?_?G?B??G??O??O??W??C???_??A?_?K???G???C???@????W???@_???A????A????@?C???o????A?????G?????O?????o?????W?????C??????_?????A??????C??????K??????A???????_??????C?G?????o??????@_??????@????????_???????G???????@?@??????K????????W????????W????????G????????A?@???????O?G??????B?????????A?????????A?????????@??????????O?G???????E??????????W??????????O??????????O??????????G?C????????A???????????O???????????_??????????@_??????????@_???????????o???????????C????????????_???????????A?C??????????C?G??????????K????????????B?????????????o????????????E?????????????W?????????????O?????????????O?????????????G?_???????????E??????????????G??????????????_?????????????@?G????????????@?G?????????????_??????????????K??????????????@_??????????????A???????????????E@??????????????E????????????????o???????????????K????????????????`???????????????AC???????????????BG,t|fIID`GH_a@E@A?`_GK@?_CB?GB?G@_C?O@?E?G?W?_?_@?@_@??o?_?G?G?B?@??M?C??G?G??W?G??K?C??B?@???W?G??@??_??E?@???F?@???@??_???w?G???B?@????G?C????{?G????G?W????M?C????@_@?????M?G?????O?_????@w@??????OB??????]?_?????@OW??????F@???????Mk,2,2
102,~?@esP@@?OE?O?_@_?_?GGB??G??O??O??W??C???_??A???C???C???A???@_???K????_???@????@?G??@_????W????A?????G?_???o?????o?????O?????C??????_?????A??????K??????C??????A???????_??????C???????O???????_???????_???????O?_?????K???????@_???????E????????G????????G?G??????C?C??????B?????????W????????@_????????B?????????B?????????@_?????????G?????????@??????????C??????????G??????????G??????????A???????????_@?????????C???????????O???????????_???????????_???????????O?_?????????C?G?????????@_???????????E????????????K????????????K????????????E?????????????o????????????E?????????????W?????????????o?????????????G?????????????C?????????????@?G????????????G??????????????_C????????????@??????????????@?G?????????????_C?????????????G??????????????@_??????????????E???????????????E???????????????B????????????????W???????????????E????????????????P???????????????@C???????????????BG,t|fIID`GH_a@E@A?`_GK@?_CB?GA?GB_C?O@?E?G?W?_?_@?@_@??o?_?G?G?B?@??M?C??G?G??W?G??K?C??A?@???w?G??@?@_??E?@???F?@???@??_???o?G???E?@????W?C????_?G???@w?G????K?K????B?@?????W?G????@O?_????@w@??????OB??????[?_?????B_G??????J`???????E{,2,2
102,~?@esP@@?OC?O`?@?@_?O?A@?W??_??_??O??C@?@_??C???G???G???C???@????G@??@_???A????A?G??@?????O????A?????W?????o?????_?????O?_???K??????_?????A??????C?G????C??????A?C????@_??????K???????_??????@???????@????????_???????G???????@????????C?C??????W????????G????????C?C??????@?????????G?????????_?_??????@?????????B?????????@_?????????W?????????B??????????K??????????G??????????G??????????C?C????????@???????????G?G????????@_??????????@_??????????@????????????_???????????G?G?????????@????????????C????????????K????????????K????????????A?????????????_@???????????C?????????????O?_???????????_@????????????_@????????????o?????????????E??????????????o?????????????B??????????????A??????????????A?G????????????@???????????????O@??????????????_G?????????????A???????????????C@??????????????C???????????????B?_??????????????O???????????????A@???????????????EC???????????????E_,t|eMID@WH?e@C@E?`?GW@@_CB?GA?GB?C?_@?M?G?O?_@o@??_@??w?_?C?G?@_@??E?C??K?G??K?G??C?C??B?@???W?G??@??_??F?@???A?B???B_?_???O?W???F?@????G?C????o?G????o?G????[?C????B?@?????O?G????B_?_????B?@?????Ag@??????M@_?????@Bg??????W`??????@{C,2,2
102,~?@esP@@?OC?O`?@@@_?O?A@?W??_??_G?O??C???_??A???C???C???A????_???C????OC??@_???@?????_C???W????B?????G?????O@????o?????W?????C??????_@????A??????C?G????C??????A???????_??????C???????O???????_???????_???????O???????C????????_???????A?C??????E????????C????????A?C??????@_????????K?????????o????????@_????????@_?????????o?????????K?????????@??????????C?C????????G??????????G?G????????C??????????@???????????G???????????_?_????????@???????????@????????????_???????????G?G?????????@????????????C?C??????????G????????????G?G??????????E????????????@_????????????K?????????????W?????????????o?????????????o?????????????K?????????????@??????????????G@?????????????o??????????????_??????????????_??????????????OC?????????????C???????????????_G?????????????A?_?????????????C@??????????????C???????????????B?_??????????????o???????????????B????????????????@C???????????????Ag,t|eMID@WH?e@E@A?`_GG@@oC@?GB?G@?C?w@?A?G?W?_?o@??o@??O?_?M?G??_@??F?C??C?G??K?G??E?C??@?@???[?G???_@_??B?@???B?@???@_?_???W?G???A?@????[?C????O?W????w?G????G?K????F?@?????W?G????@O?_????@o@??????w@??????K?_?????AgG??????Bb???????Fs,0,0
102,~?@esP@@?OC?O`?@@@_?O?A@?W??_??_??O??C???_??A???C???C???A????_G??K????_???@?G??B????@?????O@???E?????W?????_?????_@????o?????C??????_?????A??????C??????C?G????A???????_??????C???????O???????_???????_???????O???????C?G?????@_???????E????????G????????G?G??????E????????@?????????G?G??????@_????????B?????????B?????????@_?????????W?????????@??????????C??????????G??????????G?G????????C??????????@?@?????????G???????????_??????????@???????????@?@??????????_???????????G???????????@_???????????E????????????K????????????C????????????A?C???????????o????????????E?????????????W?????????????W?????????????W?????????????K?????????????@??????????????G??????????????_C????????????@_??????????????_??????????????O??????????????C@??????????????_??????????????B?_?????????????E???????????????A???????????????@__??????????????W???????????????@_???????????????@C???????????????Ag,t|eMID@WH?e@C@E?`?GW@@?CF?GA?GB?C?_@?M?G?O?_@o@??_@??o?_?K?G?@?@??M?C??G?G??[?G??C?C??B?@???W?G??@??_??F?@???A?B???B_?_???O?W???E?@????[?C????O?G????w?G????G?K????F?@?????O?W????B_?_????B?@?????Ag@??????K@_?????B_G??????I`???????F[,2,2
102,~?@esP@@?OC?O`?@@@_?O?A@?W??_??_??O??C???_??A???C???C???A????_???K????_???@?G??B????@?????O@???E?????W?????_?????_@????o?????K?????@??????C?C????G??????G??????C??????@?@?????G???????_??????@???????@????????_???????G???????@????????C????????K????????K????????E?????????_????????C?G???????o????????@_????????@_?????????o?????????K?????????@_?????????E??????????G??????????G?G????????C??????????@???????????G?G?????????_??????????@???????????@?@??????????_???????????G???????????@????????????C?C??????????G????????????G?G??????????E????????????@_????????????E?????????????W?????????????W?????????????W?????????????K?????????????@_?????????????C??????????????OC?????????????_??????????????_G?????????????O??????????????C@??????????????_??????????????A?_?????????????C@??????????????C@??????????????B????????????????W???????????????@_????????????????c???????????????@g,t|eMID@WH?e@C@E?`?GW@@?CF?GA?GB?C?_@?M?G?O?_@_@?@_@??o?_?K?G?@_@??E?C??M?G??C?G??E?C??@_@???G?G??@o?_??@?B???B?@???@_?_???W?G???B?@????K?C????W?G????[?G????C?K????B_@?????K?G?????g?_?????w@??????[@??????E?_?????@gG??????Bb???????Fs,2,2
102,~?@esP@@?OC?O`?@@@_?O?A@?W??_??_??O??C???_??A???C???C???A????_G??K????_???@?G??B????@?????O@???E?????W?????_?????_@????o?????C??????_?????A??????C??????C??????A?C?????_??????C???????O???????_???????_???????O???????C?G?????@_???????E????????G????????G?G??????K????????@?????????G?G??????@_????????B?????????B?????????@_?????????W?????????@??????????C??????????G?G????????G??????????C??????????@?@?????????G?G?????????_??????????@???????????@?@??????????_???????????G???????????@_???????????E????????????E????????????C????????????A?C???????????O????????????A?G???????????W?????????????W?????????????W?????????????K?????????????@??????????????G@?????????????_?????????????@_??????????????_??????????????OC?????????????C@??????????????_??????????????B???????????????B???????????????B????????????????__??????????????E????????????????o???????????????@C???????????????@g,t|eMID@WH?e@C@E?`?GW@@?CF?GA?GB?C?_@?M?G?O?_@o@??_@??o?_?K?G?@?@??K?C??W?G??[?G??C?C??B?@???W?G??@??_??F?@???A?B???B_?_???O?W???F?@????K?C????O?G????w?G????M?C????@?@?????[?G?????o?_????@S@??????M@??????B?_??????{G??????@r???????Bs,2,2
102,~?@esP@@?OC?O`?@@@_?O?A@?W??_??_??O??C???_??A???C???C???A????_G??K????_???@?G??B????@?????O@???E?????W?????_?????_@????o?????C??????_?????A??????C??????C??????A?C?????_??????C???????O???????_???????_???????O???????C?G?????@_???????E????????G????????G?G??????K????????@?????????G?G??????@_????????B?????????B?????????@_?????????W?????????@??????????C??????????G?G????????G??????????C??????????@?@?????????G?G?????????_??????????@???????????@?@??????????_???????????G???????????@????????????C?C??????????W????????????K????????????C????????????@?@???????????E?????????????W?????????????W?????????????W?????????????K?????????????@??????????????G@?????????????_C????????????@??????????????@_??????????????O??????????????C@??????????????_??????????????A?_?????????????C@??????????????B???????????????@????????????????WG??????????????@_???????????????@_???????????????@W,t|eMID@WH?e@C@E?`?GW@@?CF?GA?GB?C?_@?M?G?O?_@o@??_@??o?_?K?G?@?@??K?C??W?G??[?G??C?C??B?@???W?G??@??_??F?@???A?B???B_?_???O?G???F?@????K?C????O?G????w?G????M?C????@?F?????[?G?????o?_????@O@??????w@??????M?_?????@_G??????Hp???????B{,2,2
102,~?@esP@@?OC?O`?@?@_?O?A@?W??_??_??O??C??@_??C???G@??G???C???@????G???@_???A????A?G??B?????_????C?G???O?????o?????_?????O?_???K?????@_?????C??????G??????G??????C??????@?@?????G???????o??????@???????@?@??????_???????G???????@????????C?C??????G????????W????????K????????A?????????O?G??????@_????????A?????????A?@???????@??????????W?????????B??????????K??????????K??????????G??????????C?C????????@???????????G?G?????????_??????????@?@?????????@????????????o???????????G???????????@?@??????????C????????????G????????????G?G??????????C????????????@_????????????C?????????????O?_???????????o?????????????o?????????????G?????????????B??????????????W??????????????o?????????????@??????????????@?G?????????????_C?????????????K???????????????o??????????????A???????????????C@??????????????E???????????????@????????????????G???????????????@`???????????????AW???????????????F?,t|eMID@WH?e@C@E?`?GW@@?CE?GE?GB?C?_@?M?G?O?_@_@?@_@??_?_?W?G?B?@??G?C??w?G??O?G??[?C??B?@???W?G??@??_??F?@???A?B???B_?_???W?G???B?@????M?C????G?G????[?G????C?K????B_@?????K?W?????o?_????@O@??????w@??????K@_?????B_G??????Ip???????B[,2,2
102,~?@esP@@?PC?O`?@?@_?O?A??G??O??O??G??E???_??A???C???K???C???@?G??W???@????A?G??E????A?????_@???C?????o????@_????@??????_?????G?G???@??????C??????G??????G??????C?C????@???????K???????_??????@???????@?@??????_???????W???????@????????C?C??????W????????W????????G????????A?@???????W????????@?????????A?@???????A?????????B??????????W?????????A??????????G?C????????O?G????????O??????????G?C????????A???????????O?G????????@???????????A?@?????????A???????????@_???????????O???????????A????????????G?C??????????O????????????G????????????C?C??????????@_????????????C?????????????O?_???????????o?????????????o?????????????G?????????????E??????????????W?????????????@_?????????????@??????????????@?G?????????????_C?????????????K???????????????o??????????????A???????????????E???????????????A???????????????@?_??????????????G???????????????@`???????????????AW???????????????M?,t|eMID@WH_a@E@A?`_GG@@_CB?GA?GB?C?_@?K?G?o?_@_@?@?@?@_?_?W?G?A?@??[?C??O?G??w?G??K?C??A?@???w?G??@??_??E?@???F?@???@_?_???W?G???B_@????C?C????[?G????G?W????M?C????@_B?????G?G????@o?_????@?B?????Bo@??????W@_?????F?G??????T`???????D[,2,2
102,~?@esP@@?PC?O`?@?@_?O?A??G??O??O??G??E???_??A?_?C???K???C???@?G??W???@????A?G??E????A?????_????C?????W?????_?????_?????O?_???C??????_?????A??????C??????C?G????A??????@_??????K???????_??????@?@?????@???????@_???????G???????@?@??????K????????W????????O????????G?C??????B?????????O????????@?????????A?@???????A?????????@_?????????O?????????A??????????G?C????????O??????????O?G????????G??????????A?@?????????O??????????@??_????????A???????????E???????????@_???????????W???????????@????????????K????????????G????????????G?G??????????E?????????????_????????????C?G???????????W?????????????_?????????????_@????????????O?_???????????E??????????????_?????????????B??????????????A??????????????A?G????????????@?C?????????????W??????????????@???????????????B???????????????A???????????????E???????????????@?_??????????????G???????????????@`???????????????F????????????????D_,t|eMID@WH_a@E@A?`_GG@@_CB?GB?G@?C?o@?E?G?W?_?_@?@_@??o?_?G?G?B_@??C?C??W?G??W?G??K?C??B?@???O?G??B??_??F?@???B?@???@_?_???[?G???@?@????M?C????G?W????W?G????M?C????@o@?????C?G?????o?_????@o@??????oB??????[?_?????AaG??????N`???????Ew,2,2
102,~?@esP@@?PC?O`?@?@_?O?A??G??O??O??G??E???_??A???C???K???C???@?G??W???@_???B????A????@?????O????E?????W?????_?????_?????O?????C??????_@????A??????C??????C?G????E??????@_??????G???????_?_????@???????@???????@_???????W???????A????????G?C??????W????????W????????C????????@?????????G?????????_????????@_????????@_?????????_?????????G?G???????@??????????C?C????????G??????????G?G????????C??????????@?@?????????W??????????@_??????????B???????????A???????????@??_?????????O?G?????????A????????????K????????????G????????????G?G??????????E?????????????_????????????C?????????????O?????????????_@????????????_?????????????K?????????????A??????????????O@????????????@?C????????????A??????????????B?G????????????@_??????????????W??????????????@_??????????????E???????????????C@??????????????A???????????????@?_??????????????GG??????????????@@???????????????CC???????????????EG,t|eMID@WH_a@E@B?__GK@?oC@?GB?G@?C?o@?E?G?W?_?o@??o@??W?_?E?G??o@??B?C??E?G??E?G??A?C??@_@???K?G???o?_??@_@???@_@????o?_???K?G???@_@????E?C????K?G????M?G????A?C????@o@?????F?G?????K?_?????[@??????K@??????F?_??????wG??????Bp???????B{,2,2
102,~?@esP@@?OC?O`?@?@_?O?A@?W??_??_??O??C??@_??C???G???G???C???@????G???@_???B????B????@?????O@???A?????W?????o?????_?????O?_???K?????@_?????C??????G?G????G??????C??????@???????K???????_??????@?@?????@????????_?_?????G???????@????????C????????G????????K????????E????????@_????????G?????????_?_??????@?????????@_?????????O?????????C?G???????@_?????????E??????????K??????????G??????????C?C????????@???????????G???????????_??????????@_??????????@????????????_?_?????????G?G?????????@????????????C?C??????????G????????????G?G??????????C????????????@_????????????K?????????????o????????????@_?????????????_?????????????G?????????????A?G????????????W??????????????o?????????????@_??????????????_??????????????OC?????????????E???????????????o??????????????@???????????????A@??????????????A@??????????????@_???????????????K????????????????o????????????????o????????????????w,t|eMID@WH?e@C@E?`_GG@@_CB?GA?GB?C?_@?M?G?O?_@_@?@_@??o?_?K?G?@_@??C?C??[?G??K?G??E?C??@_@???M?G???O?_??@_@???@_@????o?_???K?G???@_@????E?C????G?G????[?G????E?K????@_@?????M?G?????W?_?????w@??????[@??????F?_??????kG??????@p???????B{,0,0
102,~?@esP@@?PC?O`?@?@_?O?A??G??O??O??G??E???_??A???C???K???C???@?G??W???@_???B????A????@?C???O????E?????W?????_?????_?????O?????C??????_?????A??????C??????C??????B???????_??????C?G?????O???????_??????@_???????o???????K???????@_???????E????????K????????K????????C????????@?@???????G?????????o????????@_????????@??????????_?????????G?G???????@??????????C??????????G??????????G??????????C??????????@???????????K???????????_??????????@?@?????????@?@??????????_???????????W???????????@_???????????E????????????K????????????K????????????E????????????@_????????????K?????????????O?????????????W?????????????O?????????????G?????????????A?G????????????O@????????????@??????????????A?G????????????A??????????????@?C?????????????W??????????????B???????????????C?_?????????????W???????????????E???????????????@_???????????????K????????????????P???????????????@_???????????????@W,t|eMID@WH_a@E@B?__GK@?oC@?GB?G@?C?o@?E?G?W?_?_@?@_@??o?_?K?G?@?@??M?C??K?G??K?G??E?C??@?@???W?G??@_?_??B_@???@?@???@_?_???W?G???B?@????K?C????O?G????w?G????K?K????B_@?????G?G????@_?_????Bo@??????oB??????[?_?????B_G??????J`???????E{,2,2
102,~?@esP@@?PC?O`?@?@_?O?A??G??O??O??G??E???_??A???C???K???C???@?G??W???@????A?G??E????A?????_@???C?????o????@_????@??????_?????G?????@??????C?C????G??????G??????C?C????@???????K???????_??????@?@?????@????????_???????W???????B????????G????????O?G??????W????????G????????A?@???????W????????@?????????A?@???????A?????????@_?????????W?????????A??????????G?C????????O??????????O?G????????G??????????A?@?????????O??????????@???????????A?@?????????A?@?????????@_???????????O???????????A?@??????????G?C??????????O????????????W????????????C????????????@?@???????????K?????????????_????????????@?@????????????_?????????????O?_???????????C??????????????W?????????????@??????????????A?G????????????A?G????????????@_??????????????G??????????????@_??????????????B???????????????E???????????????A@???????????????_???????????????KG??????????????@_???????????????AC???????????????BG,t|eMID@WH_a@E@A?`_GG@@_CB?GA?GB?C?_@?K?G?o?_@_@?@_@??o?_?G?G?B_@??C?C??[?G??K?G??E?C??@_@???G?G??@_?_??B?@???B?@???@_?_???W?G???B?@????G?C????w?G????[?G????E?C????@o@?????C?G?????w?_?????w@??????[@??????E?_?????@wG??????Bb???????Fs,2,2
102,~?@esP@@?OC?O`?@?@_?O?A??W??_??_??O??C??@_??C???G???G@??K???A????O@??@????E????C????A?C??@_????G?????_?_??@?????B??????_?????G?????@??????E??????G??????G??????C?C????@???????G?G?????_??????@_??????@????????_?_?????G?G?????B????????K????????O????????O?G??????G????????E?????????O????????@??_??????B?????????A?????????@??_???????O?????????@??????????C?C????????G??????????G??????????E??????????@???????????G?G?????????_?_????????@???????????@?@??????????_???????????K???????????@_???????????B????????????E????????????C????????????A?C???????????_????????????A?????????????G?_???????????W?????????????O?????????????G?_???????????A??????????????O@????????????@?C????????????A??????????????B??????????????@_??????????????G??????????????@?G?????????????C?_?????????????K???????????????B???????????????@_???????????????K????????????????O???????????????@c???????????????@o,t|eMID@WH?e@C@E?`?GW@@?CE?GE?GA?C@_@?K?G?o?_@_@?@_@??_?_?[?G?@?@??M?C??G?G??[?G??E?C??@_@???K?G???o?_??@_@???@_@????o?_???M?G????_@????F?C????C?G????M?G????B?C?????w@?????B?G?????K?_?????W@??????[@??????F?_??????wG??????Bp???????B{,2,2
102,~?@esP@H?OC?O`?@??_?G?B??G??O??O??G??E???_??A?_?K???G???C?_?@????W???@????A?G??E????A?????_????C?G???O?????_?????_?????W?????C??????_?????A?C????C??????C??????A?C????@_??????C???????O?_????@_??????@_???????_???????G?G?????@????????K????????G????????G?G??????K????????@?????????G?????????_?_??????@?????????@??????????_?????????G?G???????@_?????????C??????????G?G????????G?G????????C??????????@???????????G?G????????@_??????????@???????????@?@?????????@_???????????W???????????@????????????C?C??????????G????????????C????????????A?C??????????@_????????????C?????????????W?????????????O?????????????O?????????????G?_???????????A?G????????????W?????????????@_?????????????@??????????????@_??????????????o??????????????C@?????????????@_??????????????@???????????????A@??????????????B???????????????@_???????????????CG???????????????o???????????????@_????????????????w,t|eMID`GH_a@E@A?`_GG@@_CB?GA?GB?C?o@?E?G?W?_?_@?@o@??O?_?K?G?@_@??E?C??M?G??C?G??E?C??@_@???K?G???o?_??@_@???@o@????O?_???K?G???@_@????E?C????M?G????C?W????E?C????@_@?????M?G?????W?_?????w@??????W@??????M__??????WW??????Bp???????Bk,2,2
102,~?@esP@H?OC?O`?@??_?G?B??G??O??O??G??E???_??A?_?K???G???C?_?@????W???@????A?G??E????A?????_????C?????O?????_?????_?????W?????C??????_?????A?C????C??????C?G????A??????@_??????K???????o??????@_??????@_???????_???????G?G?????@????????K????????G????????G?G??????E????????@?????????G?????????_????????@?????????@??????????_?????????G?G???????@_?????????C??????????G?G????????G?G????????C??????????@?@?????????G?G????????@_??????????B???????????B???????????@_???????????W???????????@????????????C?C??????????G????????????C????????????A?C???????????O????????????A?????????????G?_???????????O?????????????O?????????????G?_???????????A?G????????????W?????????????@_?????????????@_?????????????@_??????????????W??????????????E???????????????G???????????????__?????????????@???????????????@@???????????????__??????????????GG??????????????@_???????????????B?????????????????w,t|eMID`GH_a@E@A?`_GG@@_CB?GA?GB?C?o@?E?G?W?_?_@?@o@??O?_?M?G??_@??E?C??K?G??K?G??E?C??@_@???K?G???o?_??@_@???@o@????O?_???M?G????o@????B?C????E?G????E?G????B?C?????w@?????B?G?????M?_?????G@??????[@??????F@_??????og??????F`???????FK,2,2
102,~?@esP@H?OC?O`?@??_?G?B??G??O??O??G??E???_??A?_?K???G???C???@????W???@????A?G??E????A?????_@???C?????O?????_?????_@????o?????K?????@??????C?C????G??????G??????C?C????@???????K???????_??????@?@?????B????????_???????G???????@????????C????????K????????G????????C?C??????@_????????G?????????_?_??????@?@???????@??????????_?????????G?G???????B??????????K??????????W??????????O??????????G?C????????A???????????O??????????@??_????????A?@?????????@????????????_?_?????????W???????????@????????????C?C??????????G????????????G?G??????????C????????????@_????????????G?????????????_?_???????????o?????????????O?????????????G?????????????A?G????????????W??????????????o?????????????@_??????????????_??????????????W??????????????A@??????????????o??????????????@???????????????A@??????????????A@??????????????@_???????????????S????????????????`???????????????AC???????????????BG,t|eMID`GH_a@E@A?`_GG@@_CB?GA?GB?C?o@?C?G?o?_@_@?@_@??o?_?G?G?B_@??C?C??[?G??K?G??C?C??B?@???[?G???_?_??B?@???B?@???@_?_???W?G???B?@????G?C????w?G????]?G????A?[????@_@?????M?G?????W?_?????w@??????[@??????E?_?????@KG??????@r???????Bs,2,2
102,~?@esP@H?OC?O`?@??_?G?B??G??O??O??G??E???_??A?_?K???G???C???@?G??W???@????A?G??E????A?????_@???C?????O?????_?????_@????o?????C??????_?????A??????C??????C??????A???????o??????C???????O?_????@_???????_???????O???????C?G?????@_???????E????????K????????K????????E????????@?????????G?G???????_?_??????@?????????@??????????_?_???????W?????????@??????????C??????????G?G????????G??????????C??????????@???????????G?G?????????O???????????_@?????????@_???????????O???????????C?G??????????_@??????????E????????????E????????????E????????????B?????????????W????????????@?????????????C?????????????G@????????????C?????????????A??????????????_G????????????C??????????????O??????????????_G?????????????_G?????????????o??????????????E???????????????o??????????????@_??????????????B????????????????_???????????????O_??????????????CG???????????????`???????????????AC???????????????EG,t|eMID`GH_a@E@A?`_GG@@_CB?GA?GB?C?o@?C?G?w?_?_@?@_@??o?_?K?G?@_@??C?C??[?G??K?G??C?C??B?@???[?G???_?_??B_@???@?@???@o?_???K?G???@_@????E?C????N?G????A?W????B?C?????w@?????B_G?????C?_?????[@??????K@??????E__??????WG??????Bp???????B{,2,2
102,~?@esP@@?OC?O`?@@@_?O?A??W??_??_??O??C???_??A???C???K???C???@????G@??@_???A????A?G??B?????_????C?G???o????@_????@??????_?????G?G???B??????C??????G??????G??????C??????@?@?????G???????_??????@?@?????@????????_???????W???????@????????C????????G?G??????W????????K????????A?????????O?G??????@_????????A?????????A?@???????@_?????????W?????????A??????????G??????????O?G????????o??????????G??????????A?@?????????O??????????@??_????????A???????????A?@?????????@????????????O???????????A?@??????????G?C??????????O????????????o????????????G????????????A?@???????????O?G??????????@_????????????@?????????????@?@????????????o?????????????K??????????????W?????????????@??????????????A?G????????????A?G?????????????_??????????????G@?????????????@?G?????????????C???????????????G@??????????????K???????????????A????????????????W????????????????o???????????????@o???????????????@o,t|eMID@WH?e@C@E?`?GW@@?CF?GA?GB?C?_@?K?G?o?_@?@?B_@??_?_?W?G?B?@??G?C??w?G??O?G??[?C??B?@???W?G??@??_??E?@???F?@???@??_???w?G???B?@????M?C????G?G????[?G????C?C????B_@?????M?W?????OA_????@_@?????@o@??????[?_?????B_G??????MP???????B{,2,2
102,~?@esP@@?PC?O`?@?@_?O?A??G??O??O??G??E???_??A???C???K???C???@?G??W???@????A?G??E????A?????_@???C?????o????@_????@??????_?????G?G???@??????C??????G?G????G??????C??????@???????K???????_??????@???????@????????_?_?????W???????@????????C?C??????W????????G????????C?C??????B?????????W????????@?????????A?@???????A?@???????B??????????o?????????A??????????G??????????O?G????????O??????????G??????????A?@?????????O??????????@??_????????A???????????A?@??????????_???????????G???????????@????????????C?C??????????W????????????K????????????E?????????????_????????????C?G???????????W?????????????W?????????????W?????????????K?????????????@??????????????G@?????????????_C????????????@??????????????@?G?????????????_??????????????G@?????????????@?G?????????????C???????????????G@??????????????G@??????????????B????????????????W????????????????o????????????????o????????????????w,t|eMID@WH_a@E@A?`_GG@@_CB?GA?GB?C?_@?K?G?o?_@_@?@?@?@o?_?G?G?B?@??K?C??O?G??w?G??K?C??A?@???o?G??B??_??E?@???F?@???@_?_???O?G???F?@????G?C????w?G????W?G????N?C?????_B?????K?G?????o?_????@_@?????@w@??????GB_?????F?G??????\@???????M[,2,2
102,~?@esP@@?OC?O`?@?@_?O?A??W??_??_??O??C??@_??C???G???G@??K???A????O???@?C??E????C????A?C??@_????G?????_?_??@?????B??????_?????G?????@?@????K??????G??????G??????C??????@???????G???????_??????@_??????@????????_???????G?G?????B????????C????????G????????G?G??????K????????B?????????O????????@??_??????E?????????E?????????A??????????_?G???????C?@????????o??????????_??????????_??????????O?C????????K???????????_??????????A??_????????C???????????C?@?????????A????????????_?G?????????C????????????O?C??????????O????????????W????????????K????????????@?????????????G?G???????????_?_??????????@_?????????????_?????????????O?_???????????E??????????????W?????????????@_?????????????@??????????????@?G?????????????O??????????????C@??????????????_G?????????????A???????????????C@??????????????C@??????????????B????????????????W????????????????o????????????????o????????????????w,t|eMID@WH?e@C@E?`?GW@@?CE?GE?GA?C@_@?K?G?o?_@?@?B_@??_?_?W?G?B?@??G?C??o?G??o?G??O?C??M?@???o?G??A??_??K?@???K?@???F??_???_?G???M?@????W?C????w?G????O?G????[?C????B?@?????]?G?????O@_????@o@??????w@??????M?_?????@oG??????FP???????B{,2,2
102,~?@esP@H?OC?O`?@??_?G?B??G??O??O??G??E???_??A?_?K???G???C???@????W???@????A?G??E????A?????_@???C?????O?????_?????_@????o?????K?????@??????C?C????G??????G??????C??????@???????K???????_??????@?@?????B????????_???????G???????@????????C????????K????????K????????E????????@_????????G?????????_?_??????@?@???????@??????????_?????????G?G???????B??????????K??????????W??????????O??????????G?C????????A???????????O??????????@???????????A?@?????????@????????????_?_?????????W???????????@????????????C?C??????????G????????????G?G??????????C????????????@_????????????K?????????????o?????????????o?????????????O?????????????G?_???????????A?G????????????W??????????????o?????????????@_??????????????_??????????????O??????????????C@??????????????_G?????????????@???????????????A@??????????????A@??????????????@_???????????????W????????????????o????????????????o????????????????w,t|eMID`GH_a@E@A?`_GG@@_CB?GA?GB?C?o@?C?G?o?_@_@?@_@??o?_?K?G?@_@??C?C??[?G??K?G??C?C??B?@???[?G???_?_??B?@???B?@???@_?_???W?G???B?@????K?C????W?G????]?G????A?K????@_@?????M?G?????W?_?????w@??????[@??????E?_?????@gG??????Bp???????B{,2,2
102,~?@esP@H?OC?O`?@??_?G?B??G??O??O??G??E???_??A?_?K???G???C???@?G??W???@????A?G??E????A?????_@???C?????O?????_?????_@????o?????C??????_?????A??????C??????C??????A???????o??????C???????O?_????@_???????_???????O???????C?G?????@_???????E????????G????????G?G??????K????????B?????????O????????@??_??????A?@???????A?????????@??????????O?G???????E??????????G??????????O?G????????O??????????G?C????????A???????????O??????????@???????????A?@?????????@????????????_?_?????????W???????????@????????????C?C??????????G?G??????????K????????????A?????????????_@???????????K?????????????o?????????????o?????????????O?????????????G?????????????A?G????????????G??????????????_C????????????@?G????????????@???????????????_??????????????G@?????????????@?G?????????????C?_?????????????W???????????????K???????????????@_???????????????W????????????????P???????????????@C???????????????BG,t|eMID`GH_a@E@A?`_GG@@_CB?GA?GB?C?o@?C?G?w?_?_@?@_@??o?_?G?G?B?@??K?C??O?G??w?G??K?C??A?@???o?G??B_?_??A?@???F?@???@_?_???[?G???@?@????K?C????W?G????W?G????N?C?????_B?????K?G?????w?_?????w@??????[@??????E?_?????@sG??????@b???????Fs,2,2
102,~?@esP@H?OC?O`?@??_?G?B??G??O??O??G??E???_??A?_?K???G???C???@?G??W???@????A?G??E????A?????_@???C?????O?????_?????_@????o?????C??????_?????A??????C??????C??????A???????o??????C???????O?_????@_???????_???????O???????C?G?????@_???????E????????G????????G?G??????K????????B?????????O????????@??_??????A?????????A?????????@??????????O?G???????E??????????G??????????O?G????????O??????????G?C????????A???????????O?G????????@???????????A?@?????????B???????????@????????????O?G?????????E????????????G????????????O?G??????????O?G??????????K????????????@?????????????G?G???????????o?????????????_?????????????_@????????????O?_???????????C??????????????_@????????????A?C????????????A??????????????A?G????????????@?C?????????????O??????????????A?G?????????????G?_?????????????G???????????????G@??????????????B????????????????G???????????????@@???????????????BC???????????????B_,t|eMID`GH_a@E@A?`_GG@@_CB?GA?GB?C?o@?C?G?w?_?_@?@_@??o?_?G?G?B?@??K?C??O?G??w?G??K?C??A?@???o?G??B_?_??A?@???F?@???@_?_???[?G???@?@????M?C????K?G????M?G????B?C?????_@?????K?G?????w?_?????w@??????[@??????CG_?????B_G??????NB???????No,0,0
102,~?@esP@@?OC?O`?@?@_?O?A??W??_??_??O??C??@_??C???G???G@??K???A????O???@?C??E????C????A?C??@_????G?????_?_??@?????B??????_?????G?????@?@????K??????G??????G??????C??????@???????G???????_??????@_??????@????????_???????G?G?????B????????C????????G????????G?G??????K????????B?????????W????????@_????????B?????????A?????????@??_???????O?G???????E??????????G??????????O??????????O?G????????W??????????A???????????O??????????@??_????????A???????????A???????????@????????????O?G?????????@????????????E????????????K????????????C????????????A?C???????????_@???????????K?????????????W?????????????o?????????????o?????????????K?????????????B??????????????G??????????????_C?????????????_??????????????_??????????????OC?????????????C@??????????????_??????????????A?_?????????????E???????????????B???????????????@_???????????????E????????????????W????????????????c???????????????@g,t|eMID@WH?e@C@E?`?GW@@?CE?GE?GA?C@_@?K?G?o?_@?@?B_@??_?_?W?G?B?@??K?C??W?G??O?G??[?C??B?@???O?G??B??_??E?@???F?@???@??_???w?G???A?@????[?C????W?G????W?G????K?C????Bo@?????C?W?????w?_?????w@??????[@??????C?_?????BoG??????Eb???????Fs,2,2
102,~?@esP@@?PC?O`?@?@_?O?A??G??O??O??G??E???_??A???C???K???C???@?G??W???@????A?G??E????A?????_@???C?????o????@_????@??????_?????G?G???@??????C?C????G??????G??????C??????@???????K???????_??????@???????@????????_?_?????W???????@????????C?C??????K????????K????????E????????@_????????G?????????_?_??????@?@???????B?????????@_?????????G?????????@??????????C?C????????G??????????G?G????????C??????????@???????????G???????????_?_?????????_???????????_???????????O???????????C?G?????????@_???????????A????????????C?G??????????E????????????B?????????????o????????????B?????????????K?????????????W?????????????G?????????????C?_???????????@?G????????????G??????????????_C????????????@?G????????????@???????????????_C?????????????G??????????????@?G?????????????C?_?????????????C???????????????C@??????????????@_???????????????K????????????????W????????????????o????????????????w,t|eMID@WH_a@E@A?`_GG@@_CB?GA?GB?C?_@?K?G?o?_@_@?@_@??o?_?K?G?@_@??C?C??[?G??K?G??C?C??B?@???W?G??@_?_??B_@???@_@????o?_???K?G???@_@????E?C????N?G????A?W????B?C?????o@?????E?G?????[?_?????W@??????[@??????E__??????[G??????@x???????@{,2,2
102,~?@esP@H?OC?O`?@??_?G?B??G??O??O??G??E???_??A?_?K???G???C???@?G??W???@????A?G??E????A?????_@???C?????O?????_?????_@????o?????C??????_?????A??????C??????C??????A???????o??????C???????O?_????@_???????_???????O???????C?G?????@_???????E????????K????????K????????E????????@?????????G?G???????_????????@?????????@??????????_?_???????W?????????@??????????C??????????G?G????????G??????????C??????????@???????????G?G?????????o??????????@_??????????@_???????????O???????????C????????????_@??????????E????????????E????????????E????????????B?????????????O????????????A?G???????????G?????????????W?????????????W?????????????C?????????????@??????????????G@?????????????_C????????????@??????????????@?G?????????????o??????????????K???????????????_??????????????A?_?????????????K???????????????B????????????????_???????????????GG??????????????@`???????????????AO???????????????EG,t|eMID`GH_a@E@A?`_GG@@_CB?GA?GB?C?o@?C?G?w?_?_@?@_@??o?_?K?G?@_@??C?C??[?G??K?G??C?C??B?@???[?G???_?_??B_@???@?@???@o?_???K?G???@_@????E?C????M?G????E?G????B?C?????w@?????A?W?????[?_?????O@??????{@??????E@_?????@oG??????E`???????F[,0,0
102,~?@esP@H?OC?O`?@??_?G?B??G??O??O??GC?E???_??A?_?K???G???C???@????W???@????A?G??A????@?????O????A?????G?_???O?????o?????W?????C??????_?????A?C????C??????C?G????E??????@_??????G???????_?_????@_??????@????????_???????G?G?????@????????K????????G????????G?G??????C????????@?@???????G?????????_????????@?????????@?@????????_?_???????W?????????@_?????????C??????????G??????????G?G????????C??????????@?@?????????K???????????o??????????@???????????@?@??????????O???????????C????????????_@??????????A????????????K????????????C????????????A?C???????????_????????????C?G???????????O?????????????_@????????????o?????????????W?????????????B??????????????O?????????????@?C????????????A?G????????????B???????????????o??????????????C???????????????_G?????????????B???????????????A???????????????@????????????????__??????????????GG??????????????@@???????????????F????????????????EO,t|eMID`GH_a@E@A?`_GK@?oC@?GB?G@_C?O@?E?G?W?_?_@?@o@??O?_?K?G?@_@??E?C??K?G??G?G??M?C??@_@???G?G??@o?_??@_@???@?@???@o?_???G?G???B?@????M?C????K?G????K?G????C?C????Bo@?????C?W?????w?_?????oB??????w@??????G?_?????F_G??????MB???????Ts,2,2
102,~?@esP@H?OC?O`?@??_?G?B??G??O??O??GC?E???_??A?_?K???G???C???@?G??W???@????A?G??A????@?????O????A?????G?????O?????o?????G?????A??????O@????@??????A?G????E??????B???????o??????E???????W???????_???????_???????O?_?????K????????_???????A?C??????C????????C????????A?C???????_????????C?????????O?????????_@???????@_?????????O?????????C??????????_@????????A??????????C?G????????K??????????B???????????o??????????E???????????G???????????O???????????O@??????????W???????????A????????????O@??????????@????????????A????????????A?G??????????@?????????????O????????????A?G???????????W?????????????O?????????????O@????????????G?_???????????B??????????????W??????????????o?????????????@_??????????????_??????????????OC?????????????C@??????????????O??????????????@?_?????????????A???????????????A@??????????????@?_??????????????OG??????????????@_???????????????B?????????????????w,t|eMID`GH_a@E@A?`_GK@?oC@?GB?G@_C?O@?F?G?G?_?w@??O@??W?_?E?G??o@??B?C??E?G??E?G??B?C???_@???M?G???O?_??@o@????_@????o?_???K?G???@o@????B?C????E?G????F?G????@?C?????w@?????B_G?????C?_?????[@??????M@??????B?_??????wG??????Bp???????B{,0,0
102,~?@esP@H?OC?O`?@??_?G?B??G??O??O??GC?E???_??A?_?K???G???C???@?G??W???@????A?G??A????@?????O????A?????G?_???O?????o?????G?????A??????O@????@??????A?G????E??????B???????_??????C?G?????W???????_???????_???????O?_?????K????????_???????A?C??????C????????C?G??????A?????????_????????C?????????O?_???????_@???????@_?????????O?????????C??????????_@????????A??????????C?G????????E??????????B???????????_??????????C?G?????????G???????????O???????????O@??????????W???????????A????????????O@??????????@????????????A?G??????????A????????????@?????????????W????????????B?????????????C?????????????G?????????????G@????????????E??????????????o?????????????E??????????????O??????????????_G?????????????_G?????????????OC?????????????K???????????????_??????????????A?_?????????????C@??????????????C???????????????A?_??????????????GG??????????????@@???????????????CC???????????????EG,t|eMID`GH_a@E@A?`_GK@?oC@?GB?G@_C?O@?F?G?G?_?w@??O@??W?_?E?G??o@??B?C??C?G??M?G??B?C???_@???M?G???O?_??@o@????_@????o?_???M?G????o@????B?C????C?G????N?G????@?K?????w@?????A?G?????[?_?????O@??????{@??????E@_?????@_G??????J`???????F[,0,0
102,~?@esP@H?OC?O`?@??_?G?B??G??O??O??GC?E???_??A?_?K???G???C?_?@????W???@????A?G??A????@?????O????A?????G?????O?????W?????G?????A??????O?????@??????A?G????E??????B???????o??????E???????W???????_???????_@??????O???????K???????@_???????C????????G?G??????G????????C????????@?????????G?????????_????????@?????????@?@????????o?????????G?????????@?@????????C??????????G?G????????K??????????E??????????@_??????????K???????????o??????????@_???????????_???????????O?_?????????C????????????o???????????@????????????A?G??????????A????????????@?????????????O????????????A?G???????????G?????????????O@????????????W?????????????G?????????????A?G????????????O@????????????@_?????????????B??????????????B???????????????o??????????????C???????????????_G?????????????A???????????????B???????????????@????????????????_???????????????KG???????????????o???????????????B_???????????????BO,t|eMID`GH_a@E@A?`_GK@?oC@?GB?G@_C?W@?B?G?G?_?o@??o@??O?_?K?G?@_@??E?C??K?G??K?G??E?C??@_@???K?G???o?_??@_@???@o@????O?_???M?G????o@????B?C????E?G????E?G????B_C?????W@?????B?G?????M?_?????M@??????E@??????B__??????[G??????@f???????Fc,2,2
102,~?@esP@H?OC?O`?@??_?G?B??G??O??O??GC?E???_??A?_?K???G???C?_?@????W???@????A?G??A????@?????O????A?????G?????O?????W?????G?????A??????O?????@??????A?G????E??????B???????o??????E???????W???????_???????_@??????O???????K???????@_???????E????????C????????C????????A?????????_????????C?????????O?????????_@????????o?????????O?????????C?G????????_?????????A??????????C?G????????K??????????E??????????@_??????????K???????????o???????????_???????????_@??????????O???????????E????????????o???????????@????????????A????????????A????????????@?????????????O@???????????A?????????????G?_???????????W?????????????O?????????????G?_???????????B??????????????W?????????????@_?????????????B??????????????@_??????????????O??????????????C@??????????????_??????????????B???????????????A???????????????A@??????????????@????????????????WG??????????????@_???????????????F????????????????BO,t|eMID`GH_a@E@A?`_GK@?oC@?GB?G@_C?W@?B?G?G?_?o@??o@??W?_?E?G??o@??B?C??E?G??E?G??B?C???o@???E?G???W?_???o@????o@????W?_???E?G????o@????B?C????E?G????F?G????@_C?????W@?????B?G?????M?_?????K@??????K@??????F?_??????wG??????BF???????Nc,2,2
102,~?@esP@@?OC?O`?@?@_?O?A??W??_??_??O??C@?@_??C???G???G???K???A????O???@????E????C????A?C???_????C?????O?_??@_????@_?????_?????G?G???@??????K??????W??????O??????G??????A?@?????O??????@??_????E???????A???????@????????O?G?????A????????K????????O????????O????????G?C??????A?????????o????????@?????????A?@???????A?????????@??????????O?G???????E??????????K??????????O??????????O?G????????G??????????E???????????W??????????@???????????A?@?????????A?@?????????@_???????????W???????????@????????????C????????????G?G??????????G????????????E????????????@?????????????G?G???????????_?_??????????@??????????????_?????????????O?_???????????C??????????????_@????????????E??????????????E??????????????E??????????????@???????????????K??????????????@_??????????????B???????????????A???????????????B????????????????o???????????????K????????????????o???????????????@K???????????????F?,t|eMID@WH?e@C@E?`?GW@@_CB?GA?GB?C?_@?K?G?o?_@?@?B?@?@_?_?O?G?F?@??G?C??o?G??o?G??[?C??A?@???w?G??@??_??F?@???B?@???@??_???w?G???B?@????M?C????G?G????[?G????F?C?????_@?????M?G?????O@_????@o@??????oB??????[?_?????B_G??????N@???????I{,2,2
102,~?@esP@@?PC?O`?@?@_?O?A??G??O??O??GC?E???_??A???C???K???C???@?G??W???@????A?G??A????@?????O????E?????W?????_?????_@????O?????C??????_@????A??????C??????C?G????E??????@_??????G???????_??????@???????@????????o???????G???????@?@??????E????????G????????G?G??????C????????@?????????G?G???????_????????B?????????B?????????@_?????????O?????????A?@????????G??????????O??????????O?G????????G??????????B???????????W???????????o??????????@???????????@????????????_?_?????????G???????????@????????????E????????????K????????????E????????????A?????????????_@???????????C?????????????O?_???????????_@???????????@_?????????????W?????????????E??????????????o?????????????@??????????????A?G????????????A??????????????@_??????????????C???????????????_??????????????A?_?????????????C@??????????????E???????????????@_???????????????[???????????????@_???????????????@_???????????????@W,t|eMID@WH_a@E@A?`_GK@?oC@?GB?G@?C?o@?E?G?W?_?o@??o@??O?_?K?G?@_@??E?C??K?G??G?G??K?C??B?@???O?G??B_?_??B?@???B?@???@_?_???W?G???A?@????[?C????[?G????K?G????C?C????B_@?????K?G?????_?_????B_@?????@oB??????WA_?????EGG??????}@???????]W,2,2
102,~?@esP@H?OC?O`?@??_?G?B??G??O??O??G??E???_??A?_?K???G???C?_?@????W???@????A?G??E????A?????_@???C?????O?????_?????_?????W?????C??????_?????A?C????C??????C?G????A???????o??????C???????O?_????@_??????@_???????_???????G?G?????@????????K????????G????????G?G??????E????????@?????????G?G???????_????????@?????????@?@????????_?????????G?????????@_?????????C??????????G??????????G?G????????C??????????@?@?????????G???????????o??????????@???????????@?@??????????o???????????K???????????@_???????????A????????????K????????????C????????????A?C???????????o????????????C?????????????O?_???????????_@????????????_?????????????O?_???????????C?G????????????o?????????????A??????????????C?G????????????C?G????????????B???????????????O??????????????@???????????????C?_?????????????E???????????????A????????????????_???????????????KG??????????????@_???????????????B_???????????????BO,t|eMID`GH_a@E@A?`_GG@@_CB?GA?GB?C?o@?E?G?W?_?_@?@o@??O?_?M?G??_@??F?C??E?G??C?G??E?C??@_@???K?G???o?_??@_@???@?@???@o?_???G?G???B_@????C?K????[?G????K?G????C?C????B_@?????K?G?????w?_?????o@??????w@??????I?_?????@wG??????AN???????^C,2,2
102,~?@esP@H?OC?O`?@??_?G?B??G??O??O??GC?E???_??A?_?K???G???C?_?@????W???@????A?G??A????@?????O????A?????G?????O?????W?????G?????A??????O@????@??????A?G????E??????B???????_??????C?G?????o??????@_??????@????????_?_?????G???????B????????C????????G?G??????G????????C?C??????@?????????G?????????_????????@?@???????@??????????_?????????K?????????@??????????C??????????G?G????????G??????????C?C????????@_??????????K???????????_??????????@?@?????????@_???????????o???????????K????????????_???????????E????????????C????????????C?G??????????A?????????????_@???????????C?????????????O?_???????????_?????????????_@????????????O?_???????????E??????????????_?????????????A?C????????????C?G????????????E??????????????@_??????????????G??????????????@?G?????????????B???????????????A???????????????@????????????????__??????????????GG??????????????@@???????????????F????????????????EO,t|eMID`GH_a@E@A?`_GK@?oC@?GB?G@_C?W@?B?G?G?_?w@??O@??W?_?E?G??o@??B?C??C?G??K?G??E?C??@_@???K?G???o?_??@?@???B_@????_?_???W?G???B_@????E?C????K?G????G?G????M?C????@_@?????M?G?????W?_?????w@??????O@??????]?_?????@oW??????C\???????}C,2,2
102,~?@esP@@?OC?O`?@?@_?O?A??W??_??_??O??C@?@_??C???G@??G???K???A????O???@????E????C????A?C???_????C?????O?????o?????_?????O?????C?G???@_?????E??????G??????G??????C?C????@???????G?G????@_??????B???????A???????@??_?????O???????E????????G????????O????????O????????G????????E?????????O????????@??_??????A?????????A?????????@??_???????O?????????B??????????G??????????O?G????????O?G????????W??????????E???????????o??????????A???????????C?@?????????C?@?????????A????????????_?G?????????K????????????W????????????o????????????O????????????C????????????@?@???????????G?????????????_?_??????????@??????????????o?????????????G?????????????A??????????????O@????????????@_?????????????B??????????????@_??????????????W??????????????E???????????????OG?????????????B???????????????B???????????????@????????????????__??????????????GG???????????????`???????????????AC???????????????EG,t|eMID@WH?e@C@E?`?GW@@_CB?GB?G@?C?o@?E?G?O?_@_@?@_@??_?_?[?G?@?@??K?C??W?G??W?G??K?C??B?@???O?G??B??_??F?@???A?@???B??_???o?G???E?@????[?C????W?G????W?G????M?C????@o@?????C?G?????{?_?????WB??????[@??????F?_??????oG??????F`???????D{,2,2
102,~?@esP@@?PC?O`?@?@_?O?A??G??O??O??GC?E???_??A???C???K???C???@?G??W???@????A?G??A????@?????O????E?????W?????_?????_?????O?????C??????_?????A?C????C??????C?G????E??????@_??????G???????_??????@???????@?@?????@_???????W???????B????????K????????G????????G?G??????C????????@?????????G?G???????_????????B?????????B??????????_?????????G?????????@??????????C??????????G??????????G?G????????C??????????@?@?????????W???????????o??????????@???????????@????????????_?_?????????G?G?????????B????????????K????????????W????????????W????????????E?????????????_????????????C?????????????O?_???????????_@???????????@_?????????????G?????????????A?G????????????O?????????????@?C????????????A??????????????A?G????????????@?C?????????????o??????????????@???????????????E???????????????E???????????????B????????????????O???????????????EG???????????????o???????????????@C???????????????BG,t|eMID@WH_a@E@A?`_GK@?oC@?GB?G@?C?o@?E?G?W?_?_@?@o@??O?_?K?G?@_@??E?C??K?G??G?G??K?C??B?@???W?G??@_?_??B_@???@?@???@o?_???K?G???@_@????F?C????E?G????C?G????F?C?????o@?????E?G?????[?_?????OB??????w@??????K?_?????BoG??????CN???????|C,2,2
102,~?@esP@@?OC?O`?@?@_?O?A@?W??_??_??O??C@?@_??C???G???G???C???@????G???@_???A????A?G??@?????O????A?????W?????o?????_?????O?_???K?????@_?????C??????G??????G?G????C??????@?@?????W??????@_??????A???????A???????@????????O?G?????A????????G????????O?G??????O????????W????????A?????????O?G??????@?????????A?????????A?@???????@??????????o?????????E??????????G??????????O?G????????o??????????K??????????A???????????O?G????????@??_????????A???????????A?@?????????B????????????W???????????A????????????G????????????O?G??????????O?G??????????G????????????A?????????????O?G??????????@?????????????@_?????????????_?????????????O?????????????C?G????????????_@????????????E??????????????B??????????????B???????????????o??????????????K???????????????_G?????????????E???????????????A???????????????B????????????????_???????????????GG???????????????`???????????????BC???????????????F?,t|eMID@WH?e@C@E?`?GW@@_CB?GA?GB?C?_@?M?G?O?_@_@?@_@??_?_?[?G?@?@??K?C??W?G??W?G??K?C??A?@???o?G??B??_??F?@???A?@???B_?_???W?G???B_@????E?C????K?G????M?G????B?C?????_@?????M?G?????[?_?????OF??????w@??????M?_?????@_G??????N@???????H{,2,2
102,~?@esP@H?OC?O`?@??_?G?B??G??O??O??G??E???_??A?_?K???G???C???@????W???@????A?G??E????A?????_????C?????O?????_?????_@????o?????K?????@??????C??????G?G????G??????C??????@?@?????W??????@_??????A???????A?@?????B????????O???????A????????G????????O????????o????????G????????A?@???????o????????@?????????A?????????A?@???????@??????????O?????????A?@????????G?C????????o??????????o??????????W??????????C???????????_?G????????A??_????????C???????????C???????????A??_????????@_???????????E????????????O????????????_?G??????????O????????????G?C??????????A?????????????O?G??????????@?????????????@_????????????@_?????????????O?????????????C??????????????_@????????????A?C????????????E??????????????B???????????????o??????????????K???????????????o??????????????B???????????????@???????????????@@???????????????__??????????????GG??????????????@_???????????????B?????????????????w,t|eMID`GH_a@E@A?`_GG@@_CB?GA?GB?C?o@?C?G?o?_@_@?@?@?@o?_?G?G?B?@??K?C??W?G??W?G??K?C??A?@???o?G??B_?_??A?@???E?@???B??_???o?G???F?@????K?C????W?G????W?G????M?C????@_@?????G?G????@w?_?????oB??????w@??????M?_?????@oG??????F`???????D{,2,2
102,~?@esP@H?OC?O`?@??_?G?B??G??O??O??G??E???_??A?_?K???G???C???@????W???@????A?G??E????A?????_@???C?????O?????_?????_@????o?????K?????@??????C??????G?G????G??????C??????@???????K???????o??????@_???????_???????O???????C????????_???????E????????C????????C?G??????E????????@_????????G?????????_?_??????@?????????@??????????_?_???????W?????????B??????????K??????????O??????????O?G????????G?C????????A???????????O??????????@???????????A?@?????????B???????????@_???????????G???????????@?@??????????C????????????G?G??????????G????????????B?????????????o????????????E?????????????G?????????????O@????????????O?????????????G?_???????????B??????????????K??????????????o??????????????_??????????????_??????????????OC?????????????E???????????????O??????????????@?_?????????????A@??????????????B???????????????@_???????????????K????????????????`???????????????@_???????????????@W,t|eMID`GH_a@E@A?`_GG@@_CB?GA?GB?C?o@?C?G?o?_@_@?@?@?@o?_?G?G?B?@??K?C??O?G??w?G??K?C??B?@???[?G???_?_??B?@???B?@???@_?_???[?G???@_@????E?C????K?G????M?G????B?C?????w@?????B?G?????M?_?????M@??????E@??????B?_??????wG??????Bb???????Fs,2,2
102,~?@esP@H?OC?O`?@??_?G?B??G??O??O??GC?E???_??A?_?K???G???C???@????W???@????A?G??A????@?????O????A?????G?????O@????o?????W?????C??????_?????A?C????C??????C?G????E??????@_??????G???????_?_????B???????@????????_???????G???????@????????K????????G????????G?G??????C????????@?????????G?G???????_????????@?????????@?@????????_?_???????W?????????B??????????K??????????O??????????O?G????????G?C????????A???????????O?G????????B???????????B???????????A???????????@??_?????????G???????????@?@??????????C????????????G????????????G????????????B?????????????O????????????A?????????????G?_???????????O?????????????W?????????????E?????????????@_?????????????K??????????????o??????????????_G????????????@_??????????????W??????????????C???????????????_G?????????????A?_?????????????C@??????????????C???????????????@?_??????????????OG??????????????A@???????????????GC???????????????EG,t|eMID`GH_a@E@A?`_GK@?oC@?GB?G@_C?O@?E?G?W?_?_@?@o@??O?_?K?G?@_@??E?C??K?G??G?G??K?C??B_@???G?G??@_?_??B?@???B?@???@o?_???K?G???@_@????F?C????E?G????C?G????F_C?????WB?????B?G?????K?_?????[@??????K@??????F?_??????oG??????Dp???????B{,2,2
102,~?@esP@H?OC?O`?@??_?G?B??G??O??O??GC?E???_??A?_?K???G???C?_?@????W???@????A?G??A????@?????O????A?????G?????O?????W?????G?????A?G????O?????@??????A?G????E??????B???????_??????C?G?????o??????@_??????@????????_?_?????G???????@_???????C????????G?G??????G????????C????????@?@???????G?????????_????????@?@???????@??????????_?????????K?????????@??????????C?C????????G??????????G??????????C?C????????B???????????K???????????_??????????@?@?????????@_???????????o???????????G???????????@?@??????????C????????????K????????????K????????????A?????????????_????????????C?G???????????O?_???????????_?????????????_@????????????O?_???????????C??????????????o?????????????B??????????????A??????????????A?G????????????B???????????????G??????????????@?G?????????????B???????????????E???????????????B????????????????_???????????????KG???????????????o???????????????@_???????????????@W,t|eMID`GH_a@E@A?`_GK@?oC@?GB?G@_C?W@?B?G?K?_?W@??O@??W?_?E?G??o@??B?C??C?G??K?G??E?C??@_@???K?G???o?_??@_@???@_@????o?_???K?G???@o@????B?C????C?G????M?G????B?C?????o@?????E?G?????[?_?????W@??????W@??????N?_??????_w??????N@???????NK,2,2
102,~?@esP@H?OC?O`?@??_?G?B??G??O??O??GC?E???_??A?_?K???G???C???@????W???@????A?G??A????@?????O????A?????G?_???O?????o?????W?????C??????_?????A?C????C??????C?G????E??????@_??????G???????_?_????@_??????@????????_???????G???????@????????K????????G????????G?G??????C????????@?????????G?????????_?_??????@?????????@?@????????_?????????W?????????B??????????K??????????O??????????O?G????????G?C????????A???????????O?G????????B???????????E???????????A???????????@??_?????????W???????????A????????????G?C??????????O????????????O?G??????????G????????????@_????????????C?????????????O?????????????_?????????????_@????????????W?????????????A??????????????W??????????????o?????????????@_??????????????_G?????????????o??????????????K???????????????_??????????????B?_?????????????C???????????????C@??????????????A?_??????????????OG??????????????A@???????????????K????????????????CW,t|eMID`GH_a@E@A?`_GK@?oC@?GB?G@_C?O@?E?G?W?_?_@?@o@??O?_?K?G?@_@??E?C??K?G??G?G??M?C??@_@???G?G??@_?_??B?@???B?@???@o?_???K?G???@_@????E?C????M?G????C?G????F?C?????oB?????E?G?????[?_?????[@??????K@??????E?_?????@oG??????Db???????Fs,2,2
102,~?@esP@H?OC?O`?@??_?G?B??G??O??O??GC?E???_??A?_?K???G???C???@????W???@????A?G??A????@?????O????A?????G?????O@????o?????W?????C??????_?????A?C????C??????C?G????E??????@_??????G???????_?_????B???????@????????_???????G???????@????????K????????G????????G?G??????C????????@?????????G?G???????_????????@?????????@??????????_?_???????W?????????B??????????K??????????O??????????O?G????????G?C????????A???????????O?G????????B???????????B???????????A???????????@??_?????????o???????????A????????????G?C??????????O????????????O?G??????????G????????????@_????????????C?????????????O?????????????_@????????????_@????????????O?????????????C?G????????????_@????????????B??????????????B??????????????B???????????????_C?????????????W???????????????_??????????????A?_?????????????A???????????????A@??????????????@?_??????????????GG??????????????@_???????????????B?????????????????w,t|eMID`GH_a@E@A?`_GK@?oC@?GB?G@_C?O@?E?G?W?_?_@?@o@??O?_?K?G?@_@??E?C??K?G??G?G??K?C??B_@???G?G??@_?_??B?@???B?@???@o?_???K?G???@_@????F?C????E?G????C?G????E?C????@o@?????E?G?????[?_?????[@??????K@??????F__??????OW??????F`???????Fk,0,0
102,~?@esP@@?PC?O`?@?@_?O?A??G??O??O??GC?E???_??A???C???K???C???@?G??W???@????A?G??A????@?????O????E?????W?????_?????_?????O?????C??????_?????A??????C??????C?G????E??????@_??????G???????_??????@???????@?@?????@_???????W???????B????????K????????W????????W????????C????????@?????????G?G???????_????????B?????????B??????????_?????????G?????????@?@????????C??????????G??????????G??????????C??????????@?@?????????W???????????o??????????@???????????@????????????_?_?????????G?G?????????B????????????E????????????K????????????K????????????E?????????????_????????????C?????????????O?_???????????_????????????@_?????????????G?????????????A?G????????????O@????????????@??????????????A??????????????B??????????????@_??????????????K??????????????@???????????????E???????????????B???????????????B???????????????@_???????????????K????????????????c???????????????F????????????????@o,t|eMID@WH_a@E@A?`_GK@?oC@?GB?G@?C?o@?E?G?W?_?_@?@_@??o?_?K?G?@_@??E?C??K?G??G?G??K?C??B?@???W?G??@_?_??B_@???@?@???@_?_???W?G???B?@????K?C????[?G????K?G????C?C????B_@?????K?G?????{?_?????ON??????oP??????W?_?????F?G??????[@???????o{,2,2
102,~?@esP@H?OC?O`?@??_?G?B??G??O??O??G??E???_??A?_?K???G???C???@?G??W???@_???B????A????@?????O????A?????G?????O@????o?????G?????A??????O?????@??????A??????E??????B???????_??????C?G?????o???????_???????_???????O?_?????K???????@_???????E????????K????????G????????C????????@?@???????G?????????_????????@?@???????@?@???????@_?????????G?????????@??????????C??????????G??????????G?G????????C??????????B???????????K???????????_??????????@?@??????????_???????????O?_?????????C?G?????????@_???????????E????????????K????????????E????????????A?????????????_????????????C?G???????????O?????????????o?????????????G?????????????C?????????????@?G????????????G??????????????_C????????????@?G????????????B???????????????o??????????????G??????????????@_G?????????????E???????????????E???????????????@????????????????o???????????????C????????????????P???????????????@c???????????????B_,t|eMID`GH_a@E@B?__GK@?oC@?GB?G@_C?O@?F?G?G?_?o@??o@??W?_?C?G?@_@??E?C??K?G??G?G??K?C??B_@???G?G??@o?_??@?@???B?@???@_?_???[?G???@?@????K?C????[?G????K?G????C?C????Bo@?????F?W?????GA_?????w@??????[@??????E?_?????@oG??????ER???????Bs,0,0
102,~?@esP@H?OC?O`?@??_?G?B??G??O??O??G??E???_??A?_?K???G???C???@????W???@????A?G??E????A?????_@???C?????O?????_?????_@????o?????K?????@??????C??????G??????G??????C??????@???????K???????o??????@_???????_???????O???????C?G??????_???????E????????K????????K????????E????????@_????????G?????????_?_??????@?????????@??????????_?_???????W?????????@_?????????C??????????G?G????????G??????????C??????????@???????????G???????????_?_????????@_??????????@_???????????O???????????C?G??????????_@??????????A????????????E????????????E????????????B?????????????o????????????A?????????????G?_???????????O?????????????O@????????????E?????????????@??????????????G@?????????????_?????????????@?G????????????@???????????????_C?????????????K???????????????o??????????????@???????????????B???????????????@_???????????????O???????????????CG???????????????p???????????????B????????????????BG,t|eMID`GH_a@E@A?`_GG@@_CB?GA?GB?C?o@?C?G?o?_@_@?@?@?@_?_?W?G?B?@??K?C??O?G??w?G??K?C??B?@???[?G???_?_??B_@???@_@????o?_???K?G???@_@????E?C????K?G????M?G????B?C?????w@?????B_G?????E?_?????K@??????M@??????B?_??????wG??????Bp???????B{,2,2
102,~?@esP@H?OC?O`?@??_?G?B??G??O??O??GC?E???_??A?_?K???G???C???@????W???@????A?G??A????@?????O????A?????G?????O@????o?????W?????C??????_?????A?C????C??????C?G????E??????@_??????G???????_?_????B???????@????????_???????G???????@?@??????K????????G????????G?G??????C????????@?????????G?G???????_????????@?????????@?@????????_?_???????W?????????B??????????C??????????G??????????G?G????????C??????????@?@?????????W???????????o??????????@???????????@?@??????????O???????????C?G??????????_???????????A?C??????????K????????????C????????????A?C???????????_????????????C?????????????O?_???????????_?????????????o?????????????K?????????????@??????????????G@?????????????_C????????????@_?????????????@_??????????????W??????????????C???????????????_G?????????????A?_?????????????C@??????????????A???????????????@?_??????????????W???????????????@????????????????@c???????????????@o,t|eMID`GH_a@E@A?`_GK@?oC@?GB?G@_C?O@?E?G?W?_?_@?@o@??O?_?K?G?@_@??E?C??K?G??G?G??K?C??B_@???G?G??@_?_??B_@???@?@???@o?_???G?G???B?@????K?C????[?G????K?G????C?C????Bo@?????E?W?????[?_?????[@??????G@??????M?_?????@oG??????EF???????Vc,2,2
102,~?@esP@H?OC?O`?@??_?G?B??G??O??O??GC?E???_??A?_?K???G???C???@????W???@????A?G??A????@?????O????A?????G?_???O?????o?????W?????C??????_?????A??????C??????C?G????E??????@_??????G???????_?_????@_??????@????????_???????G?G?????@????????K????????W????????W????????C????????@?????????G?????????_?_??????@?????????@?@????????_?????????W?????????@_?????????C??????????G?G????????G??????????C??????????@?@?????????W??????????@_??????????@???????????@?@??????????o???????????G???????????@?@??????????C?C??????????G????????????K????????????E?????????????_????????????C?????????????O?????????????_@????????????o?????????????G?????????????@_?????????????G??????????????_C????????????@_?????????????@_??????????????o??????????????C???????????????oG?????????????B???????????????A???????????????B????????????????_???????????????GG??????????????@@???????????????BC???????????????F?,t|eMID`GH_a@E@A?`_GK@?oC@?GB?G@_C?O@?E?G?W?_?_@?@_@??o?_?K?G?@_@??E?C??K?G??G?G??M?C??@_@???G?G??@o?_??@_@???@_@????o?_???K?G???@_@????E?C????M?G????C?G????F?C?????oB?????F?G?????K?_?????W@??????[@??????E?_?????@oG??????Dp???????B{,2,2
102,~?@esP@H?OC?O`?@??_?G?B??G??O??O??GC?E???_??A?_?K???G???C???@????W???@????A?G??A????@?????O????A?????G?????O@????o?????W?????C??????_?????A??????C??????C?G????E??????@_??????G???????_?_????B???????@????????_???????G?G?????@????????K????????W????????W????????C????????@?????????G?G???????_????????@?????????@??????????_?_???????W?????????@_?????????C??????????G?G????????G??????????C??????????@?@?????????W???????????o??????????@???????????@?@?????????@_???????????G???????????@?@??????????C?C??????????G????????????K????????????E?????????????_????????????C?????????????O?_???????????_?????????????_?????????????O?_???????????C?G????????????W?????????????@??????????????A?G????????????B??????????????@_??????????????K??????????????@???????????????C?_?????????????E???????????????A???????????????@_???????????????K????????????????c???????????????B_???????????????@o,t|eMID`GH_a@E@A?`_GK@?oC@?GB?G@_C?O@?E?G?W?_?_@?@_@??o?_?K?G?@_@??E?C??K?G??G?G??K?C??B_@???G?G??@o?_??@_@???@_@????o?_???K?G???@_@????F?C????E?G????C?G????E?C????@o@?????F?G?????K?_?????W@??????[@??????F?_??????ow??????CX???????}C,2,2
102,~?@esP@@?OE?O?_@_?_?G?B??G??O??O??W??C???_??A?_?K???G???C???@?G??W???@_???A????A????@?????o????A?????G?????O?????o?????G?????A??????O?????@?C????E??????E??????A???????_??????C?G?????o??????@_??????@????????_???????G?G?????B????????K????????G????????G????????C????????@?@???????W?????????_????????@?@???????@??????????_?????????W?????????@??????????C?C????????G??????????G?G????????K??????????B???????????G???????????_??????????@?@?????????@_???????????o???????????G???????????@????????????C?C??????????K????????????C????????????A?C???????????_????????????C?G???????????o?????????????_?????????????_@????????????O?_???????????C?????????????@_?????????????A??????????????C?G????????????C?G????????????B???????????????O??????????????B???????????????B???????????????C???????????????E????????????????_???????????????GG??????????????@H???????????????M????????????????F?,t|fIID`GH_a@E@A?`_GK@?_CB?GB?G@_C?O@?F?G?G?_?o@??o@??W?_?E?G??o@??A?C??K?G??K?G??E?C??@_@???G?G??@o?_??@_@???@_@????o?_???K?G???@o@????A?C????K?G????M?G????B?C?????o@?????C?G?????w?_?????oB??????w@??????M?_?????@EG??????^@???????Dw,2,2
102,~?@esP@@?OE?O?_@_?_?G?B??G??O??O??W??C???_??A???K???G???C???@?G??W???@_???A????A????@?????o????E?????O?????_?????_@????o?????C??????_?????A??????C?G????K??????E??????@???????G???????_?_????@???????B????????_???????G???????@?@??????K????????W????????G????????C????????@?????????G?G??????@_????????@_????????@??????????_?????????G?G???????B??????????C??????????G?G????????G??????????C?C????????B???????????W???????????_??????????@???????????@?@??????????_?_?????????W???????????@????????????C????????????G?G??????????K????????????A?????????????_@???????????C?????????????O?_??????????@_?????????????O?????????????G?????????????A?G????????????o?????????????@??????????????A?G????????????A?G????????????@_??????????????G??????????????@_G?????????????E???????????????C???????????????E????????????????_???????????????GG??????????????@@???????????????BC???????????????F?,t|fIID`GH_a@E@A?`_GK@?_CB?GA?GB?C?o@?C?G?w?_?_@?@_@??o?_?K?G?@_@??E?C??G?G??[?G??C?C??B?@???[?G???_?_??B_@???@_@????o?_???K?G???@_@????F?C????C?G????M?G????B?C?????w@?????A?G?????[?_?????WB??????[@??????F?_??????wG??????B`???????D{,2,2
102,~?@esP@@?OE?O?_@_?_?G?B??G??O??O??W??C???_??A???K???G???C???@?G??W???@_???A????A????@?????o????E?????O?????_@????_?????o?????C??????_?????A??????C?G????K??????E??????@???????G???????_?_????@???????@_???????_???????G???????@?@??????K????????W????????G????????C????????@?????????G?G??????@_????????@_????????@??????????_?_???????G?????????B??????????C??????????G?G????????G??????????C?C????????B???????????W???????????_??????????@???????????@?@??????????_???????????K???????????@????????????C????????????G?G??????????K????????????A?????????????_@???????????C?????????????O?_??????????@_?????????????o?????????????W?????????????A??????????????o?????????????@??????????????A?G????????????A?G????????????@_??????????????G??????????????@_??????????????B???????????????C???????????????E????????????????_???????????????GG??????????????@H???????????????M????????????????F?,t|fIID`GH_a@E@A?`_GK@?_CB?GA?GB?C?o@?C?G?w?_?_@?@_@??o?_?K?G?@_@??E?C??G?G??[?G??C?C??B_@???K?G???_?_??B_@???@_@????o?_???K?G???@_@????F?C????C?G????M?G????A?K????@o@?????E?W?????O?_????@o@??????oB??????[?_?????B_G??????Ip???????A{,0,0
